siret;siren;denomination;enseigne;sigle;naf_code;categorie_chruth;domaine_chruth;sous_categorie;adresse_complete;code_postal;libelle_commune;code_departement;region_nom;region;tranche_effectif_salarie;effectif_code;effectif_label;effectif_nombre;caractere_employeur;categorie_entreprise;nombre_etablissements;date_creation;age_annees;latitude;longitude;est_siege;nature_juridique;liste_finess;liste_uai;_naf_recherche;_timestamp;signal_besoin;priorite;ca_estime_eur;marge_estimee_eur
41414792600029;414147926;CLINIQUE DU CHATEAU;;;86.10Z;PUB_HOPITAL;PUBLIC;Activités hospitalières;12 RUE JEAN JAURES 92800 PUTEAUX;92800;PUTEAUX;92;Île-de-France;11;21;21;50 à 99 salariés;99;O;GE;2;2020-06-30;6.006844626967831;48.8854488848831;2.24911033209962;True;5710;[];[];86.10Z;2026-06-15T15:56:54.883133;90;CHAUDE;99000;19800
75152659100035;751526591;CLINIQUE DU CAMPUS;;;86.10Z;PUB_HOPITAL;PUBLIC;Activités hospitalières;12 RUE JEAN JAURES 92800 PUTEAUX;92800;PUTEAUX;92;Île-de-France;11;21;21;50 à 99 salariés;99;O;GE;3;2020-07-16;5.963039014373717;48.8854488848831;2.24911033209962;True;5710;[];[];86.10Z;2026-06-15T15:56:54.883133;90;CHAUDE;99000;19800
78542380700011;785423807;FONDATION PAUL PARQUET;;;86.10Z;PUB_HOPITAL;PUBLIC;Activités hospitalières;ILE DE LA GRANDE JATTE 41 BOULEVARD PAUL-EMILE VICTOR 92200 NEUILLY-SUR-SEINE;92200;NEUILLY-SUR-SEINE;92;Île-de-France;11;22;22;100 à 199 salariés;199;O;PME;1;1900-01-01;126.4996577686516;48.893322723;2.2628584351;True;9300;"[""920038833"", ""920600061""]";[];86.10Z;2026-06-15T15:56:55.291230;90;CHAUDE;199000;39800
26750045201191;267500452;ASSISTANCE PUBLIQUE HOPITAUX DE PARIS (AP-HP);HOPITAL EUROPEEN GEORGES POMPIDOU-APHP-;AP-HP;86.10Z;PUB_HOPITAL;PUBLIC;Activités hospitalières;RUE LEBLANC 75015 PARIS;75015;PARIS;75;Île-de-France;11;51;51;2000 à 4999 salariés;4999;O;GE;177;1993-02-01;33.4154688569473;48.838936417;2.2747246309;False;7364;"[""750803447""]";[];86.10Z;2026-06-15T15:56:46.014524;90;CHAUDE;4999000;999800
26750045201274;267500452;ASSISTANCE PUBLIQUE HOPITAUX DE PARIS (AP-HP);HOPITAL VAUGIRARD;AP-HP;86.10Z;PUB_HOPITAL;PUBLIC;Activités hospitalières;10 RUE VAUGELAS 75015 PARIS;75015;PARIS;75;Île-de-France;11;32;32;250 à 499 salariés;499;O;GE;177;1991-10-31;34.672142368240934;48.834377284;2.2941135552;False;7364;"[""750100216""]";[];86.10Z;2026-06-15T15:56:46.014524;90;CHAUDE;499000;99800
79146118900049;791461189;CLINIQUE DES OYATS - CENTRE DE POST-CURE SPYCHIATRIQUE DU LITTORAL;;;86.10Z;PUB_HOPITAL;PUBLIC;Activités hospitalières;12 RUE JEAN JAURES 92800 PUTEAUX;92800;PUTEAUX;92;Île-de-France;11;21;21;50 à 99 salariés;99;O;GE;4;2020-07-16;5.963039014373717;48.8854488848831;2.24911033209962;True;5710;[];[];86.10Z;2026-06-15T15:56:54.502403;90;CHAUDE;99000;19800
33588036500028;335880365;MAISON DE SANTE DE MERFY;;;86.10Z;PUB_HOPITAL;PUBLIC;Activités hospitalières;12 RUE JEAN JAURES 92800 PUTEAUX;92800;PUTEAUX;92;Île-de-France;11;22;22;100 à 199 salariés;199;N;GE;3;2019-04-24;7.19233401779603;48.8854488848831;2.24911033209962;True;5710;[];[];86.10Z;2026-06-15T15:56:54.502403;90;CHAUDE;199000;39800
52029338200039;520293382;MAISON DE SANTE DE ROCHEBRUNE;;;86.10Z;PUB_HOPITAL;PUBLIC;Activités hospitalières;12 RUE JEAN JAURES 92800 PUTEAUX;92800;PUTEAUX;92;Île-de-France;11;22;22;100 à 199 salariés;199;O;GE;3;2020-09-30;5.754962354551677;48.8854488848831;2.24911033209962;True;5710;[];[];86.10Z;2026-06-15T15:56:54.502403;90;CHAUDE;199000;39800
52424699800032;524246998;CLINIQUE DE CHATILLON;;;86.10Z;PUB_HOPITAL;PUBLIC;Activités hospitalières;12 RUE JEAN JAURES 92800 PUTEAUX;92800;PUTEAUX;92;Île-de-France;11;22;22;100 à 199 salariés;199;N;GE;3;2020-07-16;5.963039014373717;48.8854488848831;2.24911033209962;True;5710;[];[];86.10Z;2026-06-15T15:56:54.502403;90;CHAUDE;199000;39800
78542377300015;785423773;HOPITAL AMERICAIN DE PARIS;;;86.10Z;PUB_HOPITAL;PUBLIC;Activités hospitalières;63 BOULEVARD VICTOR HUGO 92200 NEUILLY-SUR-SEINE;92200;NEUILLY-SUR-SEINE;92;Île-de-France;11;41;41;500 à 999 salariés;999;O;ETI;3;1900-01-01;126.4996577686516;48.893352954;2.2732631095;True;9220;"[""920008539"", ""920041589"", ""920300787""]";[];86.10Z;2026-06-15T15:56:54.882132;90;CHAUDE;999000;199800
78542377300031;785423773;HOPITAL AMERICAIN DE PARIS;;;86.10Z;PUB_HOPITAL;PUBLIC;Activités hospitalières;3 RUE ALBERT DE VATIMESNIL 92300 LEVALLOIS-PERRET;92300;LEVALLOIS-PERRET;92;Île-de-France;11;21;21;50 à 99 salariés;99;O;ETI;3;2010-06-01;16.087611225188226;48.894544141;2.2756721062;False;9220;[];[];86.10Z;2026-06-15T15:56:54.882132;90;CHAUDE;99000;19800
44245523400058;442455234;CLINIQUE MADELEINE REMUZAT;;;86.10Z;PUB_HOPITAL;PUBLIC;Activités hospitalières;12 RUE JEAN JAURES 92800 PUTEAUX;92800;PUTEAUX;92;Île-de-France;11;22;22;100 à 199 salariés;199;O;GE;5;2020-06-30;6.006844626967831;48.8854488848831;2.24911033209962;True;5710;"[""130780083""]";[];86.10Z;2026-06-15T15:56:54.883133;90;CHAUDE;199000;39800
33137801800062;331378018;CENTRE MEDICO CHIRURGICAL AMBROISE PARE HARTMANN (CMC AMBROISE PARE HA);;CMC AMBROISE PARE HA;86.10Z;PUB_HOPITAL;PUBLIC;Activités hospitalières;8-10 8 RUE GUSTAVE EIFFEL 92110 CLICHY;92110;CLICHY;92;Île-de-France;11;42;42;1000 à 1999 salariés;1999;O;ETI;7;2020-09-30;5.754962354551677;48.9041257315055;2.29533338248259;False;5710;[];[];86.10Z;2026-06-15T15:56:54.501304;90;CHAUDE;1999000;399800
33137801800070;331378018;CENTRE MEDICO CHIRURGICAL AMBROISE PARE HARTMANN (CMC AMBROISE PARE HA);;CMC AMBROISE PARE HA;86.10Z;PUB_HOPITAL;PUBLIC;Activités hospitalières;48 T BOULEVARD VICTOR HUGO 92200 NEUILLY-SUR-SEINE;92200;NEUILLY-SUR-SEINE;92;Île-de-France;11;41;41;500 à 999 salariés;999;O;ETI;7;2022-03-10;4.314852840520191;48.8890525941311;2.27777673005119;False;5710;"[""920029550""]";[];86.10Z;2026-06-15T15:56:54.501304;90;CHAUDE;999000;199800
26920136400016;269201364;CTRE LONG MOYEN SEJOUR FONDATION ROGUET;;;86.10Z;PUB_HOPITAL;PUBLIC;Activités hospitalières;58 RUE GEORGES BOISSEAU 92110 CLICHY;92110;CLICHY;92;Île-de-France;11;32;32;250 à 499 salariés;499;O;ETI;5;1986-02-01;40.41615331964408;48.906458883;2.3146391313;True;7364;"[""920001369""]";[];86.10Z;2026-06-15T15:56:54.502403;90;CHAUDE;499000;99800
26920136400040;269201364;CTRE LONG MOYEN SEJOUR FONDATION ROGUET;ACCUEIL DE JOUR;;86.10Z;PUB_HOPITAL;PUBLIC;Activités hospitalières;58 RUE GEORGES BOISSEAU 92110 CLICHY;92110;CLICHY;92;Île-de-France;11;32;32;250 à 499 salariés;499;N;ETI;5;2008-01-01;18.50239561943874;48.906592924;2.3138297329;False;7364;[];[];86.10Z;2026-06-15T15:56:54.502403;90;CHAUDE;499000;99800
26920136400057;269201364;CTRE LONG MOYEN SEJOUR FONDATION ROGUET;SSR - USLD FONDATION ROGUET;;86.10Z;PUB_HOPITAL;PUBLIC;Activités hospitalières;64 RUE VILLENEUVE 92110 CLICHY;92110;CLICHY;92;Île-de-France;11;32;32;250 à 499 salariés;499;O;ETI;5;2014-12-10;11.561943874058864;48.90650471;2.3144909168;False;7364;"[""920809852""]";[];86.10Z;2026-06-15T15:56:54.502403;90;CHAUDE;499000;99800
31177097800030;311770978;MAISON DE SANTE DE BELLEVUE;;;86.10Z;PUB_HOPITAL;PUBLIC;Activités hospitalières;12 RUE JEAN JAURES 92800 PUTEAUX;92800;PUTEAUX;92;Île-de-France;11;22;22;100 à 199 salariés;199;O;GE;3;2020-06-30;6.006844626967831;48.8854488848831;2.24911033209962;True;5710;[];[];86.10Z;2026-06-15T15:56:54.502403;90;CHAUDE;199000;39800
30116075000644;301160750;CLINEA;CRF DU PORT ROYAL;;86.10Z;PUB_HOPITAL;PUBLIC;Activités hospitalières;N°9 AU 13 9 RUE MECHAIN 75014 PARIS;75014;PARIS;75;Île-de-France;11;22;22;100 à 199 salariés;199;O;GE;133;2011-06-01;15.08829568788501;48.835448779;2.3401736224;False;5710;"[""750038739""]";[];86.10Z;2026-06-15T15:56:46.014524;90;CHAUDE;199000;39800
20008210500046;200082105;GROUPE HOSPITALIER UNIVERSITAIRE PARIS - PSYCHIATRIE ET NEUROSCIENCES;CMP THERAPEUTIQUE ADOLESCENTS;;86.10Z;PUB_HOPITAL;PUBLIC;Activités hospitalières;5 RUE CLAUZEL 75009 PARIS;75009;PARIS;75;Île-de-France;11;52;52;5000 à 9999 salariés;9999;N;GE;93;2019-01-01;7.501711156741957;48.878947741;2.3392955524;False;7364;"[""750022329""]";[];86.10Z;2026-06-15T15:56:46.015524;90;CHAUDE;9999000;1999800
20008210500053;200082105;GROUPE HOSPITALIER UNIVERSITAIRE PARIS - PSYCHIATRIE ET NEUROSCIENCES;CMP VICTOR SMIRNOFF;;86.10Z;PUB_HOPITAL;PUBLIC;Activités hospitalières;22 BOULEVARD DE SEBASTOPOL 75004 PARIS;75004;PARIS;75;Île-de-France;11;52;52;5000 à 9999 salariés;9999;N;GE;93;2019-01-01;7.501711156741957;48.860376398;2.349485285;False;7364;"[""750008088""]";[];86.10Z;2026-06-15T15:56:46.015524;90;CHAUDE;9999000;1999800
48087752100033;480877521;CLINIQUE DU LITTORAL;;;86.10Z;PUB_HOPITAL;PUBLIC;Activités hospitalières;12 RUE JEAN JAURES 92800 PUTEAUX;92800;PUTEAUX;92;Île-de-France;11;21;21;50 à 99 salariés;99;O;GE;3;2020-07-16;5.963039014373717;48.8854488848831;2.24911033209962;True;5710;[];[];86.10Z;2026-06-15T15:56:54.502403;90;CHAUDE;99000;19800
80411413000045;804114130;CLINIQUE DES BOUCLES DE LA SEINE;;;86.10Z;PUB_HOPITAL;PUBLIC;Activités hospitalières;12 RUE JEAN JAURES 92800 PUTEAUX;92800;PUTEAUX;92;Île-de-France;11;22;22;100 à 199 salariés;199;N;GE;4;2020-07-16;5.963039014373717;48.8854488848831;2.24911033209962;True;5710;[];[];86.10Z;2026-06-15T15:56:54.502403;90;CHAUDE;199000;39800
52900746000049;529007460;SAS CLINIQUE DU VIRVAL;;;86.10Z;PUB_HOPITAL;PUBLIC;Activités hospitalières;12 RUE JEAN JAURES 92800 PUTEAUX;92800;PUTEAUX;92;Île-de-France;11;22;22;100 à 199 salariés;199;O;GE;4;2020-07-16;5.963039014373717;48.8854488848831;2.24911033209962;True;5710;[];[];86.10Z;2026-06-15T15:56:54.502403;90;CHAUDE;199000;39800
20002723300093;200027233;CENTRE HOSPITALIER RIVES DE SEINE;HAD;;86.10Z;PUB_HOPITAL;PUBLIC;Activités hospitalières;36 BOULEVARD DU GENERAL LECLERC 92200 NEUILLY-SUR-SEINE;92200;NEUILLY-SUR-SEINE;92;Île-de-France;11;42;42;1000 à 1999 salariés;1999;N;ETI;9;2011-01-01;15.501711156741958;48.890633728;2.26231892;False;7364;"[""920000585"", ""920813599""]";[];86.10Z;2026-06-15T15:56:53.809421;90;CHAUDE;1999000;399800
33137801800047;331378018;CENTRE MEDICO CHIRURGICAL AMBROISE PARE HARTMANN (CMC AMBROISE PARE HA);;CMC AMBROISE PARE HA;86.10Z;PUB_HOPITAL;PUBLIC;Activités hospitalières;25 BOULEVARD VICTOR HUGO 92200 NEUILLY-SUR-SEINE;92200;NEUILLY-SUR-SEINE;92;Île-de-France;11;42;42;1000 à 1999 salariés;1999;N;ETI;7;1995-01-30;31.42231348391513;48.886149611;2.279100659;True;5710;"[""920300753""]";[];86.10Z;2026-06-15T15:56:54.501304;90;CHAUDE;1999000;399800
33137801800013;331378018;CENTRE MEDICO CHIRURGICAL AMBROISE PARE HARTMANN (CMC AMBROISE PARE HA);;CMC AMBROISE PARE HA;86.10Z;PUB_HOPITAL;PUBLIC;Activités hospitalières;27 BOULEVARD VICTOR HUGO 92200 NEUILLY-SUR-SEINE;92200;NEUILLY-SUR-SEINE;92;Île-de-France;11;31;31;200 à 249 salariés;249;O;ETI;7;1985-01-01;41.50034223134839;48.886149611;2.279100659;False;5710;[];[];86.10Z;2026-06-15T15:56:54.501304;90;CHAUDE;249000;49800
20002723300010;200027233;CENTRE HOSPITALIER RIVES DE SEINE;;;86.10Z;PUB_HOPITAL;PUBLIC;Activités hospitalières;36 BOULEVARD DU GENERAL LECLERC 92200 NEUILLY-SUR-SEINE;92200;NEUILLY-SUR-SEINE;92;Île-de-France;11;42;42;1000 à 1999 salariés;1999;O;ETI;9;2011-01-01;15.501711156741958;48.890633728;2.26231892;True;7364;[];[];86.10Z;2026-06-15T15:56:53.809421;90;CHAUDE;1999000;399800
20002723300028;200027233;CENTRE HOSPITALIER RIVES DE SEINE;CENTRE LONG SEJOUR;;86.10Z;PUB_HOPITAL;PUBLIC;Activités hospitalières;30 RUE KILFORD 92400 COURBEVOIE;92400;COURBEVOIE;92;Île-de-France;11;42;42;1000 à 1999 salariés;1999;N;ETI;9;2011-01-01;15.501711156741958;48.9007387278877;2.25289768939216;False;7364;[];[];86.10Z;2026-06-15T15:56:53.809421;90;CHAUDE;1999000;399800
20002723300077;200027233;CENTRE HOSPITALIER RIVES DE SEINE;CH SITE DE COURBEVOIE;;86.10Z;PUB_HOPITAL;PUBLIC;Activités hospitalières;30 RUE KILFORD 92400 COURBEVOIE;92400;COURBEVOIE;92;Île-de-France;11;42;42;1000 à 1999 salariés;1999;N;ETI;9;2011-01-01;15.501711156741958;48.9007387278877;2.25289768939216;False;7364;"[""920000569""]";[];86.10Z;2026-06-15T15:56:53.809421;90;CHAUDE;1999000;399800
20002723300085;200027233;CENTRE HOSPITALIER RIVES DE SEINE;CH SITE DE PUTEAUX;;86.10Z;PUB_HOPITAL;PUBLIC;Activités hospitalières;1 BOULEVARD RICHARD WALLACE 92800 PUTEAUX;92800;PUTEAUX;92;Île-de-France;11;42;42;1000 à 1999 salariés;1999;N;ETI;9;2011-01-01;15.501711156741958;48.8788682759239;2.24169856857702;False;7364;"[""920000593""]";[];86.10Z;2026-06-15T15:56:53.809421;90;CHAUDE;1999000;399800
80248592000085;802485920;FONDATION SANTE SERVICE;;;86.10Z;PUB_HOPITAL;PUBLIC;Activités hospitalières;CS 30207 88 RUE DE VILLIERS 92300 LEVALLOIS-PERRET;92300;LEVALLOIS-PERRET;92;Île-de-France;11;42;42;1000 à 1999 salariés;1999;O;ETI;24;2021-02-20;5.363449691991787;48.8936918606818;2.2762245845289;True;9300;"[""920813623""]";[];86.10Z;2026-06-15T15:56:53.809421;90;CHAUDE;1999000;399800
88006629500028;880066295;CLINIQUE TURIN;;;86.10Z;PUB_HOPITAL;PUBLIC;Activités hospitalières;9 RUE DE TURIN 75008 PARIS;75008;PARIS;75;Île-de-France;11;32;32;250 à 499 salariés;499;O;ETI;2;2020-01-22;6.444900752908967;48.8800911083994;2.32500383798943;True;5710;"[""750300154""]";[];86.10Z;2026-06-15T15:56:49.266468;90;CHAUDE;499000;99800
88006677400022;880066774;CLINIQUE INTERNATIONALE DU PARC MONCEAU;;;86.10Z;PUB_HOPITAL;PUBLIC;Activités hospitalières;21-23 21 RUE DE CHAZELLES 75017 PARIS;75017;PARIS;75;Île-de-France;11;22;22;100 à 199 salariés;199;O;ETI;2;2020-01-22;6.444900752908967;48.8800070018058;2.30424874257835;True;5710;"[""750300915""]";[];86.10Z;2026-06-15T15:56:49.266468;90;CHAUDE;199000;39800
26750045201464;267500452;ASSISTANCE PUBLIQUE HOPITAUX DE PARIS (AP-HP);CMP ENFANTS AP-HP BICHAT 75I12;AP-HP;86.10Z;PUB_HOPITAL;PUBLIC;Activités hospitalières;64 RUE RENE BINET 75018 PARIS;75018;PARIS;75;Île-de-France;11;53;53;10000 salariés et plus;10000;N;GE;177;1904-04-04;122.24503764544832;48.899371804;2.3369220595;False;7364;"[""750802258""]";[];86.10Z;2026-06-15T15:56:46.014524;90;CHAUDE;10000000;2000000
26750045201472;267500452;ASSISTANCE PUBLIQUE HOPITAUX DE PARIS (AP-HP);CENTRE DE GERONTOLOGIE (AP-HP);AP-HP;86.10Z;PUB_HOPITAL;PUBLIC;Activités hospitalières;49 RUE MIRABEAU 75016 PARIS;75016;PARIS;75;Île-de-France;11;53;53;10000 salariés et plus;10000;N;GE;177;1904-04-04;122.24503764544832;48.846569652;2.2703337206;False;7364;[];[];86.10Z;2026-06-15T15:56:46.014524;90;CHAUDE;10000000;2000000
26750045201480;267500452;ASSISTANCE PUBLIQUE HOPITAUX DE PARIS (AP-HP);CLINIQUE DENTAIRE STE-PERINE(AP-HP);AP-HP;86.10Z;PUB_HOPITAL;PUBLIC;Activités hospitalières;49 RUE MIRABEAU 75016 PARIS;75016;PARIS;75;Île-de-France;11;53;53;10000 salariés et plus;10000;N;GE;177;1904-04-04;122.24503764544832;48.846569652;2.2703337206;False;7364;"[""750809576""]";[];86.10Z;2026-06-15T15:56:46.014524;90;CHAUDE;10000000;2000000
30116075000305;301160750;CLINEA;CLINIQUE LA JONQUIERE;;86.10Z;PUB_HOPITAL;PUBLIC;Activités hospitalières;27 RUE DE LA JONQUIERE 75017 PARIS;75017;PARIS;75;Île-de-France;11;22;22;100 à 199 salariés;199;O;GE;133;2006-03-22;20.281998631074607;48.893489693;2.3246722266;False;5710;"[""750014169""]";[];86.10Z;2026-06-15T15:56:46.014524;90;CHAUDE;199000;39800
30116075000602;301160750;CLINEA;;;86.10Z;PUB_HOPITAL;PUBLIC;Activités hospitalières;109-113 109 QUAI DU DOCTEUR DERVAUX 92600 ASNIERES-SUR-SEINE;92600;ASNIERES-SUR-SEINE;92;Île-de-France;11;22;22;100 à 199 salariés;199;O;GE;133;2011-01-01;15.501711156741958;48.909008177;2.2932369114;False;5710;"[""920014099""]";[];86.10Z;2026-06-15T15:56:53.807423;90;CHAUDE;199000;39800
78461540300036;784615403;ASS MATERNITE SAINTE FELICITE;;;86.10Z;PUB_HOPITAL;PUBLIC;Activités hospitalières;7 RUE DE CASABLANCA 75015 PARIS;75015;PARIS;75;Île-de-France;11;22;22;100 à 199 salariés;199;O;PME;2;2017-03-07;9.322381930184806;48.83900416;2.2887173285;True;9220;"[""750300667""]";[];86.10Z;2026-06-15T15:56:48.001474;90;CHAUDE;199000;39800
57218210300018;572182103;CLINIQUE JOUVENET;;;86.10Z;PUB_HOPITAL;PUBLIC;Activités hospitalières;6 SQUARE JOUVENET 75016 PARIS;75016;PARIS;75;Île-de-France;11;22;22;100 à 199 salariés;199;O;GE;1;1957-01-01;69.5003422313484;48.8424569777011;2.26632769483148;True;5710;"[""750300774""]";[];86.10Z;2026-06-15T15:56:48.375157;90;CHAUDE;199000;39800
30297873900019;302978739;PREVEAM;;;86.10Z;PUB_HOPITAL;PUBLIC;Activités hospitalières;8 RUE MONTESQUIEU 75001 PARIS;75001;PARIS;75;Île-de-France;11;21;21;50 à 99 salariés;99;O;PME;8;1900-01-01;126.4996577686516;48.863263862;2.3387240338;True;9220;"[""750072746""]";[];86.21Z;2026-06-15T15:57:00.061051;90;CHAUDE;99000;19800
30297873900027;302978739;PREVEAM;;;86.10Z;PUB_HOPITAL;PUBLIC;Activités hospitalières;78 RUE DE TURBIGO 75003 PARIS;75003;PARIS;75;Île-de-France;11;22;22;100 à 199 salariés;199;N;PME;8;1999-09-01;26.836413415468854;48.866491464;2.3610819155;False;9220;[];[];86.21Z;2026-06-15T15:57:00.061051;90;CHAUDE;199000;39800
55209712300012;552097123;CLINIQUE DU LOUVRE;;;86.10Z;PUB_HOPITAL;PUBLIC;Activités hospitalières;17 RUE SAINT-GERMAIN L'AUXERROIS 75001 PARIS;75001;PARIS;75;Île-de-France;11;21;21;50 à 99 salariés;99;O;ETI;1;1955-01-01;71.50171115674196;48.858357819;2.3444606547;True;5710;"[""750300014""]";[];86.10Z;2026-06-15T15:56:48.952721;90;CHAUDE;99000;19800
75409490200022;754094902;CENTRE MEDICO CHIRURGICAL BIZET (CMC BIZET);;CMC BIZET;86.10Z;PUB_HOPITAL;PUBLIC;Activités hospitalières;23 RUE GEORGES BIZET 75016 PARIS;75016;PARIS;75;Île-de-France;11;31;31;200 à 249 salariés;249;O;ETI;2;2012-10-17;13.708418891170432;48.867401186;2.2970438539;True;5710;"[""750300766""]";[];86.10Z;2026-06-15T15:56:48.952721;90;CHAUDE;249000;49800
44893741700013;448937417;CLINIQUE DE LA MUETTE;;;86.10Z;PUB_HOPITAL;PUBLIC;Activités hospitalières;46 A 48 46 RUE NICOLO 75016 PARIS;75016;PARIS;75;Île-de-France;11;22;22;100 à 199 salariés;199;O;GE;1;2003-06-16;23.04722792607803;48.860375993;2.2777709397;True;5710;"[""750300840""]";[];86.10Z;2026-06-15T15:56:48.952721;90;CHAUDE;199000;39800
78461537900012;784615379;ASSOCIATION DES DAMES DU CALVAIRE (ADC);ESPACE AURELIE JOUSSET;ADC;86.10Z;PUB_HOPITAL;PUBLIC;Activités hospitalières;ESPACE AURELIE JOUSSET 55 RUE DE LOURMEL 75015 PARIS;75015;PARIS;75;Île-de-France;11;32;32;250 à 499 salariés;499;O;PME;3;1900-01-01;126.4996577686516;48.846545695;2.2888786202;False;9220;"[""750045791""]";[];86.10Z;2026-06-15T15:56:46.690025;90;CHAUDE;499000;99800
35050813100025;350508131;CLINIQUE PAUL DOUMER;;;86.10Z;PUB_HOPITAL;PUBLIC;Activités hospitalières;62 RUE DE LA TOUR 75016 PARIS;75016;PARIS;75;Île-de-France;11;21;21;50 à 99 salariés;99;O;ETI;3;1989-05-20;37.11978097193703;48.86046052;2.2808452022;True;5710;"[""750300881""]";[];86.10Z;2026-06-15T15:56:46.691031;90;CHAUDE;99000;19800
35050813100033;350508131;CLINIQUE PAUL DOUMER;;;86.10Z;PUB_HOPITAL;PUBLIC;Activités hospitalières;36 RUE NICOLO 75016 PARIS;75016;PARIS;75;Île-de-France;11;21;21;50 à 99 salariés;99;N;ETI;3;1996-10-01;29.752224503764545;48.859937249;2.2788234196;False;5710;[];[];86.10Z;2026-06-15T15:56:46.691031;90;CHAUDE;99000;19800
44163740200047;441637402;CLINALLIANCE PARIS BUTTES CHAUMONT;CLINALLIANCE PARIS 18;;86.10Z;PUB_HOPITAL;PUBLIC;Activités hospitalières;19 RUE HEGESIPPE MOREAU 75018 PARIS;75018;PARIS;75;Île-de-France;11;31;31;200 à 249 salariés;249;O;ETI;4;2025-10-01;0.7529089664613279;48.8877242773045;2.3276416959153;False;5710;"[""750071185""]";[];86.10Z;2026-06-15T15:56:47.098597;90;CHAUDE;249000;49800
20002709200432;200027092;HOPITAUX PARIS EST VAL-DE-MARNE;CMP ADULTES TURBIGO POLE PARIS CENTRE;;86.10Z;PUB_HOPITAL;PUBLIC;Activités hospitalières;36 RUE DE TURBIGO 75003 PARIS;75003;PARIS;75;Île-de-France;11;51;51;2000 à 4999 salariés;4999;N;ETI;68;2024-01-01;2.5023956194387407;48.864647395;2.3529693061;False;7364;"[""750802548""]";[];86.10Z;2026-06-15T15:56:46.015524;90;CHAUDE;4999000;999800
20002709200440;200027092;HOPITAUX PARIS EST VAL-DE-MARNE;CMP ADULTE DU FIGUIER POLE PARIS CENTRE;;86.10Z;PUB_HOPITAL;PUBLIC;Activités hospitalières;2 RUE DU FIGUIER 75004 PARIS;75004;PARIS;75;Île-de-France;11;51;51;2000 à 4999 salariés;4999;N;ETI;68;2024-01-01;2.5023956194387407;48.853607028;2.3592779407;False;7364;"[""750006868""]";[];86.10Z;2026-06-15T15:56:46.015524;90;CHAUDE;4999000;999800
48026601400327;480266014;VYV3 ILE-DE-FRANCE;;;86.10Z;PUB_HOPITAL;PUBLIC;Activités hospitalières;5EME ETAGE 167 RUE RAYMOND LOSSERAND 75014 PARIS;75014;PARIS;75;Île-de-France;11;21;21;50 à 99 salariés;99;O;GE;61;2018-06-27;8.016427104722792;48.830257175;2.3112552263;True;8210;[];[];86.10Z;2026-06-15T15:56:46.015524;90;CHAUDE;99000;19800
20008210500079;200082105;GROUPE HOSPITALIER UNIVERSITAIRE PARIS - PSYCHIATRIE ET NEUROSCIENCES;CENTRE DE CRISE ADULTE GARANCIERE;;86.10Z;PUB_HOPITAL;PUBLIC;Activités hospitalières;17 RUE GARANCIERE 75006 PARIS;75006;PARIS;75;Île-de-France;11;52;52;5000 à 9999 salariés;9999;N;GE;93;2019-01-01;7.501711156741957;48.849399864;2.336055917;False;7364;"[""750003931""]";[];86.10Z;2026-06-15T15:56:46.015524;90;CHAUDE;9999000;1999800
20008210500095;200082105;GROUPE HOSPITALIER UNIVERSITAIRE PARIS - PSYCHIATRIE ET NEUROSCIENCES;CATTP ALESIA;;86.10Z;PUB_HOPITAL;PUBLIC;Activités hospitalières;145 B RUE D'ALESIA 75014 PARIS;75014;PARIS;75;Île-de-France;11;52;52;5000 à 9999 salariés;9999;N;GE;93;2019-01-01;7.501711156741957;48.829962058;2.3206213927;False;7364;"[""750042012""]";[];86.10Z;2026-06-15T15:56:46.015524;90;CHAUDE;9999000;1999800
20008210500103;200082105;GROUPE HOSPITALIER UNIVERSITAIRE PARIS - PSYCHIATRIE ET NEUROSCIENCES;CMP DU PERE CORENTIN RIDDER;;86.10Z;PUB_HOPITAL;PUBLIC;Activités hospitalières;26 BOULEVARD BRUNE 75014 PARIS;75014;PARIS;75;Île-de-France;11;52;52;5000 à 9999 salariés;9999;N;GE;93;2019-01-01;7.501711156741957;48.826970069;2.3077555303;False;7364;"[""750802357""]";[];86.10Z;2026-06-15T15:56:46.015524;90;CHAUDE;9999000;1999800
20002709200093;200027092;HOPITAUX PARIS EST VAL-DE-MARNE;CENTRE DE CRISE CHATELET;;86.10Z;PUB_HOPITAL;PUBLIC;Activités hospitalières;116 RUE DU TEMPLE 75003 PARIS;75003;PARIS;75;Île-de-France;11;51;51;2000 à 4999 salariés;4999;N;ETI;68;2011-04-26;15.186858316221766;48.862850539;2.358052928;False;7364;"[""750050502""]";[];86.10Z;2026-06-15T15:56:46.015524;90;CHAUDE;4999000;999800
20002709200390;200027092;HOPITAUX PARIS EST VAL-DE-MARNE;EMAPSY;;86.10Z;PUB_HOPITAL;PUBLIC;Activités hospitalières;116 RUE DU TEMPLE 75003 PARIS;75003;PARIS;75;Île-de-France;11;51;51;2000 à 4999 salariés;4999;N;ETI;68;2024-01-01;2.5023956194387407;48.862850539;2.358052928;False;7364;[];[];86.10Z;2026-06-15T15:56:46.015524;90;CHAUDE;4999000;999800
88150510100017;881505101;GCS OUDINOT COGNACQ-JAY;;;86.10Z;PUB_HOPITAL;PUBLIC;Activités hospitalières;17 RUE NOTRE-DAME DES CHAMPS 75006 PARIS;75006;PARIS;75;Île-de-France;11;22;22;100 à 199 salariés;199;N;PME;3;2020-01-01;6.50239561943874;48.846036453;2.3278125811;True;9970;[];[];86.10Z;2026-06-15T15:56:47.379938;90;CHAUDE;199000;39800
88150510100025;881505101;GCS OUDINOT COGNACQ-JAY;;;86.10Z;PUB_HOPITAL;PUBLIC;Activités hospitalières;2 RUE ROUSSELET 75007 PARIS;75007;PARIS;75;Île-de-France;11;22;22;100 à 199 salariés;199;O;PME;3;2020-01-01;6.50239561943874;48.849413612;2.317623363;False;9970;"[""750063687"", ""750300121""]";[];86.10Z;2026-06-15T15:56:47.379938;90;CHAUDE;199000;39800
31105878800044;311058788;ANCIENNE CLINIQUE BLOMET;;;86.10Z;PUB_HOPITAL;PUBLIC;Activités hospitalières;39 RUE MSTISLAV ROSTROPOVITCH 75017 PARIS;75017;PARIS;75;Île-de-France;11;21;21;50 à 99 salariés;99;N;GE;2;2025-09-23;0.7748117727583846;48.8899738368502;2.3121999637857;True;5710;[];[];86.10Z;2026-06-15T15:56:47.685810;90;CHAUDE;99000;19800
56209374000032;562093740;CLINIQUE ARAGO;;;86.10Z;PUB_HOPITAL;PUBLIC;Activités hospitalières;187 A 187 A RUE RAYMOND LOSSERAND 75014 PARIS;75014;PARIS;75;Île-de-France;11;21;21;50 à 99 salariés;99;O;ETI;3;2015-01-01;11.501711156741958;48.82932388;2.3121596771;True;5710;"[""750300493""]";[];86.10Z;2026-06-15T15:56:46.386940;90;CHAUDE;99000;19800
56209374000016;562093740;CLINIQUE ARAGO;;;86.10Z;PUB_HOPITAL;PUBLIC;Activités hospitalières;95-95 BIS 95 BOULEVARD ARAGO 75014 PARIS;75014;PARIS;75;Île-de-France;11;21;21;50 à 99 salariés;99;N;ETI;3;1956-01-01;70.50239561943874;48.834237882;2.334510817;False;5710;[];[];86.10Z;2026-06-15T15:56:46.386940;90;CHAUDE;99000;19800
56209374000024;562093740;CLINIQUE ARAGO;;;86.10Z;PUB_HOPITAL;PUBLIC;Activités hospitalières;93 BOULEVARD ARAGO 75014 PARIS;75014;PARIS;75;Île-de-France;11;21;21;50 à 99 salariés;99;N;ETI;3;2000-06-01;26.086242299794662;48.834315495;2.3348982325;False;5710;[];[];86.10Z;2026-06-15T15:56:46.386940;90;CHAUDE;99000;19800
58202624100015;582026241;CLINIQUE DE L'ALMA;;;86.10Z;PUB_HOPITAL;PUBLIC;Activités hospitalières;166 RUE DE L'UNIVERSITE 75007 PARIS;75007;PARIS;75;Île-de-France;11;22;22;100 à 199 salariés;199;O;ETI;3;1958-01-01;68.50102669404518;48.861336836;2.3057429616;True;5710;"[""750300139""]";[];86.10Z;2026-06-15T15:56:46.386940;90;CHAUDE;199000;39800
58202624100031;582026241;CLINIQUE DE L'ALMA;;;86.10Z;PUB_HOPITAL;PUBLIC;Activités hospitalières;153 RUE DE L'UNIVERSITE 75007 PARIS;75007;PARIS;75;Île-de-France;11;22;22;100 à 199 salariés;199;N;ETI;3;2013-12-01;12.58590006844627;48.861069885;2.3050261444;False;5710;[];[];86.10Z;2026-06-15T15:56:46.386940;90;CHAUDE;199000;39800
77568300600164;775683006;FONDATION  SANTE DES ETUDIANTS DE FRANCE (FSEF);CLINIQUE FSEF PARIS 16;FSEF;86.10Z;PUB_HOPITAL;PUBLIC;Activités hospitalières;14 RUE BOILEAU 75016 PARIS;75016;PARIS;75;Île-de-France;11;32;32;250 à 499 salariés;499;O;ETI;36;1900-01-01;126.4996577686516;48.846346694;2.2650435281;False;9300;"[""750150252""]";[];86.10Z;2026-06-15T15:56:46.015524;90;CHAUDE;499000;99800
78467063000010;784670630;CENTRE HOSPITALIER DE BLIGNY;;;86.10Z;PUB_HOPITAL;PUBLIC;Activités hospitalières;61 RUE SAINT-DIDIER 75016 PARIS;75016;PARIS;75;Île-de-France;11;41;41;500 à 999 salariés;999;O;ETI;3;1900-01-01;126.4996577686516;48.86752851;2.2819355416;True;9230;[];[];86.10Z;2026-06-15T15:56:46.386940;90;CHAUDE;999000;199800
31013269100042;310132691;CLINIQUE DU VIEUX CHATEAU D'OC;;;86.10Z;PUB_HOPITAL;PUBLIC;Activités hospitalières;12 RUE JEAN JAURES 92800 PUTEAUX;92800;PUTEAUX;92;Île-de-France;11;22;22;100 à 199 salariés;199;O;GE;4;2023-11-30;2.590006844626968;48.8854488848831;2.24911033209962;True;5710;[];[];86.10Z;2026-06-15T15:56:46.690025;90;CHAUDE;199000;39800
31315039300038;313150393;CLINIQUE DU ROND POINT DES CHAMPS ELYSEES (CLINIQUE DES CHAMPS ELYSEES) (CRPCE);CLINIQUE DES CHAMPS ELYSEES;CRPCE;86.10Z;PUB_HOPITAL;PUBLIC;Activités hospitalières;61 AVENUE FRANKLIN D. ROOSEVELT 75008 PARIS;75008;PARIS;75;Île-de-France;11;21;21;50 à 99 salariés;99;O;PME;4;1995-03-15;31.301848049281315;48.87165087;2.309872036;True;5599;"[""750051088""]";[];86.10Z;2026-06-15T15:56:46.690025;90;CHAUDE;99000;19800
31315039300046;313150393;CLINIQUE DU ROND POINT DES CHAMPS ELYSEES (CLINIQUE DES CHAMPS ELYSEES) (CRPCE);;CRPCE;86.10Z;PUB_HOPITAL;PUBLIC;Activités hospitalières;57 AVENUE FRANKLIN D. ROOSEVELT 75008 PARIS;75008;PARIS;75;Île-de-France;11;21;21;50 à 99 salariés;99;N;PME;4;1999-01-01;27.50171115674196;48.871162556;2.3098771425;False;5599;[];[];86.10Z;2026-06-15T15:56:46.690025;90;CHAUDE;99000;19800
78461537900020;784615379;ASSOCIATION DES DAMES DU CALVAIRE (ADC);MAISON MEDICALE JEANNE GARNIER;ADC;86.10Z;PUB_HOPITAL;PUBLIC;Activités hospitalières;106 AVENUE EMILE ZOLA 75015 PARIS;75015;PARIS;75;Île-de-France;11;32;32;250 à 499 salariés;499;O;PME;3;1996-07-22;29.94661190965092;48.846561062;2.2897546125;True;9220;"[""750150187""]";[];86.10Z;2026-06-15T15:56:46.690025;90;CHAUDE;499000;99800
78471033700089;784710337;ASSOCIATION GOMBAULT DARNAUD;;;86.10Z;PUB_HOPITAL;PUBLIC;Activités hospitalières;9 BOULEVARD GOUVION-SAINT-CYR 75017 PARIS;75017;PARIS;75;Île-de-France;11;21;21;50 à 99 salariés;99;O;PME;6;2025-01-01;1.5003422313483916;48.8847448156849;2.29071955072507;False;9220;[];[];86.10Z;2026-06-15T15:56:46.385931;90;CHAUDE;99000;19800
81915896500049;819158965;INICEA SANTE MENTALE;;;86.10Z;PUB_HOPITAL;PUBLIC;Activités hospitalières;21-25 21 RUE BALZAC 75008 PARIS;75008;PARIS;75;Île-de-France;11;31;31;200 à 249 salariés;249;N;GE;7;2022-04-20;4.202600958247776;48.875493766;2.302395318;True;5710;[];[];86.10Z;2026-06-15T15:56:46.385931;90;CHAUDE;249000;49800
77568299000038;775682990;FONDATION HOPITAL SAINT JOSEPH;GROUPE HOSPITALIER PARIS SAINT-JOSEPH;;86.10Z;PUB_HOPITAL;PUBLIC;Activités hospitalières;FONDATION HOPITAL SAINT -JOSEPH 185 RUE RAYMOND LOSSERAND 75014 PARIS;75014;PARIS;75;Île-de-France;11;51;51;2000 à 4999 salariés;4999;O;ETI;8;1900-01-01;126.4996577686516;48.830257175;2.3112552263;True;9300;"[""750000523"", ""750073561""]";"[""0754903X""]";86.10Z;2026-06-15T15:56:46.385931;90;CHAUDE;4999000;999800
77568299000087;775682990;FONDATION HOPITAL SAINT JOSEPH;INSTITUT DES VARICES ;;86.10Z;PUB_HOPITAL;PUBLIC;Activités hospitalières;PARIS SAINT JOSEPH 65 RUE CASTAGNARY 75015 PARIS;75015;PARIS;75;Île-de-France;11;51;51;2000 à 4999 salariés;4999;N;ETI;8;2024-12-19;1.5359342915811087;48.832122378026;2.30782579242591;False;9300;[];[];86.10Z;2026-06-15T15:56:46.385931;90;CHAUDE;4999000;999800
31184448400031;311844484;ASSOCIATION LA CHATAIGNERAIE;LA CHATAIGNERAIE CONVENTION;;86.10Z;PUB_HOPITAL;PUBLIC;Activités hospitalières;48 RUE DE LA CONVENTION 75015 PARIS;75015;PARIS;75;Île-de-France;11;21;21;50 à 99 salariés;99;O;PME;3;1991-02-01;35.41683778234086;48.843783599;2.2816145116;False;9220;"[""750825184""]";[];86.10Z;2026-06-15T15:56:46.386940;90;CHAUDE;99000;19800
56209797200011;562097972;HOPITAL PRIVE GEOFFROY SAINT HILAIRE;;;86.10Z;PUB_HOPITAL;PUBLIC;Activités hospitalières;59 RUE GEOFFROY-SAINT-HILAIRE 75005 PARIS;75005;PARIS;75;Île-de-France;11;22;22;100 à 199 salariés;199;O;GE;4;1956-01-01;70.50239561943874;48.843603517;2.3549335337;True;5710;"[""750300071""]";[];86.10Z;2026-06-15T15:56:46.385931;90;CHAUDE;199000;39800
56209797200029;562097972;HOPITAL PRIVE GEOFFROY SAINT HILAIRE;;;86.10Z;PUB_HOPITAL;PUBLIC;Activités hospitalières;6 RUE LACEPEDE 75005 PARIS;75005;PARIS;75;Île-de-France;11;22;22;100 à 199 salariés;199;N;GE;4;2011-01-10;15.477070499657769;48.843712753;2.3542266305;False;5710;[];[];86.10Z;2026-06-15T15:56:46.385931;90;CHAUDE;199000;39800
56209797200037;562097972;HOPITAL PRIVE GEOFFROY SAINT HILAIRE;;;86.10Z;PUB_HOPITAL;PUBLIC;Activités hospitalières;15 RUE LACEPEDE 75005 PARIS;75005;PARIS;75;Île-de-France;11;22;22;100 à 199 salariés;199;N;GE;4;2008-01-01;18.50239561943874;48.843624785;2.3529264454;False;5710;[];[];86.10Z;2026-06-15T15:56:46.385931;90;CHAUDE;199000;39800
56209797200045;562097972;HOPITAL PRIVE GEOFFROY SAINT HILAIRE;;;86.10Z;PUB_HOPITAL;PUBLIC;Activités hospitalières;11 RUE LACEPEDE 75005 PARIS;75005;PARIS;75;Île-de-France;11;22;22;100 à 199 salariés;199;N;GE;4;1998-01-01;28.501026694045173;48.843618049;2.3532441492;False;5710;[];[];86.10Z;2026-06-15T15:56:46.385931;90;CHAUDE;199000;39800
78444843300085;784448433;CEREP;;;86.10Z;PUB_HOPITAL;PUBLIC;Activités hospitalières;COPES 26 BOULEVARD BRUNE 75014 PARIS;75014;PARIS;75;Île-de-France;11;21;21;50 à 99 salariés;99;O;PME;15;2013-05-01;13.17180013689254;48.826970069;2.3077555303;False;9230;[];[];86.10Z;2026-06-15T15:56:46.016524;90;CHAUDE;99000;19800
48026601400137;480266014;VYV3 ILE-DE-FRANCE;HOPITAL SAINTE MARIE;;86.10Z;PUB_HOPITAL;PUBLIC;Activités hospitalières;167 RUE RAYMOND LOSSERAND 75014 PARIS;75014;PARIS;75;Île-de-France;11;32;32;250 à 499 salariés;499;O;GE;61;2016-08-01;9.919233401779604;48.830257175;2.3112552263;False;8210;"[""750000507""]";[];86.10Z;2026-06-15T15:56:46.015524;90;CHAUDE;499000;99800
48026601400152;480266014;VYV3 ILE-DE-FRANCE;RELAIS PARIS SUD;;86.10Z;PUB_HOPITAL;PUBLIC;Activités hospitalières;12 RUE BOYER-BARRET 75014 PARIS;75014;PARIS;75;Île-de-France;11;31;31;200 à 249 salariés;249;O;GE;61;2016-08-01;9.919233401779604;48.832742662;2.3178417292;False;8210;"[""750016859"", ""750044851""]";[];86.10Z;2026-06-15T15:56:46.015524;90;CHAUDE;249000;49800
77567634900019;775676349;FONDATION L ELAN RETROUVE;;;86.10Z;PUB_HOPITAL;PUBLIC;Activités hospitalières;23 RUE CATHERINE DE LA ROCHEFOUCAULD 75009 PARIS;75009;PARIS;75;Île-de-France;11;22;22;100 à 199 salariés;199;O;ETI;51;1900-01-01;126.4996577686516;48.878698221;2.3342227727;True;9300;"[""750012288"", ""750054553"", ""750170102"", ""940022288""]";[];86.10Z;2026-06-15T15:56:46.015524;90;CHAUDE;199000;39800
77567089600015;775670896;LES AILES DEPLOYEES;;;86.10Z;PUB_HOPITAL;PUBLIC;Activités hospitalières;31 RUE DE LIEGE 75008 PARIS;75008;PARIS;75;Île-de-France;11;22;22;100 à 199 salariés;199;O;ETI;9;1900-01-01;126.4996577686516;48.878815916;2.3261647989;True;9220;"[""750007668"", ""750078578"", ""750170151"", ""750170425"", ""750510083""]";[];86.10Z;2026-06-15T15:56:46.385931;90;CHAUDE;199000;39800
18000702300013;180007023;INSTITUTION NATIONALE DES INVALIDES;;;86.10Z;PUB_HOPITAL;PUBLIC;Activités hospitalières;6 BOULEVARD DES INVALIDES 75007 PARIS;75007;PARIS;75;Île-de-France;11;32;32;250 à 499 salariés;499;O;ETI;5;1991-07-03;35.00068446269678;48.854682323;2.3144923669;True;7389;"[""750808578""]";[];86.10Z;2026-06-15T15:56:46.385931;90;CHAUDE;499000;99800
18000702300021;180007023;INSTITUTION NATIONALE DES INVALIDES;CLINIQUE DENTAIRE DE L'INI;;86.10Z;PUB_HOPITAL;PUBLIC;Activités hospitalières;6 BOULEVARD DES INVALIDES 75007 PARIS;75007;PARIS;75;Île-de-France;11;32;32;250 à 499 salariés;499;N;ETI;5;1997-06-10;29.062286105407257;48.854682323;2.3144923669;False;7389;"[""750021008""]";[];86.10Z;2026-06-15T15:56:46.385931;90;CHAUDE;499000;99800
31677850500024;316778505;SOCIETE D'EXPLOITATION DE MAISONS CHIRURGICALES ET DE SANTE (ALEO SANTE) (SEMCS);ALEO SANTE;SEMCS;86.10Z;PUB_HOPITAL;PUBLIC;Activités hospitalières;64 RUE LABROUSTE 75015 PARIS;75015;PARIS;75;Île-de-France;11;22;22;100 à 199 salariés;199;O;PME;10;1993-06-15;33.04859685147159;48.832454595;2.3066126066;True;5710;[];[];86.10Z;2026-06-15T15:56:46.016524;90;CHAUDE;199000;39800
31677850500032;316778505;SOCIETE D'EXPLOITATION DE MAISONS CHIRURGICALES ET DE SANTE (ALEO SANTE) (SEMCS);SEMCS;SEMCS;86.10Z;PUB_HOPITAL;PUBLIC;Activités hospitalières;3-7 3 RUE DE L'HARMONIE 75015 PARIS;75015;PARIS;75;Île-de-France;11;22;22;100 à 199 salariés;199;N;PME;10;1997-05-28;29.097878165639973;48.832079361;2.3069670268;False;5710;[];[];86.10Z;2026-06-15T15:56:46.016524;90;CHAUDE;199000;39800
31677850500040;316778505;SOCIETE D'EXPLOITATION DE MAISONS CHIRURGICALES ET DE SANTE (ALEO SANTE) (SEMCS);;SEMCS;86.10Z;PUB_HOPITAL;PUBLIC;Activités hospitalières;52 RUE LABROUSTE 75015 PARIS;75015;PARIS;75;Île-de-France;11;22;22;100 à 199 salariés;199;N;PME;10;1994-04-01;32.25462012320329;48.833479886;2.3075757614;False;5710;[];[];86.10Z;2026-06-15T15:56:46.016524;90;CHAUDE;199000;39800
31677850500057;316778505;SOCIETE D'EXPLOITATION DE MAISONS CHIRURGICALES ET DE SANTE (ALEO SANTE) (SEMCS);;SEMCS;86.10Z;PUB_HOPITAL;PUBLIC;Activités hospitalières;54 RUE LABROUSTE 75015 PARIS;75015;PARIS;75;Île-de-France;11;22;22;100 à 199 salariés;199;N;PME;10;2003-11-15;22.63107460643395;48.833261775;2.3073872516;False;5710;[];[];86.10Z;2026-06-15T15:56:46.016524;90;CHAUDE;199000;39800
31677850500065;316778505;SOCIETE D'EXPLOITATION DE MAISONS CHIRURGICALES ET DE SANTE (ALEO SANTE) (SEMCS);;SEMCS;86.10Z;PUB_HOPITAL;PUBLIC;Activités hospitalières;15 RUE ROSENWALD 75015 PARIS;75015;PARIS;75;Île-de-France;11;22;22;100 à 199 salariés;199;N;PME;10;2009-03-31;17.256673511293634;48.83296255;2.3058817769;False;5710;[];[];86.10Z;2026-06-15T15:56:46.016524;90;CHAUDE;199000;39800
31677850500073;316778505;SOCIETE D'EXPLOITATION DE MAISONS CHIRURGICALES ET DE SANTE (ALEO SANTE) (SEMCS);;SEMCS;86.10Z;PUB_HOPITAL;PUBLIC;Activités hospitalières;66 RUE LABROUSTE 75015 PARIS;75015;PARIS;75;Île-de-France;11;22;22;100 à 199 salariés;199;N;PME;10;2006-12-04;19.578370978781656;48.832186525;2.3063702772;False;5710;[];[];86.10Z;2026-06-15T15:56:46.016524;90;CHAUDE;199000;39800
31677850500081;316778505;SOCIETE D'EXPLOITATION DE MAISONS CHIRURGICALES ET DE SANTE (ALEO SANTE) (SEMCS);;SEMCS;86.10Z;PUB_HOPITAL;PUBLIC;Activités hospitalières;34 RUE DE LA CONVENTION 75015 PARIS;75015;PARIS;75;Île-de-France;11;22;22;100 à 199 salariés;199;N;PME;10;2009-09-01;16.83504449007529;48.844494408;2.2801844491;False;5710;[];[];86.10Z;2026-06-15T15:56:46.017528;90;CHAUDE;199000;39800
31677850500099;316778505;SOCIETE D'EXPLOITATION DE MAISONS CHIRURGICALES ET DE SANTE (ALEO SANTE) (SEMCS);;SEMCS;86.10Z;PUB_HOPITAL;PUBLIC;Activités hospitalières;69 RUE LABROUSTE 75015 PARIS;75015;PARIS;75;Île-de-France;11;22;22;100 à 199 salariés;199;N;PME;10;2006-08-31;19.838466803559207;48.831946648;2.3064143378;False;5710;[];[];86.10Z;2026-06-15T15:56:46.017528;90;CHAUDE;199000;39800
31677850500107;316778505;SOCIETE D'EXPLOITATION DE MAISONS CHIRURGICALES ET DE SANTE (ALEO SANTE) (SEMCS);;SEMCS;86.10Z;PUB_HOPITAL;PUBLIC;Activités hospitalières;17 B RUE ROSENWALD 75015 PARIS;75015;PARIS;75;Île-de-France;11;22;22;100 à 199 salariés;199;N;PME;10;2008-07-25;17.93839835728953;48.832774325;2.3058067675;False;5710;[];[];86.10Z;2026-06-15T15:56:46.017528;90;CHAUDE;199000;39800
77569483900108;775694839;ASS POUR UTILISATION REIN ARTIFICIEL;CENTRE D AUTODIALYSE AURA;;86.10Z;PUB_HOPITAL;PUBLIC;Activités hospitalières;96 RUE CASTAGNARY 75015 PARIS;75015;PARIS;75;Île-de-France;11;32;32;250 à 499 salariés;499;N;ETI;38;1994-01-10;32.47638603696099;48.830883018;2.3063009812;False;9220;[];[];86.10Z;2026-06-15T15:56:46.016524;90;CHAUDE;499000;99800
77569483900371;775694839;ASS POUR UTILISATION REIN ARTIFICIEL;AURA PARIS PLAISANCE;;86.10Z;PUB_HOPITAL;PUBLIC;Activités hospitalières;185A 185 RUE RAYMOND LOSSERAND 75014 PARIS;75014;PARIS;75;Île-de-France;11;31;31;200 à 249 salariés;249;O;ETI;38;2014-12-21;11.53182751540041;48.829656799;2.3098283183;False;9220;"[""750055287""]";[];86.10Z;2026-06-15T15:56:46.016524;90;CHAUDE;249000;49800
78425716400037;784257164;INSTITUT CURIE;SECTION MEDICALE;;86.10Z;PUB_HOPITAL;PUBLIC;Activités hospitalières;26 RUE D'ULM 75005 PARIS;75005;PARIS;75;Île-de-France;11;42;42;1000 à 1999 salariés;1999;O;ETI;16;2005-09-30;20.75564681724846;48.84343012;2.3446741722;False;9300;"[""750160012""]";[];86.10Z;2026-06-15T15:56:46.016524;90;CHAUDE;1999000;399800
26930101600060;269301016;CENTRE HOSPITALIER GENERAL DE ST DENIS;CENTRE MEDICO PSYCHOLOGIQUE;;86.10Z;PUB_HOPITAL;PUBLIC;Activités hospitalières;11 RUE JEAN 93400 SAINT-OUEN-SUR-SEINE;93400;SAINT-OUEN-SUR-SEINE;93;Île-de-France;11;51;51;2000 à 4999 salariés;4999;N;ETI;21;1996-12-25;29.51950718685832;48.9090645762213;2.33416034826119;False;7364;"[""930001458""]";[];86.10Z;2026-06-15T15:56:56.424370;90;CHAUDE;4999000;999800
53440335700054;534403357;CLINIQUE DE L'EPINOY;;;86.10Z;PUB_HOPITAL;PUBLIC;Activités hospitalières;12 RUE JEAN JAURES 92800 PUTEAUX;92800;PUTEAUX;92;Île-de-France;11;21;21;50 à 99 salariés;99;N;GE;5;2020-07-16;5.963039014373717;48.8854488848831;2.24911033209962;True;5710;[];[];82.11Z;2026-06-15T16:47:35.636547;90;CHAUDE;99000;19800
78435330200010;784353302;ECOLE INTERNATIONALE BILINGUE MONCEAU (EIB MONCEAU);EIB MONCEAU;;85.20Z;PUB_ECOLE;PUBLIC;Enseignement primaire;6 AVENUE VAN DYCK 75008 PARIS;75008;PARIS;75;Île-de-France;11;32;32;250 à 499 salariés;499;O;ETI;7;1900-01-01;126.4996577686516;48.8782684500936;2.30644225927779;True;5202;[];"[""0752820H""]";85.20Z;2026-06-15T15:56:37.591683;85;CHAUDE;249500;49900
41414792600011;414147926;CLINIQUE DU CHATEAU;;;86.10Z;PUB_HOPITAL;PUBLIC;Activités hospitalières;11 B RUE DE LA PORTE JAUNE 92380 GARCHES;92380;GARCHES;92;Île-de-France;11;21;21;50 à 99 salariés;99;O;GE;2;1997-10-13;28.720054757015745;48.8423854817741;2.19885121308021;False;5710;"[""920310034""]";[];86.10Z;2026-06-15T15:56:54.883133;85;CHAUDE;99000;19800
30307405800015;303074058;CLINIQUE MEDICALE DE VILLE D'AVRAY;;;86.10Z;PUB_HOPITAL;PUBLIC;Activités hospitalières;23 RUE PRADIER 92410 VILLE-D'AVRAY;92410;VILLE-D'AVRAY;92;Île-de-France;11;21;21;50 à 99 salariés;99;O;PME;1;1900-01-01;126.4996577686516;48.82903849;2.1969406749;True;5499;"[""920310059""]";[];86.10Z;2026-06-15T15:56:55.291230;85;CHAUDE;99000;19800
78531685200017;785316852;CLINIQUE DE CHATILLON;;;86.10Z;PUB_HOPITAL;PUBLIC;Activités hospitalières;17 T RUE DES FAUVETTES 92320 CHATILLON;92320;CHATILLON;92;Île-de-France;11;21;21;50 à 99 salariés;99;O;GE;1;1900-01-01;126.4996577686516;48.80739874;2.2822656081;True;5599;"[""920300258""]";[];86.10Z;2026-06-15T15:56:55.291230;85;CHAUDE;99000;19800
65201664300015;652016643;CLININQUE MARCEL SEMBAT;;;86.10Z;PUB_HOPITAL;PUBLIC;Activités hospitalières;105 AVENUE VICTOR HUGO 92100 BOULOGNE-BILLANCOURT;92100;BOULOGNE-BILLANCOURT;92;Île-de-France;11;21;21;50 à 99 salariés;99;O;GE;1;1900-01-01;126.4996577686516;48.83512431;2.2450277081;True;5710;"[""920300191""]";[];86.10Z;2026-06-15T15:56:55.573600;85;CHAUDE;99000;19800
16002206700146;160022067;DIRECTION NATIONALE D'ENQUETES FISCALES (DNEF);5E SECTION DOCUMENTATION ET RECHERCHE;DNEF;84.11Z;PUB_MAIRIE;PUBLIC;Administration publique générale;112 B RUE CARDINET 75017 PARIS;75017;PARIS;75;Île-de-France;11;32;32;250 à 499 salariés;499;N;ETI;40;1992-12-31;33.503080082135526;48.885892572;2.3121342744;False;7160;[];[];84.11Z;2026-06-15T15:56:04.039427;85;CHAUDE;274450;54890
78466213200017;784662132;OGEC ECOLE LA PROVIDENCE PASSY;;;85.20Z;PUB_ECOLE;PUBLIC;Enseignement primaire;52 RUE DE LA POMPE 75016 PARIS;75016;PARIS;75;Île-de-France;11;21;21;50 à 99 salariés;99;O;PME;1;1900-01-01;126.4996577686516;48.861829193;2.2764048896;True;9220;[];"[""0750301V""]";85.20Z;2026-06-15T15:56:38.701336;85;CHAUDE;49500;9900
83962372500018;839623725;SAINT-JEAN DE PASSY;;;85.20Z;PUB_ECOLE;PUBLIC;Enseignement primaire;72 RUE RAYNOUARD 75016 PARIS;75016;PARIS;75;Île-de-France;11;22;22;100 à 199 salariés;199;O;PME;1;2018-03-12;8.309377138945928;48.854473127;2.2784383916;True;9220;[];"[""0752870M"", ""0750305Z"", ""0753947H""]";85.20Z;2026-06-15T15:56:38.701336;85;CHAUDE;99500;19900
82189664400035;821896644;EIB CAMPUS (EIB DE LA JONCHERE);EIB DE LA JONCHERE;;85.20Z;PUB_ECOLE;PUBLIC;Enseignement primaire;6 RUE GUILLAUME TELL 75017 PARIS;75017;PARIS;75;Île-de-France;11;21;21;50 à 99 salariés;99;O;ETI;3;2025-05-22;1.1143052703627652;48.8837239358;2.29352593803372;True;5710;[];[];85.20Z;2026-06-15T15:56:39.403995;85;CHAUDE;49500;9900
78542453200014;785424532;ASS GEST STE FOY INSTIT ST DOMINIQUE;;;85.20Z;PUB_ECOLE;PUBLIC;Enseignement primaire;28 AVENUE SAINTE-FOY 92200 NEUILLY-SUR-SEINE;92200;NEUILLY-SUR-SEINE;92;Île-de-France;11;22;22;100 à 199 salariés;199;O;PME;3;1900-01-01;126.4996577686516;48.886460842;2.2656879354;True;9220;[];"[""0921124X""]";85.20Z;2026-06-15T15:56:43.124294;85;CHAUDE;99500;19900
78542451600025;785424516;MARYMOUNT SCHOOL ASSOCIATION;ECOLE PRIMAIRE PRIVEE;;85.20Z;PUB_ECOLE;PUBLIC;Enseignement primaire;72 BOULEVARD DE LA SAUSSAYE 92200 NEUILLY-SUR-SEINE;92200;NEUILLY-SUR-SEINE;92;Île-de-France;11;21;21;50 à 99 salariés;99;N;PME;2;1987-02-04;39.408624229979466;48.89273746;2.2701147061;True;9220;[];"[""0921172Z""]";85.20Z;2026-06-15T15:56:43.124294;85;CHAUDE;49500;9900
26750045201928;267500452;ASSISTANCE PUBLIQUE HOPITAUX DE PARIS (AP-HP);;AP-HP;86.10Z;PUB_HOPITAL;PUBLIC;Activités hospitalières;55 BOULEVARD DIDEROT 75012 PARIS;75012;PARIS;75;Île-de-France;11;52;52;5000 à 9999 salariés;9999;O;GE;177;2022-09-12;3.805612594113621;48.8470824136211;2.38308541047613;True;7364;[];"[""0941775U""]";86.10Z;2026-06-15T15:56:46.014524;85;CHAUDE;9999000;1999800
67200424900013;672004249;HOPITAL PRIVE LA MONTAGNE LAMBERT;;;86.10Z;PUB_HOPITAL;PUBLIC;Activités hospitalières;67 AVENUE FOCH 92250 LA GARENNE-COLOMBES;92250;LA GARENNE-COLOMBES;92;Île-de-France;11;22;22;100 à 199 salariés;199;O;GE;2;1900-01-01;126.4996577686516;48.907839622;2.2418520875;True;5710;"[""920300415""]";[];86.10Z;2026-06-15T15:56:55.835357;85;CHAUDE;199000;39800
61203662400015;612036624;CLINIQUE LAENNEC MALAKOFF;;;86.10Z;PUB_HOPITAL;PUBLIC;Activités hospitalières;21 RUE MAXIMILIEN DE ROBESPIERRE 92240 MALAKOFF;92240;MALAKOFF;92;Île-de-France;11;21;21;50 à 99 salariés;99;O;ETI;1;1900-01-01;126.4996577686516;48.810879878;2.2948747175;True;5699;"[""920300563""]";[];86.10Z;2026-06-15T15:56:55.835357;85;CHAUDE;99000;19800
30116075000214;301160750;CLINEA;CLINIQUE DU PRE SAINT GERVAIS;;86.10Z;PUB_HOPITAL;PUBLIC;Activités hospitalières;10 RUE SIMONNOT 93310 LE PRE-SAINT-GERVAIS;93310;LE PRE-SAINT-GERVAIS;93;Île-de-France;11;22;22;100 à 199 salariés;199;O;GE;133;2005-02-14;21.37987679671458;48.885013878;2.4017593281;False;5710;"[""930019203""]";[];86.10Z;2026-06-15T15:56:56.423370;85;CHAUDE;199000;39800
77569483900405;775694839;ASS POUR UTILISATION REIN ARTIFICIEL;;;86.10Z;PUB_HOPITAL;PUBLIC;Activités hospitalières;12 RUE ANSELME 93400 SAINT-OUEN-SUR-SEINE;93400;SAINT-OUEN-SUR-SEINE;93;Île-de-France;11;21;21;50 à 99 salariés;99;O;ETI;38;2021-06-30;5.007529089664613;48.910301169;2.3339253473;False;9220;[];[];86.10Z;2026-06-15T15:56:56.424370;85;CHAUDE;99000;19800
26930101600011;269301016;CENTRE HOSPITALIER GENERAL DE ST DENIS;CH DELAFONTAINE;;86.10Z;PUB_HOPITAL;PUBLIC;Activités hospitalières;2 RUE DU DOCTEUR DELAFONTAINE 93200 SAINT-DENIS;93200;SAINT-DENIS;93;Île-de-France;11;51;51;2000 à 4999 salariés;4999;O;ETI;21;1983-03-01;43.34017796030116;48.935763796;2.3727912141;True;7364;"[""930000328""]";"[""0931806H""]";86.10Z;2026-06-15T15:56:56.424370;85;CHAUDE;4999000;999800
77569483900124;775694839;ASS POUR UTILISATION REIN ARTIFICIEL;UNITE D AUTODYALISE LEVERT;;86.10Z;PUB_HOPITAL;PUBLIC;Activités hospitalières;27 RUE LEVERT 75020 PARIS;75020;PARIS;75;Île-de-France;11;32;32;250 à 499 salariés;499;N;ETI;38;1984-06-18;42.039698836413415;48.874793336;2.3913325853;False;9220;[];[];86.10Z;2026-06-15T15:56:46.016524;85;CHAUDE;499000;99800
77569483900132;775694839;ASS POUR UTILISATION REIN ARTIFICIEL;UNITE D AUTODIALYSE GRES;;86.10Z;PUB_HOPITAL;PUBLIC;Activités hospitalières;1 PLACE DES GRES 75020 PARIS;75020;PARIS;75;Île-de-France;11;32;32;250 à 499 salariés;499;N;ETI;38;1904-04-04;122.24503764544832;48.859041678;2.4058452965;False;9220;[];[];86.10Z;2026-06-15T15:56:46.016524;85;CHAUDE;499000;99800
77569483900322;775694839;ASS POUR UTILISATION REIN ARTIFICIEL;;;86.10Z;PUB_HOPITAL;PUBLIC;Activités hospitalières;SECT C.BERNARD HOPT BICHAT 46 RUE HENRI HUCHARD 75018 PARIS;75018;PARIS;75;Île-de-France;11;12;12;20 à 49 salariés;49;O;ETI;38;2003-10-01;22.75427789185489;48.899115323;2.3308755056;False;9220;"[""750009318""]";[];86.10Z;2026-06-15T15:56:46.016524;85;CHAUDE;49000;9800
13000495500287;130004955;DIRECTION GENERALE DES FINANCES PUBLIQUES (DGFIP);DEP COMPTABLE MINISTERIEL AGRICULTURE;DGFIP;84.11Z;PUB_MAIRIE;PUBLIC;Administration publique générale;78 RUE DE VARENNE 75007 PARIS;75007;PARIS;75;Île-de-France;11;51;51;2000 à 4999 salariés;4999;N;ETI;83;2010-09-01;15.835728952772074;48.855443084;2.3183486502;False;7120;[];[];84.11Z;2026-06-15T15:56:04.039427;85;CHAUDE;2749450;549890
13000495500311;130004955;DIRECTION GENERALE DES FINANCES PUBLIQUES (DGFIP);SCE CONTROLE BUDGET MIN CULTURE ET COMMUNICATION;DGFIP;84.11Z;PUB_MAIRIE;PUBLIC;Administration publique générale;182 RUE SAINT-HONORE 75001 PARIS;75001;PARIS;75;Île-de-France;11;51;51;2000 à 4999 salariés;4999;N;ETI;83;2010-09-01;15.835728952772074;48.862395272;2.3388216148;False;7120;[];[];84.11Z;2026-06-15T15:56:04.039427;85;CHAUDE;2749450;549890
13000495500345;130004955;DIRECTION GENERALE DES FINANCES PUBLIQUES (DGFIP);SCE CONTROLE BUDG MIN EDUCATION RECHERCHE;DGFIP;84.11Z;PUB_MAIRIE;PUBLIC;Administration publique générale;110 RUE DE GRENELLE 75007 PARIS;75007;PARIS;75;Île-de-France;11;51;51;2000 à 4999 salariés;4999;N;ETI;83;2010-09-01;15.835728952772074;48.856633993;2.3207972598;False;7120;[];[];84.11Z;2026-06-15T15:56:04.039427;85;CHAUDE;2749450;549890
13000495500352;130004955;DIRECTION GENERALE DES FINANCES PUBLIQUES (DGFIP);SCE CONTROLE BUDG MIN ENVIRONNEMENT;DGFIP;84.11Z;PUB_MAIRIE;PUBLIC;Administration publique générale;20 AVENUE DE SEGUR 75007 PARIS;75007;PARIS;75;Île-de-France;11;51;51;2000 à 4999 salariés;4999;N;ETI;83;2010-09-01;15.835728952772074;48.850466845;2.3084586628;False;7120;[];[];84.11Z;2026-06-15T15:56:04.039427;85;CHAUDE;2749450;549890
78475410300017;784754103;OGEC SAINT LOUIS MONTCALM;;;85.20Z;PUB_ECOLE;PUBLIC;Enseignement primaire;47 RUE MONTCALM 75018 PARIS;75018;PARIS;75;Île-de-France;11;21;21;50 à 99 salariés;99;O;PME;2;1900-01-01;126.4996577686516;48.894268492;2.3394712972;True;9220;[];"[""0750340M""]";85.20Z;2026-06-15T15:56:37.931080;85;CHAUDE;49500;9900
78475410300025;784754103;OGEC SAINT LOUIS MONTCALM;ECOLE PRIMAIRE PRIVEE ST LOUIS;;85.20Z;PUB_ECOLE;PUBLIC;Enseignement primaire;47 RUE MONTCALM 75018 PARIS;75018;PARIS;75;Île-de-France;11;21;21;50 à 99 salariés;99;N;PME;2;1993-10-07;32.73648186173853;48.894268492;2.3394712972;False;9220;[];[];85.20Z;2026-06-15T15:56:37.931080;85;CHAUDE;49500;9900
69204166800017;692041668;ECOLE PASCAL;;;85.20Z;PUB_ECOLE;PUBLIC;Enseignement primaire;33 BOULEVARD LANNES 75016 PARIS;75016;PARIS;75;Île-de-France;11;21;21;50 à 99 salariés;99;O;PME;2;1969-01-01;57.50034223134839;48.866976581;2.2721539101;True;5710;[];"[""0753919C"", ""0752919R"", ""0750292K""]";85.20Z;2026-06-15T15:56:37.932085;85;CHAUDE;49500;9900
69204166800041;692041668;ECOLE PASCAL;;;85.20Z;PUB_ECOLE;PUBLIC;Enseignement primaire;11-15 11 RUE DE MONTEVIDEO 75016 PARIS;75016;PARIS;75;Île-de-France;11;21;21;50 à 99 salariés;99;N;PME;2;2016-04-14;10.217659137577002;48.86752466;2.2742889754;False;5710;[];[];85.20Z;2026-06-15T15:56:37.932085;85;CHAUDE;49500;9900
77568804700015;775688047;SOC DE GESTION DE SAINT JEAN DE PASSY;;;85.20Z;PUB_ECOLE;PUBLIC;Enseignement primaire;72 RUE RAYNOUARD 75016 PARIS;75016;PARIS;75;Île-de-France;11;22;22;100 à 199 salariés;199;N;PME;1;1957-01-01;69.5003422313484;48.854473127;2.2784383916;True;5599;[];[];85.20Z;2026-06-15T15:56:38.209772;85;CHAUDE;99500;19900
20002709200614;200027092;HOPITAUX PARIS EST VAL-DE-MARNE;CENTRE DE CRISE LAGNY- CCASA;;86.10Z;PUB_HOPITAL;PUBLIC;Activités hospitalières;112 RUE DE LAGNY 93100 MONTREUIL;93100;MONTREUIL;93;Île-de-France;11;51;51;2000 à 4999 salariés;4999;N;ETI;68;2024-01-01;2.5023956194387407;48.849911396;2.419381053;False;7364;"[""930013909"", ""930035274""]";[];86.10Z;2026-06-15T15:56:56.424370;85;CHAUDE;4999000;999800
48026601400269;480266014;VYV3 ILE-DE-FRANCE;RELAIS SAINT-DENIS;;86.10Z;PUB_HOPITAL;PUBLIC;Activités hospitalières;9 RUE DES CHAUMETTES 93200 SAINT-DENIS;93200;SAINT-DENIS;93;Île-de-France;11;22;22;100 à 199 salariés;199;O;GE;61;2016-08-01;9.919233401779604;48.937835023;2.3523971167;False;8210;"[""930026547"", ""930813944"", ""930817010""]";[];86.10Z;2026-06-15T15:56:56.424370;85;CHAUDE;199000;39800
48443411300029;484434113;LNA ES;MAISON DE SANTE D'EPINAY SUR SEINE;;86.10Z;PUB_HOPITAL;PUBLIC;Activités hospitalières;1 PLACE DOCTEUR DU JEAN TARRIUS 93800 EPINAY-SUR-SEINE;93800;EPINAY-SUR-SEINE;93;Île-de-France;11;31;31;200 à 249 salariés;249;O;GE;47;2009-12-01;16.58590006844627;48.9510844358305;2.31862870874251;False;5710;"[""930310016""]";[];86.10Z;2026-06-15T15:56:56.424370;85;CHAUDE;249000;49800
21920004500017;219200045;COMMUNE D ASNIERES SUR SEINE;MAIRIE;;84.11Z;PUB_MAIRIE;PUBLIC;Administration publique générale;1 PLACE DE L’HOTEL DE VILLE 92600 ASNIERES-SUR-SEINE;92600;ASNIERES-SUR-SEINE;92;Île-de-France;11;42;42;1000 à 1999 salariés;1999;O;ETI;71;1983-03-01;43.34017796030116;48.910691732;2.2889886369;True;7210;[];[];84.11Z;2026-06-15T15:56:27.200921;85;CHAUDE;1099450;219890
77567634900191;775676349;FONDATION L ELAN RETROUVE;;;86.10Z;PUB_HOPITAL;PUBLIC;Activités hospitalières;CENTRE FRANCOISE GREMY 25 VILLA SANTOS-DUMONT 75015 PARIS;75015;PARIS;75;Île-de-France;11;12;12;20 à 49 salariés;49;O;ETI;51;2008-07-01;18.0041067761807;48.833839616;2.3050601851;False;9300;"[""750170219""]";[];86.10Z;2026-06-15T15:56:46.015524;85;CHAUDE;49000;9800
30289111400472;302891114;GROUPE SOS SANTE;HOPITAL JEAN JAURES;;86.10Z;PUB_HOPITAL;PUBLIC;Activités hospitalières;9 SENTIER DES DOREES 75019 PARIS 19;75019;PARIS 19;75;Île-de-France;11;31;31;200 à 249 salariés;249;O;ETI;60;2015-05-21;11.118412046543463;48.887412312;2.3933823268;False;9260;"[""750150286""]";[];86.10Z;2026-06-15T15:56:46.015524;85;CHAUDE;249000;49800
78425785900016;784257859;CLINIQUE DU SPORT;;;86.10Z;PUB_HOPITAL;PUBLIC;Activités hospitalières;36 B BOULEVARD SAINT-MARCEL 75005 PARIS;75005;PARIS;75;Île-de-France;11;21;21;50 à 99 salariés;99;O;GE;9;1900-01-01;126.4996577686516;48.839041498;2.3578589502;True;5710;"[""750300089""]";[];86.10Z;2026-06-15T15:56:46.017528;85;CHAUDE;99000;19800
78425785900024;784257859;CLINIQUE DU SPORT;;;86.10Z;PUB_HOPITAL;PUBLIC;Activités hospitalières;19 BOULEVARD SAINT-MARCEL 75005 PARIS;75005;PARIS;75;Île-de-France;11;21;21;50 à 99 salariés;99;N;GE;9;1993-11-05;32.6570841889117;48.839610607;2.3600557598;False;5710;[];[];86.10Z;2026-06-15T15:56:46.017528;85;CHAUDE;99000;19800
78425785900040;784257859;CLINIQUE DU SPORT;;;86.10Z;PUB_HOPITAL;PUBLIC;Activités hospitalières;34 T BOULEVARD SAINT-MARCEL 75005 PARIS;75005;PARIS;75;Île-de-France;11;21;21;50 à 99 salariés;99;N;GE;9;1993-06-04;33.07871321013005;48.839083727;2.3584043726;False;5710;[];[];86.10Z;2026-06-15T15:56:46.017528;85;CHAUDE;99000;19800
78425785900057;784257859;CLINIQUE DU SPORT;;;86.10Z;PUB_HOPITAL;PUBLIC;Activités hospitalières;38 BOULEVARD SAINT-MARCEL 75005 PARIS;75005;PARIS;75;Île-de-France;11;21;21;50 à 99 salariés;99;N;GE;9;1993-06-23;33.02669404517454;48.838816141;2.357561848;False;5710;[];[];86.10Z;2026-06-15T15:56:46.017528;85;CHAUDE;99000;19800
78425785900081;784257859;CLINIQUE DU SPORT;;;86.10Z;PUB_HOPITAL;PUBLIC;Activités hospitalières;34 BOULEVARD SAINT-MARCEL 75005 PARIS;75005;PARIS;75;Île-de-France;11;21;21;50 à 99 salariés;99;N;GE;9;1993-06-04;33.07871321013005;48.839083727;2.3584043726;False;5710;[];[];86.10Z;2026-06-15T15:56:46.017528;85;CHAUDE;99000;19800
78425785900099;784257859;CLINIQUE DU SPORT;;;86.10Z;PUB_HOPITAL;PUBLIC;Activités hospitalières;30 BOULEVARD SAINT-MARCEL 75005 PARIS;75005;PARIS;75;Île-de-France;11;21;21;50 à 99 salariés;99;O;GE;9;2003-07-01;23.006160164271048;48.839261185;2.3589605312;False;5710;[];[];86.10Z;2026-06-15T15:56:46.017528;85;CHAUDE;99000;19800
78444843300101;784448433;CEREP;;;86.10Z;PUB_HOPITAL;PUBLIC;Activités hospitalières;EPI USIS 3 RUE DE RIDDER 75014 PARIS;75014;PARIS;75;Île-de-France;11;12;12;20 à 49 salariés;49;O;PME;15;2013-05-01;13.17180013689254;48.831128862;2.311819814;False;9230;"[""750007619""]";[];86.10Z;2026-06-15T15:56:46.016524;85;CHAUDE;49000;9800
11004601800013;110046018;MINISTERE DE LA CULTURE;;;84.11Z;PUB_MAIRIE;PUBLIC;Administration publique générale;182 RUE SAINT-HONORE 75001 PARIS;75001;PARIS;75;Île-de-France;11;22;22;100 à 199 salariés;199;N;PME;3;1983-03-01;43.34017796030116;48.862395272;2.3388216148;True;7113;[];[];84.11Z;2026-06-15T15:56:05.011980;85;CHAUDE;109450;21890
12000103700023;120001037;DIRECTION DES SERVICES ADMINISTRATIFS ET FINANCIERS (DSAF);;DSAF;84.11Z;PUB_MAIRIE;PUBLIC;Administration publique générale;20 AVENUE DE SEGUR 75007 PARIS;75007;PARIS;75;Île-de-France;11;41;41;500 à 999 salariés;999;N;ETI;2;2017-11-15;8.629705681040383;48.850466845;2.3084586628;True;7120;[];[];84.11Z;2026-06-15T15:56:05.011980;85;CHAUDE;549450;109890
12001405500012;120014055;DIRECTION DES LIBERTES PUBLIQUES ET DES AFFAIRES JURIDIQUES (DLPAJ);;DLPAJ;84.11Z;PUB_MAIRIE;PUBLIC;Administration publique générale;11 RUE DES SAUSSAIES 75008 PARIS;75008;PARIS;75;Île-de-France;11;31;31;200 à 249 salariés;249;N;PME;1;1983-03-01;43.34017796030116;48.871364507;2.3175085312;True;7120;[];[];84.11Z;2026-06-15T15:56:05.011980;85;CHAUDE;136950;27390
12002007800032;120020078;SECRETARIAT GENERAL DES AFFAIRES EUROPEENNES (SGAE);;SGAE;84.11Z;PUB_MAIRIE;PUBLIC;Administration publique générale;68 RUE DE BELLECHASSE 75007 PARIS;75007;PARIS;75;Île-de-France;11;22;22;100 à 199 salariés;199;O;PME;3;2011-04-01;15.255304585900069;48.855686342;2.3202268317;True;7120;[];[];84.11Z;2026-06-15T15:56:05.011980;85;CHAUDE;109450;21890
13000550700012;130005507;DIRECTION MODERNISATION ET ACTION TERRITORIALE (DMAT);;DMAT;84.11Z;PUB_MAIRIE;PUBLIC;Administration publique générale;1 B PLACE DES SAUSSAIES 75008 PARIS;75008;PARIS;75;Île-de-France;11;22;22;100 à 199 salariés;199;O;PME;1;2006-12-25;19.520876112251884;48.871825525;2.3181424398;True;7120;[];[];84.11Z;2026-06-15T15:56:05.011980;85;CHAUDE;109450;21890
13001931800018;130019318;SECRETARIAT GENERAL DU MINISTERE DE LA CULTURE (SG);;SG;84.11Z;PUB_MAIRIE;PUBLIC;Administration publique générale;182 RUE SAINT-HONORE 75001 PARIS;75001;PARIS;75;Île-de-France;11;41;41;500 à 999 salariés;999;O;ETI;1;2014-04-02;12.251882272416154;48.862395272;2.3388216148;True;7120;[];[];84.11Z;2026-06-15T15:56:05.418770;85;CHAUDE;549450;109890
77569483900116;775694839;ASS POUR UTILISATION REIN ARTIFICIEL;UNITE D HEMODIALYSE;;86.10Z;PUB_HOPITAL;PUBLIC;Activités hospitalières;26 RUE DES PEUPLIERS 75013 PARIS;75013;PARIS;75;Île-de-France;11;32;32;250 à 499 salariés;499;N;ETI;38;1969-02-01;57.4154688569473;48.823037967;2.3529149811;False;9220;"[""750200024""]";[];86.10Z;2026-06-15T15:56:46.016524;85;CHAUDE;499000;99800
25750001700039;257500017;SYNDICAT DES EAUX D ILE DE FRANCE (SEDIF);;SEDIF;84.11Z;PUB_MAIRIE;PUBLIC;Administration publique générale;79 BOULEVARD SAINT-GERMAIN 75006 PARIS;75006;PARIS;75;Île-de-France;11;22;22;100 à 199 salariés;199;N;ETI;3;2024-09-30;1.754962354551677;48.8512268129598;2.3419970030333;True;7354;[];[];84.11Z;2026-06-15T15:56:05.701815;85;CHAUDE;109450;21890
11000001500013;110000015;ASSEMBLEE NATIONALE;;;84.11Z;PUB_MAIRIE;PUBLIC;Administration publique générale;126 RUE DE L'UNIVERSITE 75007 PARIS;75007;PARIS;75;Île-de-France;11;51;51;2000 à 4999 salariés;4999;N;ETI;1;1983-03-01;43.34017796030116;48.860873051;2.3182279908;True;7111;[];[];84.11Z;2026-06-15T15:56:05.701815;85;CHAUDE;2749450;549890
11000004900012;110000049;CONSEIL CONSTITUTIONNEL;;;84.11Z;PUB_MAIRIE;PUBLIC;Administration publique générale;2 RUE DE MONTPENSIER 75001 PARIS;75001;PARIS;75;Île-de-France;11;22;22;100 à 199 salariés;199;N;PME;1;1983-03-01;43.34017796030116;48.863893755;2.3364313059;True;7111;[];[];84.11Z;2026-06-15T15:56:05.702815;85;CHAUDE;109450;21890
11000010600036;110000106;COMMISSION DE REGULATION DE L'ENERGIE (CRE);;CRE;84.11Z;PUB_MAIRIE;PUBLIC;Administration publique générale;15 RUE PASQUIER 75008 PARIS;75008;PARIS;75;Île-de-France;11;22;22;100 à 199 salariés;199;O;PME;3;2010-02-22;16.358658453114305;48.872264959;2.3232480066;True;7112;[];[];84.11Z;2026-06-15T15:56:05.702815;85;CHAUDE;109450;21890
30051264700128;300512647;ASSOCIATION AMBROISE CROIZAT SANTE (AAC SANTE);;AAC SANTE;86.10Z;PUB_HOPITAL;PUBLIC;Activités hospitalières;4 RUE LASSON 75012 PARIS;75012;PARIS;75;Île-de-France;11;32;32;250 à 499 salariés;499;N;PME;10;2021-09-20;4.783025325119781;48.843118627;2.4060899114;True;9220;[];[];86.10Z;2026-06-15T15:56:46.017528;85;CHAUDE;499000;99800
30051264700086;300512647;ASSOCIATION AMBROISE CROIZAT SANTE (AAC SANTE);HOPITAL PIERRE ROUQUES LES BLUETS;AAC SANTE;86.10Z;PUB_HOPITAL;PUBLIC;Activités hospitalières;4 RUE LASSON 75012 PARIS;75012;PARIS;75;Île-de-France;11;32;32;250 à 499 salariés;499;O;PME;10;2007-02-27;19.345653661875428;48.843118627;2.4060899114;False;9220;"[""750150013""]";[];86.10Z;2026-06-15T15:56:46.017528;85;CHAUDE;499000;99800
13001183600025;130011836;AUTORITE NATIONALE DES JEUX (ANJ);;ANJ;84.11Z;PUB_MAIRIE;PUBLIC;Administration publique générale;IMMEUBLE TRIEO 11 BOULEVARD GALLIENI 92130 ISSY-LES-MOULINEAUX;92130;ISSY-LES-MOULINEAUX;92;Île-de-France;11;21;21;50 à 99 salariés;99;O;PME;2;2023-03-31;3.2580424366872007;48.8326509833973;2.26720503880184;True;7112;[];[];84.11Z;2026-06-15T15:56:05.012979;85;CHAUDE;54450;10890
13001501900024;130015019;DEFENSEUR DES DROITS;;;84.11Z;PUB_MAIRIE;PUBLIC;Administration publique générale;3 PLACE DE FONTENOY - UNESCO 75007 PARIS;75007;PARIS;75;Île-de-France;11;32;32;250 à 499 salariés;499;O;ETI;2;2016-09-26;9.765913757700206;48.850649492;2.3072747068;True;7112;[];[];84.11Z;2026-06-15T15:56:05.012979;85;CHAUDE;274450;54890
13001973000014;130019730;SECRETARIAT GENERAL DU MINISTERE DE L'INTERIEUR (SG);;SG;84.11Z;PUB_MAIRIE;PUBLIC;Administration publique générale;PLACE BEAUVAU 75008 PARIS;75008;PARIS;75;Île-de-France;11;31;31;200 à 249 salariés;249;O;PME;2;2014-04-02;12.251882272416154;48.871314729;2.3164448384;True;7120;[];[];84.11Z;2026-06-15T15:56:04.627336;85;CHAUDE;136950;27390
11000002300017;110000023;SENAT;;;84.11Z;PUB_MAIRIE;PUBLIC;Administration publique générale;15 RUE DE VAUGIRARD 75006 PARIS;75006;PARIS;75;Île-de-France;11;42;42;1000 à 1999 salariés;1999;O;ETI;1;1983-03-01;43.34017796030116;48.849196108;2.3373931805;True;7111;[];[];84.11Z;2026-06-15T15:56:04.628887;85;CHAUDE;1099450;219890
11000003100010;110000031;CONSEIL ECONOMIQUE SOCIAL ET ENVIRONNEMENTAL (CESE);;CESE;84.11Z;PUB_MAIRIE;PUBLIC;Administration publique générale;9 PLACE D'IENA 75016 PARIS;75016;PARIS;75;Île-de-France;11;32;32;250 à 499 salariés;499;O;ETI;1;1983-03-01;43.34017796030116;48.864072882;2.2926643006;True;7111;[];[];84.11Z;2026-06-15T15:56:04.628887;85;CHAUDE;274450;54890
11000007200014;110000072;MINISTERE DU TRAVAIL ET DES SOLIDARITES;;;84.11Z;PUB_MAIRIE;PUBLIC;Administration publique générale;14 AVENUE DUQUESNE 75007 PARIS;75007;PARIS;75;Île-de-France;11;32;32;250 à 499 salariés;499;O;ETI;1;1997-06-11;29.05954825462012;48.8521136049313;2.30902459250297;True;7113;[];[];84.11Z;2026-06-15T15:56:04.628887;85;CHAUDE;274450;54890
11000028800016;110000288;COUR DES COMPTES;;;84.11Z;PUB_MAIRIE;PUBLIC;Administration publique générale;13 RUE CAMBON 75001 PARIS;75001;PARIS;75;Île-de-France;11;41;41;500 à 999 salariés;999;O;ETI;1;1983-03-01;43.34017796030116;48.866937619;2.3256876945;True;7112;[];[];84.11Z;2026-06-15T15:56:04.628887;85;CHAUDE;549450;109890
78444843300036;784448433;CEREP;CEREP HOPITAL CTRE ANDRE BOULLOCHE;;86.10Z;PUB_HOPITAL;PUBLIC;Activités hospitalières;56 RUE DU FAUBOURG POISSONNIERE 75010 PARIS;75010;PARIS;75;Île-de-France;11;12;12;20 à 49 salariés;49;O;PME;15;1964-10-01;61.75222450376455;48.874915197;2.3481679802;False;9230;"[""750170110""]";[];86.10Z;2026-06-15T15:56:46.016524;85;CHAUDE;49000;9800
48026601400145;480266014;VYV3 ILE-DE-FRANCE;POLE ENFANCE;;86.10Z;PUB_HOPITAL;PUBLIC;Activités hospitalières;26 BOULEVARD BRUNE 75014 PARIS;75014;PARIS;75;Île-de-France;11;12;12;20 à 49 salariés;49;O;GE;61;2016-08-01;9.919233401779604;48.826970069;2.3077555303;False;8210;"[""750049116"", ""750051518""]";[];86.10Z;2026-06-15T15:56:46.015524;85;CHAUDE;49000;9800
77567634900043;775676349;FONDATION L ELAN RETROUVE;;;86.10Z;PUB_HOPITAL;PUBLIC;Activités hospitalières;26 PASSAGE TRUBERT-BELLIER 75013 PARIS;75013;PARIS;75;Île-de-France;11;22;22;100 à 199 salariés;199;O;ETI;51;1993-10-04;32.74469541409993;48.824443844;2.3510009574;False;9300;"[""750041592""]";[];86.10Z;2026-06-15T15:56:46.015524;85;CHAUDE;199000;39800
13002527300017;130025273;DIRECTION INTERMINISTERIELLE DE LA TRANSFORMATION PUBLIQUE (DITP);;DITP;84.11Z;PUB_MAIRIE;PUBLIC;Administration publique générale;20 AVENUE DE SEGUR 75007 PARIS;75007;PARIS;75;Île-de-France;11;22;22;100 à 199 salariés;199;N;PME;1;2017-05-24;9.1088295687885;48.850466845;2.3084586628;True;7120;[];[];84.11Z;2026-06-15T15:56:06.831307;85;CHAUDE;109450;21890
44305571000018;443055710;CLINIQUE DU CANAL DE L'OURCQ;KORIAN CANAL DE L'OURCQ;;86.10Z;PUB_HOPITAL;PUBLIC;Activités hospitalières;74 RUE PETIT 75019 PARIS;75019;PARIS;75;Île-de-France;11;21;21;50 à 99 salariés;99;N;GE;4;2002-08-01;23.920602327173167;48.885690039;2.3876796763;False;5710;"[""750003378""]";[];86.10Z;2026-06-15T15:56:46.386940;85;CHAUDE;99000;19800
78477802900016;784778029;FONDATION A DE ROTHSCHILD;;;86.10Z;PUB_HOPITAL;PUBLIC;Activités hospitalières;29 RUE MANIN 75019 PARIS;75019;PARIS;75;Île-de-France;11;42;42;1000 à 1999 salariés;1999;O;ETI;3;1900-01-01;126.4996577686516;48.878634967;2.3780265269;True;9300;"[""750000549""]";[];86.10Z;2026-06-15T15:56:46.386940;85;CHAUDE;1999000;399800
78420133700036;784201337;ASSOCIATION DU CENTRE ETIENNE MARCEL;;;86.10Z;PUB_HOPITAL;PUBLIC;Activités hospitalières;CMPP 10 RUE DU SENTIER 75002 PARIS;75002;PARIS;75;Île-de-France;11;12;12;20 à 49 salariés;49;O;PME;4;2013-01-01;13.500342231348393;48.868820849;2.345782209;False;9220;"[""750826158""]";[];86.10Z;2026-06-15T15:56:46.385931;85;CHAUDE;49000;9800
11000012200033;110000122;COMMISSION NATIONALE DE L'INFORMATIQUE ET DES LIBERTES (CNIL);;CNIL;84.11Z;PUB_MAIRIE;PUBLIC;Administration publique générale;3 PLACE DE FONTENOY - UNESCO 75007 PARIS;75007;PARIS;75;Île-de-France;11;32;32;250 à 499 salariés;499;O;ETI;3;2016-11-01;9.66735112936345;48.8506494917609;2.30727470682371;True;7112;[];[];84.11Z;2026-06-15T15:56:05.702815;85;CHAUDE;274450;54890
11000016300011;110000163;AUTORITE DE LA CONCURRENCE;;;84.11Z;PUB_MAIRIE;PUBLIC;Administration publique générale;11 RUE DE L'ECHELLE 75001 PARIS;75001;PARIS;75;Île-de-France;11;31;31;200 à 249 salariés;249;O;PME;1;1999-12-25;26.521560574948666;48.8645053788006;2.33454851555056;True;7112;[];[];84.11Z;2026-06-15T15:56:05.702815;85;CHAUDE;136950;27390
11000023900019;110000239;AUTORITE DES MARCHES FINANCIERS (AMF);;AMF;84.11Z;PUB_MAIRIE;PUBLIC;Administration publique générale;17 PLACE DE LA BOURSE 75002 PARIS;75002;PARIS;75;Île-de-France;11;41;41;500 à 999 salariés;999;O;ETI;1;2003-11-01;22.6694045174538;48.86878549;2.339850192;True;7112;[];[];84.11Z;2026-06-15T15:56:06.240116;85;CHAUDE;549450;109890
11004301500012;110043015;MINISTERE DE L’EDUCATION NATIONALE;;;84.11Z;PUB_MAIRIE;PUBLIC;Administration publique générale;HOTEL DE ROCHECHOUART 110 RUE DE GRENELLE 75007 PARIS;75007;PARIS;75;Île-de-France;11;32;32;250 à 499 salariés;499;O;ETI;1;1983-03-01;43.34017796030116;48.8566348925268;2.3207972480411;True;7113;[];"[""0752310D""]";84.11Z;2026-06-15T15:56:06.241118;85;CHAUDE;274450;54890
11006801200050;110068012;MINISTERE DE LA TRANSITION ECOLOGIQUE, DE LA BIODIVERSITE ET DES NEGOCIATIONS INTERNATIONALES SUR LE CLIMAT ET LA NATURE;;;84.11Z;PUB_MAIRIE;PUBLIC;Administration publique générale;HOTEL DE ROQUELAURE 246 BOULEVARD SAINT-GERMAIN 75007 PARIS;75007;PARIS;75;Île-de-France;11;32;32;250 à 499 salariés;499;O;ETI;5;2012-05-16;14.130047912388775;48.857315973;2.3248178074;True;7113;[];[];84.11Z;2026-06-15T15:56:06.241118;85;CHAUDE;274450;54890
11007001800012;110070018;MINISTERE DE L'AGRICULTURE, DE L'AGRO-ALIMENTAIRE ET DE LA SOUVERAINETE ALIMENTAIRE;;;84.11Z;PUB_MAIRIE;PUBLIC;Administration publique générale;HOTEL DE VILLEROY 78 RUE DE VARENNE 75007 PARIS;75007;PARIS;75;Île-de-France;11;32;32;250 à 499 salariés;499;O;ETI;10;1983-03-01;43.34017796030116;48.855443084;2.3183486502;True;7113;[];[];84.11Z;2026-06-15T15:56:06.241118;85;CHAUDE;274450;54890
12000102900012;120001029;SECRETARIAT GENERAL DE LA DEFENSE ET DE LA SECURITE NATIONALE (SGDSN);;SGDSN;84.11Z;PUB_MAIRIE;PUBLIC;Administration publique générale;51 BOULEVARD DE LA TOUR-MAUBOURG 75007 PARIS;75007;PARIS;75;Île-de-France;11;32;32;250 à 499 salariés;499;O;ETI;1;1983-03-01;43.34017796030116;48.856580012;2.3107121006;True;7120;[];[];84.11Z;2026-06-15T15:56:06.241118;85;CHAUDE;274450;54890
13000349400049;130003494;HAUT CONSEIL DE L EVALUATION DE LA RECHERCHE ET DE L ENSEIGNEMENT SUPERIEUR (HCERES);;HCERES;84.11Z;PUB_MAIRIE;PUBLIC;Administration publique générale;2 PLACE MAURICE QUENTIN 75001 PARIS;75001;PARIS;75;Île-de-France;11;32;32;250 à 499 salariés;499;N;ETI;4;2026-04-01;0.2546201232032854;48.8613179885543;2.34535727138465;True;7112;[];[];84.11Z;2026-06-15T15:56:06.241118;85;CHAUDE;274450;54890
13000720600019;130007206;DIRECTION GENERALE DE LA PERFORMANCE ECONOMIQUE ET ENVIRONNEMENTALE DES ENTREPRISES (DGPE);;DGPE;84.11Z;PUB_MAIRIE;PUBLIC;Administration publique générale;3 RUE BARBET DE JOUY 75007 PARIS;75007;PARIS;75;Île-de-France;11;32;32;250 à 499 salariés;499;N;ETI;1;2008-06-30;18.00684462696783;48.854759054;2.3180837946;True;7120;[];[];84.11Z;2026-06-15T15:56:06.241118;85;CHAUDE;274450;54890
13000766900018;130007669;AGENCE NATIONALE DE LA SECURITE DES SYSTEMES D'INFORMATION (ANSSI);;ANSSI;84.11Z;PUB_MAIRIE;PUBLIC;Administration publique générale;51 BOULEVARD DE LA TOUR-MAUBOURG 75007 PARIS;75007;PARIS;75;Île-de-France;11;41;41;500 à 999 salariés;999;N;ETI;1;2009-07-07;16.98836413415469;48.856322929;2.3101733281;True;7160;[];[];84.11Z;2026-06-15T15:56:06.241118;85;CHAUDE;549450;109890
78471033700030;784710337;ASSOCIATION GOMBAULT DARNAUD;;;86.10Z;PUB_HOPITAL;PUBLIC;Activités hospitalières;24 RUE BAYEN 75017 PARIS;75017;PARIS;75;Île-de-France;11;12;12;20 à 49 salariés;49;O;PME;6;1990-10-15;35.715263518138265;48.880488434;2.2942341586;True;9220;"[""750170243""]";[];86.10Z;2026-06-15T15:56:46.385931;85;CHAUDE;49000;9800
10000001700010;100000017;REPUBLIQUE FRANCAISE PRESIDENCE;;;84.11Z;PUB_MAIRIE;PUBLIC;Administration publique générale;55 RUE DU FAUBOURG SAINT-HONORE 75008 PARIS;75008;PARIS;75;Île-de-France;11;41;41;500 à 999 salariés;999;N;ETI;1;1983-03-01;43.34017796030116;48.870675381;2.3169796005;True;7111;[];[];84.11Z;2026-06-15T15:56:05.701815;85;CHAUDE;549450;109890
13001444200029;130014442;AGENCE DE GESTION ET DE RECOUVREMENT DES AVOIRS SAISIS ET CONFISQUES (AGRASC);;AGRASC;84.11Z;PUB_MAIRIE;PUBLIC;Administration publique générale;98 A 102 98 RUE DE RICHELIEU 75002 PARIS;75002;PARIS;75;Île-de-France;11;21;21;50 à 99 salariés;99;N;PME;3;2012-03-10;14.313483915126625;48.870840976;2.3399717875;True;7389;[];[];84.11Z;2026-06-15T15:56:04.627336;85;CHAUDE;54450;10890
17750231700122;177502317;DIRECTION REGIONALE DES DOUANES PARIS (DRD);BRIGADE SURVEILLANCE INTERIEURE PARIS-TRANSMANCHE;DRD;84.11Z;PUB_MAIRIE;PUBLIC;Administration publique générale;18 RUE DE DUNKERQUE 75010 PARIS;75010;PARIS;75;Île-de-France;11;41;41;500 à 999 salariés;999;N;ETI;39;1988-05-10;38.14647501711157;48.8810244463605;2.35382191944233;False;7172;[];[];84.11Z;2026-06-15T15:56:04.351690;85;CHAUDE;549450;109890
17750231700411;177502317;DIRECTION REGIONALE DES DOUANES PARIS (DRD);BUR GARANTIE BRIG SURVEILLANCE PARIS-FERROVIAIRE;DRD;84.11Z;PUB_MAIRIE;PUBLIC;Administration publique générale;14 RUE YVES TOUDIC 75010 PARIS;75010;PARIS;75;Île-de-France;11;41;41;500 à 999 salariés;999;N;ETI;39;2017-11-13;8.635181382614647;48.869434902;2.3642712987;False;7172;[];[];84.11Z;2026-06-15T15:56:04.351690;85;CHAUDE;549450;109890
13001261000015;130012610;SECRETARIAT GENERAL DU MINISTERE DE L'AGRICULTURE ET DE L'ALIMENTATION (SG);;SG;84.11Z;PUB_MAIRIE;PUBLIC;Administration publique générale;78 RUE DE VARENNE 75007 PARIS;75007;PARIS;75;Île-de-France;11;42;42;1000 à 1999 salariés;1999;O;ETI;6;2007-05-25;19.107460643394933;48.855443084;2.3183486502;True;7120;[];[];84.11Z;2026-06-15T15:56:04.351690;85;CHAUDE;1099450;219890
84034442800015;840344428;CLINIQUE REMUSAT (CLINIQUE DROUOT REMUSAT);CLINIQUE DROUOT REMUSAT;;86.10Z;PUB_HOPITAL;PUBLIC;Activités hospitalières;21 RUE DE REMUSAT 75016 PARIS;75016;PARIS;75;Île-de-France;11;12;12;20 à 49 salariés;49;O;PME;3;2018-06-13;8.054757015742641;48.847790738;2.2711774491;True;5710;"[""750300857""]";[];86.10Z;2026-06-15T15:56:46.386940;85;CHAUDE;49000;9800
44504332600021;445043326;GROUP HOSPITA DIACONESSES CROIX ST SIMON;;;86.10Z;PUB_HOPITAL;PUBLIC;Activités hospitalières;HOPITA DIACONESSES REUILLY 18 RUE DU SERGENT BAUCHAT 75012 PARIS;75012;PARIS;75;Île-de-France;11;32;32;250 à 499 salariés;499;O;ETI;3;2003-01-01;23.50171115674196;48.84512142;2.3922681967;False;9220;"[""750064982"", ""750150260""]";[];86.10Z;2026-06-15T15:56:46.386940;85;CHAUDE;499000;99800
44504332600039;445043326;GROUP HOSPITA DIACONESSES CROIX ST SIMON;;;86.10Z;PUB_HOPITAL;PUBLIC;Activités hospitalières;HOPITAL CROIX SAINT SIMON 125 RUE D'AVRON 75020 PARIS;75020;PARIS;75;Île-de-France;11;42;42;1000 à 1999 salariés;1999;O;ETI;3;2003-01-01;23.50171115674196;48.853772621;2.4083388826;False;9220;"[""750150237""]";[];86.10Z;2026-06-15T15:56:46.386940;85;CHAUDE;1999000;399800
38096983200068;380969832;CLINIQUE DIETETIQUE DE VILLECRESNES (CDV);CENTRE DES GOBELINS;CDV;86.10Z;PUB_HOPITAL;PUBLIC;Activités hospitalières;22-24 22 RUE DU BANQUIER 75013 PARIS;75013;PARIS;75;Île-de-France;11;21;21;50 à 99 salariés;99;O;ETI;6;2018-05-02;8.16974674880219;48.8354190491475;2.3557717965608;False;5710;[];[];86.10Z;2026-06-15T15:56:46.690025;85;CHAUDE;99000;19800
78471033700063;784710337;ASSOCIATION GOMBAULT DARNAUD;;;86.10Z;PUB_HOPITAL;PUBLIC;Activités hospitalières;41 RUE RAYMOND LOSSERAND 75014 PARIS;75014;PARIS;75;Île-de-France;11;12;12;20 à 49 salariés;49;O;PME;6;2009-10-20;16.700889801505816;48.835055899;2.3207900119;False;9220;[];[];86.10Z;2026-06-15T15:56:46.385931;85;CHAUDE;49000;9800
18003601400017;180036014;CENTRE HOSPITALIER NATIONAL D'OPHTALMOLOGIE QUINZE-VINGTS (CHNO XV XX);;CHNO XV XX;86.10Z;PUB_HOPITAL;PUBLIC;Activités hospitalières;28 RUE DE CHARENTON 75012 PARIS;75012;PARIS;75;Île-de-France;11;41;41;500 à 999 salariés;999;O;ETI;5;1986-12-12;39.5564681724846;48.851265416;2.3722126247;True;7389;"[""750000481""]";[];86.10Z;2026-06-15T15:56:46.385931;85;CHAUDE;999000;199800
18003601400041;180036014;CENTRE HOSPITALIER NATIONAL D'OPHTALMOLOGIE QUINZE-VINGTS (CHNO XV XX);AI IDV INSTITUT DE LA VISION;CHNO XV XX;86.10Z;PUB_HOPITAL;PUBLIC;Activités hospitalières;28 RUE DE CHARENTON 75012 PARIS;75012;PARIS;75;Île-de-France;11;41;41;500 à 999 salariés;999;N;ETI;5;2006-11-20;19.616700889801507;48.851265416;2.3722126247;False;7389;[];[];86.10Z;2026-06-15T15:56:46.385931;85;CHAUDE;999000;199800
41808803500047;418088035;INSTITUT JEROME LEJEUNE (CMJL);;CMJL;86.90F;PRIV_SANTE_CENTRE;PRIVE;Autres activités santé;37 RUE DES VOLONTAIRES 75015 PARIS;75015;PARIS;75;Île-de-France;11;21;21;50 à 99 salariés;99;O;PME;5;2007-06-21;19.033538672142367;48.840596461;2.3086850024;True;9220;[];[];86.90F;2026-06-15T16:03:42.240776;85;CHAUDE;94050;18810
78968660700019;789686607;SAS VERNES MEDI-ESTHETIQUE;;;86.90F;PRIV_SANTE_CENTRE;PRIVE;Autres activités santé;36 RUE D'ASSAS 75006 PARIS;75006;PARIS;75;Île-de-France;11;32;32;250 à 499 salariés;499;N;PME;1;2012-11-29;13.59069130732375;48.8476235279493;2.32960276320642;True;5710;[];[];86.90F;2026-06-15T16:05:23.721780;85;CHAUDE;474050;94810
13001653800014;130016538;MINISTERE DE LA SANTE, DES FAMILLES, DE L’AUTONOMIE ET DES PERSONNES HANDICAPEES;;;84.11Z;PUB_MAIRIE;PUBLIC;Administration publique générale;14 AVENUE DUQUESNE 75007 PARIS;75007;PARIS;75;Île-de-France;11;51;51;2000 à 4999 salariés;4999;O;ETI;1;2012-05-16;14.130047912388775;48.852113605;2.3090245925;True;7113;[];[];84.11Z;2026-06-15T15:56:06.242117;85;CHAUDE;2749450;549890
13002514100016;130025141;GROUPEMENT INTERMINISTERIEL DE CONTROLE (GIC);;GIC;84.11Z;PUB_MAIRIE;PUBLIC;Administration publique générale;51 BOULEVARD DE LA TOUR-MAUBOURG 75007 PARIS;75007;PARIS;75;Île-de-France;11;31;31;200 à 249 salariés;249;N;PME;1;2016-12-20;9.533196440793978;48.856580012;2.3107121006;True;7160;[];[];84.11Z;2026-06-15T15:56:06.831307;85;CHAUDE;136950;27390
13002526500013;130025265;DIRECTION INTERMINISTERIELLE DU NUMERIQUE (DINUM);;DINUM;84.11Z;PUB_MAIRIE;PUBLIC;Administration publique générale;20 AVENUE DE SEGUR 75007 PARIS;75007;PARIS;75;Île-de-France;11;32;32;250 à 499 salariés;499;N;ETI;1;2017-05-24;9.1088295687885;48.850466845484;2.30845866278063;True;7120;[];[];84.11Z;2026-06-15T15:56:06.831307;85;CHAUDE;274450;54890
77568194300053;775681943;ASSOCIATION DE SANTE MENTALE DU 13EME ARRONDISSEMENT DE PARIS (ASM 13);;ASM 13;86.10Z;PUB_HOPITAL;PUBLIC;Activités hospitalières;11 RUE ALBERT BAYET 75013 PARIS;75013;PARIS;75;Île-de-France;11;41;41;500 à 999 salariés;999;O;ETI;3;1900-01-01;126.4996577686516;48.830505726;2.3587048839;True;9230;"[""750039448"", ""750043077"", ""750170441"", ""750170524"", ""750510059""]";[];86.10Z;2026-06-15T15:56:47.099596;85;CHAUDE;999000;199800
30932093500021;309320935;CENTRE RENE CAPITANT;;;86.10Z;PUB_HOPITAL;PUBLIC;Activités hospitalières;8 RUE DE LANNEAU 75005 PARIS;75005;PARIS;75;Île-de-France;11;12;12;20 à 49 salariés;49;O;PME;1;1900-01-01;126.4996577686516;48.848340938;2.346638231;True;9220;"[""750140055"", ""750802571"", ""750802977""]";[];86.10Z;2026-06-15T15:56:47.379938;85;CHAUDE;49000;9800
48491706700023;484917067;CLINIQUE VICTOR HUGO (CLINIQUE VICTOR HUGO);CLINIQUE VICTOR HUGO;;86.10Z;PUB_HOPITAL;PUBLIC;Activités hospitalières;5 B RUE DU DOME 75016 PARIS;75016;PARIS;75;Île-de-France;11;12;12;20 à 49 salariés;49;O;GE;2;2009-12-10;16.56125941136208;48.871244052;2.2910139573;True;5710;"[""750300741""]";[];86.10Z;2026-06-15T15:56:48.001474;85;CHAUDE;49000;9800
21920044100018;219200441;COMMUNE DE LEVALLOIS PERRET;MAIRIE;;84.11Z;PUB_MAIRIE;PUBLIC;Administration publique générale;HOTEL DE VILLE PLACE DE LA REPUBLIQUE 92300 LEVALLOIS-PERRET;92300;LEVALLOIS-PERRET;92;Île-de-France;11;42;42;1000 à 1999 salariés;1999;O;ETI;57;1983-03-01;43.34017796030116;48.892911655;2.2880094004;True;7210;[];[];84.11Z;2026-06-15T15:56:17.247250;85;CHAUDE;1099450;219890
48896052700130;488960527;CITHEA FAMILLE ET PROFESSIONNEL - CENTRE D'INTERVENTION THERAPEUTIQUE ET D'ACCOMPAGNEMENT (CITHEA);;CITHEA;86.90F;PRIV_SANTE_CENTRE;PRIVE;Autres activités santé;21 RUE DAUBENTON 75005 PARIS;75005;PARIS;75;Île-de-France;11;21;21;50 à 99 salariés;99;O;PME;16;2023-09-29;2.759753593429158;48.841168778;2.35340371;False;9220;[];[];86.90F;2026-06-15T16:03:38.693484;85;CHAUDE;94050;18810
11004401300040;110044013;MINISTERE DE L’ENSEIGNEMENT SUPERIEUR, DE LA RECHERCHE ET DE L’ESPACE;;;84.11Z;PUB_MAIRIE;PUBLIC;Administration publique générale;HOTEL DE BONCOURT 21 RUE DESCARTES 75005 PARIS;75005;PARIS;75;Île-de-France;11;21;21;50 à 99 salariés;99;O;PME;3;2012-05-16;14.130047912388775;48.846958819;2.3498438206;True;7113;[];[];84.11Z;2026-06-15T15:56:05.010978;85;CHAUDE;54450;10890
11000101300017;110001013;GOUVERNEMENT PREMIER MINISTRE;;;84.11Z;PUB_MAIRIE;PUBLIC;Administration publique générale;HOTEL MATIGNON 57 RUE DE VARENNE 75007 PARIS;75007;PARIS;75;Île-de-France;11;42;42;1000 à 1999 salariés;1999;N;ETI;5;1983-03-01;43.34017796030116;48.854447727;2.3208404772;True;7111;[];[];84.11Z;2026-06-15T15:56:04.351690;85;CHAUDE;1099450;219890
11000101300066;110001013;GOUVERNEMENT PREMIER MINISTRE;COMITE CONSULTATIF NATIONAL D'ETHIQUE;;84.11Z;PUB_MAIRIE;PUBLIC;Administration publique générale;66 RUE DE BELLECHASSE 75007 PARIS;75007;PARIS;75;Île-de-France;11;42;42;1000 à 1999 salariés;1999;N;ETI;5;2018-01-23;8.44079397672827;48.85635188;2.3198655589;False;7111;[];[];84.11Z;2026-06-15T15:56:04.351690;85;CHAUDE;1099450;219890
13001985400012;130019854;CONSEIL GENERAL DE L'ALIMENTATION, DE L'AGRICULTURE ET DES ESPACES RURAUX (CGAAER);;CGAAER;84.11Z;PUB_MAIRIE;PUBLIC;Administration publique générale;251 RUE DE VAUGIRARD 75015 PARIS;75015;PARIS;75;Île-de-France;11;22;22;100 à 199 salariés;199;N;PME;3;2014-04-02;12.251882272416154;48.840226544;2.3041391262;True;7120;[];[];84.11Z;2026-06-15T15:56:04.351690;85;CHAUDE;109450;21890
18000001000017;180000010;GRANDE CHANCELLERIE DE LA LEGION D'HONNEUR;;;84.11Z;PUB_MAIRIE;PUBLIC;Administration publique générale;1 RUE DE SOLFERINO 75007 PARIS;75007;PARIS;75;Île-de-France;11;21;21;50 à 99 salariés;99;O;ETI;5;1983-03-01;43.34017796030116;48.86071691;2.3239485465;True;7490;[];[];84.11Z;2026-06-15T15:56:04.351690;85;CHAUDE;54450;10890
77568300600016;775683006;FONDATION  SANTE DES ETUDIANTS DE FRANCE (FSEF);;FSEF;86.10Z;PUB_HOPITAL;PUBLIC;Activités hospitalières;8 RUE EMILE DEUTSCH DE LA MEURTHE 75014 PARIS;75014;PARIS;75;Île-de-France;11;21;21;50 à 99 salariés;99;O;ETI;36;1900-01-01;126.4996577686516;48.822085172;2.3345620075;True;9300;[];[];86.10Z;2026-06-15T15:56:46.015524;85;CHAUDE;99000;19800
77568300600305;775683006;FONDATION  SANTE DES ETUDIANTS DE FRANCE (FSEF);CLINIQUE FSEF PARIS 13;FSEF;86.10Z;PUB_HOPITAL;PUBLIC;Activités hospitalières;68 RUE DES GRANDS MOULINS 75013 PARIS;75013;PARIS;75;Île-de-France;11;22;22;100 à 199 salariés;199;O;ETI;36;2005-10-24;20.689938398357288;48.827281561;2.3746514718;False;9300;"[""750140022""]";[];86.10Z;2026-06-15T15:56:46.015524;85;CHAUDE;199000;39800
77569483900041;775694839;ASS POUR UTILISATION REIN ARTIFICIEL;;;86.10Z;PUB_HOPITAL;PUBLIC;Activités hospitalières;26 RUE DES PEUPLIERS 75013 PARIS;75013;PARIS;75;Île-de-France;11;32;32;250 à 499 salariés;499;O;ETI;38;1900-01-01;126.4996577686516;48.823037967;2.3529149811;False;9220;[];[];86.10Z;2026-06-15T15:56:46.016524;85;CHAUDE;499000;99800
11001401600114;110014016;MINISTERE DE L'INTERIEUR;ANNEXE SAUSSAIES;;84.11Z;PUB_MAIRIE;PUBLIC;Administration publique générale;11 RUE DES SAUSSAIES 75008 PARIS;75008;PARIS;75;Île-de-France;11;52;52;5000 à 9999 salariés;9999;N;GE;9;2020-10-09;5.730321697467488;48.871364507;2.3175085312;False;7113;[];[];84.11Z;2026-06-15T15:56:04.350687;85;CHAUDE;5499450;1099890
12001402200020;120014022;DIRECTION GENERALE DES COLLECTIVITES LOCALES (DGCL);;DGCL;84.11Z;PUB_MAIRIE;PUBLIC;Administration publique générale;2 PLACE DES SAUSSAIES 75008 PARIS;75008;PARIS;75;Île-de-France;11;22;22;100 à 199 salariés;199;N;PME;3;1995-09-01;30.836413415468854;48.871787859;2.3186665893;True;7120;[];[];84.11Z;2026-06-15T15:56:04.627336;85;CHAUDE;109450;21890
12007401800199;120074018;DIRECTION GENERALE DE L'ENSEIGNEMENT ET DE LA RECHERCHE (DGER);;DGER;84.11Z;PUB_MAIRIE;PUBLIC;Administration publique générale;1 T AVENUE DE LOWENDAL 75007 PARIS;75007;PARIS;75;Île-de-France;11;32;32;250 à 499 salariés;499;N;PME;7;1995-07-01;31.006160164271048;48.853196946;2.3097679704;True;7120;[];[];84.11Z;2026-06-15T15:56:04.627336;85;CHAUDE;274450;54890
53283409000013;532834090;UNICANCER;;;86.10Z;PUB_HOPITAL;PUBLIC;Activités hospitalières;101 RUE DE TOLBIAC 75013 PARIS;75013;PARIS;75;Île-de-France;11;32;32;250 à 499 salariés;499;N;ETI;1;2010-12-20;15.534565366187543;48.8265701015565;2.36528573267313;True;9970;"[""750050940""]";[];86.10Z;2026-06-15T15:56:49.265906;85;CHAUDE;499000;99800
31352475300099;313524753;COSEM COORD OEUVRES SOCIALES;;;86.90B;PRIV_SANTE_CENTRE;PRIVE;Autres activités santé;45 AVENUE DU MAINE 75014 PARIS;75014;PARIS;75;Île-de-France;11;42;42;1000 à 1999 salariés;1999;O;ETI;28;2012-12-19;13.535934291581109;48.840711504;2.321869956;False;9220;[];[];86.21Z;2026-06-15T15:56:59.734938;85;CHAUDE;1899050;379810
44163740200021;441637402;CLINALLIANCE PARIS BUTTES CHAUMONT;;;86.10Z;PUB_HOPITAL;PUBLIC;Activités hospitalières;39 A 43 39 RUE FESSART 75019 PARIS;75019;PARIS;75;Île-de-France;11;31;31;200 à 249 salariés;249;O;ETI;4;2003-09-01;22.836413415468854;48.8767342400907;2.38462380105969;True;5710;"[""750014128""]";[];86.10Z;2026-06-15T15:56:47.098597;85;CHAUDE;249000;49800
49872609000026;498726090;HOSPITALISATION PRIVEE D'ADDICTOLOGIE DES EPINETTES (CLINIQUE DES EPINETTES);CLINIQUE DES EPINETTES;;86.10Z;PUB_HOPITAL;PUBLIC;Activités hospitalières;51 B RUE DES EPINETTES 75017 PARIS;75017;PARIS;75;Île-de-France;11;12;12;20 à 49 salariés;49;O;PME;2;2014-03-17;12.295687885010269;48.896422991;2.3233458998;True;5499;[];[];86.10Z;2026-06-15T15:56:47.098597;85;CHAUDE;49000;9800
49872609000018;498726090;HOSPITALISATION PRIVEE D'ADDICTOLOGIE DES EPINETTES (CLINIQUE DES EPINETTES);;;86.10Z;PUB_HOPITAL;PUBLIC;Activités hospitalières;31 BOULEVARD DE LA TOUR-MAUBOURG 75007 PARIS;75007;PARIS;75;Île-de-France;11;12;12;20 à 49 salariés;49;O;PME;2;2007-06-01;19.08829568788501;48.859508684;2.3103245591;False;5499;"[""750049561""]";[];86.10Z;2026-06-15T15:56:47.098597;85;CHAUDE;49000;9800
11000601200014;110006012;MINISTERE DE L'EUROPE ET DES AFFAIRES ETRANGERES;;;84.11Z;PUB_MAIRIE;PUBLIC;Administration publique générale;37 QUAI D'ORSAY 75007 PARIS;75007;PARIS;75;Île-de-France;11;21;21;50 à 99 salariés;99;O;PME;5;1983-03-01;43.34017796030116;48.862573984;2.3162089371;True;7113;[];[];84.11Z;2026-06-15T15:56:04.351690;85;CHAUDE;54450;10890
11000601200071;110006012;MINISTERE DE L'EUROPE ET DES AFFAIRES ETRANGERES;HAUT FONCTIONNAIRE CORRESPONDANT DEFENSE SECURITE;;84.11Z;PUB_MAIRIE;PUBLIC;Administration publique générale;27 RUE DE LA CONVENTION 75015 PARIS;75015;PARIS;75;Île-de-France;11;31;31;200 à 249 salariés;249;O;PME;5;2014-04-02;12.251882272416154;48.844761528;2.2802156431;False;7113;[];[];84.11Z;2026-06-15T15:56:04.351690;85;CHAUDE;136950;27390
13000680200016;130006802;SECRETARIAT GENERAL DES MINISTERES CHARGES DES AFFAIRES SOCIALES (SG);SGMAS DAEI, DAJ, DICOM, HFDS;SG;84.11Z;PUB_MAIRIE;PUBLIC;Administration publique générale;14 AV DUQUESNE 75007 PARIS 7;75007;PARIS 7;75;Île-de-France;11;32;32;250 à 499 salariés;499;N;ETI;5;2008-12-25;17.519507186858316;48.852113605;2.3090245925;True;7120;[];[];84.11Z;2026-06-15T15:56:04.351690;85;CHAUDE;274450;54890
20002709200416;200027092;HOPITAUX PARIS EST VAL-DE-MARNE;ADAMANT- CATTP LA RAPEE;;86.10Z;PUB_HOPITAL;PUBLIC;Activités hospitalières;BATIMENT FLOTTANT QUAI DE LA RAPEE 75012 PARIS;75012;PARIS;75;Île-de-France;11;51;51;2000 à 4999 salariés;4999;N;ETI;68;2024-01-01;2.5023956194387407;48.840652744;2.3725767144;False;7364;"[""750056913""]";[];86.10Z;2026-06-15T15:56:46.015524;85;CHAUDE;4999000;999800
20002709200457;200027092;HOPITAUX PARIS EST VAL-DE-MARNE;MAISON COMMUNAUTAIRE -MENILMONTANT;;86.10Z;PUB_HOPITAL;PUBLIC;Activités hospitalières;11 BOULEVARD DE MENILMONTANT 75011 PARIS;75011;PARIS;75;Île-de-France;11;51;51;2000 à 4999 salariés;4999;N;ETI;68;2024-01-01;2.5023956194387407;48.859069995;2.388894834;False;7364;[];[];86.10Z;2026-06-15T15:56:46.015524;85;CHAUDE;4999000;999800
20002709200465;200027092;HOPITAUX PARIS EST VAL-DE-MARNE;CMP / CATTP ADULTE REPUBLIQUE- POLE PARIS 11;;86.10Z;PUB_HOPITAL;PUBLIC;Activités hospitalières;39 AVENUE DE LA REPUBLIQUE 75011 PARIS;75011;PARIS;75;Île-de-France;11;51;51;2000 à 4999 salariés;4999;N;ETI;68;2024-01-01;2.5023956194387407;48.865548004;2.3738349731;False;7364;"[""750006538""]";[];86.10Z;2026-06-15T15:56:46.015524;85;CHAUDE;4999000;999800
20002709200077;200027092;HOPITAUX PARIS EST VAL-DE-MARNE;HDJ TAILLANDIERS;;86.10Z;PUB_HOPITAL;PUBLIC;Activités hospitalières;1 A 3 1 PASSAGE DES TAILLANDIERS 75011 PARIS;75011;PARIS;75;Île-de-France;11;51;51;2000 à 4999 salariés;4999;N;ETI;68;2011-05-26;15.104722792607802;48.853993023;2.3751259928;False;7364;"[""750050528""]";[];86.10Z;2026-06-15T15:56:46.015524;85;CHAUDE;4999000;999800
20002709200085;200027092;HOPITAUX PARIS EST VAL-DE-MARNE;CENTRE DE CRISE ROQUETTE;;86.10Z;PUB_HOPITAL;PUBLIC;Activités hospitalières;63 RUE DE LA ROQUETTE 75011 PARIS;75011;PARIS;75;Île-de-France;11;51;51;2000 à 4999 salariés;4999;N;ETI;68;2011-05-26;15.104722792607802;48.856225613;2.3761167725;False;7364;"[""750050510""]";[];86.10Z;2026-06-15T15:56:46.015524;85;CHAUDE;4999000;999800
79313658100014;793136581;HOSPITALISATION PRIVEE D'ADDICTOLOGIE DES BRUYERES;;;86.10Z;PUB_HOPITAL;PUBLIC;Activités hospitalières;31 BOULEVARD DE LA TOUR-MAUBOURG 75007 PARIS;75007;PARIS;75;Île-de-France;11;12;12;20 à 49 salariés;49;O;PME;2;2013-05-13;13.138945927446954;48.859508684;2.3103245591;True;5499;[];[];86.10Z;2026-06-15T15:56:47.098597;85;CHAUDE;49000;9800
78471027900042;784710279;CLINIQUE SAINTE THERESE;;;86.10Z;PUB_HOPITAL;PUBLIC;Activités hospitalières;9 RUE GUSTAVE DORE 75017 PARIS;75017;PARIS;75;Île-de-France;11;12;12;20 à 49 salariés;49;N;ETI;4;2017-05-02;9.169062286105408;48.886526416;2.3023101097;True;5710;[];[];86.10Z;2026-06-15T15:56:47.099596;85;CHAUDE;49000;9800
78471027900018;784710279;CLINIQUE SAINTE THERESE;;;86.10Z;PUB_HOPITAL;PUBLIC;Activités hospitalières;7-9-11 7 RUE GUSTAVE DORE 75017 PARIS;75017;PARIS;75;Île-de-France;11;12;12;20 à 49 salariés;49;O;ETI;4;1900-01-01;126.4996577686516;48.886478932;2.3025418965;False;5710;"[""750300931""]";[];86.10Z;2026-06-15T15:56:47.099596;85;CHAUDE;49000;9800
12000101100010;120001011;SECRETARIAT GENERAL DU GOUVERNEMENT (SGG);;SGG;84.11Z;PUB_MAIRIE;PUBLIC;Administration publique générale;57 RUE DE VARENNE 75007 PARIS;75007;PARIS;75;Île-de-France;11;32;32;250 à 499 salariés;499;N;ETI;18;1983-03-01;43.34017796030116;48.854447727;2.3208404772;True;7120;[];[];84.11Z;2026-06-15T15:56:04.040426;85;CHAUDE;274450;54890
30116075000461;301160750;CLINEA;CLINIQUE DU MONT VALERIEN;;86.10Z;PUB_HOPITAL;PUBLIC;Activités hospitalières;128 RUE DANTON 92500 RUEIL-MALMAISON;92500;RUEIL-MALMAISON;92;Île-de-France;11;22;22;100 à 199 salariés;199;O;GE;133;2008-08-01;17.919233401779604;48.876017043;2.1995614502;False;5710;"[""920300886""]";[];86.10Z;2026-06-15T15:56:53.807423;85;CHAUDE;199000;39800
20008210500186;200082105;GROUPE HOSPITALIER UNIVERSITAIRE PARIS - PSYCHIATRIE ET NEUROSCIENCES;CENTRE POST CUR VERDIER;;86.10Z;PUB_HOPITAL;PUBLIC;Activités hospitalières;61 AVENUE VERDIER 92120 MONTROUGE;92120;MONTROUGE;92;Île-de-France;11;52;52;5000 à 9999 salariés;9999;N;GE;93;2019-01-01;7.501711156741957;48.8159275822173;2.31339626308867;False;7364;[];[];86.10Z;2026-06-15T15:56:53.807423;85;CHAUDE;9999000;1999800
26940106300012;269401063;GROUPE HOSPITALIER FONDATION VALLEE - PAUL GUIRAUD;;;86.10Z;PUB_HOPITAL;PUBLIC;Activités hospitalières;54 AVENUE DE LA REPUBLIQUE 94800 VILLEJUIF;94800;VILLEJUIF;94;Île-de-France;11;42;42;1000 à 1999 salariés;1999;O;ETI;95;1987-07-29;38.92950034223135;48.78876208;2.3584240162;True;7364;"[""920805033"", ""940000359"", ""940000607"", ""940000631"", ""940002546"", ""940002553"", ""940007438"", ""940009749"", ""940024748"", ""940804669"", ""940804719""]";"[""0942113L""]";86.10Z;2026-06-15T15:56:53.807423;85;CHAUDE;1999000;399800
26940106300046;269401063;GROUPE HOSPITALIER FONDATION VALLEE - PAUL GUIRAUD;CMP ESPACE FAMILLE 92 92G14;;86.10Z;PUB_HOPITAL;PUBLIC;Activités hospitalières;127 AV J B CLEMENT 92100 BOULOGNE BILLANCOURT;92100;BOULOGNE BILLANCOURT;92;Île-de-France;11;51;51;2000 à 4999 salariés;4999;O;ETI;95;1995-01-01;31.50171115674196;48.842411493;2.2317464294;False;7364;"[""920000262""]";[];86.10Z;2026-06-15T15:56:53.807423;85;CHAUDE;4999000;999800
26940106300053;269401063;GROUPE HOSPITALIER FONDATION VALLEE - PAUL GUIRAUD;CENTRE MEDICO PSYCHOLOGIQUE.92G14-I05;;86.10Z;PUB_HOPITAL;PUBLIC;Activités hospitalières;31 RUE FERNAND PELLOUTIER 92100 BOULOGNE-BILLANCOURT;92100;BOULOGNE-BILLANCOURT;92;Île-de-France;11;51;51;2000 à 4999 salariés;4999;N;ETI;95;1965-10-01;60.75290896646133;48.83424401;2.2347972519;False;7364;[];[];86.10Z;2026-06-15T15:56:53.807423;85;CHAUDE;4999000;999800
26940106300103;269401063;GROUPE HOSPITALIER FONDATION VALLEE - PAUL GUIRAUD;CTRE MEDICO.PSYCHOLOGIQUE 92G19;;86.10Z;PUB_HOPITAL;PUBLIC;Activités hospitalières;25 RUE JEAN PIERRE TIMBAUD 92320 CHATILLON;92320;CHATILLON;92;Île-de-France;11;51;51;2000 à 4999 salariés;4999;O;ETI;95;1904-04-04;122.24503764544832;48.802760939;2.285214518;False;7364;"[""920000221""]";[];86.10Z;2026-06-15T15:56:53.807423;85;CHAUDE;4999000;999800
48026601400459;480266014;VYV3 ILE-DE-FRANCE;ESAT NOEL LE GAUD;;86.10Z;PUB_HOPITAL;PUBLIC;Activités hospitalières;7 RUE VOLTAIRE 92800 PUTEAUX;92800;PUTEAUX;92;Île-de-France;11;12;12;20 à 49 salariés;49;O;GE;61;2020-11-01;5.66735112936345;48.876592555;2.2381264107;False;8210;"[""920814175""]";[];86.10Z;2026-06-15T15:56:53.807423;85;CHAUDE;49000;9800
44299717700039;442997177;CENTRE DE SOINS DE SUITE DE SARTROUVILLE;CLINIQUE QUAI DE BEZONS;;86.10Z;PUB_HOPITAL;PUBLIC;Activités hospitalières;213 RUE MICHEL CARRE 95870 BEZONS;95870;BEZONS;95;Île-de-France;11;22;22;100 à 199 salariés;199;N;GE;3;2021-07-20;4.952772073921971;48.9283057924973;2.22854827916104;False;5710;"[""950300103""]";[];86.10Z;2026-06-15T15:56:58.774956;85;CHAUDE;199000;39800
80207463300016;802074633;CARE & SERVICES;;;86.10Z;PUB_HOPITAL;PUBLIC;Activités hospitalières;6 SQUARE PETRARQUE 75016 PARIS;75016;PARIS;75;Île-de-France;11;12;12;20 à 49 salariés;49;O;PME;1;2014-04-01;12.254620123203283;48.861374024;2.2820784352;True;5710;[];[];86.10Z;2026-06-15T15:56:48.001474;85;CHAUDE;49000;9800
70204811700015;702048117;CLINIQUE DU MONT LOUIS;;;86.10Z;PUB_HOPITAL;PUBLIC;Activités hospitalières;8 RUE DE LA FOLIE-REGNAULT 75011 PARIS;75011;PARIS;75;Île-de-France;11;31;31;200 à 249 salariés;249;O;ETI;2;1970-01-01;56.50102669404517;48.8571847575401;2.38593806617942;True;5710;"[""750301145""]";[];86.10Z;2026-06-15T15:56:48.375157;85;CHAUDE;249000;49800
71205692800013;712056928;CLINIQUE MAUSSINS-NOLLET;;;86.10Z;PUB_HOPITAL;PUBLIC;Activités hospitalières;67 RUE DE ROMAINVILLE 75019 PARIS;75019;PARIS;75;Île-de-France;11;21;21;50 à 99 salariés;99;O;GE;1;1971-01-01;55.50171115674196;48.877344829;2.4045472206;True;5710;"[""750301160""]";[];86.10Z;2026-06-15T15:56:48.375157;85;CHAUDE;99000;19800
32390383100010;323903831;SAS SARRETTE;;;86.10Z;PUB_HOPITAL;PUBLIC;Activités hospitalières;29 RUE SARRETTE 75014 PARIS;75014;PARIS;75;Île-de-France;11;21;21;50 à 99 salariés;99;O;ETI;2;1982-02-09;44.39425051334703;48.826101751;2.3293851565;True;5710;"[""750300550""]";[];86.10Z;2026-06-15T15:56:48.648737;85;CHAUDE;99000;19800
42368782100029;423687821;CLINALLIANCE FONTENAY-AUX-ROSES (CLINIQUE DE FONTENAY-AUX-ROSES);CLINIQUE DE FONTENAY-AUX-ROSES;;86.10Z;PUB_HOPITAL;PUBLIC;Activités hospitalières;19 RUE DU MARECHAL GALLIENI 92260 FONTENAY-AUX-ROSES;92260;FONTENAY-AUX-ROSES;92;Île-de-France;11;22;22;100 à 199 salariés;199;O;ETI;2;1999-11-26;26.60095824777549;48.786387407;2.2915273283;True;5710;"[""920300381""]";[];86.10Z;2026-06-15T15:56:48.648737;85;CHAUDE;199000;39800
43390941300034;433909413;HOPITAL PRIVE DES PEUPLIERS;;;86.10Z;PUB_HOPITAL;PUBLIC;Activités hospitalières;8 PLACE DE L'ABBE GEORGES HENOCQUE 75013 PARIS;75013;PARIS;75;Île-de-France;11;32;32;250 à 499 salariés;499;O;GE;3;2006-05-24;20.109514031485283;48.823615649;2.3529005925;True;5710;"[""750011108"", ""750300360""]";[];86.10Z;2026-06-15T15:56:48.648737;85;CHAUDE;499000;99800
43208701300020;432087013;CLINIQUE CHIRURGICALE DU VAL D'OR (CLINIQUE DU VAL D'OR SAINT-CLOUD VIVALTO SANTE);CLINIQUE DU VAL D'OR SAINT-CLOUD VIVALTO SANTE;;86.10Z;PUB_HOPITAL;PUBLIC;Activités hospitalières;14-16 14 RUE PASTEUR 92210 SAINT-CLOUD;92210;SAINT-CLOUD;92;Île-de-France;11;22;22;100 à 199 salariés;199;O;GE;2;2000-06-27;26.015058179329227;48.842531078;2.2049290088;True;5710;"[""920300936""]";[];86.10Z;2026-06-15T15:56:48.648737;85;CHAUDE;199000;39800
77568190100010;775681901;HOPITAL DES GARDIENS DE LA PAIX;;;86.10Z;PUB_HOPITAL;PUBLIC;Activités hospitalières;35 BOULEVARD SAINT-MARCEL 75013 PARIS;75013;PARIS;75;Île-de-France;11;21;21;50 à 99 salariés;99;O;PME;1;1900-01-01;126.4996577686516;48.83856998;2.358113953;True;9300;"[""750011124"", ""750150088""]";[];86.10Z;2026-06-15T15:56:49.265906;85;CHAUDE;99000;19800
77574110100031;775741101;INSTITUT GUSTAVE ROUSSY;;;86.10Z;PUB_HOPITAL;PUBLIC;Activités hospitalières;39 B RUE CAMILLE DESMOULINS 94800 VILLEJUIF;94800;VILLEJUIF;94;Île-de-France;11;51;51;2000 à 4999 salariés;4999;O;ETI;4;1980-05-01;46.17111567419576;48.794206799;2.3483016706;True;9220;"[""940000664"", ""940030893""]";[];86.10Z;2026-06-15T15:56:50.258540;85;CHAUDE;4999000;999800
55201562000016;552015620;CENTRE CHIRURGICAL DES PRINCES (CLINIQUE DES PRINCES);CLINIQUE DES PRINCES;;86.10Z;PUB_HOPITAL;PUBLIC;Activités hospitalières;13 ROND-POINT ANDRE MALRAUX 92100 BOULOGNE-BILLANCOURT;92100;BOULOGNE-BILLANCOURT;92;Île-de-France;11;21;21;50 à 99 salariés;99;O;PME;8;1900-01-01;126.4996577686516;48.8401093980142;2.24788613443136;True;5710;"[""920300183""]";[];86.10Z;2026-06-15T15:56:51.237499;85;CHAUDE;99000;19800
30116075000107;301160750;CLINEA;CLINIQUE VILLA MARIE LOUISE;;86.10Z;PUB_HOPITAL;PUBLIC;Activités hospitalières;15 RUE JEAN BONAL 92250 LA GARENNE-COLOMBES;92250;LA GARENNE-COLOMBES;92;Île-de-France;11;22;22;100 à 199 salariés;199;O;GE;133;2002-10-01;23.753593429158112;48.90745283;2.2532055195;False;5710;"[""920300423""]";[];86.10Z;2026-06-15T15:56:53.807423;85;CHAUDE;199000;39800
30116075000404;301160750;CLINEA;CLINIQUE DU PONT DE SEVRES;;86.10Z;PUB_HOPITAL;PUBLIC;Activités hospitalières;76 A 78 76 RUE DE SILLY 92100 BOULOGNE-BILLANCOURT;92100;BOULOGNE-BILLANCOURT;92;Île-de-France;11;22;22;100 à 199 salariés;199;O;GE;133;2008-01-01;18.50239561943874;48.836526677;2.2321510195;False;5710;"[""920005238""]";[];86.10Z;2026-06-15T15:56:53.807423;85;CHAUDE;199000;39800
20002709200408;200027092;HOPITAUX PARIS EST VAL-DE-MARNE;ADAMANT- HDJ QUAI LA RAPEE;;86.10Z;PUB_HOPITAL;PUBLIC;Activités hospitalières;QUAI DE LA RAPEE 75012 PARIS;75012;PARIS;75;Île-de-France;11;51;51;2000 à 4999 salariés;4999;N;ETI;68;2024-01-01;2.5023956194387407;48.842451353;2.3725550619;False;7364;"[""750049579""]";[];86.10Z;2026-06-15T15:56:46.015524;85;CHAUDE;4999000;999800
13000680200040;130006802;SECRETARIAT GENERAL DES MINISTERES CHARGES DES AFFAIRES SOCIALES (SG);SGMAS DFAS, DRH;SG;84.13Z;PUB_MAIRIE;PUBLIC;Administration publique;74-78 74 RUE OLIVIER DE SERRES 75015 PARIS;75015;PARIS;75;Île-de-France;11;32;32;250 à 499 salariés;499;O;ETI;5;2024-04-01;2.2532511978097194;48.8334819992152;2.29459336849374;False;7120;[];[];84.11Z;2026-06-15T15:56:04.351690;85;CHAUDE;274450;54890
16002103600167;160021036;DIRECTION SPECIALISEE DES FINANCES PUBLIQUES POUR L'ETRANGER (DSFIPE);ANTENNE DSFIPE-MAEDI;DSFIPE;84.11Z;PUB_MAIRIE;PUBLIC;Administration publique générale;27 RUE DE LA CONVENTION 75015 PARIS;75015;PARIS;75;Île-de-France;11;22;22;100 à 199 salariés;199;O;PME;17;2016-04-11;10.2258726899384;48.844761528;2.2802156431;False;7179;[];[];84.11Z;2026-06-15T15:56:04.351690;85;CHAUDE;109450;21890
13001522500159;130015225;DISI ILE DE FRANCE (DISI);ESI PARIS;DISI;84.11Z;PUB_MAIRIE;PUBLIC;Administration publique générale;16 RUE NOTRE-DAME DES VICTOIRES 75002 PARIS;75002;PARIS;75;Île-de-France;11;21;21;50 à 99 salariés;99;O;ETI;15;2019-09-01;6.836413415468857;48.867255111;2.3418647826;False;7160;[];[];84.11Z;2026-06-15T15:56:04.350687;85;CHAUDE;54450;10890
17750000600024;177500006;PREFECTURE DE REGION ILE-DE-FRANCE;;;84.11Z;PUB_MAIRIE;PUBLIC;Administration publique générale;5 RUE LEBLANC 75015 PARIS;75015;PARIS;75;Île-de-France;11;41;41;500 à 999 salariés;999;N;ETI;9;2010-06-30;16.008213552361397;48.840175444;2.2723191756;True;7171;[];[];84.11Z;2026-06-15T15:56:04.350687;85;CHAUDE;549450;109890
17750000600032;177500006;PREFECTURE DE REGION ILE-DE-FRANCE;;;84.11Z;PUB_MAIRIE;PUBLIC;Administration publique générale;17 BOULEVARD MORLAND 75004 PARIS;75004;PARIS;75;Île-de-France;11;41;41;500 à 999 salariés;999;N;ETI;9;2010-06-30;16.008213552361397;48.849736997;2.3629122837;False;7171;[];[];84.11Z;2026-06-15T15:56:04.350687;85;CHAUDE;549450;109890
17750000600057;177500006;PREFECTURE DE REGION ILE-DE-FRANCE;PREFECT PARIS MATERIEL COMPTAB;;84.11Z;PUB_MAIRIE;PUBLIC;Administration publique générale;17 BOULEVARD MORLAND 75004 PARIS;75004;PARIS;75;Île-de-France;11;41;41;500 à 999 salariés;999;N;ETI;9;2010-06-30;16.008213552361397;48.849736997;2.3629122837;False;7171;[];[];84.11Z;2026-06-15T15:56:04.350687;85;CHAUDE;549450;109890
17750000600065;177500006;PREFECTURE DE REGION ILE-DE-FRANCE;PREF PARIS BULL MUNI OFFI SERV;;84.11Z;PUB_MAIRIE;PUBLIC;Administration publique générale;4 PL HOTEL VILLE ESP LIBERATION 75004 PARIS 04;75004;PARIS 04;75;Île-de-France;11;41;41;500 à 999 salariés;999;N;ETI;9;2010-06-30;16.008213552361397;48.856507956;2.3520586814;False;7171;[];[];84.11Z;2026-06-15T15:56:04.350687;85;CHAUDE;549450;109890
11001401600015;110014016;MINISTERE DE L'INTERIEUR;;;84.11Z;PUB_MAIRIE;PUBLIC;Administration publique générale;HOTEL DE BEAUVAU PLACE BEAUVAU 75008 PARIS 08;75008;PARIS 08;75;Île-de-France;11;42;42;1000 à 1999 salariés;1999;O;GE;9;1983-03-01;43.34017796030116;48.871315208;2.3164658273;True;7113;[];[];84.11Z;2026-06-15T15:56:04.350687;85;CHAUDE;1099450;219890
16002211700040;160022117;DIRECTION NATIONALE DES VERIFICATIONS DE SITUATIONS FISCALES (DNVSF);BRIG PROGRAMMATION ET APPUI TACTIQUE;DNVSF;84.11Z;PUB_MAIRIE;PUBLIC;Administration publique générale;127 RUE DE SAUSSURE 75017 PARIS;75017;PARIS;75;Île-de-France;11;32;32;250 à 499 salariés;499;N;ETI;28;1986-10-24;39.69062286105408;48.888610637;2.3084529964;False;7160;[];[];84.11Z;2026-06-15T15:56:04.040426;85;CHAUDE;274450;54890
16002211700081;160022117;DIRECTION NATIONALE DES VERIFICATIONS DE SITUATIONS FISCALES (DNVSF);4EME BRIGADE CONTROLE REVENUS PARIS;DNVSF;84.11Z;PUB_MAIRIE;PUBLIC;Administration publique générale;127 RUE DE SAUSSURE 75017 PARIS;75017;PARIS;75;Île-de-France;11;32;32;250 à 499 salariés;499;N;ETI;28;1986-10-24;39.69062286105408;48.888610637;2.3084529964;False;7160;[];[];84.11Z;2026-06-15T15:56:04.040426;85;CHAUDE;274450;54890
21920051600108;219200516;COMMUNE DE NEUILLY SUR SEINE;EC MATERNELLE PUB HUISSIERS-POISSONNIERS;;85.10Z;PUB_ECOLE;PUBLIC;Enseignement pré-primaire;9 RUE DES POISSONNIERS 92200 NEUILLY-SUR-SEINE;92200;NEUILLY-SUR-SEINE;92;Île-de-France;11;42;42;1000 à 1999 salariés;1999;N;ETI;35;1983-12-21;42.53251197809719;48.884268604;2.2644400005;False;7210;[];[];84.11Z;2026-06-15T15:56:27.203922;85;CHAUDE;999500;199900
77568300600032;775683006;FONDATION  SANTE DES ETUDIANTS DE FRANCE (FSEF);CLINIQUE DUPRE;FSEF;86.10Z;PUB_HOPITAL;PUBLIC;Activités hospitalières;20 RUE DU LYCEE 92330 SCEAUX;92330;SCEAUX;92;Île-de-France;11;51;51;2000 à 4999 salariés;4999;N;ETI;36;1900-01-01;126.4996577686516;48.780091054;2.3002430846;False;9300;[];[];86.10Z;2026-06-15T15:56:53.808422;85;CHAUDE;4999000;999800
26780244500226;267802445;CENTRE HOSPITALIER THEOPHILE ROUSSEL;CENTRE DE SOIN ADO GALILEO (CAS);;86.10Z;PUB_HOPITAL;PUBLIC;Activités hospitalières;47 AVENUE JEAN JAURES 92150 SURESNES;92150;SURESNES;92;Île-de-France;11;41;41;500 à 999 salariés;999;N;ETI;53;1996-12-25;29.51950718685832;48.865695779;2.2026888041;False;7364;"[""920811635""]";[];86.10Z;2026-06-15T15:56:53.808422;85;CHAUDE;999000;199800
26780244500234;267802445;CENTRE HOSPITALIER THEOPHILE ROUSSEL;CENTRE MEDICO PSYCHOLOGIQUE;;86.10Z;PUB_HOPITAL;PUBLIC;Activités hospitalières;2 PASSAGE JACQUES PREVERT 92700 COLOMBES;92700;COLOMBES;92;Île-de-France;11;41;41;500 à 999 salariés;999;N;ETI;53;1996-12-25;29.51950718685832;48.9221660106373;2.25234866755818;False;7364;"[""920812013""]";[];86.10Z;2026-06-15T15:56:53.808422;85;CHAUDE;999000;199800
26780244500259;267802445;CENTRE HOSPITALIER THEOPHILE ROUSSEL;CENTRE MEDICO PSYCHOLOGIQUE;;86.10Z;PUB_HOPITAL;PUBLIC;Activités hospitalières;78 RUE HENRI BARBUSSE 92000 NANTERRE;92000;NANTERRE;92;Île-de-France;11;41;41;500 à 999 salariés;999;N;ETI;53;1996-12-25;29.51950718685832;48.892093349;2.1907804706;False;7364;[];[];86.10Z;2026-06-15T15:56:53.808422;85;CHAUDE;999000;199800
26780244500366;267802445;CENTRE HOSPITALIER THEOPHILE ROUSSEL;CMP;;86.10Z;PUB_HOPITAL;PUBLIC;Activités hospitalières;10 VILLA DES MARRONNIERS 92000 NANTERRE;92000;NANTERRE;92;Île-de-France;11;41;41;500 à 999 salariés;999;N;ETI;53;2007-02-27;19.345653661875428;48.882786463;2.220100166;False;7364;"[""920014578""]";[];86.10Z;2026-06-15T15:56:53.808422;85;CHAUDE;999000;199800
26780244500374;267802445;CENTRE HOSPITALIER THEOPHILE ROUSSEL;CMP  CATTP;;86.10Z;PUB_HOPITAL;PUBLIC;Activités hospitalières;144 RUE SALVADOR ALLENDE 92000 NANTERRE;92000;NANTERRE;92;Île-de-France;11;41;41;500 à 999 salariés;999;N;ETI;53;2007-02-27;19.345653661875428;48.8936686194658;2.22647433053635;False;7364;"[""920014628"", ""920029170""]";[];86.10Z;2026-06-15T15:56:53.808422;85;CHAUDE;999000;199800
26780244500416;267802445;CENTRE HOSPITALIER THEOPHILE ROUSSEL;CMP W.GRANOFF;;86.10Z;PUB_HOPITAL;PUBLIC;Activités hospitalières;78 RUE HENRI BARBUSSE 92000 NANTERRE;92000;NANTERRE;92;Île-de-France;11;41;41;500 à 999 salariés;999;N;ETI;53;2007-02-27;19.345653661875428;48.892093349;2.1907804706;False;7364;"[""920014529""]";[];86.10Z;2026-06-15T15:56:53.808422;85;CHAUDE;999000;199800
21920075500136;219200755;COMMUNE DE VANVES;ECOLE MATERNELLE PUBLIQUE DR FOURESTIER;;85.10Z;PUB_ECOLE;PUBLIC;Enseignement pré-primaire;13 RUE AUGUSTE COMTE 92170 VANVES;92170;VANVES;92;Île-de-France;11;41;41;500 à 999 salariés;999;N;ETI;31;1988-11-22;37.60985626283368;48.82584547;2.295158321;False;7210;[];[];84.11Z;2026-06-15T15:56:27.686304;85;CHAUDE;499500;99900
26950008800050;269500088;CTRE HOSPITALIER SPECIALISE ROGER PREVOT;CENTRE MEDICO PSYCHOLOGIQUE;;86.10Z;PUB_HOPITAL;PUBLIC;Activités hospitalières;22 RUE DE CHATEAUDUN 92250 LA GARENNE-COLOMBES;92250;LA GARENNE-COLOMBES;92;Île-de-France;11;41;41;500 à 999 salariés;999;N;ETI;32;1986-01-01;40.50102669404517;48.909771956;2.2453360247;False;7364;[];[];86.10Z;2026-06-15T15:56:53.808422;85;CHAUDE;999000;199800
26920141400076;269201414;ETABLISSEMENT PUBLIC DE SANTE ERASME;CATTP ADOLESCENTS 92I07;;86.10Z;PUB_HOPITAL;PUBLIC;Activités hospitalières;17 AVENUE DE VERDUN 92330 SCEAUX;92330;SCEAUX;92;Île-de-France;11;41;41;500 à 999 salariés;999;N;ETI;36;1995-12-25;30.521560574948666;48.780187115;2.2965676576;False;7364;[];[];86.10Z;2026-06-15T15:56:53.808422;85;CHAUDE;999000;199800
77569483900256;775694839;ASS POUR UTILISATION REIN ARTIFICIEL;UNITE D'AUTODIALYSE AURA;;86.10Z;PUB_HOPITAL;PUBLIC;Activités hospitalières;49 RUE DE LA VANNE 92120 MONTROUGE;92120;MONTROUGE;92;Île-de-France;11;32;32;250 à 499 salariés;499;O;ETI;38;1998-01-01;28.501026694045173;48.8133939590516;2.32811074766253;False;9220;[];[];86.10Z;2026-06-15T15:56:53.808422;85;CHAUDE;499000;99800
77569483900413;775694839;ASS POUR UTILISATION REIN ARTIFICIEL;;;86.10Z;PUB_HOPITAL;PUBLIC;Activités hospitalières;25 AVENUE DE LA PAIX 92320 CHATILLON;92320;CHATILLON;92;Île-de-France;11;32;32;250 à 499 salariés;499;O;ETI;38;2024-03-04;2.329911019849418;48.8061627148591;2.28450396998651;False;9220;"[""920025210""]";[];86.10Z;2026-06-15T15:56:53.808422;85;CHAUDE;499000;99800
26920138000012;269201380;CTRE D'ACCUEIL DE SOINS HOSP NANTERRE;CASH DE NANTERRE;;86.10Z;PUB_HOPITAL;PUBLIC;Activités hospitalières;403 AVENUE DE LA REPUBLIQUE 92000 NANTERRE;92000;NANTERRE;92;Île-de-France;11;42;42;1000 à 1999 salariés;1999;O;ETI;27;1989-01-14;37.46475017111568;48.912295246;2.2235631905;True;7364;"[""920025913""]";[];86.10Z;2026-06-15T15:56:53.808422;85;CHAUDE;1999000;399800
26920138000111;269201380;CTRE D'ACCUEIL DE SOINS HOSP NANTERRE;CENTRE THOMAS LEMAITRE;;86.10Z;PUB_HOPITAL;PUBLIC;Activités hospitalières;9 RUE THOMAS LEMAITRE 92000 NANTERRE;92000;NANTERRE;92;Île-de-France;11;42;42;1000 à 1999 salariés;1999;N;ETI;27;2003-12-25;22.521560574948666;48.888991786;2.1931782356;False;7364;"[""920812872""]";[];86.10Z;2026-06-15T15:56:53.808422;85;CHAUDE;1999000;399800
26950163100015;269501631;CENTRE HOSPITALIER VICTOR DUPOUY;;;86.10Z;PUB_HOPITAL;PUBLIC;Activités hospitalières;69 RUE DU LIEUTENANT COLONEL PRUDHON 95100 ARGENTEUIL;95100;ARGENTEUIL;95;Île-de-France;11;51;51;2000 à 4999 salariés;4999;O;ETI;25;1983-03-01;43.34017796030116;48.945653542;2.2386374897;True;7364;"[""950000307""]";[];86.10Z;2026-06-15T15:56:58.773958;85;CHAUDE;4999000;999800
55201562000081;552015620;CENTRE CHIRURGICAL DES PRINCES (CLINIQUE DES PRINCES);INSTITUT FRANCAIS DES PAC;;86.10Z;PUB_HOPITAL;PUBLIC;Activités hospitalières;41 AVENUE VICTOR HUGO 92100 BOULOGNE-BILLANCOURT;92100;BOULOGNE-BILLANCOURT;92;Île-de-France;11;21;21;50 à 99 salariés;99;N;PME;8;2022-03-25;4.27378507871321;48.8398275498363;2.24744537656803;False;5710;[];[];86.10Z;2026-06-15T15:56:53.809421;85;CHAUDE;99000;19800
26920097800022;269200978;CENTRE DE GERONTOLOGIE LES ABONDANCES;UNITE DE SOINS DE LONGUE DUREE LES ABONDANCES;;86.10Z;PUB_HOPITAL;PUBLIC;Activités hospitalières;49 RUE SAINT-DENIS 92100 BOULOGNE-BILLANCOURT;92100;BOULOGNE-BILLANCOURT;92;Île-de-France;11;21;21;50 à 99 salariés;99;O;ETI;7;1986-12-22;39.52908966461328;48.846604539;2.2326414956;True;7364;"[""920002508""]";[];86.10Z;2026-06-15T15:56:53.809421;85;CHAUDE;99000;19800
26920097800063;269200978;CENTRE DE GERONTOLOGIE LES ABONDANCES;CENTRE DE SOINS DE SUITE LES ABONDANCES;;86.10Z;PUB_HOPITAL;PUBLIC;Activités hospitalières;49 RUE SAINT-DENIS 92100 BOULOGNE-BILLANCOURT;92100;BOULOGNE-BILLANCOURT;92;Île-de-France;11;22;22;100 à 199 salariés;199;N;ETI;7;1982-01-01;44.50102669404517;48.846604539;2.2326414956;False;7364;"[""920024205""]";[];86.10Z;2026-06-15T15:56:53.809421;85;CHAUDE;199000;39800
40845729900019;408457299;ASSOCIATION HOPITAL FOCH;;;86.10Z;PUB_HOPITAL;PUBLIC;Activités hospitalières;40 RUE WORTH 92150 SURESNES;92150;SURESNES;92;Île-de-France;11;51;51;2000 à 4999 salariés;4999;O;ETI;5;1995-12-31;30.50513347022587;48.871455292;2.2214517074;True;9220;"[""920000650"", ""920038031"", ""920041597""]";"[""0920668B""]";86.10Z;2026-06-15T15:56:53.809421;85;CHAUDE;4999000;999800
21920062300011;219200623;COMMUNE DE PUTEAUX;MAIRIE;;84.11Z;PUB_MAIRIE;PUBLIC;Administration publique générale;131 RUE DE LA REPUBLIQUE 92800 PUTEAUX;92800;PUTEAUX;92;Île-de-France;11;42;42;1000 à 1999 salariés;1999;O;ETI;44;1983-03-01;43.34017796030116;48.884346842;2.2378671843;True;7210;[];[];84.11Z;2026-06-15T15:56:27.202924;85;CHAUDE;1099450;219890
26950163100098;269501631;CENTRE HOSPITALIER VICTOR DUPOUY;USLD;;86.10Z;PUB_HOPITAL;PUBLIC;Activités hospitalières;69 RUE DU LIEUTENANT COLONEL PRUDHON 95100 ARGENTEUIL;95100;ARGENTEUIL;95;Île-de-France;11;51;51;2000 à 4999 salariés;4999;N;ETI;25;1990-06-29;36.01095140314853;48.94507927;2.2382576143;False;7364;"[""950807800""]";[];86.10Z;2026-06-15T15:56:58.774956;85;CHAUDE;4999000;999800
26950163100114;269501631;CENTRE HOSPITALIER VICTOR DUPOUY;CENTRE DE JOUR M'BORAYU;;86.10Z;PUB_HOPITAL;PUBLIC;Activités hospitalières;25 BOULEVARD GALLIENI 95100 ARGENTEUIL;95100;ARGENTEUIL;95;Île-de-France;11;51;51;2000 à 4999 salariés;4999;N;ETI;25;1904-04-04;122.24503764544832;48.942692244;2.2435484724;False;7364;"[""950786970""]";[];86.10Z;2026-06-15T15:56:58.774956;85;CHAUDE;4999000;999800
26950163100130;269501631;CENTRE HOSPITALIER VICTOR DUPOUY;CENTRE LA GALIOTE;;86.10Z;PUB_HOPITAL;PUBLIC;Activités hospitalières;APPT 36 16 SQUARE AQUITAINE 95100 ARGENTEUIL;95100;ARGENTEUIL;95;Île-de-France;11;51;51;2000 à 4999 salariés;4999;N;ETI;25;1904-04-04;122.24503764544832;48.9452555294246;2.23112981224369;False;7364;"[""950000042""]";[];86.10Z;2026-06-15T15:56:58.774956;85;CHAUDE;4999000;999800
80248592000127;802485920;FONDATION SANTE SERVICE;;;86.10Z;PUB_HOPITAL;PUBLIC;Activités hospitalières;141 BOULEVARD CHARLES DE GAULLE 92390 VILLENEUVE-LA-GARENNE;92390;VILLENEUVE-LA-GARENNE;92;Île-de-France;11;42;42;1000 à 1999 salariés;1999;O;ETI;24;2024-11-18;1.620807665982204;48.943813978862;2.31199149919434;False;9300;[];[];86.10Z;2026-06-15T15:56:53.809421;85;CHAUDE;1999000;399800
78425716400086;784257164;INSTITUT CURIE;;;86.10Z;PUB_HOPITAL;PUBLIC;Activités hospitalières;CENTRE RENE HUGUENIN 35 RUE DAILLY 92210 SAINT-CLOUD;92210;SAINT-CLOUD;92;Île-de-France;11;41;41;500 à 999 salariés;999;O;ETI;16;2010-01-01;16.501026694045173;48.844643752;2.2179789458;False;9300;"[""920000460""]";[];86.10Z;2026-06-15T15:56:53.809421;85;CHAUDE;999000;199800
26920154700016;269201547;CENTRE HOSPITALIER DES QUATRE VILLES (CHI);;CHI;86.10Z;PUB_HOPITAL;PUBLIC;Activités hospitalières;3 PLACE DE SILLY 92210 SAINT-CLOUD;92210;SAINT-CLOUD;92;Île-de-France;11;41;41;500 à 999 salariés;999;O;ETI;11;2006-01-01;20.501026694045173;48.844556457;2.2177640051;True;7364;"[""920000619""]";[];86.10Z;2026-06-15T15:56:53.809421;85;CHAUDE;999000;199800
26920154700073;269201547;CENTRE HOSPITALIER DES QUATRE VILLES (CHI);USLD;CHI;86.10Z;PUB_HOPITAL;PUBLIC;Activités hospitalières;1 RUE LELEGARD 92210 SAINT-CLOUD;92210;SAINT-CLOUD;92;Île-de-France;11;21;21;50 à 99 salariés;99;N;ETI;11;2006-01-01;20.501026694045173;48.840938523;2.2031409818;False;7364;"[""920807401""]";[];86.10Z;2026-06-15T15:56:53.809421;85;CHAUDE;99000;19800
26920154700081;269201547;CENTRE HOSPITALIER DES QUATRE VILLES (CHI);CENTRE HOSPITALIER ROSTAND;CHI;86.10Z;PUB_HOPITAL;PUBLIC;Activités hospitalières;141 GRANDE RUE 92310 SEVRES;92310;SEVRES;92;Île-de-France;11;31;31;200 à 249 salariés;249;O;ETI;11;2006-01-01;20.501026694045173;48.820799273;2.2019561356;False;7364;"[""920000627""]";[];86.10Z;2026-06-15T15:56:53.809421;85;CHAUDE;249000;49800
20002723300036;200027233;CENTRE HOSPITALIER RIVES DE SEINE;CENTRE LONG SEJOUR;;86.10Z;PUB_HOPITAL;PUBLIC;Activités hospitalières;1 BOULEVARD RICHARD WALLACE 92800 PUTEAUX;92800;PUTEAUX;92;Île-de-France;11;12;12;20 à 49 salariés;49;N;ETI;9;2011-01-01;15.501711156741958;48.8788682759239;2.24169856857702;False;7364;"[""920813862""]";[];86.10Z;2026-06-15T15:56:53.809421;85;CHAUDE;49000;9800
21920051600017;219200516;COMMUNE DE NEUILLY SUR SEINE;MAIRIE;;84.11Z;PUB_MAIRIE;PUBLIC;Administration publique générale;96 AVENUE ACHILLE PERETTI 92200 NEUILLY-SUR-SEINE;92200;NEUILLY-SUR-SEINE;92;Île-de-France;11;42;42;1000 à 1999 salariés;1999;O;ETI;35;1983-03-01;43.34017796030116;48.884692337;2.2696200876;True;7210;[];[];84.11Z;2026-06-15T15:56:27.203922;85;CHAUDE;1099450;219890
21920051600033;219200516;COMMUNE DE NEUILLY SUR SEINE;ECOLE MATERNELLE PUBLIQUE CDT CHARCOT;;85.10Z;PUB_ECOLE;PUBLIC;Enseignement pré-primaire;17 RUE DE LA FERME 92200 NEUILLY-SUR-SEINE;92200;NEUILLY-SUR-SEINE;92;Île-de-France;11;42;42;1000 à 1999 salariés;1999;N;ETI;35;1983-12-21;42.53251197809719;48.876969924;2.2534723183;False;7210;[];[];84.11Z;2026-06-15T15:56:27.203922;85;CHAUDE;999500;199900
23750007900288;237500079;REGION ILE DE FRANCE;UNITE LYCEES;;84.11Z;PUB_MAIRIE;PUBLIC;Administration publique générale;24 RUE DU GENERAL BERTRAND 75007 PARIS;75007;PARIS;75;Île-de-France;11;53;53;10000 salariés et plus;10000;N;GE;32;2011-11-04;14.661190965092402;48.846862691;2.3133839395;False;7230;[];[];84.11Z;2026-06-15T15:56:04.039427;85;CHAUDE;5500000;1100000
23750007900296;237500079;REGION ILE DE FRANCE;UNITE DEVELOPPEMENT;;84.11Z;PUB_MAIRIE;PUBLIC;Administration publique générale;142 RUE DU BAC 75007 PARIS;75007;PARIS;75;Île-de-France;11;53;53;10000 salariés et plus;10000;N;GE;32;2010-03-01;16.33949349760438;48.850811009;2.3237326877;False;7230;[];[];84.11Z;2026-06-15T15:56:04.039427;85;CHAUDE;5500000;1100000
31177097800014;311770978;MAISON DE SANTE DE BELLEVUE;;;86.10Z;PUB_HOPITAL;PUBLIC;Activités hospitalières;8 AVENUE DU ONZE NOVEMBRE 1918 92190 MEUDON;92190;MEUDON;92;Île-de-France;11;22;22;100 à 199 salariés;199;O;GE;3;1900-01-01;126.4996577686516;48.820072099;2.2245775252;False;5710;"[""920310042""]";[];86.10Z;2026-06-15T15:56:54.502403;85;CHAUDE;199000;39800
77568299000079;775682990;FONDATION HOPITAL SAINT JOSEPH;;;86.10Z;PUB_HOPITAL;PUBLIC;Activités hospitalières;MARIE LANNELONGUE 133 AVENUE DE LA RESISTANCE 92350 LE PLESSIS-ROBINSON;92350;LE PLESSIS-ROBINSON;92;Île-de-France;11;42;42;1000 à 1999 salariés;1999;O;ETI;8;2020-01-01;6.50239561943874;48.7843381698108;2.27343207050217;False;9300;"[""920000684""]";[];86.10Z;2026-06-15T15:56:54.502403;85;CHAUDE;1999000;399800
84248757100031;842487571;INSTITUT D'ADDICTOLOGIE DU LITTORAL;;;86.10Z;PUB_HOPITAL;PUBLIC;Activités hospitalières;12 RUE JEAN JAURES 92800 PUTEAUX;92800;PUTEAUX;92;Île-de-France;11;12;12;20 à 49 salariés;49;O;GE;3;2020-07-16;5.963039014373717;48.8854488848831;2.24911033209962;True;5710;[];[];86.10Z;2026-06-15T15:56:54.502403;85;CHAUDE;49000;9800
21920044100059;219200441;COMMUNE DE LEVALLOIS PERRET;ECOLE MATERNELLE ANATOLE FRANCE;;85.10Z;PUB_ECOLE;PUBLIC;Enseignement pré-primaire;2 RUE BARA 92300 LEVALLOIS-PERRET;92300;LEVALLOIS-PERRET;92;Île-de-France;11;51;51;2000 à 4999 salariés;4999;N;ETI;57;1983-12-21;42.53251197809719;48.892298644;2.2824749925;False;7210;[];[];84.11Z;2026-06-15T15:56:27.202924;85;CHAUDE;2499500;499900
21920044100166;219200441;COMMUNE DE LEVALLOIS PERRET;ECOLE ELEMENTAIRE FERDINAND BUISSON;;85.20Z;PUB_ECOLE;PUBLIC;Enseignement primaire;8 RUE RIVAY 92300 LEVALLOIS-PERRET;92300;LEVALLOIS-PERRET;92;Île-de-France;11;51;51;2000 à 4999 salariés;4999;N;ETI;57;1983-12-21;42.53251197809719;48.891683531;2.2918463631;False;7210;[];[];84.11Z;2026-06-15T15:56:27.202924;85;CHAUDE;2499500;499900
21920024300018;219200243;COMMUNE DE CLICHY;MAIRIE;;84.11Z;PUB_MAIRIE;PUBLIC;Administration publique générale;80 BOULEVARD JEAN JAURES 92110 CLICHY;92110;CLICHY;92;Île-de-France;11;42;42;1000 à 1999 salariés;1999;O;ETI;47;1983-03-01;43.34017796030116;48.902799351;2.304894784;True;7210;"[""920029360""]";[];84.11Z;2026-06-15T15:56:27.201921;85;CHAUDE;1099450;219890
32289515200039;322895152;CLINIQUE JEANNE D'ARC (JEANNE D'ARC HOPITAL PRIVE PARISIEN);JEANNE D'ARC HOPITAL PRIVE PARISIEN;;86.10Z;PUB_HOPITAL;PUBLIC;Activités hospitalières;55 RUE DU COMMANDANT MOUCHOTTE 94160 SAINT-MANDE;94160;SAINT-MANDE;94;Île-de-France;11;22;22;100 à 199 salariés;199;O;GE;3;2016-08-30;9.839835728952773;48.83657221;2.4144860392;True;5710;"[""940310022""]";[];86.10Z;2026-06-15T15:56:57.682966;85;CHAUDE;199000;39800
58209665700025;582096657;CLINIQUE DE BERCY;;;86.10Z;PUB_HOPITAL;PUBLIC;Activités hospitalières;9 QUAI DE BERCY 94220 CHARENTON-LE-PONT;94220;CHARENTON-LE-PONT;94;Île-de-France;11;22;22;100 à 199 salariés;199;O;ETI;2;1992-01-08;34.483230663928815;48.8228282471982;2.39734014516319;True;5710;"[""940813033""]";[];86.10Z;2026-06-15T15:56:58.170419;85;CHAUDE;199000;39800
30116075000123;301160750;CLINEA;CLINIQUE D'ORGEMONT;;86.10Z;PUB_HOPITAL;PUBLIC;Activités hospitalières;48 RUE D’ORGEMONT 95100 ARGENTEUIL;95100;ARGENTEUIL;95;Île-de-France;11;22;22;100 à 199 salariés;199;O;GE;133;2004-04-30;22.17385352498289;48.954916942;2.2674116222;False;5710;"[""950002568""]";[];86.10Z;2026-06-15T15:56:58.773958;85;CHAUDE;199000;39800
55201562000024;552015620;CENTRE CHIRURGICAL DES PRINCES (CLINIQUE DES PRINCES);;;86.10Z;PUB_HOPITAL;PUBLIC;Activités hospitalières;28 RUE DE PARIS 92100 BOULOGNE-BILLANCOURT;92100;BOULOGNE-BILLANCOURT;92;Île-de-France;11;21;21;50 à 99 salariés;99;N;PME;8;1998-05-28;28.098562628336754;48.839591164;2.2481843707;False;5710;[];[];86.10Z;2026-06-15T15:56:53.809421;85;CHAUDE;99000;19800
55201562000032;552015620;CENTRE CHIRURGICAL DES PRINCES (CLINIQUE DES PRINCES);RESEAU DERMATOCHIR DIRECTE;;86.10Z;PUB_HOPITAL;PUBLIC;Activités hospitalières;31 RUE DES PRINCES 92100 BOULOGNE-BILLANCOURT;92100;BOULOGNE-BILLANCOURT;92;Île-de-France;11;21;21;50 à 99 salariés;99;N;PME;8;2002-07-01;24.005475701574262;48.84033367;2.2482674017;False;5710;[];[];86.10Z;2026-06-15T15:56:53.809421;85;CHAUDE;99000;19800
55201562000057;552015620;CENTRE CHIRURGICAL DES PRINCES (CLINIQUE DES PRINCES);;;86.10Z;PUB_HOPITAL;PUBLIC;Activités hospitalières;26 RUE DE PARIS 92100 BOULOGNE-BILLANCOURT;92100;BOULOGNE-BILLANCOURT;92;Île-de-France;11;21;21;50 à 99 salariés;99;N;PME;8;2022-03-25;4.27378507871321;48.8395623778439;2.24832648605689;False;5710;[];[];86.10Z;2026-06-15T15:56:53.809421;85;CHAUDE;99000;19800
55201562000065;552015620;CENTRE CHIRURGICAL DES PRINCES (CLINIQUE DES PRINCES);;;86.10Z;PUB_HOPITAL;PUBLIC;Activités hospitalières;39 ROND-POINT ANDRE MALRAUX 92100 BOULOGNE-BILLANCOURT;92100;BOULOGNE-BILLANCOURT;92;Île-de-France;11;21;21;50 à 99 salariés;99;N;PME;8;2022-03-25;4.27378507871321;48.840828949;2.2472222792;False;5710;[];[];86.10Z;2026-06-15T15:56:53.809421;85;CHAUDE;99000;19800
55201562000073;552015620;CENTRE CHIRURGICAL DES PRINCES (CLINIQUE DES PRINCES);;;86.10Z;PUB_HOPITAL;PUBLIC;Activités hospitalières;29 RUE DES PRINCES 92100 BOULOGNE-BILLANCOURT;92100;BOULOGNE-BILLANCOURT;92;Île-de-France;11;21;21;50 à 99 salariés;99;N;PME;8;2022-03-25;4.27378507871321;48.8402876103148;2.24852312991613;False;5710;[];[];86.10Z;2026-06-15T15:56:53.809421;85;CHAUDE;99000;19800
70201009100016;702010091;CLINIQUE PARIS LILAS;;;86.10Z;PUB_HOPITAL;PUBLIC;Activités hospitalières;41-45 41 AVENUE DU MARECHAL JUIN 93260 LES LILAS;93260;LES LILAS;93;Île-de-France;11;21;21;50 à 99 salariés;99;O;ETI;1;1970-01-01;56.50102669404517;48.878969630341;2.42266555433055;True;5710;"[""930300264""]";[];86.10Z;2026-06-15T15:56:57.208392;85;CHAUDE;99000;19800
26750045201746;267500452;ASSISTANCE PUBLIQUE HOPITAUX DE PARIS (AP-HP);ACHATS CENTRAUX HOTELIERS LIMENTAIRES;AP-HP;86.10Z;PUB_HOPITAL;PUBLIC;Activités hospitalières;HOPITAL BICETRE 78 RUE DU GENERAL LECLERC 94270 LE KREMLIN-BICETRE;94270;LE KREMLIN-BICETRE;94;Île-de-France;11;21;21;50 à 99 salariés;99;N;GE;177;2002-05-01;24.17248459958932;48.809953235;2.357306809;False;7364;[];[];86.10Z;2026-06-15T15:56:57.422836;85;CHAUDE;99000;19800
26940106300343;269401063;GROUPE HOSPITALIER FONDATION VALLEE - PAUL GUIRAUD;CTRE MEDICO PSYCHOLOGIQUE ADULTE 94G12;;86.10Z;PUB_HOPITAL;PUBLIC;Activités hospitalières;9 PROMENEE VENISE GOSNAT 94200 IVRY-SUR-SEINE;94200;IVRY-SUR-SEINE;94;Île-de-France;11;51;51;2000 à 4999 salariés;4999;N;ETI;95;1985-10-01;40.75290896646133;48.811622691;2.3858142812;False;7364;"[""940000318""]";[];86.10Z;2026-06-15T15:56:57.423917;85;CHAUDE;4999000;999800
77569138900032;775691389;POLE DE SANTE DU PLATEAU;;;86.10Z;PUB_HOPITAL;PUBLIC;Activités hospitalières;5 A 9 5 RUE DES CARNETS 92140 CLAMART;92140;CLAMART;92;Île-de-France;11;22;22;100 à 199 salariés;199;O;ETI;2;2009-01-01;17.50034223134839;48.790536866145;2.26197276798406;False;5710;"[""920300266""]";[];86.10Z;2026-06-15T15:56:54.882132;85;CHAUDE;199000;39800
26920133100015;269201331;HOPITAL DEPARTEMENTAL STELL;;;86.10Z;PUB_HOPITAL;PUBLIC;Activités hospitalières;1 RUE CHARLES DROT 92500 RUEIL-MALMAISON;92500;RUEIL-MALMAISON;92;Île-de-France;11;41;41;500 à 999 salariés;999;O;ETI;7;1983-03-01;43.34017796030116;48.876640274;2.1871328788;True;7364;"[""920000601""]";[];86.10Z;2026-06-15T15:56:54.501304;85;CHAUDE;999000;199800
12000101100200;120001011;SECRETARIAT GENERAL DU GOUVERNEMENT (SGG);SERVICE D'INFORMATION DU GOUVERNEMENT;SGG;84.11Z;PUB_MAIRIE;PUBLIC;Administration publique générale;20 AVENUE DE SEGUR 75007 PARIS;75007;PARIS;75;Île-de-France;11;21;21;50 à 99 salariés;99;N;ETI;18;2017-11-22;8.61054072553046;48.850466845;2.3084586628;False;7120;[];[];84.11Z;2026-06-15T15:56:04.040426;85;CHAUDE;54450;10890
17750230900012;177502309;DIRECTION INTERREGIONALE DES DOUANES ILE-DE-FRANCE (DID);;DID;84.11Z;PUB_MAIRIE;PUBLIC;Administration publique générale;NO 014 A 016 14 RUE YVES TOUDIC 75010 PARIS;75010;PARIS;75;Île-de-France;11;21;21;50 à 99 salariés;99;O;PME;18;1983-03-01;43.34017796030116;48.869434902;2.3642712987;True;7172;[];[];84.11Z;2026-06-15T15:56:04.040426;85;CHAUDE;54450;10890
17750230900061;177502309;DIRECTION INTERREGIONALE DES DOUANES ILE-DE-FRANCE (DID);SERVICE TRAPIL;DID;84.11Z;PUB_MAIRIE;PUBLIC;Administration publique générale;7 RUE DES FRERES MORANE 75015 PARIS;75015;PARIS;75;Île-de-France;11;31;31;200 à 249 salariés;249;N;PME;18;1997-01-01;29.50034223134839;48.841880544;2.2921925128;False;7172;[];[];84.11Z;2026-06-15T15:56:04.040426;85;CHAUDE;136950;27390
30116075000941;301160750;CLINEA;;;86.10Z;PUB_HOPITAL;PUBLIC;Activités hospitalières;104-106 104 RUE DES COURONNES 75020 PARIS;75020;PARIS;75;Île-de-France;11;22;22;100 à 199 salariés;199;O;GE;133;2015-03-01;11.340177960301164;48.870981583;2.3886828323;False;5710;"[""750047128""]";[];86.10Z;2026-06-15T15:56:46.014524;85;CHAUDE;199000;39800
20008210500012;200082105;GROUPE HOSPITALIER UNIVERSITAIRE PARIS - PSYCHIATRIE ET NEUROSCIENCES;;;86.10Z;PUB_HOPITAL;PUBLIC;Activités hospitalières;1 RUE CABANIS 75014 PARIS;75014;PARIS;75;Île-de-France;11;52;52;5000 à 9999 salariés;9999;O;GE;93;2019-01-01;7.501711156741957;48.830196611;2.340447433;True;7364;"[""750000499"", ""750802811""]";[];86.10Z;2026-06-15T15:56:46.015524;85;CHAUDE;9999000;1999800
20008210500061;200082105;GROUPE HOSPITALIER UNIVERSITAIRE PARIS - PSYCHIATRIE ET NEUROSCIENCES;CENTRE POST CURE DES GOBELINS;;86.10Z;PUB_HOPITAL;PUBLIC;Activités hospitalières;7 RUE DES GOBELINS 75013 PARIS;75013;PARIS;75;Île-de-France;11;52;52;5000 à 9999 salariés;9999;N;GE;93;2019-01-01;7.501711156741957;48.835705174;2.3514845822;False;7364;[];[];86.10Z;2026-06-15T15:56:46.015524;85;CHAUDE;9999000;1999800
23750007900072;237500079;REGION ILE DE FRANCE;SERVICE ADMINISTRATIF ANNEXE;;84.11Z;PUB_MAIRIE;PUBLIC;Administration publique générale;6 RUE MONSIEUR 75007 PARIS;75007;PARIS;75;Île-de-France;11;53;53;10000 salariés et plus;10000;O;GE;32;1996-02-01;30.417522245037645;48.851411973;2.3161554872;False;7230;[];[];84.11Z;2026-06-15T15:56:04.039427;85;CHAUDE;5500000;1100000
23750007900080;237500079;REGION ILE DE FRANCE;SERVICE ADMINISTRATIF ANNEXE;;84.11Z;PUB_MAIRIE;PUBLIC;Administration publique générale;34 RUE VANEAU 75007 PARIS;75007;PARIS;75;Île-de-France;11;53;53;10000 salariés et plus;10000;N;GE;32;1993-02-01;33.4154688569473;48.852326747;2.3185421895;False;7230;[];[];84.11Z;2026-06-15T15:56:04.039427;85;CHAUDE;5500000;1100000
23750007900098;237500079;REGION ILE DE FRANCE;CESR-CONSEIL ECONOMIQUE SOCIAL REGIONAL;;84.11Z;PUB_MAIRIE;PUBLIC;Administration publique générale;29 RUE BARBET DE JOUY 75007 PARIS;75007;PARIS;75;Île-de-France;11;53;53;10000 salariés et plus;10000;N;GE;32;1999-12-25;26.521560574948666;48.852339037;2.317322028;False;7230;[];[];84.11Z;2026-06-15T15:56:04.039427;85;CHAUDE;5500000;1100000
23750007900106;237500079;REGION ILE DE FRANCE;SERVICE ADMINISTRATIF ANNEXE;;84.11Z;PUB_MAIRIE;PUBLIC;Administration publique générale;35 BOULEVARD DES INVALIDES 75007 PARIS;75007;PARIS;75;Île-de-France;11;53;53;10000 salariés et plus;10000;O;GE;32;2006-01-01;20.501026694045173;48.851343219;2.3147176825;False;7230;[];[];84.11Z;2026-06-15T15:56:04.039427;85;CHAUDE;5500000;1100000
23750007900114;237500079;REGION ILE DE FRANCE;UNITE SOCIETE;;84.11Z;PUB_MAIRIE;PUBLIC;Administration publique générale;115 RUE DU BAC 75007 PARIS;75007;PARIS;75;Île-de-France;11;53;53;10000 salariés et plus;10000;O;GE;32;2006-12-25;19.520876112251884;48.852163916;2.32371731;False;7230;[];[];84.11Z;2026-06-15T15:56:04.039427;85;CHAUDE;5500000;1100000
26930101600029;269301016;CENTRE HOSPITALIER GENERAL DE ST DENIS;HOPITAL CASANOVA;;86.10Z;PUB_HOPITAL;PUBLIC;Activités hospitalières;11 RUE DANIELLE CASANOVA 93200 SAINT-DENIS;93200;SAINT-DENIS;93;Île-de-France;11;32;32;250 à 499 salariés;499;O;ETI;21;1989-12-31;36.50376454483231;48.930036529;2.3607961885;False;7364;"[""930706239""]";[];86.10Z;2026-06-15T15:56:56.424370;85;CHAUDE;499000;99800
26930101600045;269301016;CENTRE HOSPITALIER GENERAL DE ST DENIS;CENTRE DE LONG SEJOUR DANIELE CASANOVA;;86.10Z;PUB_HOPITAL;PUBLIC;Activités hospitalières;11 RUE DANIELLE CASANOVA 93200 SAINT-DENIS;93200;SAINT-DENIS;93;Île-de-France;11;51;51;2000 à 4999 salariés;4999;N;ETI;21;1989-12-31;36.50376454483231;48.930036529;2.3607961885;False;7364;"[""930703319""]";[];86.10Z;2026-06-15T15:56:56.424370;85;CHAUDE;4999000;999800
21920026800015;219200268;COMMUNE DE COURBEVOIE;MAIRIE;;84.11Z;PUB_MAIRIE;PUBLIC;Administration publique générale;2 PLACE DE L'HOTEL DE VILLE 92400 COURBEVOIE;92400;COURBEVOIE;92;Île-de-France;11;51;51;2000 à 4999 salariés;4999;O;ETI;73;1983-03-01;43.34017796030116;48.895218699;2.256256503;True;7210;[];[];84.11Z;2026-06-15T15:56:27.199917;85;CHAUDE;2749450;549890
38353855000039;383538550;DIAVERUM SAINT-DENIS;;;86.10Z;PUB_HOPITAL;PUBLIC;Activités hospitalières;RUE DES POSTILLONS 30 RUE DIDEROT 93200 SAINT-DENIS;93200;SAINT-DENIS;93;Île-de-France;11;21;21;50 à 99 salariés;99;O;ETI;12;2008-03-26;18.269678302532512;48.936887322;2.3771467238;False;5710;"[""930817333""]";[];86.10Z;2026-06-15T15:56:56.425370;85;CHAUDE;99000;19800
32780710300012;327807103;SOCIETE D'EXPLOITATION DU CENTRE CARDIOLOGIQUE DU NORD (CCN CARDIO);CCN CARDIO;;86.10Z;PUB_HOPITAL;PUBLIC;Activités hospitalières;32-36 32 RUE DES MOULINS GEMEAUX 93200 SAINT-DENIS;93200;SAINT-DENIS;93;Île-de-France;11;41;41;500 à 999 salariés;999;O;ETI;3;1983-07-26;42.93771389459275;48.940714293;2.3468679641;True;5699;"[""930300645""]";[];86.10Z;2026-06-15T15:56:56.425370;85;CHAUDE;999000;199800
34398868900018;343988689;CTRE MEDICO CHIRURGICAL FLOREAL;;;86.10Z;PUB_HOPITAL;PUBLIC;Activités hospitalières;40 RUE FLOREAL 93170 BAGNOLET;93170;BAGNOLET;93;Île-de-France;11;32;32;250 à 499 salariés;499;O;ETI;1;1988-01-20;38.450376454483234;48.8781724881437;2.4308587144036;True;5710;"[""930300082""]";[];86.10Z;2026-06-15T15:56:56.675266;85;CHAUDE;499000;99800
57222052300029;572220523;CLINIQUE DU LANDY;;;86.10Z;PUB_HOPITAL;PUBLIC;Activités hospitalières;23 RUE DU LANDY 93400 SAINT-OUEN-SUR-SEINE;93400;SAINT-OUEN-SUR-SEINE;93;Île-de-France;11;21;21;50 à 99 salariés;99;O;GE;3;1995-05-15;31.134839151266256;48.9165997768035;2.33479139020663;True;5710;"[""930300587""]";[];86.10Z;2026-06-15T15:56:56.950053;85;CHAUDE;99000;19800
45387343200026;453873432;CTRE REEDUCATION FONCTIONNELLE DE PARIS;;;86.10Z;PUB_HOPITAL;PUBLIC;Activités hospitalières;130 RUE DANIELLE CASANOVA 93200 SAINT-DENIS;93200;SAINT-DENIS;93;Île-de-France;11;21;21;50 à 99 salariés;99;O;PME;2;2008-05-01;18.17111567419576;48.925795656;2.3665213843;True;5710;"[""930013818""]";[];86.10Z;2026-06-15T15:56:56.951054;85;CHAUDE;99000;19800
78833995000016;788339950;ASS NAISSANCE MATERNITE LILAS;;;86.10Z;PUB_HOPITAL;PUBLIC;Activités hospitalières;11 RUE DU COQ FRANCAIS 93260 LES LILAS;93260;LES LILAS;93;Île-de-France;11;22;22;100 à 199 salariés;199;O;PME;1;1900-01-01;126.4996577686516;48.8785453847514;2.41493411861071;True;9220;[];[];86.10Z;2026-06-15T15:56:56.951054;85;CHAUDE;199000;39800
30593536300021;305935363;CLINIQUE DE LA DEFENSE;;;86.10Z;PUB_HOPITAL;PUBLIC;Activités hospitalières;16 BOULEVARD EMILE ZOLA 92000 NANTERRE;92000;NANTERRE;92;Île-de-France;11;21;21;50 à 99 salariés;99;O;GE;1;1981-12-01;44.58590006844627;48.8946959717132;2.21160126017976;True;5710;"[""920803798""]";[];86.10Z;2026-06-15T15:56:55.574600;85;CHAUDE;99000;19800
62980391700018;629803917;CLINIQUE DES MARTINETS;;;86.10Z;PUB_HOPITAL;PUBLIC;Activités hospitalières;97 AVENUE ALBERT 1ER 92500 RUEIL-MALMAISON;92500;RUEIL-MALMAISON;92;Île-de-France;11;21;21;50 à 99 salariés;99;O;GE;1;1900-01-01;126.4996577686516;48.884933957;2.1719841618;True;5710;"[""920300837""]";[];86.10Z;2026-06-15T15:56:55.574600;85;CHAUDE;99000;19800
21920024300091;219200243;COMMUNE DE CLICHY;ECOLE MATERNELLE GEORGES BOISSEAU;;85.10Z;PUB_ECOLE;PUBLIC;Enseignement pré-primaire;43 A 45 43 RUE GEORGES BOISSEAU 92110 CLICHY;92110;CLICHY;92;Île-de-France;11;51;51;2000 à 4999 salariés;4999;N;ETI;47;1983-12-21;42.53251197809719;48.9056109905995;2.31466721175905;False;7210;[];[];84.11Z;2026-06-15T15:56:27.202924;85;CHAUDE;2499500;499900
52029338200021;520293382;MAISON DE SANTE DE ROCHEBRUNE;CLINIQUE DE ROCHEBRUNE;;86.10Z;PUB_HOPITAL;PUBLIC;Activités hospitalières;153 RUE DE BUZENVAL 92380 GARCHES;92380;GARCHES;92;Île-de-France;11;22;22;100 à 199 salariés;199;O;GE;3;2013-10-14;12.71731690622861;48.8532324088349;2.20083167096752;False;5710;"[""920007549""]";[];86.10Z;2026-06-15T15:56:54.502403;85;CHAUDE;199000;39800
78537608800015;785376088;HOPITAL SUISSE DE PARIS;;;86.10Z;PUB_HOPITAL;PUBLIC;Activités hospitalières;10 RUE MINARD 92130 ISSY-LES-MOULINEAUX;92130;ISSY-LES-MOULINEAUX;92;Île-de-France;11;22;22;100 à 199 salariés;199;O;PME;2;1900-01-01;126.4996577686516;48.823589828;2.2771704277;True;9220;"[""920000635""]";[];86.10Z;2026-06-15T15:56:54.502403;85;CHAUDE;199000;39800
78537608800023;785376088;HOPITAL SUISSE DE PARIS;HOPITAL LONG SEJOUR;;86.10Z;PUB_HOPITAL;PUBLIC;Activités hospitalières;10 RUE MINARD 92130 ISSY-LES-MOULINEAUX;92130;ISSY-LES-MOULINEAUX;92;Île-de-France;11;22;22;100 à 199 salariés;199;N;PME;2;1990-08-03;35.9151266255989;48.823589828;2.2771704277;False;9220;[];[];86.10Z;2026-06-15T15:56:54.502403;85;CHAUDE;199000;39800
69202837600048;692028376;HOPITAL EUROPEEN DE PARIS GVM CARE & RESEARCH (HEP GVM);HOPITAL EUROPEEN DE PARIS EUROPITAL;;86.10Z;PUB_HOPITAL;PUBLIC;Activités hospitalières;59-61 RUE HENRI BARBUSSE 93308 AUBERVILLIERS;93308;AUBERVILLIERS;93;Île-de-France;11;32;32;250 à 499 salariés;499;N;ETI;4;2023-09-01;2.836413415468857;48.905632552;2.3887536334;True;5710;"[""930300025""]";[];86.10Z;2026-06-15T15:56:56.951054;85;CHAUDE;499000;99800
13001249500151;130012495;DIRECTION REGIONALE FINANCES PUBLIQUES ILE DE FRANCE ET DEPARTEMENT PARIS (DRFIP);DIR REGION FINANCES PUBLIQUES D'IDF ET PARIS -;DRFIP;84.11Z;PUB_MAIRIE;PUBLIC;Administration publique générale;94 RUE REAUMUR 75002 PARIS;75002;PARIS;75;Île-de-France;11;51;51;2000 à 4999 salariés;4999;N;ETI;286;2010-09-01;15.835728952772074;48.867039986;2.3492990142;False;7171;[];[];84.11Z;2026-06-15T15:56:04.039427;85;CHAUDE;2749450;549890
78435330200051;784353302;ECOLE INTERNATIONALE BILINGUE MONCEAU (EIB MONCEAU);EIB MONCEAU;;85.20Z;PUB_ECOLE;PUBLIC;Enseignement primaire;7 RUE ALFRED DE VIGNY 75008 PARIS;75008;PARIS;75;Île-de-France;11;32;32;250 à 499 salariés;499;N;ETI;7;1972-09-01;53.83436002737851;48.878957743;2.305006971;False;5202;[];[];85.20Z;2026-06-15T15:56:37.591683;85;CHAUDE;249500;49900
78435330200069;784353302;ECOLE INTERNATIONALE BILINGUE MONCEAU (EIB MONCEAU);;;85.20Z;PUB_ECOLE;PUBLIC;Enseignement primaire;117 BOULEVARD MALESHERBES 75008 PARIS;75008;PARIS;75;Île-de-France;11;32;32;250 à 499 salariés;499;O;ETI;7;1982-09-01;43.83572895277207;48.880494883;2.3126701346;False;5202;[];[];85.20Z;2026-06-15T15:56:37.591683;85;CHAUDE;249500;49900
78435330200077;784353302;ECOLE INTERNATIONALE BILINGUE MONCEAU (EIB MONCEAU);EIB MONCEAU;;85.20Z;PUB_ECOLE;PUBLIC;Enseignement primaire;67 RUE DE MONCEAU 75008 PARIS;75008;PARIS;75;Île-de-France;11;32;32;250 à 499 salariés;499;N;ETI;7;1998-04-01;28.254620123203285;48.879034951;2.313242993;False;5202;[];[];85.20Z;2026-06-15T15:56:37.591683;85;CHAUDE;249500;49900
16002205900408;160022059;DIRECTION NATIONALE D'INTERVENTIONS DOMANIALES (DNID);AUTRES FONCTIONS EXCENTREES AUBERVI;DNID;84.11Z;PUB_MAIRIE;PUBLIC;Administration publique générale;17 RUE SCRIBE 75009 PARIS;75009;PARIS;75;Île-de-France;11;32;32;250 à 499 salariés;499;N;ETI;35;2006-10-01;19.753593429158112;48.872674027;2.3308549868;False;7160;[];[];84.11Z;2026-06-15T15:56:04.039427;85;CHAUDE;274450;54890
16002211700016;160022117;DIRECTION NATIONALE DES VERIFICATIONS DE SITUATIONS FISCALES (DNVSF);SERVICE DE LA DIRECTION  PARIS;DNVSF;84.11Z;PUB_MAIRIE;PUBLIC;Administration publique générale;34 RUE AMPERE 75017 PARIS;75017;PARIS;75;Île-de-France;11;22;22;100 à 199 salariés;199;O;ETI;28;1983-03-17;43.29637234770705;48.885368275;2.302236305;True;7160;[];[];84.11Z;2026-06-15T15:56:04.039427;85;CHAUDE;109450;21890
18000701502148;180007015;OFFICE NATIONAL DES COMBATTANTS ET DES VICTIMES DE GUERRE (ONACVG);MEMORIAL DE LA GUERRE D’ALGERIE ET DES COMBATS DU;ONACVG;84.11Z;PUB_MAIRIE;PUBLIC;Administration publique générale;65 QUAI JACQUES CHIRAC 75007 PARIS;75007;PARIS;75;Île-de-France;11;41;41;500 à 999 salariés;999;N;ETI;246;2025-07-31;0.922655715263518;48.8602791290949;2.29545182957319;False;7389;[];[];84.11Z;2026-06-15T15:56:04.039427;85;CHAUDE;549450;109890
23750007900015;237500079;REGION ILE DE FRANCE;GESTION ADMINISTRATIVE DES LYCEES;;84.11Z;PUB_MAIRIE;PUBLIC;Administration publique générale;33 RUE BARBET DE JOUY 75007 PARIS;75007;PARIS;75;Île-de-France;11;52;52;5000 à 9999 salariés;9999;O;GE;32;1983-03-01;43.34017796030116;48.852136479;2.3175071633;False;7230;[];[];84.11Z;2026-06-15T15:56:04.039427;85;CHAUDE;5499450;1099890
23750007900056;237500079;REGION ILE DE FRANCE;SERVICES DE L'ASSEMBLEE REGIONALE;;84.11Z;PUB_MAIRIE;PUBLIC;Administration publique générale;57 RUE DE BABYLONE 75007 PARIS;75007;PARIS;75;Île-de-France;11;53;53;10000 salariés et plus;10000;N;GE;32;1995-01-10;31.477070499657767;48.851714383;2.3169508058;False;7230;[];[];84.11Z;2026-06-15T15:56:04.039427;85;CHAUDE;5500000;1100000
23750007900064;237500079;REGION ILE DE FRANCE;DIRECTION ADMINISTRATION GENERALE;;84.11Z;PUB_MAIRIE;PUBLIC;Administration publique générale;35 BOULEVARD DES INVALIDES 75007 PARIS;75007;PARIS;75;Île-de-France;11;53;53;10000 salariés et plus;10000;O;GE;32;1996-02-01;30.417522245037645;48.851343219;2.3147176825;False;7230;[];[];84.11Z;2026-06-15T15:56:04.039427;85;CHAUDE;5500000;1100000
12002001101536;120020011;DIRECTION DES RESSOURCES HUMAINES DES MINISTERES ECONOMIQUES ET FINANCIERS (SG/DRH);ANNEXE RICHELIEU;SG/DRH;84.11Z;PUB_MAIRIE;PUBLIC;Administration publique générale;24 RUE DE RICHELIEU 75001 PARIS;75001;PARIS;75;Île-de-France;11;42;42;1000 à 1999 salariés;1999;N;ETI;295;1961-10-16;64.71184120465435;48.864922625;2.3365481087;False;7120;[];[];84.11Z;2026-06-15T15:56:04.038424;85;CHAUDE;1099450;219890
13001249500011;130012495;DIRECTION REGIONALE FINANCES PUBLIQUES ILE DE FRANCE ET DEPARTEMENT PARIS (DRFIP);;DRFIP;84.11Z;PUB_MAIRIE;PUBLIC;Administration publique générale;94 RUE REAUMUR 75002 PARIS;75002;PARIS;75;Île-de-France;11;41;41;500 à 999 salariés;999;O;ETI;286;2010-09-01;15.835728952772074;48.867002455;2.3494096299;True;7171;[];[];84.11Z;2026-06-15T15:56:04.038424;85;CHAUDE;549450;109890
13001249500110;130012495;DIRECTION REGIONALE FINANCES PUBLIQUES ILE DE FRANCE ET DEPARTEMENT PARIS (DRFIP);DIR REGION FINANCES PUB IDF-PARIS ETS LOCAUX INT;DRFIP;84.11Z;PUB_MAIRIE;PUBLIC;Administration publique générale;94 RUE REAUMUR 75002 PARIS;75002;PARIS;75;Île-de-France;11;51;51;2000 à 4999 salariés;4999;N;ETI;286;2010-09-01;15.835728952772074;48.867039986;2.3492990142;False;7171;[];[];84.11Z;2026-06-15T15:56:04.038424;85;CHAUDE;2749450;549890
13001249500136;130012495;DIRECTION REGIONALE FINANCES PUBLIQUES ILE DE FRANCE ET DEPARTEMENT PARIS (DRFIP);R.G.F DE PARIS - REGION;DRFIP;84.11Z;PUB_MAIRIE;PUBLIC;Administration publique générale;94 RUE REAUMUR 75002 PARIS;75002;PARIS;75;Île-de-France;11;51;51;2000 à 4999 salariés;4999;N;ETI;286;2010-09-01;15.835728952772074;48.867039986;2.3492990142;False;7171;[];[];84.11Z;2026-06-15T15:56:04.038424;85;CHAUDE;2749450;549890
13001249500144;130012495;DIRECTION REGIONALE FINANCES PUBLIQUES ILE DE FRANCE ET DEPARTEMENT PARIS (DRFIP);R.G.F DE PARIS-PREFECTURE DE POLICE;DRFIP;84.11Z;PUB_MAIRIE;PUBLIC;Administration publique générale;94 RUE REAUMUR 75002 PARIS;75002;PARIS;75;Île-de-France;11;51;51;2000 à 4999 salariés;4999;N;ETI;286;2010-09-01;15.835728952772074;48.867039986;2.3492990142;False;7171;[];[];84.11Z;2026-06-15T15:56:04.039427;85;CHAUDE;2749450;549890
31070988600702;310709886;ASS DIWAN BREIZH;;;85.20Z;PUB_ECOLE;PUBLIC;Enseignement primaire;38 RUE LIANCOURT 75014 PARIS;75014;PARIS;75;Île-de-France;11;32;32;250 à 499 salariés;499;O;PME;90;2006-09-01;19.835728952772072;48.834540112;2.3255427815;False;9220;[];[];85.20Z;2026-06-15T15:56:37.591683;85;CHAUDE;249500;49900
21750001600118;217500016;VILLE DE PARIS;ECOLE ELEMENTAIRE;;85.20Z;PUB_ECOLE;PUBLIC;Enseignement primaire;3 PLACE DU CARDINAL AMETTE 75015 PARIS;75015;PARIS;75;Île-de-France;11;21;21;50 à 99 salariés;99;O;GE;3027;1983-12-21;42.53251197809719;48.850937346;2.2971071888;False;7229;[];"[""0751065A""]";84.11Z;2026-06-15T15:56:04.038424;85;CHAUDE;49500;9900
22760540902239;227605409;DEPARTEMENT DE LA SEINE MARITIME;MAISON DU DEPARTEMENT;;84.11Z;PUB_MAIRIE;PUBLIC;Administration publique générale;18 RUE DE TURBIGO 75002 PARIS;75002;PARIS;75;Île-de-France;11;52;52;5000 à 9999 salariés;9999;O;GE;212;2007-08-01;18.921286789869956;48.864052169;2.3503390495;False;7220;[];[];84.11Z;2026-06-15T15:56:04.038424;85;CHAUDE;5499450;1099890
12002001101353;120020011;DIRECTION DES RESSOURCES HUMAINES DES MINISTERES ECONOMIQUES ET FINANCIERS (SG/DRH);ANNEXE RIVOLI;SG/DRH;84.11Z;PUB_MAIRIE;PUBLIC;Administration publique générale;180 RUE DE RIVOLI 75001 PARIS;75001;PARIS;75;Île-de-France;11;42;42;1000 à 1999 salariés;1999;N;ETI;295;1993-01-01;33.50034223134839;48.863223193;2.3344214946;False;7120;[];[];84.11Z;2026-06-15T15:56:04.038424;85;CHAUDE;1099450;219890
48841184400084;488411844;BTP RESIDENCES MEDICO SOCIALES;;;86.10Z;PUB_HOPITAL;PUBLIC;Activités hospitalières;LES FLORALIES 2 RUE DESCARTES 93170 BAGNOLET;93170;BAGNOLET;93;Île-de-France;11;22;22;100 à 199 salariés;199;O;ETI;20;2006-01-01;20.501026694045173;48.869009669;2.4263207247;False;9220;"[""930150057"", ""930700208""]";[];86.10Z;2026-06-15T15:56:56.425370;85;CHAUDE;199000;39800
48841184400175;488411844;BTP RESIDENCES MEDICO SOCIALES;UNITE DE SOINS LONGUE DUREE;;86.10Z;PUB_HOPITAL;PUBLIC;Activités hospitalières;USLD LES FLORALIES 2 RUE DESCARTES 93170 BAGNOLET;93170;BAGNOLET;93;Île-de-France;11;42;42;1000 à 1999 salariés;1999;N;ETI;20;2020-10-22;5.69472963723477;48.868905198;2.4263271919;False;9220;"[""930815527""]";[];86.10Z;2026-06-15T15:56:56.425370;85;CHAUDE;1999000;399800
26930093501029;269300935;ETS PUBLIC DE SANTE DE VILLE-EVRARD;CMP - CATTP SAINT DENIS;;86.10Z;PUB_HOPITAL;PUBLIC;Activités hospitalières;6 RUE AUGUSTE POULLAIN 93200 SAINT-DENIS;93200;SAINT-DENIS;93;Île-de-France;11;51;51;2000 à 4999 salariés;4999;N;ETI;117;2014-12-23;11.526351813826146;48.940777399;2.3558372131;False;7364;[];[];86.10Z;2026-06-15T15:56:56.424370;85;CHAUDE;4999000;999800
26930093501052;269300935;ETS PUBLIC DE SANTE DE VILLE-EVRARD;CMP D'AUBERVILLIERS;;86.10Z;PUB_HOPITAL;PUBLIC;Activités hospitalières;15 RUE DU CLOS BENARD 93300 AUBERVILLIERS;93300;AUBERVILLIERS;93;Île-de-France;11;51;51;2000 à 4999 salariés;4999;N;ETI;117;2003-01-01;23.50171115674196;48.911905797;2.3863010344;False;7364;[];[];86.10Z;2026-06-15T15:56:56.424370;85;CHAUDE;4999000;999800
13000729700125;130007297;DIRECTION DEPARTEMENTALE DES FINANCES PUBLIQUES DES HAUTS DE SEINE (DDFIP);PCRP HAUTS-DE-SEINE;DDFIP;84.11Z;PUB_MAIRIE;PUBLIC;Administration publique générale;CENTRE DES FINANCES PUBLIQUES 74 RUE CHAUVEAU 92200 NEUILLY-SUR-SEINE;92200;NEUILLY-SUR-SEINE;92;Île-de-France;11;42;42;1000 à 1999 salariés;1999;N;ETI;196;2010-01-18;16.45448323066393;48.8943700564987;2.27090434713235;False;7172;[];[];84.11Z;2026-06-15T15:56:27.201921;85;CHAUDE;1099450;219890
26930093501094;269300935;ETS PUBLIC DE SANTE DE VILLE-EVRARD;HOPITAL DE JOUR BAGNOLET 93G12;;86.10Z;PUB_HOPITAL;PUBLIC;Activités hospitalières;59-61 59 RUE VICTOR HUGO 93170 BAGNOLET;93170;BAGNOLET;93;Île-de-France;11;51;51;2000 à 4999 salariés;4999;N;ETI;117;2017-06-19;9.037645448323069;48.8581814759307;2.41987183196091;False;7364;[];[];86.10Z;2026-06-15T15:56:56.424370;85;CHAUDE;4999000;999800
26930093501102;269300935;ETS PUBLIC DE SANTE DE VILLE-EVRARD;CMP-CATTP BAGNOLET 93G12;;86.10Z;PUB_HOPITAL;PUBLIC;Activités hospitalières;59-61 59 RUE VICTOR HUGO 93170 BAGNOLET;93170;BAGNOLET;93;Île-de-France;11;51;51;2000 à 4999 salariés;4999;N;ETI;117;2017-05-02;9.169062286105408;48.8581814759307;2.41987183196091;False;7364;[];[];86.10Z;2026-06-15T15:56:56.424370;85;CHAUDE;4999000;999800
26930093501110;269300935;ETS PUBLIC DE SANTE DE VILLE-EVRARD;CMP CROIX ROUGE BAGNOLET 93I03;;86.10Z;PUB_HOPITAL;PUBLIC;Activités hospitalières;4 RUE DU LIEUTENANT THOMAS 93170 BAGNOLET;93170;BAGNOLET;93;Île-de-France;11;51;51;2000 à 4999 salariés;4999;N;ETI;117;2018-03-01;8.33949349760438;48.859894213;2.4193582615;False;7364;[];[];86.10Z;2026-06-15T15:56:56.424370;85;CHAUDE;4999000;999800
31070988600595;310709886;ASS DIWAN BREIZH;;;85.20Z;PUB_ECOLE;PUBLIC;Enseignement primaire;5 RUE DU MOULIN VERT 75014 PARIS;75014;PARIS;75;Île-de-France;11;32;32;250 à 499 salariés;499;O;PME;90;2004-09-02;21.831622176591377;48.829158161;2.325684608;False;9220;[];[];85.20Z;2026-06-15T15:56:37.591683;85;CHAUDE;249500;49900
13001249500276;130012495;DIRECTION REGIONALE FINANCES PUBLIQUES ILE DE FRANCE ET DEPARTEMENT PARIS (DRFIP);SIP PARIS 15E  OUEST;DRFIP;84.11Z;PUB_MAIRIE;PUBLIC;Administration publique générale;13 RUE DU GENERAL BEURET 75015 PARIS;75015;PARIS;75;Île-de-France;11;21;21;50 à 99 salariés;99;N;ETI;286;2010-09-01;15.835728952772074;48.841046302;2.30266891;False;7171;[];[];84.11Z;2026-06-15T15:56:04.039427;85;CHAUDE;54450;10890
18000701500019;180007015;OFFICE NATIONAL DES COMBATTANTS ET DES VICTIMES DE GUERRE (ONACVG);;ONACVG;84.11Z;PUB_MAIRIE;PUBLIC;Administration publique générale;HOTEL NATIONAL DES INVALIDES 129 RUE DE GRENELLE 75007 PARIS;75007;PARIS;75;Île-de-France;11;22;22;100 à 199 salariés;199;O;ETI;246;1983-03-01;43.34017796030116;48.857106659;2.3127421991;True;7389;[];[];84.11Z;2026-06-15T15:56:04.039427;85;CHAUDE;109450;21890
18000701502130;180007015;OFFICE NATIONAL DES COMBATTANTS ET DES VICTIMES DE GUERRE (ONACVG);MONUMENT AUX MORTS POUR LA FRANCE EN ;ONACVG;84.11Z;PUB_MAIRIE;PUBLIC;Administration publique générale;PARC ANDRE-CITROEN - JARDIN EUGENIE DJENDI 29 RUE DE LA MONTAGNE DE LA FAGE 75015 PARIS;75015;PARIS;75;Île-de-France;11;41;41;500 à 999 salariés;999;N;ETI;246;2025-07-31;0.922655715263518;48.8387149915085;2.27762297136014;False;7389;[];[];84.11Z;2026-06-15T15:56:04.039427;85;CHAUDE;549450;109890
21750001600019;217500016;VILLE DE PARIS;MAIRIE;;84.11Z;PUB_MAIRIE;PUBLIC;Administration publique générale;4 PL HOTEL VILLE ESP LIBERATION 75004 PARIS 04;75004;PARIS 04;75;Île-de-France;11;42;42;1000 à 1999 salariés;1999;O;GE;3027;1983-03-01;43.34017796030116;48.856507956;2.3520586814;True;7229;[];[];84.11Z;2026-06-15T15:56:04.038424;85;CHAUDE;1099450;219890
13001249500193;130012495;DIRECTION REGIONALE FINANCES PUBLIQUES ILE DE FRANCE ET DEPARTEMENT PARIS (DRFIP);SIP DE PARIS 14EME;DRFIP;84.11Z;PUB_MAIRIE;PUBLIC;Administration publique générale;29 RUE DU MOULIN VERT 75014 PARIS;75014;PARIS;75;Île-de-France;11;12;12;20 à 49 salariés;49;N;ETI;286;2010-09-01;15.835728952772074;48.82959521;2.3237170724;False;7171;[];[];84.11Z;2026-06-15T15:56:04.039427;80;CHAUDE;26950;5390
47818490600012;478184906;CITE ARCHITECTURE ET PATRIMOINE;;;91.02Z;PUB_MUSEE;PUBLIC;Gestion des musées;PALAIS DE CHAILLOT 1 PL TROCADERO ET 11 NOVEMBRE 75016 PARIS 16;75016;PARIS 16;75;Île-de-France;11;22;22;100 à 199 salariés;199;O;PME;1;2004-07-09;21.98220396988364;48.863048941;2.2893952914;True;4110;[];"[""0755222U""]";91.02Z;2026-06-15T16:09:22.979742;80;CHAUDE;129350;25870
53399405900012;533994059;PALAIS DE TOKYO;;;91.02Z;PUB_MUSEE;PUBLIC;Gestion des musées;13 AVENUE DU PRESIDENT WILSON 75016 PARIS;75016;PARIS;75;Île-de-France;11;22;22;100 à 199 salariés;199;O;PME;1;2011-09-01;14.836413415468858;48.864204322;2.2972058571;True;5710;[];[];91.02Z;2026-06-15T16:09:24.480580;80;CHAUDE;129350;25870
13000495500014;130004955;DIRECTION GENERALE DES FINANCES PUBLIQUES (DGFIP);;DGFIP;84.11Z;PUB_MAIRIE;PUBLIC;Administration publique générale;BATIMENT COLBERT 139 RUE DE BERCY 75012 PARIS;75012;PARIS;75;Île-de-France;11;51;51;2000 à 4999 salariés;4999;O;ETI;83;2008-04-03;18.24777549623545;48.840945686;2.3780054136;True;7120;[];[];84.11Z;2026-06-15T15:56:04.039427;80;CHAUDE;2749450;549890
13000495500378;130004955;DIRECTION GENERALE DES FINANCES PUBLIQUES (DGFIP);SCE CONTROLE BUDG MIN JEUNESSE SPORTS;DGFIP;84.11Z;PUB_MAIRIE;PUBLIC;Administration publique générale;95 AVENUE DE FRANCE 75013 PARIS;75013;PARIS;75;Île-de-France;11;51;51;2000 à 4999 salariés;4999;N;ETI;83;2010-09-01;15.835728952772074;48.82932292;2.3775756349;False;7120;[];[];84.11Z;2026-06-15T15:56:04.039427;80;CHAUDE;2749450;549890
16002203400849;160022034;DIRECTION DES VERIFICATIONS NATIONALES ET INTERNATIONALES (DVNI);;DVNI;84.11Z;PUB_MAIRIE;PUBLIC;Administration publique générale;56 AVENUE DE METZ 93230 ROMAINVILLE;93230;ROMAINVILLE;93;Île-de-France;11;32;32;250 à 499 salariés;499;N;ETI;78;2025-03-03;1.3333333333333333;48.8963227087213;2.43146005668209;True;7160;[];[];84.11Z;2026-06-15T15:56:04.039427;80;CHAUDE;274450;54890
12002701600563;120027016;INSTITUT NATIONAL DE LA STATISTIQUE ET DES ETUDES ECONOMIQUES (INSEE);DIRECTION GENERALE;INSEE;84.11Z;PUB_MAIRIE;PUBLIC;Administration publique générale;IMMEUBLE WHITE 88 AVENUE VERDIER 92120 MONTROUGE;92120;MONTROUGE;92;Île-de-France;11;42;42;1000 à 1999 salariés;1999;N;ETI;57;2018-03-01;8.33949349760438;48.816302544;2.3084504789;True;7120;[];[];84.11Z;2026-06-15T15:56:04.039427;80;CHAUDE;1099450;219890
21940076900010;219400769;COMMUNE DE VILLEJUIF;MAIRIE;;84.11Z;PUB_MAIRIE;PUBLIC;Administration publique générale;ESP PIERRE YVES COSNIER 94800 VILLEJUIF;94800;VILLEJUIF;94;Île-de-France;11;42;42;1000 à 1999 salariés;1999;O;ETI;60;1983-03-01;43.34017796030116;48.791887477;2.3636499028;True;7210;[];[];84.11Z;2026-06-15T15:56:30.568676;80;CHAUDE;1099450;219890
21940076900093;219400769;COMMUNE DE VILLEJUIF;ECOLE MATERNELLE PUBLIQUE GPE GUY MOQUET;;85.10Z;PUB_ECOLE;PUBLIC;Enseignement pré-primaire;103 AVENUE PAUL VAILLANT-COUTURIER 94800 VILLEJUIF;94800;VILLEJUIF;94;Île-de-France;11;42;42;1000 à 1999 salariés;1999;N;ETI;60;1983-12-21;42.53251197809719;48.794449491;2.3562903306;False;7210;[];[];84.11Z;2026-06-15T15:56:30.568676;80;CHAUDE;999500;199900
52141137100037;521411371;ECOLE GALILEE;;;85.20Z;PUB_ECOLE;PUBLIC;Enseignement primaire;14 RUE DE REMUSAT 75016 PARIS;75016;PARIS;75;Île-de-France;11;12;12;20 à 49 salariés;49;N;PME;4;2013-01-01;13.500342231348393;48.848124556;2.2711730529;False;5710;[];[];85.20Z;2026-06-15T15:56:37.592682;80;CHAUDE;24500;4900
77566671200010;775666712;ASSOCIATION NOTRE FAMILLE;;;85.20Z;PUB_ECOLE;PUBLIC;Enseignement primaire;25 RUE SURCOUF 75007 PARIS;75007;PARIS;75;Île-de-France;11;12;12;20 à 49 salariés;49;N;PME;4;1900-01-01;126.4996577686516;48.860463059;2.3097288175;True;9220;[];[];85.20Z;2026-06-15T15:56:37.592682;80;CHAUDE;24500;4900
91482237400031;914822374;ECOLE MONTESSORI INTERNATIONALE TRILINGUE DE NOGENT-SUR-MARNE;;;85.20Z;PUB_ECOLE;PUBLIC;Enseignement primaire;14 RUE HUMBLOT 75015 PARIS;75015;PARIS;75;Île-de-France;11;12;12;20 à 49 salariés;49;N;ETI;3;2024-03-04;2.329911019849418;48.850958616266;2.29415117626315;True;5710;[];[];85.20Z;2026-06-15T15:56:37.592682;80;CHAUDE;24500;4900
49091895000034;490918950;ASSOCIATION POUR UNE EDUCATION JUIVE MODERNE (EJM);;EJM;85.20Z;PUB_ECOLE;PUBLIC;Enseignement primaire;23 B RUE GUILLAUME TELL 75017 PARIS;75017;PARIS;75;Île-de-France;11;12;12;20 à 49 salariés;49;N;PME;3;2018-12-21;7.531827515400411;48.884598068;2.2946052897;True;9220;[];"[""0755264P""]";85.20Z;2026-06-15T15:56:37.931080;80;CHAUDE;24500;4900
78480872700027;784808727;OGEC ECOLE PRIVEE SAINTE LOUISE;;;85.20Z;PUB_ECOLE;PUBLIC;Enseignement primaire;29 RUE DES ENVIERGES 75020 PARIS;75020;PARIS;75;Île-de-France;11;21;21;50 à 99 salariés;99;O;PME;3;2013-06-03;13.08145106091718;48.872485259;2.3876245455;True;9220;[];"[""0754007Y"", ""0755709Y""]";85.20Z;2026-06-15T15:56:37.931080;80;CHAUDE;49500;9900
78425935000014;784259350;OGEC STE CATHERINE;;;85.20Z;PUB_ECOLE;PUBLIC;Enseignement primaire;15 RUE DES BERNARDINS 75005 PARIS;75005;PARIS;75;Île-de-France;11;12;12;20 à 49 salariés;49;O;PME;1;1900-01-01;126.4996577686516;48.850511274;2.3511677213;True;9220;[];"[""0750149E""]";85.20Z;2026-06-15T15:56:38.209772;80;CHAUDE;24500;4900
52528694400018;525286944;BILINGUAL INTERNATIONAL SCHOOL OF PARIS (BISP);;BISP;85.20Z;PUB_ECOLE;PUBLIC;Enseignement primaire;61 AU 63 61 RUE DES ENTREPRENEURS 75015 PARIS;75015;PARIS;75;Île-de-France;11;12;12;20 à 49 salariés;49;O;PME;1;2010-08-24;15.85763175906913;48.845481216;2.2887895839;True;9220;[];[];85.20Z;2026-06-15T15:56:38.209772;80;CHAUDE;24500;4900
77568307100010;775683071;OGEC SOC ELISABETH DE PLAISANC;;;85.20Z;PUB_ECOLE;PUBLIC;Enseignement primaire;12 RUE CROCE-SPINELLI 75014 PARIS;75014;PARIS;75;Île-de-France;11;12;12;20 à 49 salariés;49;O;PME;1;1900-01-01;126.4996577686516;48.835259051;2.3168864676;True;9220;[];"[""0750255V""]";85.20Z;2026-06-15T15:56:38.209772;80;CHAUDE;24500;4900
21920025000013;219200250;COMMUNE DE COLOMBES;MAIRIE;;84.11Z;PUB_MAIRIE;PUBLIC;Administration publique générale;PLACE DE LA REPUBLIQUE 92700 COLOMBES;92700;COLOMBES;92;Île-de-France;11;51;51;2000 à 4999 salariés;4999;O;ETI;62;1983-03-01;43.34017796030116;48.922421146;2.2544560783;True;7210;"[""920010295""]";[];84.11Z;2026-06-15T15:56:27.200921;80;CHAUDE;2749450;549890
21920025000112;219200250;COMMUNE DE COLOMBES;ECOLE PRIMAIRE PUBLIQUE BUFFON A;;85.20Z;PUB_ECOLE;PUBLIC;Enseignement primaire;3 RUE DES CANIBOUTS 92700 COLOMBES;92700;COLOMBES;92;Île-de-France;11;51;51;2000 à 4999 salariés;4999;N;ETI;62;1983-12-21;42.53251197809719;48.911904992;2.228540337;False;7210;[];[];84.11Z;2026-06-15T15:56:27.201921;80;CHAUDE;2499500;499900
13000729700018;130007297;DIRECTION DEPARTEMENTALE DES FINANCES PUBLIQUES DES HAUTS DE SEINE (DDFIP);;DDFIP;84.11Z;PUB_MAIRIE;PUBLIC;Administration publique générale;167 AVENUE FREDERIC ET IRENE JOLIOT CURIE 92000 NANTERRE;92000;NANTERRE;92;Île-de-France;11;32;32;250 à 499 salariés;499;O;ETI;196;2009-07-06;16.99110198494182;48.896709844;2.2167123714;True;7172;[];[];84.11Z;2026-06-15T15:56:27.201921;80;CHAUDE;274450;54890
13000729700174;130007297;DIRECTION DEPARTEMENTALE DES FINANCES PUBLIQUES DES HAUTS DE SEINE (DDFIP);SIE DE NEUILLY;DDFIP;84.11Z;PUB_MAIRIE;PUBLIC;Administration publique générale;CENTRE DES FINANCES PUBLIQUES 74 RUE CHAUVEAU 92200 NEUILLY-SUR-SEINE;92200;NEUILLY-SUR-SEINE;92;Île-de-France;11;12;12;20 à 49 salariés;49;N;ETI;196;2010-01-18;16.45448323066393;48.8943700564987;2.27090434713235;False;7172;[];[];84.11Z;2026-06-15T15:56:27.201921;80;CHAUDE;26950;5390
26930093501060;269300935;ETS PUBLIC DE SANTE DE VILLE-EVRARD;CMP NOISY LE SEC;;86.10Z;PUB_HOPITAL;PUBLIC;Activités hospitalières;57 RUE JEAN JAURES 93130 NOISY-LE-SEC;93130;NOISY-LE-SEC;93;Île-de-France;11;51;51;2000 à 4999 salariés;4999;N;ETI;117;1982-01-01;44.50102669404517;48.893542053;2.456686581;False;7364;[];[];86.10Z;2026-06-15T15:56:56.424370;80;CHAUDE;4999000;999800
26930093501078;269300935;ETS PUBLIC DE SANTE DE VILLE-EVRARD;CATTP DRANCY;;86.10Z;PUB_HOPITAL;PUBLIC;Activités hospitalières;118 RUE ROGER SALENGRO 93700 DRANCY;93700;DRANCY;93;Île-de-France;11;51;51;2000 à 4999 salariés;4999;N;ETI;117;2014-12-23;11.526351813826146;48.91626631;2.436086912;False;7364;"[""930025879""]";[];86.10Z;2026-06-15T15:56:56.424370;80;CHAUDE;4999000;999800
48026601400186;480266014;VYV3 ILE-DE-FRANCE;RELAIS VILLEMOMBLE;;86.10Z;PUB_HOPITAL;PUBLIC;Activités hospitalières;17 RUE BERNARD GANTE 93250 VILLEMOMBLE;93250;VILLEMOMBLE;93;Île-de-France;11;21;21;50 à 99 salariés;99;O;GE;61;2016-08-01;9.919233401779604;48.8892336044161;2.50938351183638;False;8210;"[""930811682""]";[];86.10Z;2026-06-15T15:56:56.424370;80;CHAUDE;99000;19800
48026601400202;480266014;VYV3 ILE-DE-FRANCE;ST ANTOINE PADOUE;;86.10Z;PUB_HOPITAL;PUBLIC;Activités hospitalières;11 RUE TRIPIER 93130 NOISY-LE-SEC;93130;NOISY-LE-SEC;93;Île-de-France;11;22;22;100 à 199 salariés;199;O;GE;61;2016-08-01;9.919233401779604;48.889465626;2.4489681266;False;8210;[];[];86.10Z;2026-06-15T15:56:56.424370;80;CHAUDE;199000;39800
48026601400210;480266014;VYV3 ILE-DE-FRANCE;STE MARTHE;;86.10Z;PUB_HOPITAL;PUBLIC;Activités hospitalières;1 RUE DU LIEUTENANT LEBRUN 93000 BOBIGNY;93000;BOBIGNY;93;Île-de-France;11;21;21;50 à 99 salariés;99;O;GE;61;2016-08-01;9.919233401779604;48.906976059;2.4401804161;False;8210;"[""930460100""]";[];86.10Z;2026-06-15T15:56:56.424370;80;CHAUDE;99000;19800
48026601400228;480266014;VYV3 ILE-DE-FRANCE;RELAIS DRANCY;;86.10Z;PUB_HOPITAL;PUBLIC;Activités hospitalières;1 PLACE MARCEL PAUL 93700 DRANCY;93700;DRANCY;93;Île-de-France;11;22;22;100 à 199 salariés;199;O;GE;61;2016-08-01;9.919233401779604;48.92351285512;2.44330964747152;False;8210;"[""930007828""]";[];86.10Z;2026-06-15T15:56:56.424370;80;CHAUDE;199000;39800
48026601400244;480266014;VYV3 ILE-DE-FRANCE;RELAIS NOISY-LE-SEC;;86.10Z;PUB_HOPITAL;PUBLIC;Activités hospitalières;7 RUE TRIPIER 93130 NOISY-LE-SEC;93130;NOISY-LE-SEC;93;Île-de-France;11;22;22;100 à 199 salariés;199;O;GE;61;2016-08-01;9.919233401779604;48.88976019;2.4494456076;False;8210;"[""930011358"", ""930460118""]";[];86.10Z;2026-06-15T15:56:56.424370;80;CHAUDE;199000;39800
48443411300060;484434113;LNA ES;INSTITUT DE READAPTATION DE ROMAINVILLE;;86.10Z;PUB_HOPITAL;PUBLIC;Activités hospitalières;140 RUE PAUL DE KOCK 93230 ROMAINVILLE;93230;ROMAINVILLE;93;Île-de-France;11;32;32;250 à 499 salariés;499;O;GE;47;2013-12-31;12.503764544832306;48.8911256369659;2.4387558462347;False;5710;"[""930021001""]";[];86.10Z;2026-06-15T15:56:56.424370;80;CHAUDE;499000;99800
21920004500116;219200045;COMMUNE D ASNIERES SUR SEINE;ECOLE ELEMENTAIRE APPLICAT FONTAINE;;85.20Z;PUB_ECOLE;PUBLIC;Enseignement primaire;4 RUE HECTOR GONSALPHE FONTAINE 92600 ASNIERES-SUR-SEINE;92600;ASNIERES-SUR-SEINE;92;Île-de-France;11;12;12;20 à 49 salariés;49;N;ETI;71;1983-12-21;42.53251197809719;48.91179173;2.2885574718;False;7210;[];"[""0920226W""]";84.11Z;2026-06-15T15:56:27.200921;80;CHAUDE;24500;4900
21750001600076;217500016;VILLE DE PARIS;ECOLE ELEMENTAIRE;;85.20Z;PUB_ECOLE;PUBLIC;Enseignement primaire;12 RUE D'ALESIA 75014 PARIS;75014;PARIS;75;Île-de-France;11;21;21;50 à 99 salariés;99;O;GE;3027;1983-12-21;42.53251197809719;48.827744853;2.3338480443;False;7229;[];"[""0750810Y""]";84.11Z;2026-06-15T15:56:04.038424;80;CHAUDE;49500;9900
21750001600092;217500016;VILLE DE PARIS;ECOLE MATERNELLE;;85.10Z;PUB_ECOLE;PUBLIC;Enseignement pré-primaire;42 RUE D'ALLERAY 75015 PARIS;75015;PARIS;75;Île-de-France;11;12;12;20 à 49 salariés;49;O;GE;3027;1983-12-21;42.53251197809719;48.836705815;2.3034190869;False;7229;[];"[""0751245W""]";84.11Z;2026-06-15T15:56:04.038424;80;CHAUDE;24500;4900
21750001600134;217500016;VILLE DE PARIS;ECOLE MATERNELLE;;85.10Z;PUB_ECOLE;PUBLIC;Enseignement pré-primaire;19 RUE DES AMIRAUX 75018 PARIS;75018;PARIS;75;Île-de-France;11;12;12;20 à 49 salariés;49;O;GE;3027;1983-12-21;42.53251197809719;48.894619862;2.3503886254;False;7229;[];"[""0751247Y""]";84.11Z;2026-06-15T15:56:04.038424;80;CHAUDE;24500;4900
20001803400096;200018034;GROUPEMENT HOSPITALIER DE TERRITOIRE GRAND PARIS NORD-EST (GHT GPNE);CENTRE HOSPITALIER INTERCOMMUNAL ANDRE GREGOIRE;GHT GPNE;86.10Z;PUB_HOPITAL;PUBLIC;Activités hospitalières;56 BOULEVARD DE LA BOISSIERE 93100 MONTREUIL;93100;MONTREUIL;93;Île-de-France;11;51;51;2000 à 4999 salariés;4999;N;ETI;25;2026-01-01;0.5010266940451745;48.8783784696598;2.45285636375222;False;7364;"[""930000302""]";[];86.10Z;2026-06-15T15:56:56.424370;80;CHAUDE;4999000;999800
20001803400112;200018034;GROUPEMENT HOSPITALIER DE TERRITOIRE GRAND PARIS NORD-EST (GHT GPNE);CENTRE HOSPITALIER INTERCOMMUNAL ROBERT BALLANGER;GHT GPNE;86.10Z;PUB_HOPITAL;PUBLIC;Activités hospitalières;BOULEVARD ROBERT BALLANGER 93420 VILLEPINTE;93420;VILLEPINTE;93;Île-de-France;11;51;51;2000 à 4999 salariés;4999;N;ETI;25;2026-01-01;0.5010266940451745;48.9528654166358;2.52415238862967;False;7364;"[""930000336""]";[];86.10Z;2026-06-15T15:56:56.424370;80;CHAUDE;4999000;999800
26930101600037;269301016;CENTRE HOSPITALIER GENERAL DE ST DENIS;CENTRE DE LONG SEJOUR VICTOR HUGO;;86.10Z;PUB_HOPITAL;PUBLIC;Activités hospitalières;32 AVENUE VICTOR HUGO 93380 PIERREFITTE-SUR-SEINE;93380;PIERREFITTE-SUR-SEINE;93;Île-de-France;11;51;51;2000 à 4999 salariés;4999;N;ETI;21;1986-12-31;39.50444900752909;48.963522765;2.3634974159;False;7364;[];[];86.10Z;2026-06-15T15:56:56.424370;80;CHAUDE;4999000;999800
26930101600078;269301016;CENTRE HOSPITALIER GENERAL DE ST DENIS;HOPITAL VICTOR HUGO;;86.10Z;PUB_HOPITAL;PUBLIC;Activités hospitalières;32 AVENUE VICTOR HUGO 93380 PIERREFITTE-SUR-SEINE;93380;PIERREFITTE-SUR-SEINE;93;Île-de-France;11;51;51;2000 à 4999 salariés;4999;N;ETI;21;1996-12-25;29.51950718685832;48.963522765;2.3634974159;False;7364;[];[];86.10Z;2026-06-15T15:56:56.424370;80;CHAUDE;4999000;999800
26930101600102;269301016;CENTRE HOSPITALIER GENERAL DE ST DENIS;UNITE SUD TOXICOMANIE;;86.10Z;PUB_HOPITAL;PUBLIC;Activités hospitalières;1 B RUE SAINT LOUIS 93250 VILLEMOMBLE;93250;VILLEMOMBLE;93;Île-de-France;11;51;51;2000 à 4999 salariés;4999;N;ETI;21;1996-12-25;29.51950718685832;48.88832541;2.5095643096;False;7364;[];[];86.10Z;2026-06-15T15:56:56.424370;80;CHAUDE;4999000;999800
80248592000069;802485920;FONDATION SANTE SERVICE;;;86.90D;PRIV_SANTE_CENTRE;PRIVE;Autres activités santé;66-72 RUE MARCEAU 93100 MONTREUIL;93100;MONTREUIL;93;Île-de-France;11;42;42;1000 à 1999 salariés;1999;O;ETI;24;2014-09-01;11.835728952772074;48.853509899;2.4255728185;False;9300;[];[];86.10Z;2026-06-15T15:56:56.425370;80;CHAUDE;1899050;379810
21750001615165;217500016;VILLE DE PARIS;;;84.11Z;PUB_MAIRIE;PUBLIC;Administration publique générale;10-14 10 RUE PAUL LESCOP 92000 NANTERRE;92000;NANTERRE;92;Île-de-France;11;53;53;10000 salariés et plus;10000;N;GE;3027;1991-01-01;35.501711156741955;48.893636368;2.1879939907;False;7229;[];[];84.11Z;2026-06-15T15:56:27.199917;80;CHAUDE;5500000;1100000
30116075000768;301160750;CLINEA;CRF CLINEA LIVRY;;86.10Z;PUB_HOPITAL;PUBLIC;Activités hospitalières;139 AVENUE VAUBAN 93190 LIVRY-GARGAN;93190;LIVRY-GARGAN;93;Île-de-France;11;21;21;50 à 99 salariés;99;O;GE;133;2013-01-01;13.500342231348393;48.9184920249905;2.52359476969582;False;5710;"[""930023692""]";[];86.10Z;2026-06-15T15:56:56.423370;80;CHAUDE;99000;19800
20008210500848;200082105;GROUPE HOSPITALIER UNIVERSITAIRE PARIS - PSYCHIATRIE ET NEUROSCIENCES;CENTRE HOSPITALIER MAISON BLANCHE;;86.10Z;PUB_HOPITAL;PUBLIC;Activités hospitalières;3 AVENUE JEAN JAURES 93330 NEUILLY-SUR-MARNE;93330;NEUILLY-SUR-MARNE;93;Île-de-France;11;52;52;5000 à 9999 salariés;9999;N;GE;93;2019-01-01;7.501711156741957;48.865502262;2.5544888776;False;7364;"[""930000351""]";[];86.10Z;2026-06-15T15:56:56.423370;80;CHAUDE;9999000;1999800
20008210500855;200082105;GROUPE HOSPITALIER UNIVERSITAIRE PARIS - PSYCHIATRIE ET NEUROSCIENCES;CATTP LE PARI;;86.10Z;PUB_HOPITAL;PUBLIC;Activités hospitalières;10 MAIL VICTOR JARRA 93160 NOISY-LE-GRAND;93160;NOISY-LE-GRAND;93;Île-de-France;11;52;52;5000 à 9999 salariés;9999;N;GE;93;2019-01-01;7.501711156741957;48.838749655;2.554447236;False;7364;"[""930003314""]";[];86.10Z;2026-06-15T15:56:56.423370;80;CHAUDE;9999000;1999800
20008210500871;200082105;GROUPE HOSPITALIER UNIVERSITAIRE PARIS - PSYCHIATRIE ET NEUROSCIENCES;USLD LA ROSERAIE MAISON BLANCHE;;86.10Z;PUB_HOPITAL;PUBLIC;Activités hospitalières;3 AVENUE JEAN JAURES 93330 NEUILLY-SUR-MARNE;93330;NEUILLY-SUR-MARNE;93;Île-de-France;11;52;52;5000 à 9999 salariés;9999;N;GE;93;2019-01-01;7.501711156741957;48.865502262;2.5544888776;False;7364;"[""930815501""]";[];86.10Z;2026-06-15T15:56:56.424370;80;CHAUDE;9999000;1999800
26930093500013;269300935;ETS PUBLIC DE SANTE DE VILLE-EVRARD;CENTRE HOSPITALIER DE VILLE-EVRARD;;86.10Z;PUB_HOPITAL;PUBLIC;Activités hospitalières;202 AVENUE JEAN JAURES 93330 NEUILLY-SUR-MARNE;93330;NEUILLY-SUR-MARNE;93;Île-de-France;11;51;51;2000 à 4999 salariés;4999;O;ETI;117;1983-03-01;43.34017796030116;48.862314852;2.5459441417;True;7364;"[""930000344""]";"[""0932324W""]";86.10Z;2026-06-15T15:56:56.424370;80;CHAUDE;4999000;999800
26930093501011;269300935;ETS PUBLIC DE SANTE DE VILLE-EVRARD;CMP - CATTP ROSNY-SOUS-BOIS;;86.10Z;PUB_HOPITAL;PUBLIC;Activités hospitalières;81 AVENUE JEAN JAURES 93330 NEUILLY-SUR-MARNE;93330;NEUILLY-SUR-MARNE;93;Île-de-France;11;51;51;2000 à 4999 salariés;4999;N;ETI;117;2014-12-23;11.526351813826146;48.865813712;2.55672055;False;7364;[];[];86.10Z;2026-06-15T15:56:56.424370;80;CHAUDE;4999000;999800
26930093501037;269300935;ETS PUBLIC DE SANTE DE VILLE-EVRARD;CMP CATTP STAINS;;86.10Z;PUB_HOPITAL;PUBLIC;Activités hospitalières;6 B BOULEVARD MAXIME GORKI 93240 STAINS;93240;STAINS;93;Île-de-France;11;51;51;2000 à 4999 salariés;4999;N;ETI;117;2008-01-01;18.50239561943874;48.954361138;2.3835132171;False;7364;[];[];86.10Z;2026-06-15T15:56:56.424370;80;CHAUDE;4999000;999800
26930093501045;269300935;ETS PUBLIC DE SANTE DE VILLE-EVRARD;CATTP MONTREUIL;;86.10Z;PUB_HOPITAL;PUBLIC;Activités hospitalières;28 AVENUE PASTEUR 93100 MONTREUIL;93100;MONTREUIL;93;Île-de-France;11;51;51;2000 à 4999 salariés;4999;N;ETI;117;2015-01-19;11.45242984257358;48.86401128;2.4398648742;False;7364;"[""930025978""]";[];86.10Z;2026-06-15T15:56:56.424370;80;CHAUDE;4999000;999800
13000495500824;130004955;DIRECTION GENERALE DES FINANCES PUBLIQUES (DGFIP);SCE CONTROLE BUDG MIN ECOLOGIE/LGT;DGFIP;84.11Z;PUB_MAIRIE;PUBLIC;Administration publique générale;GRANDE ARCHE DE LA DEFENSE 1 LE PARVIS 92800 PUTEAUX;92800;PUTEAUX;92;Île-de-France;11;51;51;2000 à 4999 salariés;4999;N;ETI;83;2024-01-03;2.4969199178644765;48.8925435866997;2.23614653955703;False;7120;[];[];84.11Z;2026-06-15T15:56:27.200921;80;CHAUDE;2749450;549890
32267748500011;322677485;HOPITAL PRIVE DE L'EST PARISIEN;;;86.10Z;PUB_HOPITAL;PUBLIC;Activités hospitalières;HOPITAL PRIVE DE L'EST PARISIEN 11 AVENUE DE LA REPUBLIQUE 93600 AULNAY-SOUS-BOIS;93600;AULNAY-SOUS-BOIS;93;Île-de-France;11;22;22;100 à 199 salariés;199;O;GE;1;1981-09-14;44.799452429842574;48.928511343;2.496680433;True;5710;"[""930300066""]";[];86.10Z;2026-06-15T15:56:56.675266;80;CHAUDE;199000;39800
45152174400024;451521744;HOPITAL PRIVE DE MARNE LA VALLEE;;;86.10Z;PUB_HOPITAL;PUBLIC;Activités hospitalières;33 RUE LEON MENU 94360 BRY-SUR-MARNE;94360;BRY-SUR-MARNE;94;Île-de-France;11;22;22;100 à 199 salariés;199;O;GE;2;2010-10-01;15.75359342915811;48.839237618;2.538733427;True;5710;"[""940006679""]";[];86.10Z;2026-06-15T15:56:56.675266;80;CHAUDE;199000;39800
56207158900021;562071589;CLINIQUE DE L ESTREE;;;86.10Z;PUB_HOPITAL;PUBLIC;Activités hospitalières;LE BOIS MOUSSAY 35 RUE D''AMIENS 93240 STAINS;93240;STAINS;93;Île-de-France;11;32;32;250 à 499 salariés;499;O;GE;2;1995-09-04;30.82819986310746;48.955180468;2.3679015778;True;5710;"[""930036975"", ""930300553""]";[];86.10Z;2026-06-15T15:56:56.675266;80;CHAUDE;499000;99800
41147392900031;411473929;CLINIQUE L'AMANDIER;;;86.10Z;PUB_HOPITAL;PUBLIC;Activités hospitalières;57 AVENUE DE LA DIVISION LECLERC 92290 CHATENAY-MALABRY;92290;CHATENAY-MALABRY;92;Île-de-France;11;22;22;100 à 199 salariés;199;O;GE;3;2006-09-16;19.79466119096509;48.761622729;2.2857647543;True;5499;"[""920711512""]";[];86.10Z;2026-06-15T15:56:55.574600;80;CHAUDE;199000;39800
43368202800025;433682028;CLINIQUE DU BOIS D'AMOUR;;;86.10Z;PUB_HOPITAL;PUBLIC;Activités hospitalières;19 A 21 19 AVENUE DU BOIS D’AMOUR 93700 DRANCY;93700;DRANCY;93;Île-de-France;11;21;21;50 à 99 salariés;99;O;GE;2;2005-01-01;21.50034223134839;48.913506615;2.4600118429;True;5499;"[""930011788""]";[];86.10Z;2026-06-15T15:56:55.574600;80;CHAUDE;99000;19800
34230391400028;342303914;HOPITAL PRIVE DE LA SEINE SAINT DENIS;;;86.10Z;PUB_HOPITAL;PUBLIC;Activités hospitalières;7 AVENUE HENRI BARBUSSE 93150 LE BLANC-MESNIL;93150;LE BLANC-MESNIL;93;Île-de-France;11;32;32;250 à 499 salariés;499;O;GE;3;1989-10-01;36.75290896646133;48.936174274;2.4575196536;True;5499;"[""930300116""]";[];86.10Z;2026-06-15T15:56:55.574600;80;CHAUDE;499000;99800
63820441200016;638204412;CLINIQUE DU PLATEAU BEZONS;;;86.10Z;PUB_HOPITAL;PUBLIC;Activités hospitalières;21 RUE DE SARTROUVILLE 95870 BEZONS;95870;BEZONS;95;Île-de-France;11;21;21;50 à 99 salariés;99;O;GE;6;1900-01-01;126.4996577686516;48.933918634165;2.20397733763573;True;5599;"[""950300095""]";[];86.10Z;2026-06-15T15:56:55.835357;80;CHAUDE;99000;19800
13000729700307;130007297;DIRECTION DEPARTEMENTALE DES FINANCES PUBLIQUES DES HAUTS DE SEINE (DDFIP);SIE DE SEVRES;DDFIP;84.11Z;PUB_MAIRIE;PUBLIC;Administration publique générale;CENTRE DES FINANCES PUBLIQUES 8 AVENUE DE L'EUROPE 92310 SEVRES;92310;SEVRES;92;Île-de-France;11;21;21;50 à 99 salariés;99;N;ETI;196;2010-01-18;16.45448323066393;48.8230935903699;2.20924763793157;False;7172;[];[];84.11Z;2026-06-15T15:56:27.201921;80;CHAUDE;54450;10890
13000729700372;130007297;DIRECTION DEPARTEMENTALE DES FINANCES PUBLIQUES DES HAUTS DE SEINE (DDFIP);SERV PUBLIC FONC ENREGIST VANVES;DDFIP;84.11Z;PUB_MAIRIE;PUBLIC;Administration publique générale;CENTRE DES FINANCES PUBLIQUES 58 BOULEVARD DU LYCEE 92170 VANVES;92170;VANVES;92;Île-de-France;11;42;42;1000 à 1999 salariés;1999;N;ETI;196;2010-01-18;16.45448323066393;48.825651027;2.2809881057;False;7172;[];[];84.11Z;2026-06-15T15:56:27.201921;80;CHAUDE;1099450;219890
13000729700422;130007297;DIRECTION DEPARTEMENTALE DES FINANCES PUBLIQUES DES HAUTS DE SEINE (DDFIP);SIP D'ASNIERES-SUR-SEINE;DDFIP;84.11Z;PUB_MAIRIE;PUBLIC;Administration publique générale;CENTRE DES FINANCES PUBLIQUES 51 AVENUE FLACHAT 92600 ASNIERES-SUR-SEINE;92600;ASNIERES-SUR-SEINE;92;Île-de-France;11;12;12;20 à 49 salariés;49;N;ETI;196;2009-12-21;16.531143052703626;48.908813087;2.2770474027;False;7172;[];[];84.11Z;2026-06-15T15:56:27.201921;80;CHAUDE;26950;5390
21920040900015;219200409;COMMUNE D ISSY LES MOULINEAUX;MAIRIE;;84.11Z;PUB_MAIRIE;PUBLIC;Administration publique générale;MAIRIE ISSY LES MOULINEAUX 62 RUE DU GENERAL LECLERC 92130 ISSY-LES-MOULINEAUX;92130;ISSY-LES-MOULINEAUX;92;Île-de-France;11;42;42;1000 à 1999 salariés;1999;O;ETI;58;1983-03-01;43.34017796030116;48.824370774;2.2735802736;True;7210;[];[];84.11Z;2026-06-15T15:56:27.201921;80;CHAUDE;1099450;219890
21920040900106;219200409;COMMUNE D ISSY LES MOULINEAUX;ECOLE MATERNELLE PUBLIQUE LA FONTAINE;;85.10Z;PUB_ECOLE;PUBLIC;Enseignement pré-primaire;13 RUE DE L'ABBE DERRY 92130 ISSY-LES-MOULINEAUX;92130;ISSY-LES-MOULINEAUX;92;Île-de-France;11;42;42;1000 à 1999 salariés;1999;N;ETI;58;1983-12-21;42.53251197809719;48.821441734;2.2777360274;False;7210;[];[];84.11Z;2026-06-15T15:56:27.201921;80;CHAUDE;999500;199900
21920063100014;219200631;COMMUNE DE RUEIL MALMAISON;MAIRIE;;84.11Z;PUB_MAIRIE;PUBLIC;Administration publique générale;13 BOULEVARD DU MARECHAL FOCH 92500 RUEIL-MALMAISON;92500;RUEIL-MALMAISON;92;Île-de-France;11;51;51;2000 à 4999 salariés;4999;O;ETI;55;1983-03-01;43.34017796030116;48.877968808;2.1807097473;True;7210;[];[];84.11Z;2026-06-15T15:56:27.201921;80;CHAUDE;2749450;549890
26750045201597;267500452;ASSISTANCE PUBLIQUE HOPITAUX DE PARIS (AP-HP);I.F.S.I.HOPITAL JEAN VERDIER(A.P.-H.P.);AP-HP;86.10Z;PUB_HOPITAL;PUBLIC;Activités hospitalières;2 RUE ARTHUR GROUSSIER 93140 BONDY;93140;BONDY;93;Île-de-France;11;53;53;10000 salariés et plus;10000;N;GE;177;1904-04-04;122.24503764544832;48.909834254;2.4886428685;False;7364;[];[];86.10Z;2026-06-15T15:56:56.423370;80;CHAUDE;10000000;2000000
21920012800011;219200128;COMMUNE DE BOULOGNE-BILLANCOURT;MAIRIE;;84.11Z;PUB_MAIRIE;PUBLIC;Administration publique générale;26 AVENUE ANDRE MORIZET 92100 BOULOGNE-BILLANCOURT;92100;BOULOGNE-BILLANCOURT;92;Île-de-France;11;51;51;2000 à 4999 salariés;4999;O;ETI;67;1983-03-01;43.34017796030116;48.835687079;2.2402311254;True;7210;[];[];84.11Z;2026-06-15T15:56:27.200921;80;CHAUDE;2749450;549890
21920012800102;219200128;COMMUNE DE BOULOGNE-BILLANCOURT;ECOLE MATERNELLE PUBLIQUE;;85.10Z;PUB_ECOLE;PUBLIC;Enseignement pré-primaire;31 RUE SAINT-DENIS 92100 BOULOGNE-BILLANCOURT;92100;BOULOGNE-BILLANCOURT;92;Île-de-France;11;51;51;2000 à 4999 salariés;4999;N;ETI;67;1983-12-21;42.53251197809719;48.845414518;2.231035003;False;7210;[];[];84.11Z;2026-06-15T15:56:27.200921;80;CHAUDE;2499500;499900
20002709200101;200027092;HOPITAUX PARIS EST VAL-DE-MARNE;HOPITAL DE JOUR ENFANT;;86.10Z;PUB_HOPITAL;PUBLIC;Activités hospitalières;54 RUE EDOUARD VAILLANT 94140 ALFORTVILLE;94140;ALFORTVILLE;94;Île-de-France;11;51;51;2000 à 4999 salariés;4999;N;ETI;68;2011-01-01;15.501711156741958;48.811110682;2.4177565529;False;7364;"[""940007479""]";[];86.10Z;2026-06-15T15:56:57.423917;80;CHAUDE;4999000;999800
20002709200127;200027092;HOPITAUX PARIS EST VAL-DE-MARNE;SOINS MEDICAUX DE READAPTATION;;86.10Z;PUB_HOPITAL;PUBLIC;Activités hospitalières;2 RUE DES PERES CAMILLIENS 94360 BRY-SUR-MARNE;94360;BRY-SUR-MARNE;94;Île-de-France;11;51;51;2000 à 4999 salariés;4999;N;ETI;68;2024-01-01;2.5023956194387407;48.833908865;2.5272395844;False;7364;"[""940030836""]";[];86.10Z;2026-06-15T15:56:57.423917;80;CHAUDE;4999000;999800
20002709200143;200027092;HOPITAUX PARIS EST VAL-DE-MARNE;MAISON THERAPEUTIQUE VILLA VERNIER;;86.10Z;PUB_HOPITAL;PUBLIC;Activités hospitalières;8 VILLA VERNIER 94100 SAINT-MAUR-DES-FOSSES;94100;SAINT-MAUR-DES-FOSSES;94;Île-de-France;11;51;51;2000 à 4999 salariés;4999;N;ETI;68;2024-01-01;2.5023956194387407;48.802034426;2.4729750617;False;7364;"[""940026933""]";[];86.10Z;2026-06-15T15:56:57.423917;80;CHAUDE;4999000;999800
30289111400464;302891114;GROUPE SOS SANTE;CRF VILLIERS SUR MARNE;;86.10Z;PUB_HOPITAL;PUBLIC;Activités hospitalières;6-8 6 RUE ENTRONCAMENTO 94350 VILLIERS-SUR-MARNE;94350;VILLIERS-SUR-MARNE;94;Île-de-France;11;22;22;100 à 199 salariés;199;O;ETI;60;2015-06-19;11.039014373716633;48.831146919;2.5504421096;False;9260;"[""940700040""]";[];86.10Z;2026-06-15T15:56:57.423917;80;CHAUDE;199000;39800
77569138900024;775691389;POLE DE SANTE DU PLATEAU;;;86.10Z;PUB_HOPITAL;PUBLIC;Activités hospitalières;3 A 5 3 AVENUE DE VILLACOUBLAY 92360 MEUDON;92360;MEUDON;92;Île-de-France;11;31;31;200 à 249 salariés;249;O;ETI;2;1900-01-01;126.4996577686516;48.7843589872244;2.23287391337856;True;5710;"[""920300597""]";[];86.10Z;2026-06-15T15:56:54.882132;80;CHAUDE;249000;49800
30500758500022;305007585;HOPITAL PRIVE D ANTONY;;;86.10Z;PUB_HOPITAL;PUBLIC;Activités hospitalières;1 RUE VELPEAU 92160 ANTONY;92160;ANTONY;92;Île-de-France;11;41;41;500 à 999 salariés;999;O;GE;4;2002-08-08;23.90143737166325;48.756652484;2.3023553255;True;5499;"[""920300043""]";[];86.10Z;2026-06-15T15:56:54.882132;80;CHAUDE;999000;199800
30500758500048;305007585;HOPITAL PRIVE D ANTONY;;;86.10Z;PUB_HOPITAL;PUBLIC;Activités hospitalières;39-41 39 AVENUE ARISTIDE BRIAND 92160 ANTONY;92160;ANTONY;92;Île-de-France;11;41;41;500 à 999 salariés;999;O;GE;4;2000-02-01;26.417522245037645;48.755848413;2.30567774;False;5499;[];[];86.10Z;2026-06-15T15:56:54.882132;80;CHAUDE;999000;199800
22920050600207;229200506;DEPARTEMENT DES HAUTS-DE-SEINE;AIDE SOCIALE A L ENFANCE;;84.11Z;PUB_MAIRIE;PUBLIC;Administration publique générale;IMM LES PORTES STE LUCIE 17 PLACE DE LA RESISTANCE 92130 ISSY-LES-MOULINEAUX;92130;ISSY-LES-MOULINEAUX;92;Île-de-France;11;52;52;5000 à 9999 salariés;9999;N;ETI;57;1991-03-20;35.28815879534565;48.820666574;2.2503118924;False;7220;[];[];84.11Z;2026-06-15T15:56:27.201921;80;CHAUDE;5499450;1099890
30240939600017;302409396;S.A. MAISON DE SANTE LES PERVENCHES;;;86.10Z;PUB_HOPITAL;PUBLIC;Activités hospitalières;12 RUE DES MOULINS A VENT 92260 FONTENAY-AUX-ROSES;92260;FONTENAY-AUX-ROSES;92;Île-de-France;11;12;12;20 à 49 salariés;49;O;ETI;1;1900-01-01;126.4996577686516;48.795417935;2.2783148314;True;5710;"[""920310026""]";[];86.10Z;2026-06-15T15:56:55.291230;80;CHAUDE;49000;9800
69204313600013;692043136;CENTRE DE CANCEROLOGIE DE LA PORTE DE SAINT CLOUD;;;86.10Z;PUB_HOPITAL;PUBLIC;Activités hospitalières;30 RUE DE PARIS 92100 BOULOGNE-BILLANCOURT;92100;BOULOGNE-BILLANCOURT;92;Île-de-France;11;12;12;20 à 49 salariés;49;O;ETI;1;1900-01-01;126.4996577686516;48.839799293;2.2479718148;True;5710;"[""920301033""]";[];86.10Z;2026-06-15T15:56:55.573600;80;CHAUDE;49000;9800
18000701502114;180007015;OFFICE NATIONAL DES COMBATTANTS ET DES VICTIMES DE GUERRE (ONACVG);MEMORIAL DU MONT-VALERIEN (MV) ;ONACVG;84.11Z;PUB_MAIRIE;PUBLIC;Administration publique générale;1 AVENUE DU PROFESSEUR LEON BERNARD 92150 SURESNES;92150;SURESNES;92;Île-de-France;11;41;41;500 à 999 salariés;999;N;ETI;246;2025-07-31;0.922655715263518;48.8735222615329;2.20798795634608;False;7389;[];[];84.11Z;2026-06-15T15:56:27.199917;80;CHAUDE;549450;109890
21920050800014;219200508;COMMUNE DE NANTERRE;MAIRIE;;84.11Z;PUB_MAIRIE;PUBLIC;Administration publique générale;1 PLACE DU 27 MARS 2002 92000 NANTERRE;92000;NANTERRE;92;Île-de-France;11;51;51;2000 à 4999 salariés;4999;O;ETI;72;1983-03-01;43.34017796030116;48.892223288895;2.20693598895381;True;7210;"[""920010501""]";[];84.11Z;2026-06-15T15:56:27.199917;80;CHAUDE;2749450;549890
21920050800055;219200508;COMMUNE DE NANTERRE;ECOLE PRIMAIRE PUBLIQUE LA FONTAINE B;;85.20Z;PUB_ECOLE;PUBLIC;Enseignement primaire;9 RUE DE L'AGRICULTURE 92000 NANTERRE;92000;NANTERRE;92;Île-de-France;11;51;51;2000 à 4999 salariés;4999;N;ETI;72;1983-12-21;42.53251197809719;48.910558035;2.2241329421;False;7210;[];[];84.11Z;2026-06-15T15:56:27.199917;80;CHAUDE;2499500;499900
38353855000088;383538550;DIAVERUM SAINT-DENIS;;;86.10Z;PUB_HOPITAL;PUBLIC;Activités hospitalières;32 RUE DES MOULINS GEMEAUX 93200 SAINT-DENIS;93200;SAINT-DENIS;93;Île-de-France;11;12;12;20 à 49 salariés;49;O;ETI;12;2022-09-05;3.8247775496235454;48.9407435198246;2.34723113296126;False;5710;"[""930031406""]";[];86.10Z;2026-06-15T15:56:56.425370;80;CHAUDE;49000;9800
78471033700055;784710337;ASSOCIATION GOMBAULT DARNAUD;;;86.10Z;PUB_HOPITAL;PUBLIC;Activités hospitalières;237 AVENUE JEAN JAURES 93300 AUBERVILLIERS;93300;AUBERVILLIERS;93;Île-de-France;11;12;12;20 à 49 salariés;49;O;PME;6;2003-01-03;23.49623545516769;48.9162651471857;2.40541662047328;False;9220;"[""930004288""]";[];86.10Z;2026-06-15T15:56:56.425370;80;CHAUDE;49000;9800
61820245100034;618202451;CLINIQUE DE LIVRY SULLY;CLINIQUE DE GARGAN;;86.10Z;PUB_HOPITAL;PUBLIC;Activités hospitalières;111-119 111 AVENUE ARISTIDE BRIAND 93190 LIVRY-GARGAN;93190;LIVRY-GARGAN;93;Île-de-France;11;31;31;200 à 249 salariés;249;N;GE;3;2021-07-20;4.952772073921971;48.9132908625843;2.52387978482801;False;5710;"[""930300280""]";[];86.10Z;2026-06-15T15:56:56.425370;80;CHAUDE;249000;49800
38389026600026;383890266;HOPITAL PRIVE ARMAND BRILLARD (HPAB);;HPAB;86.10Z;PUB_HOPITAL;PUBLIC;Activités hospitalières;8 RUE DE L'ORANGERIE 94170 LE PERREUX-SUR-MARNE;94170;LE PERREUX-SUR-MARNE;94;Île-de-France;11;31;31;200 à 249 salariés;249;O;GE;2;2011-03-31;15.2580424366872;48.851028706;2.4983994145;False;5710;[];[];86.10Z;2026-06-15T15:56:57.682966;80;CHAUDE;249000;49800
78566512600021;785665126;HOPITAL SAINT CAMILLE;;;86.10Z;PUB_HOPITAL;PUBLIC;Activités hospitalières;2 RUE DES PERES CAMILLIENS 94360 BRY-SUR-MARNE;94360;BRY-SUR-MARNE;94;Île-de-France;11;42;42;1000 à 1999 salariés;1999;O;ETI;3;1985-11-13;40.63518138261465;48.833415986;2.5277323041;True;9220;"[""940000649"", ""940811052""]";[];86.10Z;2026-06-15T15:56:57.682966;80;CHAUDE;1999000;399800
33869972100050;338699721;HOPITAL NORD 92 DE VILLENEUVE LA GARENNE;;;86.10Z;PUB_HOPITAL;PUBLIC;Activités hospitalières;21 RUE MEDERIC 92110 CLICHY;92110;CLICHY;92;Île-de-France;11;11;11;10 à 19 salariés;19;O;PME;4;2011-11-18;14.622861054072551;48.9044803154408;2.30062410612488;False;9220;"[""920815776""]";[];86.10Z;2026-06-15T15:56:54.502403;80;CHAUDE;19000;3800
21920048200012;219200482;COMMUNE DE MEUDON;MAIRIE;;84.11Z;PUB_MAIRIE;PUBLIC;Administration publique générale;6 AVENUE LE CORBEILLER 92190 MEUDON;92190;MEUDON;92;Île-de-France;11;41;41;500 à 999 salariés;999;O;ETI;51;1983-03-01;43.34017796030116;48.812924595;2.238542657;True;7210;[];[];84.11Z;2026-06-15T15:56:27.202924;80;CHAUDE;549450;109890
21920044100109;219200441;COMMUNE DE LEVALLOIS PERRET;ECOLE ELEMENTAIRE JULES FERRY;;85.20Z;PUB_ECOLE;PUBLIC;Enseignement primaire;5 RUE JULES FERRY 92300 LEVALLOIS-PERRET;92300;LEVALLOIS-PERRET;92;Île-de-France;11;12;12;20 à 49 salariés;49;N;ETI;57;1983-12-21;42.53251197809719;48.8937582910832;2.29352303413062;False;7210;[];"[""0921687J""]";84.11Z;2026-06-15T15:56:27.202924;80;CHAUDE;24500;4900
21920023500014;219200235;COMMUNE DE CLAMART;MAIRIE;;84.11Z;PUB_MAIRIE;PUBLIC;Administration publique générale;1 PLACE MAURICE GUNSBOURG 92140 CLAMART;92140;CLAMART;92;Île-de-France;11;42;42;1000 à 1999 salariés;1999;O;ETI;56;1983-03-01;43.34017796030116;48.800876649;2.2634304078;True;7210;[];[];84.11Z;2026-06-15T15:56:27.202924;80;CHAUDE;1099450;219890
21920024300083;219200243;COMMUNE DE CLICHY;ECOLE ELEMENTAIRE JEAN JAURES;;85.20Z;PUB_ECOLE;PUBLIC;Enseignement primaire;14 RUE ALEXANDRE ANTONINI 92110 CLICHY;92110;CLICHY;92;Île-de-France;11;12;12;20 à 49 salariés;49;N;ETI;47;1983-12-21;42.53251197809719;48.9072181666707;2.30730549900207;False;7210;[];"[""0921649T""]";84.11Z;2026-06-15T15:56:27.202924;80;CHAUDE;24500;4900
21920036700015;219200367;COMMUNE DE GENNEVILLIERS;MAIRIE;;84.11Z;PUB_MAIRIE;PUBLIC;Administration publique générale;177 AVENUE GABRIEL PERI 92230 GENNEVILLIERS;92230;GENNEVILLIERS;92;Île-de-France;11;51;51;2000 à 4999 salariés;4999;O;ETI;49;1983-03-01;43.34017796030116;48.925317039;2.2940325232;True;7210;[];[];84.11Z;2026-06-15T15:56:27.202924;80;CHAUDE;2749450;549890
26750045201647;267500452;ASSISTANCE PUBLIQUE HOPITAUX DE PARIS (AP-HP);IFSI&CFAS HOPITAL ROUX(A.P.-H.P.);AP-HP;86.10Z;PUB_HOPITAL;PUBLIC;Activités hospitalières;1 AVENUE DE VERDUN 94450 LIMEIL-BREVANNES;94450;LIMEIL-BREVANNES;94;Île-de-France;11;53;53;10000 salariés et plus;10000;N;GE;177;1904-04-04;122.24503764544832;48.75027631;2.4830664778;False;7364;"[""940802317""]";"[""0941773S""]";86.10Z;2026-06-15T15:56:57.422836;80;CHAUDE;10000000;2000000
26750045201654;267500452;ASSISTANCE PUBLIQUE HOPITAUX DE PARIS (AP-HP);IFSI&CFAS HOPITAL CHARLES FOIX (AP-HP);AP-HP;86.10Z;PUB_HOPITAL;PUBLIC;Activités hospitalières;21 AVENUE DE LA REPUBLIQUE 94200 IVRY-SUR-SEINE;94200;IVRY-SUR-SEINE;94;Île-de-France;11;53;53;10000 salariés et plus;10000;N;GE;177;1968-01-01;58.50239561943874;48.802775087;2.3972345949;False;7364;"[""940802291""]";"[""0941777W""]";86.10Z;2026-06-15T15:56:57.422836;80;CHAUDE;10000000;2000000
26750045201845;267500452;ASSISTANCE PUBLIQUE HOPITAUX DE PARIS (AP-HP);CATTP;AP-HP;86.10Z;PUB_HOPITAL;PUBLIC;Activités hospitalières;2 PLACE DE LA BOULAIE 94470 BOISSY-SAINT-LEGER;94470;BOISSY-SAINT-LEGER;94;Île-de-France;11;53;53;10000 salariés et plus;10000;N;GE;177;2007-04-01;19.255304585900067;48.753682504;2.4997468156;False;7364;"[""940010259""]";[];86.10Z;2026-06-15T15:56:57.422836;80;CHAUDE;10000000;2000000
30116075000057;301160750;CLINEA;LES TOURNELLES;;86.10Z;PUB_HOPITAL;PUBLIC;Activités hospitalières;15 B RUE DES TOURNELLES 94240 L'HAY-LES-ROSES;94240;L'HAY-LES-ROSES;94;Île-de-France;11;22;22;100 à 199 salariés;199;O;GE;133;2000-12-31;25.50308008213552;48.777857962;2.3361748024;False;5710;"[""940300163""]";[];86.10Z;2026-06-15T15:56:57.422836;80;CHAUDE;199000;39800
30116075000669;301160750;CLINEA;LA CONCORDE;;86.10Z;PUB_HOPITAL;PUBLIC;Activités hospitalières;90 RUE MARCEL BOURDARIAS 94140 ALFORTVILLE;94140;ALFORTVILLE;94;Île-de-France;11;21;21;50 à 99 salariés;99;O;GE;133;2011-06-01;15.08829568788501;48.804726709;2.4238526137;False;5710;"[""940813090""]";[];86.10Z;2026-06-15T15:56:57.422836;80;CHAUDE;99000;19800
20002709200044;200027092;HOPITAUX PARIS EST VAL-DE-MARNE;HDJ UN JOUR BLEU;;86.10Z;PUB_HOPITAL;PUBLIC;Activités hospitalières;19 RUE PASTEUR 94600 CHOISY-LE-ROI;94600;CHOISY-LE-ROI;94;Île-de-France;11;51;51;2000 à 4999 salariés;4999;N;ETI;68;2011-05-26;15.104722792607802;48.766721485;2.4181699349;False;7364;"[""940020639""]";[];86.10Z;2026-06-15T15:56:57.423917;80;CHAUDE;4999000;999800
20002709200051;200027092;HOPITAUX PARIS EST VAL-DE-MARNE;HDJ ALFORTVILLE LECLERC - LES LILAS;;86.10Z;PUB_HOPITAL;PUBLIC;Activités hospitalières;9 AVENUE DU GENERAL LECLERC 94140 ALFORTVILLE;94140;ALFORTVILLE;94;Île-de-France;11;51;51;2000 à 4999 salariés;4999;N;ETI;68;2011-05-26;15.104722792607802;48.800415599;2.4202475865;False;7364;"[""940020621""]";[];86.10Z;2026-06-15T15:56:57.423917;80;CHAUDE;4999000;999800
20002709200069;200027092;HOPITAUX PARIS EST VAL-DE-MARNE;HOPITAL DE JOUR FONTENAY SOUS BOIS;;86.10Z;PUB_HOPITAL;PUBLIC;Activités hospitalières;8-10 8 RUE DE NEUILLY 94120 FONTENAY-SOUS-BOIS;94120;FONTENAY-SOUS-BOIS;94;Île-de-France;11;51;51;2000 à 4999 salariés;4999;N;ETI;68;2011-05-26;15.104722792607802;48.84732464;2.4723018843;False;7364;"[""940020613""]";[];86.10Z;2026-06-15T15:56:57.423917;80;CHAUDE;4999000;999800
21920073000014;219200730;COMMUNE DE SURESNES;MAIRIE;;84.11Z;PUB_MAIRIE;PUBLIC;Administration publique générale;HOTEL DE VILLE 2 RUE CARNOT 92150 SURESNES;92150;SURESNES;92;Île-de-France;11;42;42;1000 à 1999 salariés;1999;O;ETI;45;1983-03-01;43.34017796030116;48.871032064;2.2251950542;True;7210;[];[];84.11Z;2026-06-15T15:56:27.202924;80;CHAUDE;1099450;219890
21920073000089;219200730;COMMUNE DE SURESNES;ECOLE MATERNELLE PUBLIQUE JEAN MACE;;85.10Z;PUB_ECOLE;PUBLIC;Enseignement pré-primaire;6 RUE JEAN MACE 92150 SURESNES;92150;SURESNES;92;Île-de-France;11;42;42;1000 à 1999 salariés;1999;N;ETI;45;1983-12-21;42.53251197809719;48.874122009;2.2296469752;False;7210;[];[];84.11Z;2026-06-15T15:56:27.202924;80;CHAUDE;999500;199900
77569483900223;775694839;ASS POUR UTILISATION REIN ARTIFICIEL;CENTRE D HEMODIALYSE;;86.10Z;PUB_HOPITAL;PUBLIC;Activités hospitalières;14 RUE DU VAL D'OSNE 94410 SAINT-MAURICE;94410;SAINT-MAURICE;94;Île-de-France;11;32;32;250 à 499 salariés;499;O;ETI;38;1975-06-06;51.07460643394935;48.820127142;2.4239051278;False;9220;[];[];86.10Z;2026-06-15T15:56:57.423917;80;CHAUDE;499000;99800
39407390200220;394073902;NEPHROCARE ILE DE FRANCE (NEPHROCARE) (ANPHUSA);;ANPHUSA;86.10Z;PUB_HOPITAL;PUBLIC;Activités hospitalières;VILLEJUIF BIO PARK 1 MAIL DU PARV DU PR GEORGES MATHE 94800 VILLEJUIF;94800;VILLEJUIF;94;Île-de-France;11;12;12;20 à 49 salariés;49;O;ETI;25;2014-07-10;11.980835044490076;48.795616713;2.3598868746;False;5710;"[""940813017""]";[];86.10Z;2026-06-15T15:56:57.423917;80;CHAUDE;49000;9800
26940115400019;269401154;CENTRE HOSPITALIER INTERCOMMUNAL CRETEIL;;;86.10Z;PUB_HOPITAL;PUBLIC;Activités hospitalières;40 AVENUE DE VERDUN 94000 CRETEIL;94000;CRETEIL;94;Île-de-France;11;51;51;2000 à 4999 salariés;4999;O;ETI;14;1983-03-01;43.34017796030116;48.797500971;2.4646358997;True;7364;"[""940000573""]";[];86.10Z;2026-06-15T15:56:57.423917;80;CHAUDE;4999000;999800
26940115400027;269401154;CENTRE HOSPITALIER INTERCOMMUNAL CRETEIL;C.M.PSY.INFRANTO-JUVENILE-CHIC;;86.10Z;PUB_HOPITAL;PUBLIC;Activités hospitalières;6 RUE DU CHEMIN VERT 94380 BONNEUIL-SUR-MARNE;94380;BONNEUIL-SUR-MARNE;94;Île-de-France;11;51;51;2000 à 4999 salariés;4999;N;ETI;14;1978-04-01;48.25462012320329;48.771083388;2.4844968935;False;7364;"[""940804594""]";[];86.10Z;2026-06-15T15:56:57.423917;80;CHAUDE;4999000;999800
26940120400012;269401204;CENTRE HOSPITALIER INTERCOMMUNAL DE VILLENEUVE-SAINT-GEORGES (CHIV);CHI LUCIE ET RAYMOND AUBRAC;CHIV;86.10Z;PUB_HOPITAL;PUBLIC;Activités hospitalières;40 ALLEE DE LA SOURCE 94190 VILLENEUVE-SAINT-GEORGES;94190;VILLENEUVE-SAINT-GEORGES;94;Île-de-France;11;51;51;2000 à 4999 salariés;4999;O;ETI;11;1983-03-01;43.34017796030116;48.721487331;2.4527430002;True;7364;"[""940000599""]";[];86.10Z;2026-06-15T15:56:57.424952;80;CHAUDE;4999000;999800
26940120400087;269401204;CENTRE HOSPITALIER INTERCOMMUNAL DE VILLENEUVE-SAINT-GEORGES (CHIV);CTRE MEDICO-PSYCHOLOGIQUE ADULTES;CHIV;86.10Z;PUB_HOPITAL;PUBLIC;Activités hospitalières;18 PLACE PIERRE SEMARD 94190 VILLENEUVE-SAINT-GEORGES;94190;VILLENEUVE-SAINT-GEORGES;94;Île-de-France;11;51;51;2000 à 4999 salariés;4999;N;ETI;11;1974-01-05;52.49007529089665;48.729858028;2.4474916362;False;7364;"[""940804727""]";[];86.10Z;2026-06-15T15:56:57.424952;80;CHAUDE;4999000;999800
26940120400103;269401204;CENTRE HOSPITALIER INTERCOMMUNAL DE VILLENEUVE-SAINT-GEORGES (CHIV);LONG SEJOUR DU CHIV;CHIV;86.10Z;PUB_HOPITAL;PUBLIC;Activités hospitalières;8 RUE DES VIGNES 94190 VILLENEUVE-SAINT-GEORGES;94190;VILLENEUVE-SAINT-GEORGES;94;Île-de-France;11;51;51;2000 à 4999 salariés;4999;N;ETI;11;1992-08-10;33.894592744695416;48.731835929;2.4509084869;False;7364;"[""940812506""]";[];86.10Z;2026-06-15T15:56:57.424952;80;CHAUDE;4999000;999800
26940120400111;269401204;CENTRE HOSPITALIER INTERCOMMUNAL DE VILLENEUVE-SAINT-GEORGES (CHIV);CENTRE DE JOUR-CATTP;CHIV;86.10Z;PUB_HOPITAL;PUBLIC;Activités hospitalières;22 RUE GAMBETTA 94190 VILLENEUVE-SAINT-GEORGES;94190;VILLENEUVE-SAINT-GEORGES;94;Île-de-France;11;51;51;2000 à 4999 salariés;4999;N;ETI;11;1999-12-25;26.521560574948666;48.730811785;2.4566191178;False;7364;"[""940002348""]";[];86.10Z;2026-06-15T15:56:57.424952;80;CHAUDE;4999000;999800
77574110100056;775741101;INSTITUT GUSTAVE ROUSSY;;;86.10Z;PUB_HOPITAL;PUBLIC;Activités hospitalières;24 RUE ALBERT THURET 94550 CHEVILLY-LARUE;94550;CHEVILLY-LARUE;94;Île-de-France;11;31;31;200 à 249 salariés;249;O;ETI;4;2015-01-01;11.501711156741958;48.770865562;2.3361977429;False;9220;"[""940000656""]";[];86.10Z;2026-06-15T15:56:57.424952;80;CHAUDE;249000;49800
39369700800018;393697008;CLINIQUE DES NORIETS (HOPITAL PRIVE DE VITRY);HOPITAL PRIVE DE VITRY;;86.10Z;PUB_HOPITAL;PUBLIC;Activités hospitalières;12 RUE DES NORIETS 94400 VITRY-SUR-SEINE;94400;VITRY-SUR-SEINE;94;Île-de-France;11;21;21;50 à 99 salariés;99;O;ETI;2;1994-01-19;32.4517453798768;48.793987757;2.3810143892;True;5710;"[""940300551""]";[];86.10Z;2026-06-15T15:56:57.682966;80;CHAUDE;99000;19800
39369700800026;393697008;CLINIQUE DES NORIETS (HOPITAL PRIVE DE VITRY);;;86.10Z;PUB_HOPITAL;PUBLIC;Activités hospitalières;22 RUE DE LA PETITE SAUSSAIE 94400 VITRY-SUR-SEINE;94400;VITRY-SUR-SEINE;94;Île-de-France;11;22;22;100 à 199 salariés;199;O;ETI;2;2012-06-01;14.08624229979466;48.785527514;2.3894019013;False;5710;"[""940300569""]";[];86.10Z;2026-06-15T15:56:57.682966;80;CHAUDE;199000;39800
41246073500035;412460735;STE EXPLOITATION CLINIQUE PERREUX;CLINIQUE DU PERREUX;;86.10Z;PUB_HOPITAL;PUBLIC;Activités hospitalières;14 - 22 14 RUE DU CANAL 94170 LE PERREUX-SUR-MARNE;94170;LE PERREUX-SUR-MARNE;94;Île-de-France;11;22;22;100 à 199 salariés;199;O;GE;3;2022-01-11;4.473648186173854;48.852188011;2.5122469436;False;5710;"[""940300577""]";[];86.10Z;2026-06-15T15:56:57.682966;80;CHAUDE;199000;39800
21920049000015;219200490;COMMUNE DE MONTROUGE;MAIRIE;;84.11Z;PUB_MAIRIE;PUBLIC;Administration publique générale;43 AVENUE DE LA REPUBLIQUE 92120 MONTROUGE;92120;MONTROUGE;92;Île-de-France;11;42;42;1000 à 1999 salariés;1999;O;ETI;49;1983-03-01;43.34017796030116;48.81882113;2.3203617795;True;7210;[];[];84.11Z;2026-06-15T15:56:23.164665;80;CHAUDE;1099450;219890
38389026600018;383890266;HOPITAL PRIVE ARMAND BRILLARD (HPAB);;HPAB;86.10Z;PUB_HOPITAL;PUBLIC;Activités hospitalières;3 AU 5 3 AVENUE WATTEAU 94130 NOGENT-SUR-MARNE;94130;NOGENT-SUR-MARNE;94;Île-de-France;11;31;31;200 à 249 salariés;249;O;GE;2;1991-12-05;34.57631759069131;48.833186777;2.4726449898;True;5710;"[""940300270""]";[];86.10Z;2026-06-15T15:56:57.682966;80;CHAUDE;249000;49800
21920062300169;219200623;COMMUNE DE PUTEAUX;ECOLE ELEMENTAIRE PUB REPUBLIQUE;;85.20Z;PUB_ECOLE;PUBLIC;Enseignement primaire;74 RUE DE LA REPUBLIQUE 92800 PUTEAUX;92800;PUTEAUX;92;Île-de-France;11;12;12;20 à 49 salariés;49;N;ETI;44;1983-12-21;42.53251197809719;48.885614065;2.2420691768;False;7210;[];"[""0921684F""]";84.11Z;2026-06-15T15:56:27.203922;80;CHAUDE;24500;4900
18001201500012;180012015;ETABLISSEMENT PUBLIC DE SANTE NATIONAL DE FRESNES (EPSNF);;EPSNF;86.10Z;PUB_HOPITAL;PUBLIC;Activités hospitalières;1 ALLEE DES THUYAS 94260 FRESNES;94260;FRESNES;94;Île-de-France;11;22;22;100 à 199 salariés;199;N;PME;1;1986-02-04;40.40793976728269;48.7633409388766;2.31999423363232;True;7389;"[""940806490""]";[];86.10Z;2026-06-15T15:56:57.682966;80;CHAUDE;199000;39800
67200175700018;672001757;CLINIQUE DU SUD (ALEO SANTE);ALEO SANTE;;86.10Z;PUB_HOPITAL;PUBLIC;Activités hospitalières;112 AVENUE DU GENERAL DE GAULLE 94320 THIAIS;94320;THIAIS;94;Île-de-France;11;22;22;100 à 199 salariés;199;O;PME;1;1967-01-01;59.50171115674196;48.7685804940816;2.37009764557392;True;5710;"[""940300445""]";[];86.10Z;2026-06-15T15:56:58.169417;80;CHAUDE;199000;39800
77574086300029;775740863;INSTITUT ROBERT MERLE D'AUBIGNE;ADCRO;;86.10Z;PUB_HOPITAL;PUBLIC;Activités hospitalières;INSTITUT ROBERT MERLE D AUBIGNE 2 RUE DU PARC 94460 VALENTON;94460;VALENTON;94;Île-de-France;11;32;32;250 à 499 salariés;499;O;PME;4;1900-01-01;126.4996577686516;48.750267644;2.4647677834;True;9220;"[""940700032""]";[];86.10Z;2026-06-15T15:56:58.169417;80;CHAUDE;499000;99800
95620146100012;956201461;CLINIQUE DE VILLENEUVE SAINT GEORGES;;;86.10Z;PUB_HOPITAL;PUBLIC;Activités hospitalières;47 RUE DE CROSNE 94190 VILLENEUVE-SAINT-GEORGES;94190;VILLENEUVE-SAINT-GEORGES;94;Île-de-France;11;22;22;100 à 199 salariés;199;O;GE;2;1985-12-31;40.50376454483231;48.722183571;2.4507409067;True;5599;"[""940300494""]";[];86.10Z;2026-06-15T15:56:58.169417;80;CHAUDE;199000;39800
55205739000015;552057390;CLINIQUE MEDICO CHIRUR GASTON METIVET;;;86.10Z;PUB_HOPITAL;PUBLIC;Activités hospitalières;48 RUE D’ALSACE LORRAINE 94100 SAINT-MAUR-DES-FOSSES;94100;SAINT-MAUR-DES-FOSSES;94;Île-de-France;11;22;22;100 à 199 salariés;199;O;PME;1;1983-02-23;43.35660506502396;48.804722027;2.4785059285;True;5599;"[""940300379""]";[];86.10Z;2026-06-15T15:56:58.170419;80;CHAUDE;199000;39800
40203816000014;402038160;SOCIETE D'EXPLOITATION DE LA MAISON DE SANTE DE NOGENT SUR MARNE;;;86.10Z;PUB_HOPITAL;PUBLIC;Activités hospitalières;PAVILLON LES CHARMES 30 RUE DE PLAISANCE 94130 NOGENT-SUR-MARNE;94130;NOGENT-SUR-MARNE;94;Île-de-France;11;22;22;100 à 199 salariés;199;O;PME;1;1995-07-01;31.006160164271048;48.844015451;2.4904679995;True;5599;"[""940310014""]";[];86.10Z;2026-06-15T15:56:58.170419;80;CHAUDE;199000;39800
26750045200060;267500452;ASSISTANCE PUBLIQUE HOPITAUX DE PARIS (AP-HP);HOPITAL ADELAIDE HAUTVAL;AP-HP;86.10Z;PUB_HOPITAL;PUBLIC;Activités hospitalières;RUE DU HAUT DU ROY 95400 VILLIERS-LE-BEL;95400;VILLIERS-LE-BEL;95;Île-de-France;11;53;53;10000 salariés et plus;10000;O;GE;177;1983-03-16;43.29911019849418;49.000291357;2.4032289142;False;7364;[];[];86.10Z;2026-06-15T15:56:58.773958;80;CHAUDE;10000000;2000000
30116075000016;301160750;CLINEA;CLINIQUE CHAMP NOTRE-DAME;;86.10Z;PUB_HOPITAL;PUBLIC;Activités hospitalières;46 RUE DE L'EGLISE 95150 TAVERNY;95150;TAVERNY;95;Île-de-France;11;22;22;100 à 199 salariés;199;O;GE;133;1974-01-01;52.50102669404517;49.0280338356543;2.22571713273808;False;5710;"[""950300327""]";[];86.10Z;2026-06-15T15:56:58.773958;80;CHAUDE;199000;39800
30116075000172;301160750;CLINEA;;;86.10Z;PUB_HOPITAL;PUBLIC;Activités hospitalières;2 RUE DE L’EGLISE 95580 ANDILLY;95580;ANDILLY;95;Île-de-France;11;22;22;100 à 199 salariés;199;O;GE;133;2004-06-01;22.086242299794662;49.005286151;2.3017476828;False;5710;"[""950310011""]";[];86.10Z;2026-06-15T15:56:58.773958;80;CHAUDE;199000;39800
30116075000289;301160750;CLINEA;CLINIQUE NOUVELLE HELOISE;;86.10Z;PUB_HOPITAL;PUBLIC;Activités hospitalières;10 RUE DE L'ERMITAGE 95160 MONTMORENCY;95160;MONTMORENCY;95;Île-de-France;11;21;21;50 à 99 salariés;99;O;GE;133;2006-01-12;20.470910335386723;48.9918432438463;2.33422444288194;False;5710;"[""950310037""]";[];86.10Z;2026-06-15T15:56:58.773958;80;CHAUDE;99000;19800
30116075000313;301160750;CLINEA;CLINIQUE DES SOURCES;;86.10Z;PUB_HOPITAL;PUBLIC;Activités hospitalières;1 AV MARIA ANGLE ET 6 B AVENUE DE LA TERRASSE 95160 MONTMORENCY;95160;MONTMORENCY;95;Île-de-France;11;21;21;50 à 99 salariés;99;O;GE;133;2006-01-01;20.501026694045173;48.991993189;2.3181547301;False;5710;"[""950300376""]";[];86.10Z;2026-06-15T15:56:58.773958;80;CHAUDE;99000;19800
30116075000636;301160750;CLINEA;;;86.10Z;PUB_HOPITAL;PUBLIC;Activités hospitalières;50 RUE DE PARIS 95220 HERBLAY-SUR-SEINE;95220;HERBLAY-SUR-SEINE;95;Île-de-France;11;22;22;100 à 199 salariés;199;O;GE;133;2011-01-01;15.501711156741958;48.992276246;2.1703662092;False;5710;"[""950300194""]";[];86.10Z;2026-06-15T15:56:58.773958;80;CHAUDE;199000;39800
30116075000826;301160750;CLINEA;CLINIQUE MIRABEAU;;86.10Z;PUB_HOPITAL;PUBLIC;Activités hospitalières;37 AVENUE DE PARIS 95600 EAUBONNE;95600;EAUBONNE;95;Île-de-France;11;22;22;100 à 199 salariés;199;O;GE;133;2014-01-01;12.501026694045176;48.992684262;2.2868604233;False;5710;"[""950300152""]";[];86.10Z;2026-06-15T15:56:58.773958;80;CHAUDE;199000;39800
26920097800048;269200978;CENTRE DE GERONTOLOGIE LES ABONDANCES;SCE DE SOINS INFIRMIERS A DOMICILE LES ABONDANCES;;86.90D;PRIV_SANTE_CENTRE;PRIVE;Autres activités santé;49 RUE SAINT-DENIS 92100 BOULOGNE-BILLANCOURT;92100;BOULOGNE-BILLANCOURT;92;Île-de-France;11;21;21;50 à 99 salariés;99;N;ETI;7;2004-10-31;21.67008898015058;48.846604539;2.2326414956;False;7364;"[""920804713""]";[];86.10Z;2026-06-15T15:56:53.809421;80;CHAUDE;94050;18810
40845729900043;408457299;ASSOCIATION HOPITAL FOCH;;;86.10Z;PUB_HOPITAL;PUBLIC;Activités hospitalières;28 AV DU GEN CHARLES DE GAULLE 92150 SURESNES;92150;SURESNES;92;Île-de-France;11;12;12;20 à 49 salariés;49;O;ETI;5;2022-05-30;4.093086926762491;48.870656011;2.2246760429;False;9220;[];[];86.10Z;2026-06-15T15:56:53.809421;80;CHAUDE;49000;9800
21920020100016;219200201;COMMUNE DE CHATILLON;MAIRIE;;84.11Z;PUB_MAIRIE;PUBLIC;Administration publique générale;1 PLACE DE LA LIBERATION 92320 CHATILLON;92320;CHATILLON;92;Île-de-France;11;42;42;1000 à 1999 salariés;1999;O;ETI;32;1983-03-01;43.34017796030116;48.799719526;2.2897567551;True;7210;"[""920010212""]";[];84.11Z;2026-06-15T15:56:27.686304;80;CHAUDE;1099450;219890
26920138000129;269201380;CTRE D'ACCUEIL DE SOINS HOSP NANTERRE;HOPITAL DE JOUR CENTRE DIOGENE;;86.10Z;PUB_HOPITAL;PUBLIC;Activités hospitalières;3 RUE FERNANDO 92000 NANTERRE;92000;NANTERRE;92;Île-de-France;11;12;12;20 à 49 salariés;49;N;ETI;27;2003-12-25;22.521560574948666;48.8922949956128;2.19118200305227;False;7364;"[""920170040""]";[];86.10Z;2026-06-15T15:56:53.808422;80;CHAUDE;49000;9800
48026601400467;480266014;VYV3 ILE-DE-FRANCE;ESAT TECH'AIR;;86.10Z;PUB_HOPITAL;PUBLIC;Activités hospitalières;14 AVENUE DES ENTREPRENEURS 95400 VILLIERS-LE-BEL;95400;VILLIERS-LE-BEL;95;Île-de-France;11;21;21;50 à 99 salariés;99;N;GE;61;2020-11-01;5.66735112936345;48.9988101688957;2.39228483977207;False;8210;[];[];86.10Z;2026-06-15T15:56:58.773958;80;CHAUDE;99000;19800
48026601400517;480266014;VYV3 ILE-DE-FRANCE;ENTREPRISE ADAPTEE TECH'AIR;;86.10Z;PUB_HOPITAL;PUBLIC;Activités hospitalières;RDC 14 AVENUE DES ENTREPRENEURS 95400 VILLIERS-LE-BEL;95400;VILLIERS-LE-BEL;95;Île-de-France;11;21;21;50 à 99 salariés;99;O;GE;61;2020-11-01;5.66735112936345;48.9988101688957;2.39228483977207;False;8210;[];[];86.10Z;2026-06-15T15:56:58.773958;80;CHAUDE;99000;19800
77568300600024;775683006;FONDATION  SANTE DES ETUDIANTS DE FRANCE (FSEF);CLINIQUE FSEF BOUFFEMONT;FSEF;86.10Z;PUB_HOPITAL;PUBLIC;Activités hospitalières;5 RUE PASTEUR 95570 BOUFFEMONT;95570;BOUFFEMONT;95;Île-de-France;11;32;32;250 à 499 salariés;499;O;ETI;36;1900-01-01;126.4996577686516;49.046699257;2.2979132853;False;9300;"[""950150052"", ""950807123""]";[];86.10Z;2026-06-15T15:56:58.773958;80;CHAUDE;499000;99800
26950472600010;269504726;GROUPEMENT HOSPITALIER EAUBONNE MONTMORENCY SIMONE VEIL;;;86.10Z;PUB_HOPITAL;PUBLIC;Activités hospitalières;1 RUE JEAN MOULIN 95160 MONTMORENCY;95160;MONTMORENCY;95;Île-de-France;11;22;22;100 à 199 salariés;199;O;ETI;26;1998-01-01;28.501026694045173;48.98744228;2.3175827707;True;7364;"[""950000356""]";[];86.10Z;2026-06-15T15:56:58.773958;80;CHAUDE;199000;39800
26950472600036;269504726;GROUPEMENT HOSPITALIER EAUBONNE MONTMORENCY SIMONE VEIL;CHI EAUBONNE MONTMORENCY;;86.10Z;PUB_HOPITAL;PUBLIC;Activités hospitalières;14 RUE DE SAINT PRIX 95600 EAUBONNE;95600;EAUBONNE;95;Île-de-France;11;51;51;2000 à 4999 salariés;4999;O;ETI;26;1998-01-01;28.501026694045173;49.000985061;2.2694129276;False;7364;"[""950000323"", ""950005389""]";"[""0951570R""]";86.10Z;2026-06-15T15:56:58.773958;80;CHAUDE;4999000;999800
26950472600069;269504726;GROUPEMENT HOSPITALIER EAUBONNE MONTMORENCY SIMONE VEIL;CMP ENFANTS ENGHIEN-LES-BAINS;;86.10Z;PUB_HOPITAL;PUBLIC;Activités hospitalières;8 RUE GASTON ISRAEL 95880 ENGHIEN-LES-BAINS;95880;ENGHIEN-LES-BAINS;95;Île-de-France;11;51;51;2000 à 4999 salariés;4999;N;ETI;26;2005-12-25;20.520191649555095;48.973981375;2.3078359427;False;7364;"[""950005868""]";[];86.10Z;2026-06-15T15:56:58.773958;80;CHAUDE;4999000;999800
26950472600101;269504726;GROUPEMENT HOSPITALIER EAUBONNE MONTMORENCY SIMONE VEIL;CMP ENFANTS FRANCONVILLE LA GARENNE;;86.10Z;PUB_HOPITAL;PUBLIC;Activités hospitalières;IMMEUBLE JEAN MERMOZ 38 RUE DE LA STATION 95130 FRANCONVILLE;95130;FRANCONVILLE;95;Île-de-France;11;51;51;2000 à 4999 salariés;4999;N;ETI;26;2005-01-01;21.50034223134839;48.986291484;2.2315572841;False;7364;"[""950005918""]";[];86.10Z;2026-06-15T15:56:58.773958;80;CHAUDE;4999000;999800
26950472600184;269504726;GROUPEMENT HOSPITALIER EAUBONNE MONTMORENCY SIMONE VEIL;CMP ENFANTS ET ADOLESCENTS BEAUCHAMP;;86.10Z;PUB_HOPITAL;PUBLIC;Activités hospitalières;10 AVENUE MARCEAU 95250 BEAUCHAMP;95250;BEAUCHAMP;95;Île-de-France;11;51;51;2000 à 4999 salariés;4999;N;ETI;26;2006-01-01;20.501026694045173;49.014637971;2.2026811696;False;7364;"[""950039925""]";[];86.10Z;2026-06-15T15:56:58.773958;80;CHAUDE;4999000;999800
26950163100023;269501631;CENTRE HOSPITALIER VICTOR DUPOUY;CTRE MEDICO-PSYCHOLOGIQUE ADULTE;;86.10Z;PUB_HOPITAL;PUBLIC;Activités hospitalières;2 PLACE SAINT JUST 95100 ARGENTEUIL;95100;ARGENTEUIL;95;Île-de-France;11;51;51;2000 à 4999 salariés;4999;N;ETI;25;1904-04-04;122.24503764544832;48.953371683812;2.22763159765957;False;7364;"[""950000034""]";[];86.10Z;2026-06-15T15:56:58.774956;80;CHAUDE;4999000;999800
26950163100072;269501631;CENTRE HOSPITALIER VICTOR DUPOUY;CTRE MEDICO-PSYCHO. INFANTILE JUVENILE;;86.10Z;PUB_HOPITAL;PUBLIC;Activités hospitalières;CITE DES SYCOMORES 16 RUE DE LA BERTHIE 95870 BEZONS;95870;BEZONS;95;Île-de-France;11;51;51;2000 à 4999 salariés;4999;N;ETI;25;1904-04-04;122.24503764544832;48.936331402;2.204036106;False;7364;"[""950803213""]";[];86.10Z;2026-06-15T15:56:58.774956;80;CHAUDE;4999000;999800
26950163100122;269501631;CENTRE HOSPITALIER VICTOR DUPOUY;APPARTEMENT THERAPEUTIQUE;;86.10Z;PUB_HOPITAL;PUBLIC;Activités hospitalières;1 RUE J J ROUSSEAU 95220 HERBLAY-SUR-SEINE;95220;HERBLAY-SUR-SEINE;95;Île-de-France;11;51;51;2000 à 4999 salariés;4999;N;ETI;25;1904-04-04;122.24503764544832;48.994001004;2.168025759;False;7364;"[""950000075""]";[];86.10Z;2026-06-15T15:56:58.774956;80;CHAUDE;4999000;999800
26950004700015;269500047;CENTRE HOSPITALIER GENERAL;;;86.10Z;PUB_HOPITAL;PUBLIC;Activités hospitalières;2 BOULEVARD DU 19 MARS 1962 95500 GONESSE;95500;GONESSE;95;Île-de-France;11;51;51;2000 à 4999 salariés;4999;O;ETI;14;1983-03-01;43.34017796030116;48.993226645;2.4495214182;True;7364;"[""950000331""]";[];86.10Z;2026-06-15T15:56:58.774956;80;CHAUDE;4999000;999800
80248592000226;802485920;FONDATION SANTE SERVICE;SSIAD 92;;86.90D;PRIV_SANTE_CENTRE;PRIVE;Autres activités santé;SSIAD 92 141 BOULEVARD CHARLES DE GAULLE 92390 VILLENEUVE-LA-GARENNE;92390;VILLENEUVE-LA-GARENNE;92;Île-de-France;11;42;42;1000 à 1999 salariés;1999;O;ETI;24;2025-03-01;1.3388090349075976;48.943813978862;2.31199149919434;False;9300;[];[];86.10Z;2026-06-15T15:56:53.809421;80;CHAUDE;1899050;379810
78444843300150;784448433;CEREP;;;86.10Z;PUB_HOPITAL;PUBLIC;Activités hospitalières;7 IMPASSE MICHAEL WINBURN 92400 COURBEVOIE;92400;COURBEVOIE;92;Île-de-France;11;11;11;10 à 19 salariés;19;O;PME;15;2022-10-01;3.753593429158111;48.89952351;2.2611091968;False;9230;"[""920814217""]";[];86.10Z;2026-06-15T15:56:53.809421;80;CHAUDE;19000;3800
79072425600207;790724256;SELAS POINTGYN;;;86.21Z;PRIV_SANTE_CABINET;PRIVE;Pratique médicale générale;FELICITE 7 RUE SAINTE-FELICITE 75015 PARIS;75015;PARIS;75;Île-de-France;11;21;21;50 à 99 salariés;99;N;PME;31;2024-05-23;2.11088295687885;48.8389314222502;2.30428857718476;False;5785;[];[];86.21Z;2026-06-15T15:56:59.733938;80;CHAUDE;89100;17820
77568300600040;775683006;FONDATION  SANTE DES ETUDIANTS DE FRANCE (FSEF);CLINIQUE FSEF SCEAUX;FSEF;86.10Z;PUB_HOPITAL;PUBLIC;Activités hospitalières;30 AVENUE DU PRES F ROOSEVELT 92330 SCEAUX;92330;SCEAUX;92;Île-de-France;11;31;31;200 à 249 salariés;249;O;ETI;36;1900-01-01;126.4996577686516;48.777542097;2.3003956594;False;9300;"[""920140027""]";[];86.10Z;2026-06-15T15:56:53.808422;80;CHAUDE;249000;49800
77568300600057;775683006;FONDATION  SANTE DES ETUDIANTS DE FRANCE (FSEF);CLINIQUE DUPRE;FSEF;86.10Z;PUB_HOPITAL;PUBLIC;Activités hospitalières;14 RUE DU DOCTEUR BERGER 92330 SCEAUX;92330;SCEAUX;92;Île-de-France;11;51;51;2000 à 4999 salariés;4999;N;ETI;36;1900-01-01;126.4996577686516;48.776081526;2.2952534507;False;9300;[];[];86.10Z;2026-06-15T15:56:53.808422;80;CHAUDE;4999000;999800
21920020100131;219200201;COMMUNE DE CHATILLON;ECOLE MATERNELLE PUBLIQUE LES SABLONS;;85.10Z;PUB_ECOLE;PUBLIC;Enseignement pré-primaire;25 VILLA DES PAROSEAUX 92320 CHATILLON;92320;CHATILLON;92;Île-de-France;11;42;42;1000 à 1999 salariés;1999;N;ETI;32;1990-11-21;35.61396303901437;48.800408519;2.2826114862;False;7210;[];[];84.11Z;2026-06-15T15:56:27.686304;80;CHAUDE;999500;199900
21920075500011;219200755;COMMUNE DE VANVES;MAIRIE;;84.11Z;PUB_MAIRIE;PUBLIC;Administration publique générale;23 RUE MARY BESSEYRE 92170 VANVES;92170;VANVES;92;Île-de-France;11;41;41;500 à 999 salariés;999;O;ETI;31;1983-03-01;43.34017796030116;48.821414592;2.2895543934;True;7210;[];[];84.11Z;2026-06-15T15:56:27.686304;80;CHAUDE;549450;109890
21920075500045;219200755;COMMUNE DE VANVES;ECOLE MATERNELLE PUBLIQUE CENTRE;;85.10Z;PUB_ECOLE;PUBLIC;Enseignement pré-primaire;27 RUE LOUIS DARDENNE 92170 VANVES;92170;VANVES;92;Île-de-France;11;41;41;500 à 999 salariés;999;N;ETI;31;1983-12-21;42.53251197809719;48.819992909;2.288083754;False;7210;[];[];84.11Z;2026-06-15T15:56:27.686304;80;CHAUDE;499500;99900
21920075500052;219200755;COMMUNE DE VANVES;GROUPE SCOLAIRE PARC;;85.20Z;PUB_ECOLE;PUBLIC;Enseignement primaire;8 RUE FALRET 92170 VANVES;92170;VANVES;92;Île-de-France;11;41;41;500 à 999 salariés;999;N;ETI;31;1983-12-21;42.53251197809719;48.819088496;2.2841838705;False;7210;[];"[""0921580T""]";84.11Z;2026-06-15T15:56:27.686304;80;CHAUDE;499500;99900
21920075500102;219200755;COMMUNE DE VANVES;ECOLE MATERNELLE LEON GAMBETTA;;85.10Z;PUB_ECOLE;PUBLIC;Enseignement pré-primaire;1 RUE GAMBETTA 92170 VANVES;92170;VANVES;92;Île-de-France;11;41;41;500 à 999 salariés;999;N;ETI;31;1983-12-21;42.53251197809719;48.823576005;2.29644756;False;7210;[];[];84.11Z;2026-06-15T15:56:27.686304;80;CHAUDE;499500;99900
26950008800092;269500088;CTRE HOSPITALIER SPECIALISE ROGER PREVOT;HOTITAL DE JOUR POUR ADULTES;;86.10Z;PUB_HOPITAL;PUBLIC;Activités hospitalières;8 IMPASSE GRAVEL 92300 LEVALLOIS-PERRET;92300;LEVALLOIS-PERRET;92;Île-de-France;11;11;11;10 à 19 salariés;19;N;ETI;32;1984-06-01;42.08624229979466;48.896719987;2.2973050161;False;7364;"[""920808193""]";[];86.10Z;2026-06-15T15:56:53.808422;80;CHAUDE;19000;3800
26950008800126;269500088;CTRE HOSPITALIER SPECIALISE ROGER PREVOT;CENTRE MEDICO PSYCHOLOGIQUE;;86.10Z;PUB_HOPITAL;PUBLIC;Activités hospitalières;27 PASSAGE DES CHASSES 92110 CLICHY;92110;CLICHY;92;Île-de-France;11;11;11;10 à 19 salariés;19;N;ETI;32;1986-01-01;40.50102669404517;48.901334913;2.2953857567;False;7364;"[""920810553""]";[];86.10Z;2026-06-15T15:56:53.808422;80;CHAUDE;19000;3800
26950008800134;269500088;CTRE HOSPITALIER SPECIALISE ROGER PREVOT;CENTRE MEDICO PSYCHOLOGIQUE;;86.10Z;PUB_HOPITAL;PUBLIC;Activités hospitalières;12 RUE FANNY 92110 CLICHY;92110;CLICHY;92;Île-de-France;11;11;11;10 à 19 salariés;19;N;ETI;32;1986-01-01;40.50102669404517;48.89943662;2.3156077158;False;7364;"[""920810579""]";[];86.10Z;2026-06-15T15:56:53.808422;80;CHAUDE;19000;3800
26920141400019;269201414;ETABLISSEMENT PUBLIC DE SANTE ERASME;EPS-ERASME;;86.10Z;PUB_HOPITAL;PUBLIC;Activités hospitalières;143 AVENUE ARMAND GUILLEBAUD 92160 ANTONY;92160;ANTONY;92;Île-de-France;11;32;32;250 à 499 salariés;499;O;ETI;36;1983-03-01;43.34017796030116;48.745164725;2.3158433404;True;7364;"[""920002177""]";[];86.10Z;2026-06-15T15:56:53.808422;80;CHAUDE;499000;99800
26920141400043;269201414;ETABLISSEMENT PUBLIC DE SANTE ERASME;HDJ CMP 92G09 JEAN WIER;;86.10Z;PUB_HOPITAL;PUBLIC;Activités hospitalières;5 RUE MICHELET 92150 SURESNES;92150;SURESNES;92;Île-de-France;11;12;12;20 à 49 salariés;49;N;ETI;36;1975-09-01;50.83641341546885;48.8766559584804;2.23204602471562;False;7364;"[""920170149""]";[];86.10Z;2026-06-15T15:56:53.808422;80;CHAUDE;49000;9800
26920141400142;269201414;ETABLISSEMENT PUBLIC DE SANTE ERASME;HDJ CMP 92I06 JOAN RIVIERE;;86.10Z;PUB_HOPITAL;PUBLIC;Activités hospitalières;18 RUE CAMILLE PELLETAN 92120 MONTROUGE;92120;MONTROUGE;92;Île-de-France;11;12;12;20 à 49 salariés;49;N;ETI;36;1996-12-25;29.51950718685832;48.816907712;2.3096436489;False;7364;"[""920813003""]";[];86.10Z;2026-06-15T15:56:53.808422;80;CHAUDE;49000;9800
21920007800216;219200078;COMMUNE DE BAGNEUX;MAIRIE;;84.11Z;PUB_MAIRIE;PUBLIC;Administration publique générale;57 AVENUE HENRI RAVERA 92220 BAGNEUX;92220;BAGNEUX;92;Île-de-France;11;42;42;1000 à 1999 salariés;1999;O;ETI;36;1983-03-01;43.34017796030116;48.798940531;2.3040331359;True;7210;[];[];84.11Z;2026-06-15T15:56:27.203922;80;CHAUDE;1099450;219890
21920046600015;219200466;COMMUNE DE MALAKOFF;MAIRIE;;84.11Z;PUB_MAIRIE;PUBLIC;Administration publique générale;1 PL DU ONZE NOVEMBRE 92240 MALAKOFF;92240;MALAKOFF;92;Île-de-France;11;41;41;500 à 999 salariés;999;O;ETI;38;1983-03-01;43.34017796030116;48.820987187;2.3016895854;True;7210;[];[];84.11Z;2026-06-15T15:56:27.686304;80;CHAUDE;549450;109890
21920060700113;219200607;COMMUNE DU PLESSIS ROBINSON;ECOLE MATERNELLE PUBLIQUE LOUIS PERGAUD;;85.10Z;PUB_ECOLE;PUBLIC;Enseignement pré-primaire;4 RUE LOUIS PERGAUD 92350 LE PLESSIS-ROBINSON;92350;LE PLESSIS-ROBINSON;92;Île-de-France;11;41;41;500 à 999 salariés;999;N;ETI;27;1983-12-21;42.53251197809719;48.788996985;2.2692766842;False;7210;[];[];84.11Z;2026-06-15T15:56:27.687304;80;CHAUDE;499500;99900
21920009400015;219200094;COMMUNE DE BOIS COLOMBES;MAIRIE;;84.11Z;PUB_MAIRIE;PUBLIC;Administration publique générale;HOTEL DE VILLE 15 RUE CHARLES DUFLOS 92270 BOIS-COLOMBES;92270;BOIS-COLOMBES;92;Île-de-France;11;41;41;500 à 999 salariés;999;N;ETI;26;1983-03-01;43.34017796030116;48.91443185;2.267915354;True;7210;[];[];84.11Z;2026-06-15T15:56:27.687304;80;CHAUDE;549450;109890
26950004700080;269500047;CENTRE HOSPITALIER GENERAL;UNITES DE SOINS LONGUE DUREE;;86.10Z;PUB_HOPITAL;PUBLIC;Activités hospitalières;2 BOULEVARD DU 19 MARS 1962 95500 GONESSE;95500;GONESSE;95;Île-de-France;11;51;51;2000 à 4999 salariés;4999;N;ETI;14;2003-01-28;23.42778918548939;48.9938303683803;2.45443950708222;False;7364;"[""950801712""]";[];86.10Z;2026-06-15T15:56:58.774956;80;CHAUDE;4999000;999800
30834326800014;308343268;HOPITAL PRIVE NORD PARISIEN (HPNP);;HPNP;86.10Z;PUB_HOPITAL;PUBLIC;Activités hospitalières;3 BD MAL DE LATTRE DE TASSIGNY 95200 SARCELLES;95200;SARCELLES;95;Île-de-France;11;32;32;250 à 499 salariés;499;O;PME;1;1961-01-01;65.5003422313484;48.9805285419391;2.37730163455071;True;5510;"[""950300277""]";[];86.10Z;2026-06-15T15:56:58.774956;80;CHAUDE;499000;99800
26950010400014;269500104;HOPITAL LE PARC;;;86.10Z;PUB_HOPITAL;PUBLIC;Activités hospitalières;CHEMIN DES AUMUSES 21 RUE DE LA TUYOLLE 95150 TAVERNY;95150;TAVERNY;95;Île-de-France;11;22;22;100 à 199 salariés;199;O;PME;1;1983-03-01;43.34017796030116;49.024827123;2.2346799987;True;7364;"[""950000703""]";[];86.10Z;2026-06-15T15:56:59.049395;80;CHAUDE;199000;39800
32292941500022;322929415;CLINIQUE CLAUDE BERNARD;;;86.10Z;PUB_HOPITAL;PUBLIC;Activités hospitalières;9 RUE LOUIS ARMAND 95120 ERMONT;95120;ERMONT;95;Île-de-France;11;41;41;500 à 999 salariés;999;O;GE;2;1990-12-06;35.572895277207394;48.98103996;2.2642400852;True;5710;"[""950807982""]";[];86.10Z;2026-06-15T15:56:59.050394;80;CHAUDE;999000;199800
41875338000041;418753380;CLINIQUE DE DOMONT;;;86.10Z;PUB_HOPITAL;PUBLIC;Activités hospitalières;85 ROUTE DE DOMONT 95330 DOMONT;95330;DOMONT;95;Île-de-France;11;21;21;50 à 99 salariés;99;O;GE;4;2016-11-14;9.631759069130732;49.033929658;2.3434359586;True;5710;"[""950032714""]";[];86.10Z;2026-06-15T15:56:59.387414;80;CHAUDE;99000;19800
77566008700013;775660087;ASSOCIATION NATIONALE DE PREVENTION EN ALCOOLOGIE ET ADDICTOLOGIE (ANPAA);;ANPAA;86.21Z;PRIV_SANTE_CABINET;PRIVE;Pratique médicale générale;BP 206 20 RUE SAINT-FIACRE 75002 PARIS;75002;PARIS;75;Île-de-France;11;21;21;50 à 99 salariés;99;O;ETI;566;1900-01-01;126.4996577686516;48.870700263;2.3459085672;True;9220;"[""220022024"", ""820004018""]";[];86.21Z;2026-06-15T15:56:59.733938;80;CHAUDE;89100;17820
77572822300154;775728223;ASS INT CTRE MED SOCIAUX REG ILE FRANCE (ACMS);A.C.M.S;ACMS;86.21Z;PRIV_SANTE_CABINET;PRIVE;Pratique médicale générale;6 RUE SERRET 75015 PARIS;75015;PARIS;75;Île-de-France;11;42;42;1000 à 1999 salariés;1999;N;ETI;189;1900-01-01;126.4996577686516;48.84111679;2.2889758559;False;9220;[];[];86.21Z;2026-06-15T15:56:59.733938;80;CHAUDE;1799100;359820
77568193500356;775681935;APST BTP RP (APMT-BTP-RP);;APMT-BTP-RP;86.21Z;PRIV_SANTE_CABINET;PRIVE;Pratique médicale générale;31 RUE LAMARCK 75018 PARIS;75018;PARIS;75;Île-de-France;11;22;22;100 à 199 salariés;199;N;PME;40;1900-01-01;126.4996577686516;48.889075948;2.3427183275;False;9220;[];[];86.21Z;2026-06-15T15:56:59.733938;80;CHAUDE;179100;35820
77568193500406;775681935;APST BTP RP (APMT-BTP-RP);;APMT-BTP-RP;86.21Z;PRIV_SANTE_CABINET;PRIVE;Pratique médicale générale;6 RUE DE MUSSET 75016 PARIS;75016;PARIS;75;Île-de-France;11;22;22;100 à 199 salariés;199;N;PME;40;1981-10-01;44.75290896646133;48.841751898;2.265189258;False;9220;[];[];86.21Z;2026-06-15T15:56:59.733938;80;CHAUDE;179100;35820
79072425600066;790724256;SELAS POINTGYN;;;86.21Z;PRIV_SANTE_CABINET;PRIVE;Pratique médicale générale;7 RUE BERGERE 75009 PARIS;75009;PARIS;75;Île-de-France;11;21;21;50 à 99 salariés;99;O;PME;31;2020-09-15;5.796030116358659;48.871909453;2.3468358546;False;5785;[];[];86.21Z;2026-06-15T15:56:59.733938;80;CHAUDE;89100;17820
79072425600090;790724256;SELAS POINTGYN;;;86.21Z;PRIV_SANTE_CABINET;PRIVE;Pratique médicale générale;2 RUE ROUSSELET 75007 PARIS;75007;PARIS;75;Île-de-France;11;21;21;50 à 99 salariés;99;N;PME;31;2020-12-03;5.579739904175223;48.849413612;2.317623363;False;5785;[];[];86.21Z;2026-06-15T15:56:59.733938;80;CHAUDE;89100;17820
79072425600108;790724256;SELAS POINTGYN;;;86.21Z;PRIV_SANTE_CABINET;PRIVE;Pratique médicale générale;136 B RUE BLOMET 75015 PARIS;75015;PARIS;75;Île-de-France;11;21;21;50 à 99 salariés;99;N;PME;31;2022-01-01;4.501026694045175;48.839544221;2.2956919234;False;5785;[];[];86.21Z;2026-06-15T15:56:59.733938;80;CHAUDE;89100;17820
79072425600116;790724256;SELAS POINTGYN;;;86.21Z;PRIV_SANTE_CABINET;PRIVE;Pratique médicale générale;4 RUE DU DOCTEUR ROUX 75015 PARIS;75015;PARIS;75;Île-de-France;11;21;21;50 à 99 salariés;99;O;PME;31;2022-01-01;4.501026694045175;48.84198334;2.3126430872;False;5785;[];[];86.21Z;2026-06-15T15:56:59.733938;80;CHAUDE;89100;17820
79072425600173;790724256;SELAS POINTGYN;;;86.21Z;PRIV_SANTE_CABINET;PRIVE;Pratique médicale générale;46-48 46 RUE NICOLO 75016 PARIS;75016;PARIS;75;Île-de-France;11;21;21;50 à 99 salariés;99;N;PME;31;2022-09-08;3.816563997262149;48.860375993;2.2777709397;False;5785;[];[];86.21Z;2026-06-15T15:56:59.733938;80;CHAUDE;89100;17820
57980354500022;579803545;CLINIQUE SAINT- GERMAIN (CLINIQUE SAINT-GERMAIN);CLINIQUE SAINT GERMAIN;;86.10Z;PUB_HOPITAL;PUBLIC;Activités hospitalières;12 RUE DE LA BARONNE GERARD 78100 SAINT-GERMAIN-EN-LAYE;78100;SAINT-GERMAIN-EN-LAYE;78;Île-de-France;11;22;22;100 à 199 salariés;199;O;GE;2;2009-11-18;16.621492128678987;48.897633558;2.084004929;True;5710;"[""780018727""]";[];86.10Z;2026-06-15T15:56:51.913507;80;CHAUDE;199000;39800
43219715000019;432197150;HOPITAL PRIVE DE VERSAILLES;;;86.10Z;PUB_HOPITAL;PUBLIC;Activités hospitalières;7 BIS A 7 B RUE PORTE DE BUC 78000 VERSAILLES;78000;VERSAILLES;78;Île-de-France;11;31;31;200 à 249 salariés;249;O;GE;2;2000-07-06;25.99041752224504;48.795001702;2.1384554916;True;5710;"[""780300323""]";[];86.10Z;2026-06-15T15:56:51.913507;80;CHAUDE;249000;49800
30116075000834;301160750;CLINEA;CHATEAU DU BEL AIR;;86.10Z;PUB_HOPITAL;PUBLIC;Activités hospitalières;35 RUE ALBERT THOMAS 91560 CROSNE;91560;CROSNE;91;Île-de-France;11;22;22;100 à 199 salariés;199;O;GE;133;2014-01-01;12.501026694045176;48.723242115;2.4527342706;False;5710;"[""910310010""]";[];86.10Z;2026-06-15T15:56:52.513670;80;CHAUDE;199000;39800
26910009500182;269100095;ETS PUBLIC DE SANTE BARTHELEMY DURAND;CMP 91G06 LONGJUMEAU;;86.10Z;PUB_HOPITAL;PUBLIC;Activités hospitalières;12 AVENUE DU GENERAL DE GAULLE 91160 LONGJUMEAU;91160;LONGJUMEAU;91;Île-de-France;11;42;42;1000 à 1999 salariés;1999;N;ETI;81;1983-03-01;43.34017796030116;48.694720921;2.2986140312;False;7364;"[""910808104""]";[];86.10Z;2026-06-15T15:56:52.513670;80;CHAUDE;1999000;399800
26910214100018;269102141;GROUPE HOSPITALIER NORD ESSONNE;SITE DE LONGJUMEAU;;86.10Z;PUB_HOPITAL;PUBLIC;Activités hospitalières;159 RUE PDT FRANCOIS MITTERRAND 91160 LONGJUMEAU;91160;LONGJUMEAU;91;Île-de-France;11;51;51;2000 à 4999 salariés;4999;O;ETI;25;1983-03-01;43.34017796030116;48.692149436;2.2906531385;False;7364;"[""910000298""]";[];86.10Z;2026-06-15T15:56:52.514673;80;CHAUDE;4999000;999800
26910214100109;269102141;GROUPE HOSPITALIER NORD ESSONNE;CENTRE MEDICO-PSY 91G16;;86.10Z;PUB_HOPITAL;PUBLIC;Activités hospitalières;35 BOULEVARD JOSEPH BARA 91120 PALAISEAU;91120;PALAISEAU;91;Île-de-France;11;51;51;2000 à 4999 salariés;4999;N;ETI;25;2018-01-01;8.501026694045175;48.71585335;2.2442355518;False;7364;[];[];86.10Z;2026-06-15T15:56:52.514673;80;CHAUDE;4999000;999800
26910214100117;269102141;GROUPE HOSPITALIER NORD ESSONNE;CTRE MEDICO PSYCHOLOGIQUE;;86.10Z;PUB_HOPITAL;PUBLIC;Activités hospitalières;15 AVENUE NATIONALE 91300 MASSY;91300;MASSY;91;Île-de-France;11;51;51;2000 à 4999 salariés;4999;N;ETI;25;2018-01-01;8.501026694045175;48.728562602;2.2862021066;False;7364;[];[];86.10Z;2026-06-15T15:56:52.514673;80;CHAUDE;4999000;999800
31121005800047;311210058;ASSOCIATION JEAN LACHENAUD;ETS DE SANTE S.S.R. LA MARTINIERE;;86.10Z;PUB_HOPITAL;PUBLIC;Activités hospitalières;CHEMIN DE LA MARTINIERE 91400 SACLAY;91400;SACLAY;91;Île-de-France;11;31;31;200 à 249 salariés;249;O;ETI;14;1995-03-01;31.34017796030116;48.720389821;2.1839872773;False;9220;"[""910026103"", ""910811322""]";[];86.10Z;2026-06-15T15:56:52.514673;80;CHAUDE;249000;49800
97020238800025;970202388;CLINIQUE CARON (HOPITAL PRIVE D ATHIS MONS);HOPITAL PRIVE D ATHIS MONS;;86.10Z;PUB_HOPITAL;PUBLIC;Activités hospitalières;38 AVENUE JULES VALLES 91200 ATHIS-MONS;91200;ATHIS-MONS;91;Île-de-France;11;22;22;100 à 199 salariés;199;O;ETI;3;2021-01-29;5.423682409308693;48.7000137588741;2.37657765076929;True;5710;"[""910300359""]";[];86.10Z;2026-06-15T15:56:52.831464;80;CHAUDE;199000;39800
97020238800033;970202388;CLINIQUE CARON (HOPITAL PRIVE D ATHIS MONS);POLE DE CONSULTATIONS MERE-ENFANT;;86.10Z;PUB_HOPITAL;PUBLIC;Activités hospitalières;1 B RUE D'ABLON 91200 ATHIS-MONS;91200;ATHIS-MONS;91;Île-de-France;11;22;22;100 à 199 salariés;199;O;ETI;3;2021-06-20;5.034907597535934;48.718157542;2.4079694669;False;5710;[];[];86.10Z;2026-06-15T15:56:52.831464;80;CHAUDE;199000;39800
21920032600011;219200326;COMMUNE DE FONTENAY AUX ROSES;MAIRIE;;84.11Z;PUB_MAIRIE;PUBLIC;Administration publique générale;75 RUE BOUCICAUT 92260 FONTENAY-AUX-ROSES;92260;FONTENAY-AUX-ROSES;92;Île-de-France;11;41;41;500 à 999 salariés;999;O;ETI;22;1983-03-01;43.34017796030116;48.791228708;2.2865150011;True;7210;[];[];84.11Z;2026-06-15T15:56:27.687304;80;CHAUDE;549450;109890
96520104900024;965201049;CLINIQUE MEDICALE DE VILLIERS SUR ORGE (CLINALLIANCE DE VILLIERS SUR ORGE);CLINALLIANCE MASSY;;86.10Z;PUB_HOPITAL;PUBLIC;Activités hospitalières;PARC D'ACTIVITES DU MOULIN DE MASSY 33 RUE DU SAULE TRAPU 91300 MASSY;91300;MASSY;91;Île-de-France;11;32;32;250 à 499 salariés;499;O;ETI;2;2024-09-02;1.831622176591376;48.7283748599625;2.30279936786613;False;5710;"[""910023654""]";[];86.10Z;2026-06-15T15:56:52.832464;80;CHAUDE;499000;99800
77573745500045;775737455;CLINIQUE DE CHOISY;;;86.10Z;PUB_HOPITAL;PUBLIC;Activités hospitalières;9 B RUE LEDRU - ROLLIN 94600 CHOISY-LE-ROI;94600;CHOISY-LE-ROI;94;Île-de-France;11;21;21;50 à 99 salariés;99;O;GE;4;2002-04-19;24.205338809034902;48.762565258;2.4053111318;True;5599;"[""940300080""]";[];86.10Z;2026-06-15T15:56:53.117538;80;CHAUDE;99000;19800
57200849800022;572008498;HOPITAL PRIVE JACQUES CARTIER;;;86.10Z;PUB_HOPITAL;PUBLIC;Activités hospitalières;6 AVENUE DU NOYER LAMBERT 91300 MASSY;91300;MASSY;91;Île-de-France;11;32;32;250 à 499 salariés;499;O;GE;3;1992-12-24;33.52224503764545;48.731689453;2.2918152429;True;5599;"[""910300219""]";[];86.10Z;2026-06-15T15:56:53.117538;80;CHAUDE;499000;99800
45123347200021;451233472;CLINIQUE DE PIERREFITTE SUR SEINE (CLINALLIANCE PIERREFITTE SUR SEINE);CLINALLIANCE PIERREFITTE SUR SEINE;;86.10Z;PUB_HOPITAL;PUBLIC;Activités hospitalières;32 AVENUE VICTOR HUGO 93380 PIERREFITTE-SUR-SEINE;93380;PIERREFITTE-SUR-SEINE;93;Île-de-France;11;22;22;100 à 199 salariés;199;O;ETI;2;1900-01-01;126.4996577686516;48.963522765;2.3634974159;True;5710;"[""930009188""]";[];86.10Z;2026-06-15T15:56:53.117538;80;CHAUDE;199000;39800
21920078900010;219200789;COMMUNE DE VILLENEUVE LA GARENNE;MAIRIE;;84.11Z;PUB_MAIRIE;PUBLIC;Administration publique générale;28 AVENUE DE VERDUN 92390 VILLENEUVE-LA-GARENNE;92390;VILLENEUVE-LA-GARENNE;92;Île-de-France;11;41;41;500 à 999 salariés;999;O;ETI;29;1983-03-01;43.34017796030116;48.935777886;2.3329948556;True;7210;[];[];84.11Z;2026-06-15T15:56:27.687304;80;CHAUDE;549450;109890
26780244500341;267802445;CENTRE HOSPITALIER THEOPHILE ROUSSEL;CMP ANNEXE;;86.10Z;PUB_HOPITAL;PUBLIC;Activités hospitalières;100 RUE ROBERT BOURQUELOT 78500 SARTROUVILLE;78500;SARTROUVILLE;78;Île-de-France;11;41;41;500 à 999 salariés;999;N;ETI;53;2007-02-27;19.345653661875428;48.943862508;2.1991655801;False;7364;"[""780018578""]";[];86.10Z;2026-06-15T15:56:51.236498;80;CHAUDE;999000;199800
26780244500432;267802445;CENTRE HOSPITALIER THEOPHILE ROUSSEL;CMP JOHN BOWLBY;;86.10Z;PUB_HOPITAL;PUBLIC;Activités hospitalières;9 RUE ST ELOI 78100 SAINT-GERMAIN-EN-LAYE;78100;SAINT-GERMAIN-EN-LAYE;78;Île-de-France;11;41;41;500 à 999 salariés;999;N;ETI;53;1997-01-01;29.50034223134839;48.894512564;2.0732766977;False;7364;[];[];86.10Z;2026-06-15T15:56:51.236498;80;CHAUDE;999000;199800
26780271800028;267802718;CENTRE HOSPITALIER DE VERSAILLES;CENTRE HOSPITALIER ANDRE MIGNOT;;86.10Z;PUB_HOPITAL;PUBLIC;Activités hospitalières;177 RUE DE VERSAILLES 78150 LE CHESNAY-ROCQUENCOURT;78150;LE CHESNAY-ROCQUENCOURT;78;Île-de-France;11;51;51;2000 à 4999 salariés;4999;N;ETI;21;1981-03-01;45.3388090349076;48.830382646;2.1277919208;True;7364;"[""780800256""]";"[""0780548X""]";86.10Z;2026-06-15T15:56:51.236498;80;CHAUDE;4999000;999800
26780271800010;267802718;CENTRE HOSPITALIER DE VERSAILLES;HOPITAL RICHAUD;;86.10Z;PUB_HOPITAL;PUBLIC;Activités hospitalières;80 BOULEVARD DE LA REINE 78000 VERSAILLES;78000;VERSAILLES;78;Île-de-France;11;51;51;2000 à 4999 salariés;4999;O;ETI;21;1987-08-17;38.87748117727584;48.808470542;2.1351240753;False;7364;"[""780000345""]";[];86.10Z;2026-06-15T15:56:51.236498;80;CHAUDE;4999000;999800
55201562000040;552015620;CENTRE CHIRURGICAL DES PRINCES (CLINIQUE DES PRINCES);;;86.10Z;PUB_HOPITAL;PUBLIC;Activités hospitalières;30 TER ET 32 AVENUE DE BRIMONT 78400 CHATOU;78400;CHATOU;78;Île-de-France;11;21;21;50 à 99 salariés;99;O;PME;8;2005-11-24;20.605065023956197;48.890500912;2.1442158821;False;5710;[];[];86.10Z;2026-06-15T15:56:51.237499;80;CHAUDE;99000;19800
43955550900041;439555509;SOC NOUVELLE DE LA CLINIQUE DU MESNIL;CLINIQUE LE GRAND PARC;;86.10Z;PUB_HOPITAL;PUBLIC;Activités hospitalières;1 RUE AIME CESAIRE 78280 GUYANCOURT;78280;GUYANCOURT;78;Île-de-France;11;22;22;100 à 199 salariés;199;O;GE;4;2016-10-01;9.752224503764545;48.774427176;2.0717772806;False;5710;[];[];86.10Z;2026-06-15T15:56:51.237499;80;CHAUDE;199000;39800
26780240300019;267802403;HOPITAL DU VESINET;;;86.10Z;PUB_HOPITAL;PUBLIC;Activités hospitalières;72 AVENUE DE LA PRINCESSE 78110 LE VESINET;78110;LE VESINET;78;Île-de-France;11;32;32;250 à 499 salariés;499;O;ETI;2;1983-03-01;43.34017796030116;48.881285181;2.1292609504;True;7364;"[""780000352""]";[];86.10Z;2026-06-15T15:56:51.520124;80;CHAUDE;499000;99800
26780240300027;267802403;HOPITAL DU VESINET;LONG SEJOUR DU CENTRE MEDICAL;;86.10Z;PUB_HOPITAL;PUBLIC;Activités hospitalières;72 AVENUE DE LA PRINCESSE 78110 LE VESINET;78110;LE VESINET;78;Île-de-France;11;32;32;250 à 499 salariés;499;N;ETI;2;1995-12-25;30.521560574948666;48.8812851806393;2.12926095043202;False;7364;"[""780825337""]";[];86.10Z;2026-06-15T15:56:51.520124;80;CHAUDE;499000;99800
31390542400013;313905424;CENTRE MEDICAL PORTE VERTE CMPV;;;86.10Z;PUB_HOPITAL;PUBLIC;Activités hospitalières;6 AV DU MAL FRANCHET D’ESPEREY 78000 VERSAILLES;78000;VERSAILLES;78;Île-de-France;11;41;41;500 à 999 salariés;999;O;ETI;2;1978-01-01;48.50102669404517;48.819638195;2.1397066554;True;9220;"[""780150066""]";[];86.10Z;2026-06-15T15:56:51.520124;80;CHAUDE;999000;199800
39390213500028;393902135;INSTITUT DE READAPTATION DE ACHERES;INSTITUT DE READAPTATION D'ACHERES;;86.10Z;PUB_HOPITAL;PUBLIC;Activités hospitalières;7 PLACE SIMONE VEIL 78260 ACHERES;78260;ACHERES;78;Île-de-France;11;32;32;250 à 499 salariés;499;O;GE;3;2019-10-18;6.707734428473648;48.971703556;2.0798904429;True;5710;"[""780700027""]";[];86.10Z;2026-06-15T15:56:51.520124;80;CHAUDE;499000;99800
39201518600019;392015186;CENTRE HOSPITALIER PRIVE DE L'EUROPE (CHP DE L'EUROPE LE PORT MARLY VIVALTO SANTE) (CMCE);CHP DE L'EUROPE LE PORT MARLY VIVALTO SANTE;CMCE;86.10Z;PUB_HOPITAL;PUBLIC;Activités hospitalières;9 B RUE DE SAINT GERMAIN 78560 LE PORT-MARLY;78560;LE PORT-MARLY;78;Île-de-France;11;32;32;250 à 499 salariés;499;O;GE;2;1993-08-01;32.91991786447639;48.880826268;2.1071159159;True;5710;"[""780300414""]";[];86.10Z;2026-06-15T15:56:51.520124;80;CHAUDE;499000;99800
39201518600027;392015186;CENTRE HOSPITALIER PRIVE DE L'EUROPE (CHP DE L'EUROPE LE PORT MARLY VIVALTO SANTE) (CMCE);CLINIQUE DE MAISONS-LAFFITTE;CMCE;86.10Z;PUB_HOPITAL;PUBLIC;Activités hospitalières;19 B AV EGLE 78600 MAISONS-LAFFITTE;78600;MAISONS-LAFFITTE;78;Île-de-France;11;21;21;50 à 99 salariés;99;O;GE;2;2017-02-01;9.415468856947296;48.950121954;2.1510564366;False;5710;"[""780022737""]";[];86.10Z;2026-06-15T15:56:51.520124;80;CHAUDE;99000;19800
21920035900012;219200359;COMMUNE DE LA GARENNE COLOMBES;MAIRIE;;84.11Z;PUB_MAIRIE;PUBLIC;Administration publique générale;MAIRIE LA GARENNE COLOMBES 68 BOULEVARD DE LA REPUBLIQUE 92250 LA GARENNE-COLOMBES;92250;LA GARENNE-COLOMBES;92;Île-de-France;11;41;41;500 à 999 salariés;999;O;ETI;16;1983-03-01;43.34017796030116;48.906822072;2.2464747064;True;7210;[];[];84.11Z;2026-06-15T15:56:27.688305;80;CHAUDE;549450;109890
77568542300029;775685423;CENTRE PEDIATRIQUE DES COTES;;;86.10Z;PUB_HOPITAL;PUBLIC;Activités hospitalières;CHATEAU DES COTES 78350 LES LOGES-EN-JOSAS;78350;LES LOGES-EN-JOSAS;78;Île-de-France;11;22;22;100 à 199 salariés;199;O;PME;1;1989-08-18;36.87337440109514;48.759145282;2.1431860595;True;9220;"[""780630026""]";[];86.10Z;2026-06-15T15:56:51.520124;80;CHAUDE;199000;39800
78530662200024;785306622;HOPITAL PRIVE DE PARLY II (CMC PARLY II);;CMC PARLY II;86.10Z;PUB_HOPITAL;PUBLIC;Activités hospitalières;21 RUE MOXOURIS 78150 LE CHESNAY-ROCQUENCOURT;78150;LE CHESNAY-ROCQUENCOURT;78;Île-de-France;11;32;32;250 à 499 salariés;499;O;GE;3;1900-01-01;126.4996577686516;48.830248421;2.1200397947;True;5710;"[""780300406""]";[];86.10Z;2026-06-15T15:56:51.912507;80;CHAUDE;499000;99800
65980507100019;659805071;CLINIQUE DU VAL-DE-SEINE;CLINIQUE DU VAL DE SEINE;;86.10Z;PUB_HOPITAL;PUBLIC;Activités hospitalières;LE CLOS DE LA TOUR CHEMIN DU COEUR VOLANT 78430 LOUVECIENNES;78430;LOUVECIENNES;78;Île-de-France;11;21;21;50 à 99 salariés;99;O;GE;1;1965-01-01;61.50034223134839;48.86636702;2.1120138613;True;5710;"[""780300109""]";[];86.10Z;2026-06-15T15:56:51.912507;80;CHAUDE;99000;19800
51022755600139;510227556;ICPC SETAEL;ICPC TURIN;;86.21Z;PRIV_SANTE_CABINET;PRIVE;Pratique médicale générale;9 RUE DE TURIN 75008 PARIS;75008;PARIS;75;Île-de-France;11;21;21;50 à 99 salariés;99;O;PME;17;2009-01-15;17.462012320328544;48.8800911083994;2.32500383798943;False;5785;[];[];86.21Z;2026-06-15T15:56:59.734938;80;CHAUDE;89100;17820
20008210500830;200082105;GROUPE HOSPITALIER UNIVERSITAIRE PARIS - PSYCHIATRIE ET NEUROSCIENCES;CATTP ADULTES CHELLES;;86.10Z;PUB_HOPITAL;PUBLIC;Activités hospitalières;5 RUE DE BORDEAUX 77500 CHELLES;77500;CHELLES;77;Île-de-France;11;52;52;5000 à 9999 salariés;9999;N;GE;93;2019-01-01;7.501711156741957;48.870836736;2.5736098597;False;7364;"[""770002046""]";[];86.10Z;2026-06-15T15:56:50.256991;80;CHAUDE;9999000;1999800
60204682300012;602046823;HOPITAL PRIVE PAUL D'EGINE H P P E (HPPE);;HPPE;86.10Z;PUB_HOPITAL;PUBLIC;Activités hospitalières;4 AVENUE MARX DORMOY 94500 CHAMPIGNY-SUR-MARNE;94500;CHAMPIGNY-SUR-MARNE;94;Île-de-France;11;31;31;200 à 249 salariés;249;O;GE;2;1960-01-01;66.50239561943874;48.811930194;2.5166877324;True;5710;"[""940300031""]";[];86.10Z;2026-06-15T15:56:50.578684;80;CHAUDE;249000;49800
30116075000255;301160750;CLINEA;CLINIQUE VILLA DES PAGES;;86.10Z;PUB_HOPITAL;PUBLIC;Activités hospitalières;9 AVENUE DES PAGES 78110 LE VESINET;78110;LE VESINET;78;Île-de-France;11;22;22;100 à 199 salariés;199;O;GE;133;2004-12-31;21.50308008213552;48.8963310403226;2.13490918360441;False;5710;"[""780310025""]";[];86.10Z;2026-06-15T15:56:51.235474;80;CHAUDE;199000;39800
26780580200019;267805802;CENTRE HOSPITALIER INTERCOMMUNAL DE POISSY SAINT GERMAIN;;;86.10Z;PUB_HOPITAL;PUBLIC;Activités hospitalières;20 RUE ARMAGIS 78100 SAINT-GERMAIN-EN-LAYE;78100;SAINT-GERMAIN-EN-LAYE;78;Île-de-France;11;51;51;2000 à 4999 salariés;4999;O;ETI;32;1998-01-01;28.501026694045173;48.897663064;2.0856180833;True;7364;"[""780000337""]";[];86.10Z;2026-06-15T15:56:51.235474;80;CHAUDE;4999000;999800
26780580200035;267805802;CENTRE HOSPITALIER INTERCOMMUNAL DE POISSY SAINT GERMAIN;CENTRE LONG SEJOUR;;86.10Z;PUB_HOPITAL;PUBLIC;Activités hospitalières;20 RUE ARMAGIS 78100 SAINT-GERMAIN-EN-LAYE;78100;SAINT-GERMAIN-EN-LAYE;78;Île-de-France;11;51;51;2000 à 4999 salariés;4999;N;ETI;32;1998-01-01;28.501026694045173;48.898120459;2.0860758772;False;7364;[];[];86.10Z;2026-06-15T15:56:51.235474;80;CHAUDE;4999000;999800
26780580200050;267805802;CENTRE HOSPITALIER INTERCOMMUNAL DE POISSY SAINT GERMAIN;LONG SEJOUR HOPITAL ANQUETIN;;86.10Z;PUB_HOPITAL;PUBLIC;Activités hospitalières;2 RUE PASTEUR 78100 SAINT-GERMAIN-EN-LAYE;78100;SAINT-GERMAIN-EN-LAYE;78;Île-de-France;11;51;51;2000 à 4999 salariés;4999;N;ETI;32;1998-01-01;28.501026694045173;48.89968299;2.0705808454;False;7364;[];[];86.10Z;2026-06-15T15:56:51.235474;80;CHAUDE;4999000;999800
17780231100254;177802311;DIRECTION REGIONALE DES DOUANES PARIS-OUEST (DRD);RECETTE LOCALE DE MALAKOFF;DRD;84.11Z;PUB_MAIRIE;PUBLIC;Administration publique générale;60 RUE ETIENNE DOLET 92240 MALAKOFF;92240;MALAKOFF;92;Île-de-France;11;22;22;100 à 199 salariés;199;N;PME;27;1995-12-12;30.55715263518138;48.8150749587269;2.29821517112288;False;7172;[];[];84.11Z;2026-06-15T15:56:27.688305;80;CHAUDE;109450;21890
21920064900016;219200649;COMMUNE DE SAINT CLOUD;MAIRIE;;84.11Z;PUB_MAIRIE;PUBLIC;Administration publique générale;13 PLACE CHARLES DE GAULLE 92210 SAINT-CLOUD;92210;SAINT-CLOUD;92;Île-de-France;11;41;41;500 à 999 salariés;999;O;ETI;15;1983-03-01;43.34017796030116;48.8437231608294;2.21924704694121;True;7210;[];[];84.11Z;2026-06-15T15:56:27.688305;80;CHAUDE;549450;109890
21920072200011;219200722;COMMUNE DE SEVRES;MAIRIE;;84.11Z;PUB_MAIRIE;PUBLIC;Administration publique générale;54 GRANDE RUE 92310 SEVRES;92310;SEVRES;92;Île-de-France;11;32;32;250 à 499 salariés;499;O;ETI;15;1983-03-01;43.34017796030116;48.824781798;2.2126762371;True;7210;[];[];84.11Z;2026-06-15T15:56:27.688305;80;CHAUDE;274450;54890
21920033400015;219200334;COMMUNE DE GARCHES;MAIRIE;;84.11Z;PUB_MAIRIE;PUBLIC;Administration publique générale;2 AVENUE DU MARECHAL LECLERC 92380 GARCHES;92380;GARCHES;92;Île-de-France;11;41;41;500 à 999 salariés;999;O;ETI;12;1983-03-01;43.34017796030116;48.843317938;2.1874604892;True;7210;[];[];84.11Z;2026-06-15T15:56:27.689307;80;CHAUDE;549450;109890
26780580200068;267805802;CENTRE HOSPITALIER INTERCOMMUNAL DE POISSY SAINT GERMAIN;HOPITAL DE JOUR PSYCHIATRIE;;86.10Z;PUB_HOPITAL;PUBLIC;Activités hospitalières;30 RUE MAL GALLIENI 78100 SAINT-GERMAIN-EN-LAYE;78100;SAINT-GERMAIN-EN-LAYE;78;Île-de-France;11;51;51;2000 à 4999 salariés;4999;N;ETI;32;1998-01-01;28.501026694045173;48.898769043;2.0758765739;False;7364;"[""780826053""]";[];86.10Z;2026-06-15T15:56:51.235474;80;CHAUDE;4999000;999800
26780580200118;267805802;CENTRE HOSPITALIER INTERCOMMUNAL DE POISSY SAINT GERMAIN;LONG SEJOUR HERVIEUX;;86.10Z;PUB_HOPITAL;PUBLIC;Activités hospitalières;7 RUE DE BEAUREGARD 78300 POISSY;78300;POISSY;78;Île-de-France;11;51;51;2000 à 4999 salariés;4999;N;ETI;32;1998-01-01;28.501026694045173;48.924153748;2.0454194837;False;7364;[];[];86.10Z;2026-06-15T15:56:51.236498;80;CHAUDE;4999000;999800
26780244500036;267802445;CENTRE HOSPITALIER THEOPHILE ROUSSEL;VILLA ESQUIROL SECTEUR 78 I 3;;86.10Z;PUB_HOPITAL;PUBLIC;Activités hospitalières;35 AVENUE FERNAND LEFEBVRE 78300 POISSY;78300;POISSY;78;Île-de-France;11;41;41;500 à 999 salariés;999;N;ETI;53;1989-12-31;36.50376454483231;48.924531159;2.0525759306;False;7364;[];[];86.10Z;2026-06-15T15:56:51.236498;80;CHAUDE;999000;199800
26780244500093;267802445;CENTRE HOSPITALIER THEOPHILE ROUSSEL;CENTRE MEDICO PSY SECT 78 G 7;;86.10Z;PUB_HOPITAL;PUBLIC;Activités hospitalières;IMMEUBLE LE SEXTANT 15 AVENUE AUGUSTE RENOIR 78160 MARLY-LE-ROI;78160;MARLY-LE-ROI;78;Île-de-France;11;41;41;500 à 999 salariés;999;N;ETI;53;1996-12-25;29.51950718685832;48.878445127;2.0936288685;False;7364;"[""780809323""]";[];86.10Z;2026-06-15T15:56:51.236498;80;CHAUDE;999000;199800
26780244500127;267802445;CENTRE HOSPITALIER THEOPHILE ROUSSEL;CENTRE MEDICO PSY SECT 78-I-3;;86.10Z;PUB_HOPITAL;PUBLIC;Activités hospitalières;15 RUE HENRI DUNANT 78110 LE VESINET;78110;LE VESINET;78;Île-de-France;11;41;41;500 à 999 salariés;999;N;ETI;53;1996-12-25;29.51950718685832;48.894277305;2.1372659849;False;7364;"[""780809406""]";[];86.10Z;2026-06-15T15:56:51.236498;80;CHAUDE;999000;199800
13001999500013;130019995;INSPECTION GENERALE DE L'ENVIRONNEMENT ET DU DEVELOPPEMENT DURABLE (IGEDD);;IGEDD;84.11Z;PUB_MAIRIE;PUBLIC;Administration publique générale;TOUR SEQUIOA 1 PLACE CARPEAUX 92800 PUTEAUX;92800;PUTEAUX;92;Île-de-France;11;31;31;200 à 249 salariés;249;N;PME;2;2008-07-09;17.982203969883642;48.893800236;2.2395395461;True;7120;[];[];84.11Z;2026-06-15T15:56:27.986723;80;CHAUDE;136950;27390
80475136000012;804751360;ICLINIQUE CHAMPS ELYSEES (CLINIQUE CHAMPS ELYSEES);CLINIQUE CHAMPS ELYSEES;;86.10Z;PUB_HOPITAL;PUBLIC;Activités hospitalières;61 AVENUE FRANKLIN D. ROOSEVELT 75008 PARIS;75008;PARIS;75;Île-de-France;11;11;11;10 à 19 salariés;19;O;PME;1;2014-09-02;11.83299110198494;48.87165087;2.309872036;True;5710;[];[];86.10Z;2026-06-15T15:56:49.265906;80;CHAUDE;19000;3800
79072425600215;790724256;SELAS POINTGYN;;;86.21Z;PRIV_SANTE_CABINET;PRIVE;Pratique médicale générale;21 RUE DE CHAZELLES 75017 PARIS;75017;PARIS;75;Île-de-France;11;21;21;50 à 99 salariés;99;N;PME;31;2024-06-12;2.0561259411362083;48.8800082631567;2.30424913479246;False;5785;[];[];86.21Z;2026-06-15T15:56:59.733938;80;CHAUDE;89100;17820
31352475300081;313524753;COSEM COORD OEUVRES SOCIALES;;;86.21Z;PRIV_SANTE_CABINET;PRIVE;Pratique médicale générale;9 RUE BOUDREAU 75009 PARIS;75009;PARIS;75;Île-de-France;11;22;22;100 à 199 salariés;199;O;ETI;28;2012-06-25;14.020533880903493;48.872193042;2.328876003;True;9220;[];[];86.21Z;2026-06-15T15:56:59.734938;80;CHAUDE;179100;35820
31352475300107;313524753;COSEM COORD OEUVRES SOCIALES;;;86.21Z;PRIV_SANTE_CABINET;PRIVE;Pratique médicale générale;149 RUE DE SEVRES 75015 PARIS;75015;PARIS;75;Île-de-France;11;42;42;1000 à 1999 salariés;1999;N;ETI;28;2020-12-01;5.585215605749487;48.846035994;2.3144812807;False;9220;[];[];86.21Z;2026-06-15T15:56:59.734938;80;CHAUDE;1799100;359820
31352475300115;313524753;COSEM COORD OEUVRES SOCIALES;;;86.21Z;PRIV_SANTE_CABINET;PRIVE;Pratique médicale générale;20 RUE LEBLANC 75015 PARIS;75015;PARIS;75;Île-de-France;11;42;42;1000 à 1999 salariés;1999;O;ETI;28;2020-12-01;5.585215605749487;48.8388363138606;2.27405701291226;False;9220;[];[];86.21Z;2026-06-15T15:56:59.734938;80;CHAUDE;1799100;359820
31352475300180;313524753;COSEM COORD OEUVRES SOCIALES;;;86.23Z;PRIV_SANTE_CABINET;PRIVE;Pratique médicale;124 B BOULEVARD DE MAGENTA 75010 PARIS;75010;PARIS;75;Île-de-France;11;21;21;50 à 99 salariés;99;N;ETI;28;2022-07-01;4.005475701574264;48.879847912;2.3531172504;False;9220;[];[];86.21Z;2026-06-15T15:56:59.734938;80;CHAUDE;89100;17820
31352475300198;313524753;COSEM COORD OEUVRES SOCIALES;;;86.23Z;PRIV_SANTE_CABINET;PRIVE;Pratique médicale;3 RUE THENARD 75005 PARIS;75005;PARIS;75;Île-de-France;11;21;21;50 à 99 salariés;99;N;ETI;28;2022-07-01;4.005475701574264;48.850154959;2.3462790204;False;9220;[];[];86.21Z;2026-06-15T15:56:59.734938;80;CHAUDE;89100;17820
31352475300206;313524753;COSEM COORD OEUVRES SOCIALES;;;86.23Z;PRIV_SANTE_CABINET;PRIVE;Pratique médicale;13 RUE DE LA PEPINIERE 75008 PARIS;75008;PARIS;75;Île-de-France;11;21;21;50 à 99 salariés;99;N;ETI;28;2022-07-01;4.005475701574264;48.875019991;2.3227539647;False;9220;[];[];86.21Z;2026-06-15T15:56:59.734938;80;CHAUDE;89100;17820
47813594000086;478135940;RESEAU D'IMAGERIE PARIS-NORD;;;86.22A;PRIV_SANTE_CABINET;PRIVE;Pratique médicale;108 RUE DU RUISSEAU 75018 PARIS;75018;PARIS;75;Île-de-France;11;22;22;100 à 199 salariés;199;N;PME;22;2015-12-31;10.505133470225871;48.896963197;2.3425075847;False;5485;[];[];86.21Z;2026-06-15T15:56:59.734938;80;CHAUDE;179100;35820
47813594000110;478135940;RESEAU D'IMAGERIE PARIS-NORD;;;86.22A;PRIV_SANTE_CABINET;PRIVE;Pratique médicale;21 RUE DE CHAZELLES 75017 PARIS;75017;PARIS;75;Île-de-France;11;22;22;100 à 199 salariés;199;N;PME;22;2019-05-01;7.173169062286106;48.8800070018058;2.30424874257835;False;5485;[];[];86.21Z;2026-06-15T15:56:59.734938;80;CHAUDE;179100;35820
47813594000136;478135940;RESEAU D'IMAGERIE PARIS-NORD;;;86.21Z;PRIV_SANTE_CABINET;PRIVE;Pratique médicale générale;5-9-CLINIQUE DE TURIN 5 RUE DE TURIN 75008 PARIS;75008;PARIS;75;Île-de-France;11;22;22;100 à 199 salariés;199;N;PME;22;2021-07-01;5.004791238877481;48.879816852;2.324931341;False;5485;[];[];86.21Z;2026-06-15T15:56:59.734938;80;CHAUDE;179100;35820
47813594000177;478135940;RESEAU D'IMAGERIE PARIS-NORD;;;86.22A;PRIV_SANTE_CABINET;PRIVE;Pratique médicale;CLINIQUE DE L'ALMA 166 RUE DE L'UNIVERSITE 75007 PARIS;75007;PARIS;75;Île-de-France;11;22;22;100 à 199 salariés;199;N;PME;22;2021-07-01;5.004791238877481;48.861336836;2.3057429616;False;5485;[];[];86.21Z;2026-06-15T15:56:59.734938;80;CHAUDE;179100;35820
51022755600022;510227556;ICPC SETAEL;;;86.21Z;PRIV_SANTE_CABINET;PRIVE;Pratique médicale générale;31 RUE DU PETIT MUSC 75004 PARIS;75004;PARIS;75;Île-de-France;11;21;21;50 à 99 salariés;99;N;PME;17;2017-12-01;8.58590006844627;48.853216537;2.3648630325;True;5785;[];[];86.21Z;2026-06-15T15:56:59.734938;80;CHAUDE;89100;17820
51022755600055;510227556;ICPC SETAEL;ICPC MONCEAU;;86.21Z;PRIV_SANTE_CABINET;PRIVE;Pratique médicale générale;21 RUE DE CHAZELLES 75017 PARIS;75017;PARIS;75;Île-de-France;11;21;21;50 à 99 salariés;99;O;PME;17;2015-11-18;10.622861054072551;48.8800082631567;2.30424913479246;False;5785;[];[];86.21Z;2026-06-15T15:56:59.734938;80;CHAUDE;89100;17820
51022755600105;510227556;ICPC SETAEL;ICPC SAINTE-THERESE;;86.21Z;PRIV_SANTE_CABINET;PRIVE;Pratique médicale générale;9 RUE GUSTAVE DORE 75017 PARIS;75017;PARIS;75;Île-de-France;11;21;21;50 à 99 salariés;99;O;PME;17;2024-02-01;2.417522245037645;48.8865261447629;2.30230994286494;False;5785;[];[];86.21Z;2026-06-15T15:56:59.734938;80;CHAUDE;89100;17820
21750001626329;217500016;VILLE DE PARIS;BIBLIOTHEQUE;;84.11Z;PUB_MAIRIE;PUBLIC;Administration publique générale;55 BOULEVARD FELIX FAURE 93300 AUBERVILLIERS;93300;AUBERVILLIERS;93;Île-de-France;11;53;53;10000 salariés et plus;10000;O;GE;3027;2011-06-01;15.08829568788501;48.9038898872752;2.38127756761345;False;7229;[];[];84.11Z;2026-06-15T15:56:28.717861;80;CHAUDE;5500000;1100000
13001249501779;130012495;DIRECTION REGIONALE FINANCES PUBLIQUES ILE DE FRANCE ET DEPARTEMENT PARIS (DRFIP);CDIF PARIS 2;DRFIP;84.11Z;PUB_MAIRIE;PUBLIC;Administration publique générale;38 RUE DE LA REPUBLIQUE 93100 MONTREUIL;93100;MONTREUIL;93;Île-de-France;11;51;51;2000 à 4999 salariés;4999;N;ETI;286;2010-09-01;15.835728952772074;48.853032452;2.4192789522;False;7171;[];[];84.11Z;2026-06-15T15:56:28.717861;80;CHAUDE;2749450;549890
13001249501795;130012495;DIRECTION REGIONALE FINANCES PUBLIQUES ILE DE FRANCE ET DEPARTEMENT PARIS (DRFIP);CDIF PARIS 1;DRFIP;84.11Z;PUB_MAIRIE;PUBLIC;Administration publique générale;38 PLACE DE LA REPUBLIQUE 93100 MONTREUIL;93100;MONTREUIL;93;Île-de-France;11;51;51;2000 à 4999 salariés;4999;N;ETI;286;2010-09-01;15.835728952772074;48.853503349;2.4242100502;False;7171;[];[];84.11Z;2026-06-15T15:56:28.717861;80;CHAUDE;2749450;549890
84911219800023;849112198;CENTRE PARISIEN MEDICAL ET D'OPHTALMOLOGIE (C.P.M.O.);;C.P.M.O.;86.10Z;PUB_HOPITAL;PUBLIC;Activités hospitalières;26 BOULEVARD GOUVION-SAINT-CYR 75017 PARIS;75017;PARIS;75;Île-de-France;11;11;11;10 à 19 salariés;19;N;PME;2;2020-08-14;5.883641341546886;48.88351381;2.2878719813;True;9220;"[""750063844""]";[];86.10Z;2026-06-15T15:56:48.375157;80;CHAUDE;19000;3800
97220213900010;972202139;CLINIQUE BOYER;;;86.10Z;PUB_HOPITAL;PUBLIC;Activités hospitalières;17 RUE DE L'EGLISE 94190 VILLENEUVE-SAINT-GEORGES;94190;VILLENEUVE-SAINT-GEORGES;94;Île-de-France;11;21;21;50 à 99 salariés;99;O;ETI;6;1972-01-01;54.50239561943874;48.726825806;2.4474105933;True;5710;"[""940300502""]";[];86.10Z;2026-06-15T15:56:48.375157;80;CHAUDE;99000;19800
44943432300043;449434323;CLINIQUE DE CHAMPIGNY;;;86.10Z;PUB_HOPITAL;PUBLIC;Activités hospitalières;34 RUE DE VERDUN 94500 CHAMPIGNY-SUR-MARNE;94500;CHAMPIGNY-SUR-MARNE;94;Île-de-France;11;22;22;100 à 199 salariés;199;O;GE;4;2012-01-05;14.491444216290212;48.815357711;2.488100202;True;5499;"[""940008139""]";[];86.10Z;2026-06-15T15:56:48.952721;80;CHAUDE;199000;39800
32898814200019;328988142;ALPHAND PERGOLESE (CLINIQUE ALPHAND);CLINIQUE ALPHAND;;86.10Z;PUB_HOPITAL;PUBLIC;Activités hospitalières;12 AVENUE ALPHAND 75016 PARIS;75016;PARIS;75;Île-de-France;11;11;11;10 à 19 salariés;19;O;PME;1;1983-11-01;42.6694045174538;48.87501032;2.2846642227;True;5710;"[""750051260""]";[];86.10Z;2026-06-15T15:56:48.952721;80;CHAUDE;19000;3800
84800203600020;848002036;OPHTALMOLOGIE REPUBLIQUE;;;86.10Z;PUB_HOPITAL;PUBLIC;Activités hospitalières;49 RUE NOTRE-DAME DE NAZARETH 75003 PARIS;75003;PARIS;75;Île-de-France;11;11;11;10 à 19 salariés;19;N;PME;2;2019-10-14;6.718685831622176;48.867586305;2.3569474799;True;9220;[];[];86.10Z;2026-06-15T15:56:49.265906;80;CHAUDE;19000;3800
21920077100018;219200771;COMMUNE DE VILLE D AVRAY;MAIRIE;;84.11Z;PUB_MAIRIE;PUBLIC;Administration publique générale;13 RUE DE SAINT-CLOUD 92410 VILLE-D'AVRAY;92410;VILLE-D'AVRAY;92;Île-de-France;11;31;31;200 à 249 salariés;249;O;PME;11;1983-03-01;43.34017796030116;48.8282554402731;2.1896678812935;True;7210;[];[];84.11Z;2026-06-15T15:56:27.689307;80;CHAUDE;136950;27390
21920077100075;219200771;COMMUNE DE VILLE D AVRAY;ECOLE MATERNELLE PUBLIQUE LA RONCE;;85.10Z;PUB_ECOLE;PUBLIC;Enseignement pré-primaire;15 RUE DE LA RONCE 92410 VILLE-D'AVRAY;92410;VILLE-D'AVRAY;92;Île-de-France;11;32;32;250 à 499 salariés;499;N;PME;11;1983-12-21;42.53251197809719;48.822519008;2.1897856402;False;7210;[];[];84.11Z;2026-06-15T15:56:27.689307;80;CHAUDE;249500;49900
21920077100083;219200771;COMMUNE DE VILLE D AVRAY;ECOLE MATERNELLE PUBLIQUE JEAN ROSTAND;;85.10Z;PUB_ECOLE;PUBLIC;Enseignement pré-primaire;15 RUE DE VERSAILLES 92410 VILLE-D'AVRAY;92410;VILLE-D'AVRAY;92;Île-de-France;11;32;32;250 à 499 salariés;499;N;PME;11;1983-12-21;42.53251197809719;48.825096929;2.1871595671;False;7210;[];[];84.11Z;2026-06-15T15:56:27.689307;80;CHAUDE;249500;49900
13002046400090;130020464;AGENCE NATIONALE DE CONTROLE DU LOGEMENT SOCIAL (ANCOLS);;ANCOLS;84.11Z;PUB_MAIRIE;PUBLIC;Administration publique générale;PAROI SUD - 7EME ETAGE GRANDE ARCHE 92800 PUTEAUX;92800;PUTEAUX;92;Île-de-France;11;21;21;50 à 99 salariés;99;O;PME;10;2017-07-01;9.00479123887748;48.892522073;2.2358615295;True;7389;[];[];84.11Z;2026-06-15T15:56:27.986723;80;CHAUDE;54450;10890
20005798200015;200057982;PARIS OUEST LA DEFENSE (POLD);;POLD;84.11Z;PUB_MAIRIE;PUBLIC;Administration publique générale;HOTEL DE VILLE DE NANTERRE 1 PLACE DU 27 MARS 2002 92000 NANTERRE;92000;NANTERRE;92;Île-de-France;11;21;21;50 à 99 salariés;99;O;PME;6;2016-01-01;10.50239561943874;48.892204806;2.2069289396;True;7345;[];[];84.11Z;2026-06-15T15:56:27.986723;80;CHAUDE;54450;10890
20005797400012;200057974;GRAND PARIS SEINE OUEST;;;84.11Z;PUB_MAIRIE;PUBLIC;Administration publique générale;9 ROUTE DE VAUGIRARD 92190 MEUDON;92190;MEUDON;92;Île-de-France;11;42;42;1000 à 1999 salariés;1999;O;ETI;5;2016-01-01;10.50239561943874;48.820062302;2.2422122313;True;7345;[];[];84.11Z;2026-06-15T15:56:27.986723;80;CHAUDE;1099450;219890
13000680200057;130006802;SECRETARIAT GENERAL DES MINISTERES CHARGES DES AFFAIRES SOCIALES (SG);SGMAS DNUM;SG;84.11Z;PUB_MAIRIE;PUBLIC;Administration publique générale;8 RUE FRANCOIS ORY 92120 MONTROUGE;92120;MONTROUGE;92;Île-de-France;11;32;32;250 à 499 salariés;499;N;ETI;5;2024-10-17;1.7084188911704312;48.8183583740859;2.32807572034563;False;7120;[];[];84.11Z;2026-06-15T15:56:27.986723;80;CHAUDE;274450;54890
17920001900018;179200019;PREFECTURE DE DEPARTEMENT HAUTS-DE-SEINE;;;84.11Z;PUB_MAIRIE;PUBLIC;Administration publique générale;167 AVENUE FREDERIC ET IRENE JOLIOT CURIE 92000 NANTERRE;92000;NANTERRE;92;Île-de-France;11;41;41;500 à 999 salariés;999;N;ETI;5;1983-03-01;43.34017796030116;48.896709844;2.2167123714;True;7172;[];[];84.11Z;2026-06-15T15:56:27.986723;80;CHAUDE;549450;109890
30297873900035;302978739;PREVEAM;;;86.10Z;PUB_HOPITAL;PUBLIC;Activités hospitalières;143 QUAI DE VALMY 75010 PARIS;75010;PARIS;75;Île-de-France;11;11;11;10 à 19 salariés;19;O;PME;8;2007-01-01;19.50171115674196;48.877312287;2.3649673219;False;9220;[];[];86.21Z;2026-06-15T15:57:00.061051;80;CHAUDE;19000;3800
30297873900050;302978739;PREVEAM;;;86.21Z;PRIV_SANTE_CABINET;PRIVE;Pratique médicale générale;18 RUE ROYALE 75008 PARIS;75008;PARIS;75;Île-de-France;11;22;22;100 à 199 salariés;199;O;PME;8;2023-01-19;3.45242984257358;48.868547114;2.3237160522;False;9220;[];[];86.21Z;2026-06-15T15:57:00.061051;80;CHAUDE;179100;35820
30297873900068;302978739;PREVEAM;;;86.21Z;PRIV_SANTE_CABINET;PRIVE;Pratique médicale générale;11 RUE DE ROME 75008 PARIS;75008;PARIS;75;Île-de-France;11;22;22;100 à 199 salariés;199;O;PME;8;2023-01-19;3.45242984257358;48.874839828;2.3242930097;False;9220;[];[];86.21Z;2026-06-15T15:57:00.061051;80;CHAUDE;179100;35820
30297873900076;302978739;PREVEAM;;;86.21Z;PRIV_SANTE_CABINET;PRIVE;Pratique médicale générale;24 AVENUE DE LA GRANDE ARMEE 75017 PARIS;75017;PARIS;75;Île-de-France;11;22;22;100 à 199 salariés;199;O;PME;8;2023-04-05;3.24435318275154;48.875650173;2.2908262246;False;9220;[];[];86.21Z;2026-06-15T15:57:00.061051;80;CHAUDE;179100;35820
30297873900084;302978739;PREVEAM;;;86.21Z;PRIV_SANTE_CABINET;PRIVE;Pratique médicale générale;146 BOULEVARD HAUSSMANN 75008 PARIS;75008;PARIS;75;Île-de-France;11;22;22;100 à 199 salariés;199;O;PME;8;2023-01-19;3.45242984257358;48.875477162;2.312317506;False;9220;[];[];86.21Z;2026-06-15T15:57:00.061051;80;CHAUDE;179100;35820
84116362900014;841163629;MEDIKSANTE;;;86.21Z;PRIV_SANTE_CABINET;PRIVE;Pratique médicale générale;206 BOULEVARD PEREIRE 75017 PARIS;75017;PARIS;75;Île-de-France;11;32;32;250 à 499 salariés;499;O;PME;7;2018-03-13;8.306639288158795;48.8804528483318;2.28838972170817;True;9220;"[""750062093""]";[];86.21Z;2026-06-15T15:57:00.061051;80;CHAUDE;449100;89820
84116362900030;841163629;MEDIKSANTE;;;86.21Z;PRIV_SANTE_CABINET;PRIVE;Pratique médicale générale;10 PLACE DE L'OPERA 75009 PARIS;75009;PARIS;75;Île-de-France;11;32;32;250 à 499 salariés;499;O;PME;7;2022-09-12;3.805612594113621;48.871422987;2.3319719409;False;9220;[];[];86.21Z;2026-06-15T15:57:00.061051;80;CHAUDE;449100;89820
78420129500051;784201295;THALIE SANTE;;;86.21Z;PRIV_SANTE_CABINET;PRIVE;Pratique médicale générale;6 RUE DE BERRI 75008 PARIS;75008;PARIS;75;Île-de-France;11;22;22;100 à 199 salariés;199;O;PME;7;2024-02-01;2.417522245037645;48.87200084;2.3039604523;True;9220;[];[];86.21Z;2026-06-15T15:57:00.061051;80;CHAUDE;179100;35820
78420129500028;784201295;THALIE SANTE;;;86.21Z;PRIV_SANTE_CABINET;PRIVE;Pratique médicale générale;7 RUE BERGERE 75009 PARIS;75009;PARIS;75;Île-de-France;11;22;22;100 à 199 salariés;199;N;PME;7;2020-01-02;6.499657768651608;48.871909453;2.3468358546;False;9220;"[""750072829""]";[];86.21Z;2026-06-15T15:57:00.061051;80;CHAUDE;179100;35820
78420129500069;784201295;THALIE SANTE;;;86.21Z;PRIV_SANTE_CABINET;PRIVE;Pratique médicale générale;7 RUE DE BUCAREST 75008 PARIS;75008;PARIS;75;Île-de-France;11;22;22;100 à 199 salariés;199;O;PME;7;2024-09-23;1.7741273100616015;48.8805091635885;2.32614520820739;False;9220;[];[];86.21Z;2026-06-15T15:57:00.061051;80;CHAUDE;179100;35820
13002065400807;130020654;DIR CONTROLE FISCAL ILE-DE-FRANCE (DIRCOFI);6EME BRIGADE V.G. EST;DIRCOFI;84.11Z;PUB_MAIRIE;PUBLIC;Administration publique générale;12 RUE JAMES WATT 93200 SAINT-DENIS;93200;SAINT-DENIS;93;Île-de-France;11;41;41;500 à 999 salariés;999;N;ETI;146;2026-04-01;0.2546201232032854;48.9230356227855;2.34154783266396;False;7171;[];[];84.11Z;2026-06-15T15:56:28.718863;80;CHAUDE;549450;109890
13002065400815;130020654;DIR CONTROLE FISCAL ILE-DE-FRANCE (DIRCOFI);7EME BRIGADE V.G. EST;DIRCOFI;84.11Z;PUB_MAIRIE;PUBLIC;Administration publique générale;12 RUE JAMES WATT 93200 SAINT-DENIS;93200;SAINT-DENIS;93;Île-de-France;11;41;41;500 à 999 salariés;999;N;ETI;146;2026-04-01;0.2546201232032854;48.9230356227855;2.34154783266396;False;7171;[];[];84.11Z;2026-06-15T15:56:28.718863;80;CHAUDE;549450;109890
11002001300089;110020013;MINISTERE DE L’ECONOMIE, DES FINANCES ET DE LA SOUVERAINETE INDUSTRIELLE, ENERGETIQUE ET NUMERIQUE;DELEG DEPARTEM SERV SOCIAUX;;84.11Z;PUB_MAIRIE;PUBLIC;Administration publique générale;167A177 167 AVENUE FREDERIC ET IRENE JOLIOT CURIE 92000 NANTERRE;92000;NANTERRE;92;Île-de-France;11;41;41;500 à 999 salariés;999;N;ETI;3;1984-02-07;42.40109514031485;48.897979468;2.2154678189;False;7113;[];[];84.11Z;2026-06-15T15:56:27.986723;80;CHAUDE;549450;109890
20005799000034;200057990;BOUCLE NORD DE SEINE;;;84.11Z;PUB_MAIRIE;PUBLIC;Administration publique générale;ETS PUB TERRIT BOUCLE NORD DE SEINE 1 RUE DE LA PAIX 92230 GENNEVILLIERS;92230;GENNEVILLIERS;92;Île-de-France;11;21;21;50 à 99 salariés;99;O;PME;3;2017-11-06;8.654346338124572;48.934017369;2.2969838587;True;7345;[];[];84.11Z;2026-06-15T15:56:27.986723;80;CHAUDE;54450;10890
13001952400011;130019524;HAUT FONCTIONNAIRE CORRESPONDANT DE DEFENSE ET DE SECURITE MIN TRANSITION ECOLOGIQUE (HFDS);;HFDS;84.11Z;PUB_MAIRIE;PUBLIC;Administration publique générale;TOUR PASCAL A 6 PLACE DES DEGRES 92800 PUTEAUX;92800;PUTEAUX;92;Île-de-France;11;21;21;50 à 99 salariés;99;O;PME;1;2014-04-02;12.251882272416154;48.8902618238096;2.23513668372783;True;7120;[];[];84.11Z;2026-06-15T15:56:27.987724;80;CHAUDE;54450;10890
13002770900018;130027709;SECRETARIAT GENERAL COMMUN DEPARTEMENTAL HAUTS-DE-SEINE (SGCD);;SGCD;84.11Z;PUB_MAIRIE;PUBLIC;Administration publique générale;167-177 167 AVENUE FREDERIC ET IRENE JOLIOT CURIE 92000 NANTERRE;92000;NANTERRE;92;Île-de-France;11;21;21;50 à 99 salariés;99;N;PME;1;2021-01-01;5.500342231348392;48.897979468;2.2154678189;True;7172;[];[];84.11Z;2026-06-15T15:56:28.241045;80;CHAUDE;54450;10890
79382833600032;793828336;GALAC;CENTRE GALAC ROSA PARKS;;86.10Z;PUB_HOPITAL;PUBLIC;Activités hospitalières;122 RUE D'AUBERVILLIERS 75019 PARIS;75019;PARIS;75;Île-de-France;11;12;12;20 à 49 salariés;49;N;ETI;3;2023-07-25;2.940451745379877;48.8907797263193;2.37041878475004;False;5710;[];[];86.10Z;2026-06-15T15:56:47.099596;80;CHAUDE;49000;9800
13002065400823;130020654;DIR CONTROLE FISCAL ILE-DE-FRANCE (DIRCOFI);8EME BRIGADE V.G. EST;DIRCOFI;84.11Z;PUB_MAIRIE;PUBLIC;Administration publique générale;12 RUE JAMES WATT 93200 SAINT-DENIS;93200;SAINT-DENIS;93;Île-de-France;11;41;41;500 à 999 salariés;999;N;ETI;146;2026-04-01;0.2546201232032854;48.9230356227855;2.34154783266396;False;7171;[];[];84.11Z;2026-06-15T15:56:28.718863;80;CHAUDE;549450;109890
13002065400831;130020654;DIR CONTROLE FISCAL ILE-DE-FRANCE (DIRCOFI);9EME BRIGADE V.G. EST;DIRCOFI;84.11Z;PUB_MAIRIE;PUBLIC;Administration publique générale;12 RUE JAMES WATT 93200 SAINT-DENIS;93200;SAINT-DENIS;93;Île-de-France;11;41;41;500 à 999 salariés;999;N;ETI;146;2026-04-01;0.2546201232032854;48.9230356227855;2.34154783266396;False;7171;[];[];84.11Z;2026-06-15T15:56:28.718863;80;CHAUDE;549450;109890
21930001900011;219300019;COMMUNE D'AUBERVILLIERS;MAIRIE;;84.11Z;PUB_MAIRIE;PUBLIC;Administration publique générale;2 RUE DE LA COMMUNE DE PARIS 93300 AUBERVILLIERS;93300;AUBERVILLIERS;93;Île-de-France;11;51;51;2000 à 4999 salariés;4999;O;ETI;63;1983-03-01;43.34017796030116;48.91452478;2.3819522323;True;7210;[];[];84.11Z;2026-06-15T15:56:28.719863;80;CHAUDE;2749450;549890
40514964200028;405149642;CLINIQUE DU BOURGET;;;86.10Z;PUB_HOPITAL;PUBLIC;Activités hospitalières;7 RUE RIGAUD 93350 LE BOURGET;93350;LE BOURGET;93;Île-de-France;11;22;22;100 à 199 salariés;199;O;GE;2;2007-01-22;19.444216290212182;48.932830392898;2.42072101543633;True;5710;"[""930017512""]";[];86.10Z;2026-06-15T15:56:47.685810;80;CHAUDE;199000;39800
81793317900019;817933179;CLINIQUE ESTHETIQUE PARIS ETOILE (CEPE);;CEPE;86.10Z;PUB_HOPITAL;PUBLIC;Activités hospitalières;12 RUE BEAUJON 75008 PARIS;75008;PARIS;75;Île-de-France;11;11;11;10 à 19 salariés;19;O;PME;1;2016-01-05;10.491444216290212;48.874953722;2.3015795916;True;5710;"[""750061301""]";[];86.10Z;2026-06-15T15:56:48.375157;80;CHAUDE;19000;3800
13002065400740;130020654;DIR CONTROLE FISCAL ILE-DE-FRANCE (DIRCOFI);;DIRCOFI;84.11Z;PUB_MAIRIE;PUBLIC;Administration publique générale;12 RUE JAMES WATT 93200 SAINT-DENIS;93200;SAINT-DENIS;93;Île-de-France;11;41;41;500 à 999 salariés;999;N;ETI;146;2026-04-01;0.2546201232032854;48.9230356227855;2.34154783266396;True;7171;[];[];84.11Z;2026-06-15T15:56:28.718863;80;CHAUDE;549450;109890
13002065400757;130020654;DIR CONTROLE FISCAL ILE-DE-FRANCE (DIRCOFI);1ERE BRIGADE V.G. EST;DIRCOFI;84.11Z;PUB_MAIRIE;PUBLIC;Administration publique générale;12 RUE JAMES WATT 93200 SAINT-DENIS;93200;SAINT-DENIS;93;Île-de-France;11;41;41;500 à 999 salariés;999;N;ETI;146;2026-04-01;0.2546201232032854;48.9230356227855;2.34154783266396;False;7171;[];[];84.11Z;2026-06-15T15:56:28.718863;80;CHAUDE;549450;109890
13002065400765;130020654;DIR CONTROLE FISCAL ILE-DE-FRANCE (DIRCOFI);2EME BRIGADE V.G. EST;DIRCOFI;84.11Z;PUB_MAIRIE;PUBLIC;Administration publique générale;12 RUE JAMES WATT 93200 SAINT-DENIS;93200;SAINT-DENIS;93;Île-de-France;11;41;41;500 à 999 salariés;999;N;ETI;146;2026-04-01;0.2546201232032854;48.9230356227855;2.34154783266396;False;7171;[];[];84.11Z;2026-06-15T15:56:28.718863;80;CHAUDE;549450;109890
13002065400773;130020654;DIR CONTROLE FISCAL ILE-DE-FRANCE (DIRCOFI);3EME BRIGADE V.G. EST;DIRCOFI;84.11Z;PUB_MAIRIE;PUBLIC;Administration publique générale;12 RUE JAMES WATT 93200 SAINT-DENIS;93200;SAINT-DENIS;93;Île-de-France;11;41;41;500 à 999 salariés;999;N;ETI;146;2026-04-01;0.2546201232032854;48.9230356227855;2.34154783266396;False;7171;[];[];84.11Z;2026-06-15T15:56:28.718863;80;CHAUDE;549450;109890
13002065400781;130020654;DIR CONTROLE FISCAL ILE-DE-FRANCE (DIRCOFI);4EME BRIGADE V.G. EST;DIRCOFI;84.11Z;PUB_MAIRIE;PUBLIC;Administration publique générale;12 RUE JAMES WATT 93200 SAINT-DENIS;93200;SAINT-DENIS;93;Île-de-France;11;41;41;500 à 999 salariés;999;N;ETI;146;2026-04-01;0.2546201232032854;48.9230356227855;2.34154783266396;False;7171;[];[];84.11Z;2026-06-15T15:56:28.718863;80;CHAUDE;549450;109890
13002065400799;130020654;DIR CONTROLE FISCAL ILE-DE-FRANCE (DIRCOFI);5EME BRIGADE V.G. EST;DIRCOFI;84.11Z;PUB_MAIRIE;PUBLIC;Administration publique générale;12 RUE JAMES WATT 93200 SAINT-DENIS;93200;SAINT-DENIS;93;Île-de-France;11;41;41;500 à 999 salariés;999;N;ETI;146;2026-04-01;0.2546201232032854;48.9230356227855;2.34154783266396;False;7171;[];[];84.11Z;2026-06-15T15:56:28.718863;80;CHAUDE;549450;109890
51022755600147;510227556;ICPC SETAEL;ICPC ALMA;;86.21Z;PRIV_SANTE_CABINET;PRIVE;Pratique médicale générale;160 BIS -166 160 B RUE DE L'UNIVERSITE 75007 PARIS;75007;PARIS;75;Île-de-France;11;21;21;50 à 99 salariés;99;O;PME;17;2023-01-01;3.501711156741957;48.8612133115545;2.30711652621141;False;5785;[];[];86.21Z;2026-06-15T15:56:59.734938;80;CHAUDE;89100;17820
51022755600170;510227556;ICPC SETAEL;ICPC LABROUSTE;;86.21Z;PRIV_SANTE_CABINET;PRIVE;Pratique médicale générale;64 RUE LABROUSTE 75015 PARIS;75015;PARIS;75;Île-de-France;11;21;21;50 à 99 salariés;99;N;PME;17;2009-01-23;17.440109514031484;48.83239804114796;2.306568947692816;False;5785;[];[];86.21Z;2026-06-15T15:56:59.734938;80;CHAUDE;89100;17820
77567539000022;775675390;ASS MEDICALE INTERENTREPRISES (AMI);;AMI;86.21Z;PRIV_SANTE_CABINET;PRIVE;Pratique médicale générale;39 RUE DE CLIGNANCOURT 75018 PARIS;75018;PARIS;75;Île-de-France;11;21;21;50 à 99 salariés;99;O;PME;14;1900-01-01;126.4996577686516;48.886202139;2.3474021156;False;9220;[];[];86.21Z;2026-06-15T15:56:59.735941;80;CHAUDE;89100;17820
77572412300358;775724123;ASSOCIATION HORIZON SANTE TRAVAIL;;;86.21Z;PRIV_SANTE_CABINET;PRIVE;Pratique médicale générale;65 RUE CHARDON-LAGACHE 75016 PARIS;75016;PARIS;75;Île-de-France;11;22;22;100 à 199 salariés;199;O;PME;36;2024-01-01;2.5023956194387407;48.842213253;2.2644537794;False;9220;[];[];86.21Z;2026-06-15T15:56:59.735941;80;CHAUDE;179100;35820
78420129500077;784201295;THALIE SANTE;;;86.21Z;PRIV_SANTE_CABINET;PRIVE;Pratique médicale générale;10 RUE BRANCION 75015 PARIS;75015;PARIS;75;Île-de-France;11;22;22;100 à 199 salariés;199;O;PME;7;2024-11-27;1.596167008898015;48.8355525311374;2.30568976179124;False;9220;[];[];86.21Z;2026-06-15T15:57:00.061051;80;CHAUDE;179100;35820
84203220300023;842032203;CENTRE DE SANTE ACCESS SANTE;;;86.21Z;PRIV_SANTE_CABINET;PRIVE;Pratique médicale générale;6 RUE FOURCROY 75017 PARIS;75017;PARIS;75;Île-de-France;11;42;42;1000 à 1999 salariés;1999;O;PME;7;2021-03-05;5.327857631759069;48.880069424;2.295622208;True;9220;"[""060032984"", ""750067514""]";[];86.21Z;2026-06-15T15:57:00.062051;80;CHAUDE;1799100;359820
77572670600028;775726706;ASSOCIATION MARIE THERESE;CDS MARIE-THERESE PARIS 14;;86.21Z;PRIV_SANTE_CABINET;PRIVE;Pratique médicale générale;185 RUE RAYMOND LOSSERAND 75014 PARIS;75014;PARIS;75;Île-de-France;11;22;22;100 à 199 salariés;199;O;PME;6;2024-10-29;1.675564681724846;48.8293722304225;2.31007670735167;False;9230;[];[];86.21Z;2026-06-15T15:57:00.463734;80;CHAUDE;179100;35820
77572670600051;775726706;ASSOCIATION MARIE THERESE;CDS MARIE-THERESE PARIS 15;;86.21Z;PRIV_SANTE_CABINET;PRIVE;Pratique médicale générale;65 RUE CASTAGNARY 75015 PARIS;75015;PARIS;75;Île-de-France;11;22;22;100 à 199 salariés;199;O;PME;6;2024-10-29;1.675564681724846;48.832122378026;2.30782579242591;False;9230;[];[];86.21Z;2026-06-15T15:57:00.463734;80;CHAUDE;179100;35820
77572670600069;775726706;ASSOCIATION MARIE THERESE;;;86.21Z;PRIV_SANTE_CABINET;PRIVE;Pratique médicale générale;191 RUE RAYMOND LOSSERAND 75014 PARIS;75014;PARIS;75;Île-de-France;11;22;22;100 à 199 salariés;199;N;PME;6;2025-06-20;1.0349075975359343;48.8294670121269;2.30935772906551;False;9230;[];[];86.21Z;2026-06-15T15:57:00.463734;80;CHAUDE;179100;35820
75009590300035;750095903;VOYAGE ET SANTE;;;86.90F;PRIV_SANTE_CENTRE;PRIVE;Autres activités santé;38 QUAI DE JEMMAPES 75010 PARIS;75010;PARIS;75;Île-de-France;11;12;12;20 à 49 salariés;49;O;GE;6;2016-03-01;10.338124572210814;48.869246485;2.36741046;True;9220;"[""750831182""]";[];86.21Z;2026-06-15T15:57:02.258240;80;CHAUDE;46550;9310
84146435700059;841464357;ACTIONS COORDONEES DE SANTES - ACS;;;86.21Z;PRIV_SANTE_CABINET;PRIVE;Pratique médicale générale;31 RUE DU LOUVRE 75002 PARIS;75002;PARIS;75;Île-de-France;11;32;32;250 à 499 salariés;499;O;PME;5;2024-04-29;2.1765913757700206;48.8662621883907;2.34323151530175;True;9220;[];[];86.21Z;2026-06-15T15:57:05.120901;80;CHAUDE;449100;89820
84146435700042;841464357;ACTIONS COORDONEES DE SANTES - ACS;;;86.21Z;PRIV_SANTE_CABINET;PRIVE;Pratique médicale générale;110 RUE DE LA JONQUIERE 75017 PARIS;75017;PARIS;75;Île-de-France;11;32;32;250 à 499 salariés;499;O;PME;5;2023-06-16;3.047227926078029;48.895291492;2.3171243594;False;9220;[];[];86.21Z;2026-06-15T15:57:05.120901;80;CHAUDE;449100;89820
77572821500028;775728215;CTRE INTERPROF ETUDES EXAMENS MEDICAUX (CIEM);DISPENSAIRE DE SOINS DU CIEM;CIEM;86.21Z;PRIV_SANTE_CABINET;PRIVE;Pratique médicale générale;15 RUE JEAN BART 75006 PARIS;75006;PARIS;75;Île-de-France;11;22;22;100 à 199 salariés;199;O;PME;4;1900-01-01;126.4996577686516;48.847278865;2.3311885654;True;8210;[];[];86.21Z;2026-06-15T15:57:14.134937;80;CHAUDE;179100;35820
77572821500044;775728215;CTRE INTERPROF ETUDES EXAMENS MEDICAUX (CIEM);;CIEM;86.21Z;PRIV_SANTE_CABINET;PRIVE;Pratique médicale générale;15 RUE REMY DUMONCEL 75014 PARIS;75014;PARIS;75;Île-de-France;11;22;22;100 à 199 salariés;199;N;PME;4;2026-06-01;0.0876112251882272;48.829655968368456;2.332225047112171;False;8210;[];[];86.21Z;2026-06-15T15:57:14.134937;80;CHAUDE;179100;35820
48429102600074;484291026;PRAXEA DIAGNOSTICS;;;86.21Z;PRIV_SANTE_CABINET;PRIVE;Pratique médicale générale;54 RUE DE CLICHY 75009 PARIS;75009;PARIS;75;Île-de-France;11;22;22;100 à 199 salariés;199;N;ETI;7;2019-06-28;7.014373716632443;48.880666605;2.3288291206;False;5785;[];[];86.21Z;2026-06-15T15:57:19.876522;80;CHAUDE;179100;35820
92329909300016;923299093;ACCES MEDECINE SANTE RENE LABORIE;;;86.21Z;PRIV_SANTE_CABINET;PRIVE;Pratique médicale générale;29 RUE DE TURBIGO 75002 PARIS;75002;PARIS;75;Île-de-France;11;21;21;50 à 99 salariés;99;N;PME;1;2023-03-21;3.2854209445585214;48.864383653;2.3507009175;True;9220;[];[];86.21Z;2026-06-15T15:57:32.666390;80;CHAUDE;89100;17820
43431249200029;434312492;CENTRE DE SANTE HAUSSMANN;;;86.21Z;PRIV_SANTE_CABINET;PRIVE;Pratique médicale générale;2 BOULEVARD HAUSSMANN 75009 PARIS;75009;PARIS;75;Île-de-France;11;22;22;100 à 199 salariés;199;O;GE;2;2002-05-22;24.11498973305955;48.872304129;2.3397138438;True;9220;"[""750044075""]";[];86.21Z;2026-06-15T15:58:23.981224;80;CHAUDE;179100;35820
78461544500011;784615445;HOPITAL SAINT JACQUES;;;86.21Z;PRIV_SANTE_CABINET;PRIVE;Pratique médicale générale;37 RUE DES VOLONTAIRES 75015 PARIS;75015;PARIS;75;Île-de-France;11;21;21;50 à 99 salariés;99;O;PME;1;1900-01-01;126.4996577686516;48.840596461;2.3086850024;True;9230;"[""750012304""]";[];86.21Z;2026-06-15T15:58:32.778463;80;CHAUDE;89100;17820
78440184600018;784401846;ASS GESTION CENTRE MEDICAL EUROPE ANNEXE;;;86.21Z;PRIV_SANTE_CABINET;PRIVE;Pratique médicale générale;44 RUE D'AMSTERDAM 75009 PARIS;75009;PARIS;75;Île-de-France;11;32;32;250 à 499 salariés;499;O;ETI;1;1900-01-01;126.4996577686516;48.878409278;2.3270834725;True;9220;"[""750010712""]";[];86.21Z;2026-06-15T15:58:50.083476;80;CHAUDE;449100;89820
77572822300873;775728223;ASS INT CTRE MED SOCIAUX REG ILE FRANCE (ACMS);A.C.M.S;ACMS;86.21Z;PRIV_SANTE_CABINET;PRIVE;Pratique médicale générale;16 RUE D'ALSACE 92110 CLICHY;92110;CLICHY;92;Île-de-France;11;42;42;1000 à 1999 salariés;1999;N;ETI;189;1988-03-15;38.299794661190965;48.9014603005856;2.31335092478096;False;9220;[];[];86.21Z;2026-06-15T16:00:29.929528;80;CHAUDE;1799100;359820
79072425600074;790724256;SELAS POINTGYN;;;86.21Z;PRIV_SANTE_CABINET;PRIVE;Pratique médicale générale;26 BOULEVARD VICTOR HUGO 92200 NEUILLY-SUR-SEINE;92200;NEUILLY-SUR-SEINE;92;Île-de-France;11;21;21;50 à 99 salariés;99;N;PME;31;2021-02-04;5.4072553045859;48.885910555;2.2805488184;False;5785;[];[];86.21Z;2026-06-15T16:00:29.930086;80;CHAUDE;89100;17820
79072425600082;790724256;SELAS POINTGYN;;;86.21Z;PRIV_SANTE_CABINET;PRIVE;Pratique médicale générale;5 RUE PIERRE CHEREST 92200 NEUILLY-SUR-SEINE;92200;NEUILLY-SUR-SEINE;92;Île-de-France;11;21;21;50 à 99 salariés;99;N;PME;31;2020-12-03;5.579739904175223;48.8832271589838;2.27980779887646;False;5785;[];[];86.21Z;2026-06-15T16:00:29.930086;80;CHAUDE;89100;17820
79072425600132;790724256;SELAS POINTGYN;;;86.21Z;PRIV_SANTE_CABINET;PRIVE;Pratique médicale générale;9 ESPLANADE DU GENERAL DE GAULLE 92800 PUTEAUX;92800;PUTEAUX;92;Île-de-France;11;21;21;50 à 99 salariés;99;O;PME;31;2022-10-13;3.7207392197125255;48.8901275068112;2.24301219615517;False;5785;[];[];86.21Z;2026-06-15T16:00:29.930086;80;CHAUDE;89100;17820
79072425600256;790724256;SELAS POINTGYN;;;86.21Z;PRIV_SANTE_CABINET;PRIVE;Pratique médicale générale;39 AVENUE DU ROULE 92200 NEUILLY-SUR-SEINE;92200;NEUILLY-SUR-SEINE;92;Île-de-France;11;21;21;50 à 99 salariés;99;O;PME;31;2025-04-24;1.1909650924024642;48.8819681688769;2.2790593407447;False;5785;[];[];86.21Z;2026-06-15T16:00:29.930086;80;CHAUDE;89100;17820
47813594000201;478135940;RESEAU D'IMAGERIE PARIS-NORD;;;86.21Z;PRIV_SANTE_CABINET;PRIVE;Pratique médicale générale;CENTRE HOSPITALIER DE COURBEVOIE 30 RUE KILFORD 92400 COURBEVOIE;92400;COURBEVOIE;92;Île-de-France;11;22;22;100 à 199 salariés;199;N;PME;22;2021-07-01;5.004791238877481;48.9007387278877;2.25289768939216;False;5485;[];[];86.21Z;2026-06-15T16:00:29.930655;80;CHAUDE;179100;35820
77572412300366;775724123;ASSOCIATION HORIZON SANTE TRAVAIL;;;86.21Z;PRIV_SANTE_CABINET;PRIVE;Pratique médicale générale;113 AVENUE CHARLES DE GAULLE 92200 NEUILLY-SUR-SEINE;92200;NEUILLY-SUR-SEINE;92;Île-de-France;11;22;22;100 à 199 salariés;199;O;PME;36;2026-04-01;0.2546201232032854;48.8815238340155;2.26955356325366;False;9220;[];[];86.21Z;2026-06-15T16:00:29.930655;80;CHAUDE;179100;35820
77574052500271;775740525;ASS DE PREVENTION SOINS ET INSERTION (APSI);B.A.P.U;APSI;86.90F;PRIV_SANTE_CENTRE;PRIVE;Autres activités santé;4 RUE RASPAIL 94230 CACHAN;94230;CACHAN;94;Île-de-France;11;32;32;250 à 499 salariés;499;N;ETI;57;1983-01-01;43.50171115674196;48.795552426;2.3339509256;False;9220;"[""940680390""]";[];86.21Z;2026-06-15T16:01:59.881982;80;CHAUDE;474050;94810
48896052700015;488960527;CITHEA FAMILLE ET PROFESSIONNEL - CENTRE D'INTERVENTION THERAPEUTIQUE ET D'ACCOMPAGNEMENT (CITHEA);;CITHEA;86.90F;PRIV_SANTE_CENTRE;PRIVE;Autres activités santé;6 RUE BAULANT 75012 PARIS;75012;PARIS;75;Île-de-France;11;21;21;50 à 99 salariés;99;O;PME;16;2005-12-01;20.58590006844627;48.840951497;2.3870062733;False;9220;[];[];86.90F;2026-06-15T16:03:38.693484;80;CHAUDE;94050;18810
48896052700098;488960527;CITHEA FAMILLE ET PROFESSIONNEL - CENTRE D'INTERVENTION THERAPEUTIQUE ET D'ACCOMPAGNEMENT (CITHEA);;CITHEA;86.90F;PRIV_SANTE_CENTRE;PRIVE;Autres activités santé;6 RUE SIMONE WEIL 75013 PARIS;75013;PARIS;75;Île-de-France;11;21;21;50 à 99 salariés;99;O;PME;16;2021-01-01;5.500342231348392;48.823856506;2.3640836392;False;9220;"[""750074973""]";[];86.90F;2026-06-15T16:03:38.693484;80;CHAUDE;94050;18810
44441067400014;444410674;MUTUELLE REAL SANIT SOCIAL PERS GR RATP (M2SR);;M2SR;86.90F;PRIV_SANTE_CENTRE;PRIVE;Autres activités santé;62 QUAI DE LA RAPEE 75012 PARIS;75012;PARIS;75;Île-de-France;11;22;22;100 à 199 salariés;199;N;PME;12;2002-01-01;24.501026694045173;48.843572076;2.3719781394;True;8210;[];[];86.90F;2026-06-15T16:03:38.693995;80;CHAUDE;189050;37810
50394152800021;503941528;GROUPE ABCOS SANTE;;;86.90F;PRIV_SANTE_CENTRE;PRIVE;Autres activités santé;14 B RUE DARU 75008 PARIS;75008;PARIS;75;Île-de-France;11;12;12;20 à 49 salariés;49;O;GE;6;2008-05-01;18.17111567419576;48.878083646;2.3022343672;True;5710;[];[];86.90F;2026-06-15T16:03:38.693995;80;CHAUDE;46550;9310
79328621200030;793286212;LUTETIA MEDICAL (DHI FRANCE);DHI FRANCE;;86.90F;PRIV_SANTE_CENTRE;PRIVE;Autres activités santé;6 RUE AMPERE 75017 PARIS;75017;PARIS;75;Île-de-France;11;12;12;20 à 49 salariés;49;N;PME;4;2019-01-02;7.498973305954825;48.885384754;2.3061706073;True;5710;[];[];86.90F;2026-06-15T16:03:41.012812;80;CHAUDE;46550;9310
84034442800023;840344428;CLINIQUE REMUSAT (CLINIQUE DROUOT REMUSAT);CLINIQUE DROUOT NATION;;86.10Z;PUB_HOPITAL;PUBLIC;Activités hospitalières;30-34 COURS DE VINCENNES 75012 PARIS;75012;PARIS;75;Île-de-France;11;12;12;20 à 49 salariés;49;N;PME;3;2026-01-05;0.4900752908966461;48.8474216036102;2.40177764698833;False;5710;[];[];86.10Z;2026-06-15T15:56:46.386940;80;CHAUDE;49000;9800
84034442800031;840344428;CLINIQUE REMUSAT (CLINIQUE DROUOT REMUSAT);CLINIQUE DROUOT NATION;;86.10Z;PUB_HOPITAL;PUBLIC;Activités hospitalières;36-38 COURS DE VINCENNES 75012 PARIS;75012;PARIS;75;Île-de-France;11;12;12;20 à 49 salariés;49;N;PME;3;2026-01-05;0.4900752908966461;48.8474498641591;2.40203367772308;False;5710;[];[];86.10Z;2026-06-15T15:56:46.386940;80;CHAUDE;49000;9800
80794284200012;807942842;SAS EURODIALYSE (EURODIALYSE);EURODIALYSE;;86.10Z;PUB_HOPITAL;PUBLIC;Activités hospitalières;10 RUE DE LA COLLEGIALE 75005 PARIS;75005;PARIS;75;Île-de-France;11;12;12;20 à 49 salariés;49;O;PME;2;2014-11-14;11.633127994524298;48.837769278;2.3523083813;True;5710;[];[];86.10Z;2026-06-15T15:56:46.690025;80;CHAUDE;49000;9800
80794284200020;807942842;SAS EURODIALYSE (EURODIALYSE);;;86.10Z;PUB_HOPITAL;PUBLIC;Activités hospitalières;74-76 74 RUE DE BERCY 75012 PARIS;75012;PARIS;75;Île-de-France;11;12;12;20 à 49 salariés;49;N;PME;2;2018-10-01;7.753593429158111;48.838007429;2.3823718133;False;5710;[];[];86.10Z;2026-06-15T15:56:46.690025;80;CHAUDE;49000;9800
13001269300011;130012693;DIRECTION GENERALE DES OUTRE-MER (DGOM);;DGOM;84.11Z;PUB_MAIRIE;PUBLIC;Administration publique générale;27 RUE OUDINOT 75007 PARIS;75007;PARIS;75;Île-de-France;11;12;12;20 à 49 salariés;49;N;PME;1;2007-05-31;19.091033538672143;48.849580577;2.3157884104;True;7120;[];[];84.11Z;2026-06-15T15:56:06.242117;80;CHAUDE;26950;5390
13001336000057;130013360;DIRECTION DES RESSOURCES HUMAINES, DES FINANCES ET DES SOUTIENS DE LA POLICE NATIONALE (DRFSPN);;DRFSPN;84.11Z;PUB_MAIRIE;PUBLIC;Administration publique générale;IMMEUBLE LUMIERE 40 AVENUE DES TERROIRS DE FRANCE 75012 PARIS;75012;PARIS;75;Île-de-France;11;32;32;250 à 499 salariés;499;O;ETI;5;2012-11-01;13.66735112936345;48.831890625;2.3890185151;True;7120;[];[];84.11Z;2026-06-15T15:56:06.242117;80;CHAUDE;274450;54890
13002051400019;130020514;SERVICE DE CONTROLE BUDGETAIRE ET COMPTABLE MINISTERIEL PREMIER MINISTRE (SCBCM);;SCBCM;84.11Z;PUB_MAIRIE;PUBLIC;Administration publique générale;20 AVENUE DE SEGUR 75007 PARIS;75007;PARIS;75;Île-de-France;11;12;12;20 à 49 salariés;49;N;PME;1;2014-04-02;12.251882272416154;48.850466845;2.3084586628;True;7120;[];[];84.11Z;2026-06-15T15:56:06.544747;80;CHAUDE;26950;5390
13002083700014;130020837;CENTRE INTERMINISTERIEL DE SERVICES INFORMATIQUES RELATIFS AUX RESSOURCES HUMAINES (CISIRH);;CISIRH;84.11Z;PUB_MAIRIE;PUBLIC;Administration publique générale;41-43 41 BOULEVARD VINCENT AURIOL 75013 PARIS;75013;PARIS;75;Île-de-France;11;22;22;100 à 199 salariés;199;N;PME;1;2015-02-09;11.394934976043803;48.835735864;2.3708539012;True;7160;[];[];84.11Z;2026-06-15T15:56:06.544747;80;CHAUDE;109450;21890
13002205600027;130022056;COMMISSION NATIONALE DE CONTROLE DES TECHNIQUES DE RENSEIGNEMENT (CNCTR);;CNCTR;84.11Z;PUB_MAIRIE;PUBLIC;Administration publique générale;32 RUE DE BABYLONE 75007 PARIS;75007;PARIS;75;Île-de-France;11;12;12;20 à 49 salariés;49;N;PME;2;2018-03-05;8.328542094455852;48.8523097783123;2.32101525501931;True;7112;[];[];84.11Z;2026-06-15T15:56:06.545746;80;CHAUDE;26950;5390
17750214300072;177502143;DIRECTION SPECIALISEE DES FINANCES PUBLIQUES POUR L'ASSISTANCE PUBLIQUE-HOPITAUX DE PARIS (DSFIP);;DSFIP;84.11Z;PUB_MAIRIE;PUBLIC;Administration publique générale;BATIMENT GALIEN 4 RUE DE LA CHINE 75020 PARIS;75020;PARIS;75;Île-de-France;11;31;31;200 à 249 salariés;249;N;PME;7;2017-05-26;9.103353867214237;48.865823849;2.401003134;True;7179;[];[];84.11Z;2026-06-15T15:56:06.831307;80;CHAUDE;136950;27390
21930027400087;219300274;COMMUNE DE LA COURNEUVE;ECOLE PRIMAIRE ROMAIN ROLLAND;;85.20Z;PUB_ECOLE;PUBLIC;Enseignement primaire;1 RUE MAURICE RAVEL 93120 LA COURNEUVE;93120;LA COURNEUVE;93;Île-de-France;11;42;42;1000 à 1999 salariés;1999;N;ETI;42;1983-12-21;42.53251197809719;48.9313126247866;2.3801418934652;False;7210;[];[];84.11Z;2026-06-15T15:56:28.720861;80;CHAUDE;999500;199900
21930055500014;219300555;COMMUNE DE PANTIN;MAIRIE;;84.11Z;PUB_MAIRIE;PUBLIC;Administration publique générale;84 A 88 88 AVENUE DU GENERAL LECLERC 93500 PANTIN;93500;PANTIN;93;Île-de-France;11;42;42;1000 à 1999 salariés;1999;O;ETI;58;1983-03-01;43.34017796030116;48.896423749;2.4021619388;True;7210;[];[];84.11Z;2026-06-15T15:56:28.720861;80;CHAUDE;1099450;219890
21930070400018;219300704;COMMUNE DE ST OUEN-SUR-SEINE;MAIRIE;;84.11Z;PUB_MAIRIE;PUBLIC;Administration publique générale;7 PLACE DE LA REPUBLIQUE 93400 SAINT-OUEN-SUR-SEINE;93400;SAINT-OUEN-SUR-SEINE;93;Île-de-France;11;42;42;1000 à 1999 salariés;1999;O;ETI;56;1983-03-01;43.34017796030116;48.911710512;2.3343849791;True;7210;[];[];84.11Z;2026-06-15T15:56:28.720861;80;CHAUDE;1099450;219890
21930070400133;219300704;COMMUNE DE ST OUEN-SUR-SEINE;ECOLE ELEMENTAIRE PUB VICTOR HUGO;;85.20Z;PUB_ECOLE;PUBLIC;Enseignement primaire;125 BOULEVARD VICTOR HUGO 93400 SAINT-OUEN-SUR-SEINE;93400;SAINT-OUEN-SUR-SEINE;93;Île-de-France;11;12;12;20 à 49 salariés;49;N;ETI;56;1983-12-21;42.53251197809719;48.905670246;2.3239867881;False;7210;[];"[""0931522Z""]";84.11Z;2026-06-15T15:56:28.720861;80;CHAUDE;24500;4900
16002203400740;160022034;DIRECTION DES VERIFICATIONS NATIONALES ET INTERNATIONALES (DVNI);6EME BRIGADE V.G. ;DVNI;84.11Z;PUB_MAIRIE;PUBLIC;Administration publique générale;56 AVENUE DE METZ 93230 ROMAINVILLE;93230;ROMAINVILLE;93;Île-de-France;11;32;32;250 à 499 salariés;499;N;ETI;78;2025-03-03;1.3333333333333333;48.8963227087213;2.43146005668209;False;7160;[];[];84.11Z;2026-06-15T15:56:28.720861;80;CHAUDE;274450;54890
16002203400757;160022034;DIRECTION DES VERIFICATIONS NATIONALES ET INTERNATIONALES (DVNI);7EME BRIGADE V.G.;DVNI;84.11Z;PUB_MAIRIE;PUBLIC;Administration publique générale;56 AVENUE DE METZ 93230 ROMAINVILLE;93230;ROMAINVILLE;93;Île-de-France;11;32;32;250 à 499 salariés;499;N;ETI;78;2025-03-03;1.3333333333333333;48.8963227087213;2.43146005668209;False;7160;[];[];84.11Z;2026-06-15T15:56:28.720861;80;CHAUDE;274450;54890
16002203400765;160022034;DIRECTION DES VERIFICATIONS NATIONALES ET INTERNATIONALES (DVNI);8EME BRIGADE V.G.;DVNI;84.11Z;PUB_MAIRIE;PUBLIC;Administration publique générale;56 AVENUE DE METZ 93230 ROMAINVILLE;93230;ROMAINVILLE;93;Île-de-France;11;32;32;250 à 499 salariés;499;N;ETI;78;2025-03-03;1.3333333333333333;48.8963227087213;2.43146005668209;False;7160;[];[];84.11Z;2026-06-15T15:56:28.720861;80;CHAUDE;274450;54890
16002203400773;160022034;DIRECTION DES VERIFICATIONS NATIONALES ET INTERNATIONALES (DVNI);11EME BRIGADE V.G. PANTIN;DVNI;84.11Z;PUB_MAIRIE;PUBLIC;Administration publique générale;56 AVENUE DE METZ 93230 ROMAINVILLE;93230;ROMAINVILLE;93;Île-de-France;11;32;32;250 à 499 salariés;499;N;ETI;78;2025-03-03;1.3333333333333333;48.8963227087213;2.43146005668209;False;7160;[];[];84.11Z;2026-06-15T15:56:28.720861;80;CHAUDE;274450;54890
77568193500430;775681935;APST BTP RP (APMT-BTP-RP);;APMT-BTP-RP;86.21Z;PRIV_SANTE_CABINET;PRIVE;Pratique médicale générale;10 PL MYR DE L'OCCUPATION ALLEMANDE 92110 CLICHY;92110;CLICHY;92;Île-de-France;11;22;22;100 à 199 salariés;199;O;PME;40;1988-01-02;38.49965776865161;48.90073178;2.3067815147;False;9220;[];[];86.21Z;2026-06-15T16:00:29.930086;80;CHAUDE;179100;35820
22920050600611;229200506;DEPARTEMENT DES HAUTS-DE-SEINE;;;84.11Z;PUB_MAIRIE;PUBLIC;Administration publique générale;HOTEL DU DEPARTEMENT 57 RUE DES LONGUES RAIES 92000 NANTERRE;92000;NANTERRE;92;Île-de-France;11;51;51;2000 à 4999 salariés;4999;O;ETI;57;2018-04-03;8.24914442162902;48.896039878;2.2311087962;True;7220;[];[];84.11Z;2026-06-15T15:56:17.246250;80;CHAUDE;2749450;549890
18009225600023;180092256;AGENCE PUBLIQUE POUR L'IMMOBILIER DE LA JUSTICE (APIJ);;APIJ;84.11Z;PUB_MAIRIE;PUBLIC;Administration publique générale;57-77 IMMEUBLE OKABE 67 AVENUE DE FONTAINEBLEAU 94270 LE KREMLIN-BICETRE;94270;LE KREMLIN-BICETRE;94;Île-de-France;11;22;22;100 à 199 salariés;199;O;PME;2;2018-12-17;7.542778918548939;48.811528023;2.362776761;True;7389;[];[];84.11Z;2026-06-15T15:56:06.832305;80;CHAUDE;109450;21890
18751249600030;187512496;MODERNISATION DES DECLARATIONS SOCIALES (MDS);;MDS;84.11Z;PUB_MAIRIE;PUBLIC;Administration publique générale;4-14 4 RUE FERRUS 75014 PARIS;75014;PARIS;75;Île-de-France;11;21;21;50 à 99 salariés;99;N;PME;3;2006-08-01;19.920602327173167;48.831262741;2.3406455048;True;7410;[];[];84.11Z;2026-06-15T15:56:06.832305;80;CHAUDE;54450;10890
11001901500012;110019015;MINISTERE DES OUTRE-MER;;;84.11Z;PUB_MAIRIE;PUBLIC;Administration publique générale;HOTEL DE MONTMORIN 27 RUE OUDINOT 75007 PARIS;75007;PARIS;75;Île-de-France;11;12;12;20 à 49 salariés;49;N;PME;1;1983-03-01;43.34017796030116;48.8495805765672;2.31578841040453;True;7113;[];[];84.11Z;2026-06-15T15:56:06.241118;80;CHAUDE;26950;5390
12000005400011;120000054;SERVICE DE LA COMMUNICATION (SIRCOM);;SIRCOM;84.11Z;PUB_MAIRIE;PUBLIC;Administration publique générale;139 RUE DE BERCY 75012 PARIS;75012;PARIS;75;Île-de-France;11;21;21;50 à 99 salariés;99;N;PME;1;1998-11-02;27.66598220396988;48.840945686;2.3780054136;True;7120;[];[];84.11Z;2026-06-15T15:56:06.241118;80;CHAUDE;54450;10890
12000014600015;120000146;DELEGATION GENERALE A LA LANGUE FRANCAISE ET AUX LANGUES DE FRANCE (DGLFLF);;DGLFLF;84.11Z;PUB_MAIRIE;PUBLIC;Administration publique générale;6 RUE DES PYRAMIDES 75001 PARIS;75001;PARIS;75;Île-de-France;11;12;12;20 à 49 salariés;49;N;PME;1;1996-03-21;30.28336755646817;48.86428424;2.3325961959;True;7120;[];[];84.11Z;2026-06-15T15:56:06.241118;80;CHAUDE;26950;5390
13000557200024;130005572;CONTROLEUR GENERAL DES LIEUX DE PRIVATION DE LIBERTE;;;84.11Z;PUB_MAIRIE;PUBLIC;Administration publique générale;12 RUE HENRI ROL TANGUY 93100 MONTREUIL;93100;MONTREUIL;93;Île-de-France;11;21;21;50 à 99 salariés;99;N;PME;2;2024-07-01;2.004106776180698;48.8509590349213;2.42235099418202;True;7112;[];[];84.11Z;2026-06-15T15:56:06.241118;80;CHAUDE;54450;10890
16002203400781;160022034;DIRECTION DES VERIFICATIONS NATIONALES ET INTERNATIONALES (DVNI);9EME BRIGADE V.G.;DVNI;84.11Z;PUB_MAIRIE;PUBLIC;Administration publique générale;56 AVENUE DE METZ 93230 ROMAINVILLE;93230;ROMAINVILLE;93;Île-de-France;11;32;32;250 à 499 salariés;499;N;ETI;78;2025-03-03;1.3333333333333333;48.8963227087213;2.43146005668209;False;7160;[];[];84.11Z;2026-06-15T15:56:28.720861;80;CHAUDE;274450;54890
16002203400799;160022034;DIRECTION DES VERIFICATIONS NATIONALES ET INTERNATIONALES (DVNI);12EME BRIGADE V.G. PANTIN;DVNI;84.11Z;PUB_MAIRIE;PUBLIC;Administration publique générale;56 AVENUE DE METZ 93230 ROMAINVILLE;93230;ROMAINVILLE;93;Île-de-France;11;32;32;250 à 499 salariés;499;N;ETI;78;2025-03-03;1.3333333333333333;48.8963227087213;2.43146005668209;False;7160;[];[];84.11Z;2026-06-15T15:56:28.720861;80;CHAUDE;274450;54890
16002203400807;160022034;DIRECTION DES VERIFICATIONS NATIONALES ET INTERNATIONALES (DVNI);10EME BRIGADE V.G.;DVNI;84.11Z;PUB_MAIRIE;PUBLIC;Administration publique générale;56 AVENUE DE METZ 93230 ROMAINVILLE;93230;ROMAINVILLE;93;Île-de-France;11;32;32;250 à 499 salariés;499;N;ETI;78;2025-03-03;1.3333333333333333;48.8963227087213;2.43146005668209;False;7160;[];[];84.11Z;2026-06-15T15:56:28.720861;80;CHAUDE;274450;54890
16002203400815;160022034;DIRECTION DES VERIFICATIONS NATIONALES ET INTERNATIONALES (DVNI);13EME BRIGADE V.G. PANTIN;DVNI;84.11Z;PUB_MAIRIE;PUBLIC;Administration publique générale;56 AVENUE DE METZ 93230 ROMAINVILLE;93230;ROMAINVILLE;93;Île-de-France;11;32;32;250 à 499 salariés;499;N;ETI;78;2025-03-03;1.3333333333333333;48.8963227087213;2.43146005668209;False;7160;[];[];84.11Z;2026-06-15T15:56:28.720861;80;CHAUDE;274450;54890
16002203400823;160022034;DIRECTION DES VERIFICATIONS NATIONALES ET INTERNATIONALES (DVNI);14EME BRIGADE V.G. PANTIN;DVNI;84.11Z;PUB_MAIRIE;PUBLIC;Administration publique générale;56 AVENUE DE METZ 93230 ROMAINVILLE;93230;ROMAINVILLE;93;Île-de-France;11;32;32;250 à 499 salariés;499;N;ETI;78;2025-03-03;1.3333333333333333;48.8963227087213;2.43146005668209;False;7160;[];[];84.11Z;2026-06-15T15:56:28.720861;80;CHAUDE;274450;54890
16002203400831;160022034;DIRECTION DES VERIFICATIONS NATIONALES ET INTERNATIONALES (DVNI);15EME BRIGADE V.G. PANTIN;DVNI;84.11Z;PUB_MAIRIE;PUBLIC;Administration publique générale;56 AVENUE DE METZ 93230 ROMAINVILLE;93230;ROMAINVILLE;93;Île-de-France;11;32;32;250 à 499 salariés;499;N;ETI;78;2025-03-03;1.3333333333333333;48.8963227087213;2.43146005668209;False;7160;[];[];84.11Z;2026-06-15T15:56:28.720861;80;CHAUDE;274450;54890
20007522400010;200075224;EPT DE BASSIN SEINE GRANDS LACS (EPTB SGL);;EPTB SGL;84.11Z;PUB_MAIRIE;PUBLIC;Administration publique générale;12 RUE VILLIOT 75012 PARIS;75012;PARIS;75;Île-de-France;11;22;22;100 à 199 salariés;199;O;PME;2;2017-03-30;9.259411362080767;48.841278024;2.3750420384;True;7355;[];[];84.11Z;2026-06-15T15:56:06.832305;80;CHAUDE;109450;21890
21930027400012;219300274;COMMUNE DE LA COURNEUVE;MAIRIE;;84.11Z;PUB_MAIRIE;PUBLIC;Administration publique générale;HOTEL DE VILLE AVENUE DE LA REPUBLIQUE 93120 LA COURNEUVE;93120;LA COURNEUVE;93;Île-de-France;11;41;41;500 à 999 salariés;999;O;ETI;42;1983-03-01;43.34017796030116;48.926606787;2.3895065096;True;7210;[];[];84.11Z;2026-06-15T15:56:07.222781;80;CHAUDE;549450;109890
21940037100015;219400371;COMMUNE DE GENTILLY;MAIRIE;;84.11Z;PUB_MAIRIE;PUBLIC;Administration publique générale;14 PLACE HENRI BARBUSSE 94250 GENTILLY;94250;GENTILLY;94;Île-de-France;11;41;41;500 à 999 salariés;999;O;ETI;22;1983-03-01;43.34017796030116;48.815887922;2.3482023073;True;7210;"[""940020217""]";[];84.11Z;2026-06-15T15:56:07.742860;80;CHAUDE;549450;109890
82086348800038;820863488;IAPR;;;86.90F;PRIV_SANTE_CENTRE;PRIVE;Autres activités santé;7 RUE D'ASTORG 75008 PARIS;75008;PARIS;75;Île-de-France;11;12;12;20 à 49 salariés;49;N;ETI;3;2024-07-22;1.946611909650924;48.8724466384539;2.31906370516877;True;5710;[];[];86.90F;2026-06-15T16:04:33.512643;80;CHAUDE;46550;9310
13000488000048;130004880;MEDIATEUR NATIONAL DE L'ENERGIE;;;84.11Z;PUB_MAIRIE;PUBLIC;Administration publique générale;LA DEFENSE LA DEFENSE 92800 PUTEAUX;92800;PUTEAUX;92;Île-de-France;11;21;21;50 à 99 salariés;99;O;PME;4;2022-01-20;4.4490075290896645;48.8925369186446;2.23584849106074;True;7112;[];[];84.11Z;2026-06-15T15:56:05.011980;80;CHAUDE;54450;10890
13000501000033;130005010;RESEAU DES ACHETEURS HOSPITALIERS (RESAH);;RESAH;84.11Z;PUB_MAIRIE;PUBLIC;Administration publique générale;9 RUE BRAHMS 75012 PARIS;75012;PARIS;75;Île-de-France;11;22;22;100 à 199 salariés;199;N;PME;3;2026-01-01;0.5010266940451745;48.8409059931003;2.39289730430767;True;7410;[];[];84.11Z;2026-06-15T15:56:05.011980;80;CHAUDE;109450;21890
13001658700011;130016587;MINISTERE DES SPORTS, DE LA JEUNESSE ET DE LA VIE ASSOCIATIVE;;;84.11Z;PUB_MAIRIE;PUBLIC;Administration publique générale;95 AVENUE DE FRANCE 75013 PARIS;75013;PARIS;75;Île-de-France;11;41;41;500 à 999 salariés;999;N;ETI;1;2012-05-16;14.130047912388775;48.82932292;2.3775756349;True;7113;[];[];84.11Z;2026-06-15T15:56:05.012979;80;CHAUDE;549450;109890
13001948200012;130019482;SERVICE DE CONTROLE BUDGETAIRE ET COMPTABLE MINISTERIEL ACTION ET COMPTES PUBLICS (SCBCM);;SCBCM;84.11Z;PUB_MAIRIE;PUBLIC;Administration publique générale;120 RUE DE BERCY 75012 PARIS;75012;PARIS;75;Île-de-France;11;22;22;100 à 199 salariés;199;N;PME;1;2014-04-02;12.251882272416154;48.841015017;2.3788689689;True;7120;[];[];84.11Z;2026-06-15T15:56:05.418770;80;CHAUDE;109450;21890
13002002700012;130020027;CONSEIL GENERAL DE L'ECONOMIE DE L'INDUSTRIE DE L'ENERGIE ET DES TECHNOLOGIES (CGE);;CGE;84.11Z;PUB_MAIRIE;PUBLIC;Administration publique générale;TELEDOC 792 120 RUE DE BERCY 75012 PARIS;75012;PARIS;75;Île-de-France;11;22;22;100 à 199 salariés;199;O;PME;1;2014-04-02;12.251882272416154;48.841015017;2.3788689689;True;7120;[];[];84.11Z;2026-06-15T15:56:05.418770;80;CHAUDE;109450;21890
13002220500012;130022205;DIRECTION DES ACHATS DE L'ETAT;;;84.11Z;PUB_MAIRIE;PUBLIC;Administration publique générale;59 BOULEVARD VINCENT AURIOL 75013 PARIS;75013;PARIS;75;Île-de-France;11;22;22;100 à 199 salariés;199;O;PME;1;2016-03-03;10.33264887063655;48.835070005;2.3693058437;True;7120;[];[];84.11Z;2026-06-15T15:56:05.418770;80;CHAUDE;109450;21890
18003610500047;180036105;OBSERVATOIRE FRANCAIS DES DROGUES ET DES TENDANCES ADDICTIVES (OFDT);;OFDT;84.11Z;PUB_MAIRIE;PUBLIC;Administration publique générale;69 RUE DE VARENNE 75007 PARIS;75007;PARIS;75;Île-de-France;11;12;12;20 à 49 salariés;49;O;PME;4;2018-12-03;7.581108829568788;48.855412142;2.3178112527;True;7410;[];[];84.11Z;2026-06-15T15:56:05.701815;80;CHAUDE;26950;5390
11000035300034;110000353;AUTORITE DE REGULATION DES COMMUNICATIONS ELECTRONIQUES, DES POSTES ET DE LA DISTRIBUTION DE LA PRESSE (ARCEP);;ARCEP;84.11Z;PUB_MAIRIE;PUBLIC;Administration publique générale;14 RUE GERTY ARCHIMEDE 75012 PARIS;75012;PARIS;75;Île-de-France;11;22;22;100 à 199 salariés;199;O;PME;3;2018-11-19;7.619438740588638;48.835833038;2.3884810292;True;7112;[];[];84.11Z;2026-06-15T15:56:05.701815;80;CHAUDE;109450;21890
48896052700122;488960527;CITHEA FAMILLE ET PROFESSIONNEL - CENTRE D'INTERVENTION THERAPEUTIQUE ET D'ACCOMPAGNEMENT (CITHEA);;CITHEA;86.90F;PRIV_SANTE_CENTRE;PRIVE;Autres activités santé;BAT 1 3 VILLA KREISSER 92700 COLOMBES;92700;COLOMBES;92;Île-de-France;11;21;21;50 à 99 salariés;99;O;PME;16;2023-08-02;2.91854893908282;48.925939078;2.2480131206;False;9220;[];[];86.90F;2026-06-15T16:07:16.880478;80;CHAUDE;94050;18810
18004625200029;180046252;BIBLIOTHEQUE NATIONALE DE FRANCE (BNF);;BNF;91.01Z;PUB_MUSEE;PUBLIC;Gestion des bibliothèques;58 RUE DE RICHELIEU 75002 PARIS;75002;PARIS;75;Île-de-France;11;51;51;2000 à 4999 salariés;4999;N;ETI;22;1994-01-01;32.50102669404517;48.867835704;2.3380282791;False;7389;[];[];91.01Z;2026-06-15T16:09:14.741570;80;CHAUDE;3249350;649870
18004625200037;180046252;BIBLIOTHEQUE NATIONALE DE FRANCE (BNF);;BNF;91.01Z;PUB_MUSEE;PUBLIC;Gestion des bibliothèques;61 RUE DE RICHELIEU 75002 PARIS;75002;PARIS;75;Île-de-France;11;51;51;2000 à 4999 salariés;4999;N;ETI;22;1994-01-01;32.50102669404517;48.867049979;2.3374650354;False;7389;[];[];91.01Z;2026-06-15T16:09:14.741570;80;CHAUDE;3249350;649870
18004625200078;180046252;BIBLIOTHEQUE NATIONALE DE FRANCE (BNF);;BNF;91.01Z;PUB_MUSEE;PUBLIC;Gestion des bibliothèques;2 RUE DE LOUVOIS 75002 PARIS;75002;PARIS;75;Île-de-France;11;51;51;2000 à 4999 salariés;4999;N;ETI;22;1994-01-01;32.50102669404517;48.868183011;2.3379109895;False;7389;[];[];91.01Z;2026-06-15T16:09:14.741570;80;CHAUDE;3249350;649870
38353855000096;383538550;DIAVERUM SAINT-DENIS;;;86.10Z;PUB_HOPITAL;PUBLIC;Activités hospitalières;11 PASSAGE COURTOIS 75011 PARIS;75011;PARIS;75;Île-de-France;11;12;12;20 à 49 salariés;49;O;ETI;12;2022-06-30;4.008213552361396;48.856916858;2.3866426238;False;5710;"[""750831067""]";[];86.10Z;2026-06-15T15:56:46.017528;80;CHAUDE;49000;9800
30051264700094;300512647;ASSOCIATION AMBROISE CROIZAT SANTE (AAC SANTE);CENTRE DE SANTE FERNAND LAMAZE;AAC SANTE;86.90F;PRIV_SANTE_CENTRE;PRIVE;Autres activités santé;4 RUE LASSON 75012 PARIS;75012;PARIS;75;Île-de-France;11;32;32;250 à 499 salariés;499;N;PME;10;2009-01-30;17.420944558521562;48.843118627;2.4060899114;False;9220;"[""750041477""]";[];86.10Z;2026-06-15T15:56:46.017528;80;CHAUDE;474050;94810
21930006800018;219300068;COMMUNE DE BAGNOLET;MAIRIE;;84.11Z;PUB_MAIRIE;PUBLIC;Administration publique générale;1 PLACE SALVADOR ALLENDE 93170 BAGNOLET;93170;BAGNOLET;93;Île-de-France;11;42;42;1000 à 1999 salariés;1999;O;ETI;39;1983-03-01;43.34017796030116;48.868810277;2.4164771821;True;7210;[];[];84.11Z;2026-06-15T15:56:29.335496;80;CHAUDE;1099450;219890
78420133700028;784201337;ASSOCIATION DU CENTRE ETIENNE MARCEL;;;86.10Z;PUB_HOPITAL;PUBLIC;Activités hospitalières;3 CITE D'ANGOULEME 75011 PARIS;75011;PARIS;75;Île-de-France;11;12;12;20 à 49 salariés;49;O;PME;4;1988-01-05;38.49144421629021;48.866691259;2.3747318434;True;9220;"[""750826141""]";[];86.10Z;2026-06-15T15:56:46.385931;80;CHAUDE;49000;9800
11000008000017;110000080;COMMISSION D'ACCES AUX DOCUMENTS ADMINISTRATIFS (CADA);;CADA;84.11Z;PUB_MAIRIE;PUBLIC;Administration publique générale;66 RUE DE BELLECHASSE 75007 PARIS;75007;PARIS;75;Île-de-France;11;12;12;20 à 49 salariés;49;N;PME;1;1978-07-17;47.96167008898015;48.85635188;2.3198655589;True;7112;[];[];84.11Z;2026-06-15T15:56:04.628887;80;CHAUDE;26950;5390
11000021300030;110000213;COMMISSION NATIONALE DU DEBAT PUBLIC (CNDP);;CNDP;84.11Z;PUB_MAIRIE;PUBLIC;Administration publique générale;244 BOULEVARD SAINT-GERMAIN 75007 PARIS;75007;PARIS;75;Île-de-France;11;12;12;20 à 49 salariés;49;O;PME;3;2013-04-17;13.210130047912388;48.856861422;2.3250698451;True;7112;[];[];84.11Z;2026-06-15T15:56:04.628887;80;CHAUDE;26950;5390
11000201100044;110002011;SERVICES DE L'ETAT POUR LA FACTURATION ELECTRONIQUE;DESTINATION ETAT VIA CHORUS PRO;;84.11Z;PUB_MAIRIE;PUBLIC;Administration publique générale;139 RUE DE BERCY 75012 PARIS;75012;PARIS;75;Île-de-France;11;21;21;50 à 99 salariés;99;O;PME;1;1995-11-08;30.650239561943877;48.840945686;2.3780054136;True;7120;[];[];84.11Z;2026-06-15T15:56:05.010978;80;CHAUDE;54450;10890
78444843300028;784448433;CEREP;CEREP;;86.10Z;PUB_HOPITAL;PUBLIC;Activités hospitalières;20 BOULEVARD JOURDAN 75014 PARIS;75014;PARIS;75;Île-de-France;11;12;12;20 à 49 salariés;49;O;PME;15;1900-01-01;126.4996577686516;48.819910675;2.3418142148;False;9230;"[""750170375""]";[];86.10Z;2026-06-15T15:56:46.016524;80;CHAUDE;49000;9800
78444843300119;784448433;CEREP;;;86.10Z;PUB_HOPITAL;PUBLIC;Activités hospitalières;6 ALLEE JOSEPH RECAMIER 31 RUE OLIVIER DE SERRES 75015 PARIS;75015;PARIS;75;Île-de-France;11;11;11;10 à 19 salariés;19;O;PME;15;2017-06-01;9.086926762491444;48.835366027;2.2965970075;False;9230;"[""750680217""]";[];86.10Z;2026-06-15T15:56:46.016524;80;CHAUDE;19000;3800
21930031600011;219300316;COMMUNE D EPINAY SUR SEINE;MAIRIE;;84.11Z;PUB_MAIRIE;PUBLIC;Administration publique générale;ESPLANADE F MITTERRAND 1 RUE QUETIGNY 93800 EPINAY-SUR-SEINE;93800;EPINAY-SUR-SEINE;93;Île-de-France;11;41;41;500 à 999 salariés;999;O;ETI;36;1983-03-01;43.34017796030116;48.951640244;2.3133738166;True;7210;[];[];84.11Z;2026-06-15T15:56:29.336511;80;CHAUDE;549450;109890
21930031600086;219300316;COMMUNE D EPINAY SUR SEINE;ECOLE MATERNELLE LACEPEDE 2;;85.10Z;PUB_ECOLE;PUBLIC;Enseignement pré-primaire;3 RUE DE LA CHEVRETTE 93800 EPINAY-SUR-SEINE;93800;EPINAY-SUR-SEINE;93;Île-de-France;11;42;42;1000 à 1999 salariés;1999;N;ETI;36;1983-12-21;42.53251197809719;48.957335371;2.3145408785;False;7210;[];[];84.11Z;2026-06-15T15:56:29.336511;80;CHAUDE;999500;199900
18004625200151;180046252;BIBLIOTHEQUE NATIONALE DE FRANCE (BNF);BIBLIOTHEQUE MUSEE DE L'OPERA;BNF;91.01Z;PUB_MUSEE;PUBLIC;Gestion des bibliothèques;THEATRE DE L'OPERA PLACE CHARLES GARNIER 75009 PARIS;75009;PARIS;75;Île-de-France;11;51;51;2000 à 4999 salariés;4999;N;ETI;22;1994-01-01;32.50102669404517;48.870945663;2.330933631;False;7389;[];[];91.01Z;2026-06-15T16:09:14.741570;80;CHAUDE;3249350;649870
18004625200193;180046252;BIBLIOTHEQUE NATIONALE DE FRANCE (BNF);;BNF;91.01Z;PUB_MUSEE;PUBLIC;Gestion des bibliothèques;6 RUE COLBERT 75002 PARIS;75002;PARIS;75;Île-de-France;11;51;51;2000 à 4999 salariés;4999;N;ETI;22;2007-12-25;18.521560574948666;48.868094743;2.3390096511;False;7389;[];[];91.01Z;2026-06-15T16:09:14.741570;80;CHAUDE;3249350;649870
18004625200201;180046252;BIBLIOTHEQUE NATIONALE DE FRANCE (BNF);;BNF;91.01Z;PUB_MUSEE;PUBLIC;Gestion des bibliothèques;8 RUE COLBERT 75002 PARIS;75002;PARIS;75;Île-de-France;11;51;51;2000 à 4999 salariés;4999;N;ETI;22;2007-12-25;18.521560574948666;48.868066185;2.3388869135;False;7389;[];[];91.01Z;2026-06-15T16:09:14.741570;80;CHAUDE;3249350;649870
18004625200219;180046252;BIBLIOTHEQUE NATIONALE DE FRANCE (BNF);;BNF;91.01Z;PUB_MUSEE;PUBLIC;Gestion des bibliothèques;12 RUE COLBERT 75002 PARIS;75002;PARIS;75;Île-de-France;11;51;51;2000 à 4999 salariés;4999;N;ETI;22;2007-12-25;18.521560574948666;48.868232905;2.3385092257;False;7389;[];[];91.01Z;2026-06-15T16:09:14.741570;80;CHAUDE;3249350;649870
16004604100010;160046041;ARCHIVES NATIONALES;;;91.01Z;PUB_MUSEE;PUBLIC;Gestion des bibliothèques;HOTEL DE SOUBISE 60 RUE DES FRANCS BOURGEOIS 75003 PARIS;75003;PARIS;75;Île-de-France;11;31;31;200 à 249 salariés;249;N;ETI;6;1983-09-27;42.76522929500342;48.86024145;2.3576013382;False;7160;[];[];91.01Z;2026-06-15T16:09:14.742575;80;CHAUDE;161850;32370
12000032800019;120000328;DIRECTION GENERALE DU TRESOR (DGT);;DGT;84.11Z;PUB_MAIRIE;PUBLIC;Administration publique générale;TELEDOC 681 139 RUE DE BERCY 75012 PARIS;75012;PARIS;75;Île-de-France;11;41;41;500 à 999 salariés;999;N;ETI;1;2004-11-16;21.626283367556468;48.840945686;2.3780054136;True;7120;[];[];84.11Z;2026-06-15T15:56:05.011980;80;CHAUDE;549450;109890
12000201900020;120002019;DIRECTION GENERALE DE L'ADMINISTRATION ET DE LA FONCTION PUBLIQUE (DGAFP);;DGAFP;84.11Z;PUB_MAIRIE;PUBLIC;Administration publique générale;2 BOULEVARD DIDEROT 75012 PARIS;75012;PARIS;75;Île-de-France;11;22;22;100 à 199 salariés;199;O;PME;2;2014-04-02;12.251882272416154;48.845082232;2.3689607981;True;7120;[];[];84.11Z;2026-06-15T15:56:05.011980;80;CHAUDE;109450;21890
12001407100019;120014071;INSPECTION GENERALE DE L'ADMINISTRATION (IGA);;IGA;84.11Z;PUB_MAIRIE;PUBLIC;Administration publique générale;40 AVENUE DES TERROIRS DE FRANCE 75012 PARIS;75012;PARIS;75;Île-de-France;11;21;21;50 à 99 salariés;99;N;PME;1;1983-03-01;43.34017796030116;48.831737611;2.3886779685;True;7120;[];[];84.11Z;2026-06-15T15:56:05.011980;80;CHAUDE;54450;10890
12002006000022;120020060;INSPECTION GENERALE DES FINANCES (IGF);;IGF;84.11Z;PUB_MAIRIE;PUBLIC;Administration publique générale;TELEDOC 335 139 RUE DE BERCY 75012 PARIS;75012;PARIS;75;Île-de-France;11;22;22;100 à 199 salariés;199;N;PME;1;1989-04-01;37.2539356605065;48.840945686;2.3780054136;True;7120;[];[];84.11Z;2026-06-15T15:56:05.011980;80;CHAUDE;109450;21890
16002206700344;160022067;DIRECTION NATIONALE D'ENQUETES FISCALES (DNEF);BRIG NAT ENQ. PERQUIS. FISCALE 1ERE BRIGADE BNEPF;DNEF;84.11Z;PUB_MAIRIE;PUBLIC;Administration publique générale;56 AVENUE DE METZ 93230 ROMAINVILLE;93230;ROMAINVILLE;93;Île-de-France;11;32;32;250 à 499 salariés;499;N;ETI;40;2025-02-05;1.404517453798768;48.8963227087213;2.43146005668209;False;7160;[];[];84.11Z;2026-06-15T15:56:29.339515;80;CHAUDE;274450;54890
16002206700351;160022067;DIRECTION NATIONALE D'ENQUETES FISCALES (DNEF);BRIG INTERVENTION INTER-REG 2E BRIGADE PARIS NORD;DNEF;84.11Z;PUB_MAIRIE;PUBLIC;Administration publique générale;56 AVENUE DE METZ 93230 ROMAINVILLE;93230;ROMAINVILLE;93;Île-de-France;11;32;32;250 à 499 salariés;499;N;ETI;40;2025-02-05;1.404517453798768;48.8963227087213;2.43146005668209;False;7160;[];[];84.11Z;2026-06-15T15:56:29.339515;80;CHAUDE;274450;54890
16002206700369;160022067;DIRECTION NATIONALE D'ENQUETES FISCALES (DNEF);BRIG NAT ENQ. PERQUIS. FISCALE 11EME BRIGADE ;DNEF;84.11Z;PUB_MAIRIE;PUBLIC;Administration publique générale;56 AVENUE DE METZ 93230 ROMAINVILLE;93230;ROMAINVILLE;93;Île-de-France;11;32;32;250 à 499 salariés;499;N;ETI;40;2025-02-05;1.404517453798768;48.8963227087213;2.43146005668209;False;7160;[];[];84.11Z;2026-06-15T15:56:29.339515;80;CHAUDE;274450;54890
77568300600362;775683006;FONDATION  SANTE DES ETUDIANTS DE FRANCE (FSEF);CENTRE DE SANTE COLLIARD;FSEF;86.21Z;PRIV_SANTE_CABINET;PRIVE;Pratique médicale générale;1ER ETAGE 4 RUE DE QUATREFAGES 75005 PARIS;75005;PARIS;75;Île-de-France;11;51;51;2000 à 4999 salariés;4999;N;ETI;36;2017-06-21;9.032169746748805;48.842631626;2.3545425159;False;9300;[];[];86.10Z;2026-06-15T15:56:46.015524;80;CHAUDE;4499100;899820
26780244500010;267802445;CENTRE HOSPITALIER THEOPHILE ROUSSEL;;;86.10Z;PUB_HOPITAL;PUBLIC;Activités hospitalières;1 RUE PHILIPPE MITHOUARD 78360 MONTESSON;78360;MONTESSON;78;Île-de-France;11;41;41;500 à 999 salariés;999;O;ETI;53;1983-03-01;43.34017796030116;48.923494741;2.1328230413;True;7364;"[""780000410"", ""920028388""]";[];86.10Z;2026-06-15T15:56:46.016524;80;CHAUDE;999000;199800
77569483900058;775694839;ASS POUR UTILISATION REIN ARTIFICIEL;;;86.21Z;PRIV_SANTE_CABINET;PRIVE;Pratique médicale générale;5 RUE DU BESSIN 75015 PARIS;75015;PARIS;75;Île-de-France;11;32;32;250 à 499 salariés;499;O;ETI;38;1900-01-01;126.4996577686516;48.830998221;2.306113771;False;9220;[];[];86.10Z;2026-06-15T15:56:46.016524;80;CHAUDE;449100;89820
44335770200036;443357702;BBRAUN AVITUM FRANCE;B. BRAUN AVITUM FRANCE;;86.10Z;PUB_HOPITAL;PUBLIC;Activités hospitalières;26 RUE ARMENGAUD 92210 SAINT-CLOUD;92210;SAINT-CLOUD;92;Île-de-France;11;12;12;20 à 49 salariés;49;O;ETI;20;2019-03-01;7.340177960301164;48.848127968;2.2168169879;True;5710;[];[];86.10Z;2026-06-15T15:56:46.016524;80;CHAUDE;49000;9800
44335770200044;443357702;BBRAUN AVITUM FRANCE;CENTRE DE NEPHROLOGIE B. BRAUN AVITUM DES BUTTES CHAUMONT;;86.10Z;PUB_HOPITAL;PUBLIC;Activités hospitalières;25 RUE MELINGUE 75019 PARIS;75019;PARIS;75;Île-de-France;11;12;12;20 à 49 salariés;49;O;ETI;20;2023-05-23;3.1129363449692;48.87586022;2.3857173735;False;5710;"[""750814824""]";[];86.10Z;2026-06-15T15:56:46.016524;80;CHAUDE;49000;9800
23750007900320;237500079;REGION ILE DE FRANCE;CONSEIL REGIONAL IDF;;84.11Z;PUB_MAIRIE;PUBLIC;Administration publique générale;8 BOULEVARD VICTOR HUGO 93400 SAINT-OUEN-SUR-SEINE;93400;SAINT-OUEN-SUR-SEINE;93;Île-de-France;11;53;53;10000 salariés et plus;10000;N;GE;32;2022-01-01;4.501026694045175;48.9114931287649;2.33266783266132;False;7230;[];[];84.11Z;2026-06-15T15:56:29.339515;80;CHAUDE;5500000;1100000
23750007900338;237500079;REGION ILE DE FRANCE;CESER IDF;;84.11Z;PUB_MAIRIE;PUBLIC;Administration publique générale;20 RUE PAULIN TALABOT 93400 SAINT-OUEN-SUR-SEINE;93400;SAINT-OUEN-SUR-SEINE;93;Île-de-France;11;53;53;10000 salariés et plus;10000;N;GE;32;2022-01-01;4.501026694045175;48.913272427;2.3307688062;False;7230;[];[];84.11Z;2026-06-15T15:56:29.339515;80;CHAUDE;5500000;1100000
13000552300019;130005523;DIRECTION GENERALE DES SYSTEMES D'INFORMATION ET DE COMMUNICATION (DGSIC);;DGSIC;84.11Z;PUB_MAIRIE;PUBLIC;Administration publique générale;60 BOULEVARD DU GENERAL MARTIAL VALIN 75015 PARIS;75015;PARIS;75;Île-de-France;11;12;12;20 à 49 salariés;49;O;PME;1;2007-12-31;18.50513347022587;48.834983037;2.2777718277;True;7120;[];[];84.11Z;2026-06-15T15:56:05.011980;80;CHAUDE;26950;5390
13000601800027;130006018;DIRECTION GENERALE DES ENTREPRISES (DGE);;DGE;84.11Z;PUB_MAIRIE;PUBLIC;Administration publique générale;139 RUE DE BERCY 75012 PARIS;75012;PARIS;75;Île-de-France;11;41;41;500 à 999 salariés;999;O;ETI;2;2021-09-01;4.8350444900752905;48.8409456861432;2.37800541358447;True;7120;[];[];84.11Z;2026-06-15T15:56:05.012979;80;CHAUDE;549450;109890
16000009700073;160000097;DIRECTION DES GRANDES ENTREPRISES (DGE);AGENCE COMPTABLE;DGE;84.11Z;PUB_MAIRIE;PUBLIC;Administration publique générale;56 AVENUE DE METZ 93230 ROMAINVILLE;93230;ROMAINVILLE;93;Île-de-France;11;32;32;250 à 499 salariés;499;O;ETI;8;2025-01-07;1.483915126625599;48.8963227087213;2.43146005668209;True;7160;[];[];84.11Z;2026-06-15T15:56:04.627336;80;CHAUDE;274450;54890
20005478100022;200054781;METROPOLE DU GRAND PARIS (MGP);;MGP;84.11Z;PUB_MAIRIE;PUBLIC;Administration publique générale;BATIMENT BE OPEN 15 AVENUE PIERRE MENDES FRANCE 75013 PARIS;75013;PARIS;75;Île-de-France;11;32;32;250 à 499 salariés;499;O;ETI;3;2016-12-28;9.51129363449692;48.837418805;2.3703160016;True;7344;[];[];84.11Z;2026-06-15T15:56:04.627336;80;CHAUDE;274450;54890
20005478100030;200054781;METROPOLE DU GRAND PARIS (MGP);OPERATIONS D'AMENAGEMENT ;MGP;84.13Z;PUB_MAIRIE;PUBLIC;Administration publique;15 AVENUE PIERRE MENDES FRANCE 75013 PARIS;75013;PARIS;75;Île-de-France;11;32;32;250 à 499 salariés;499;N;ETI;3;2025-01-01;1.5003422313483916;48.8374166447287;2.37031572109957;False;7344;[];[];84.11Z;2026-06-15T15:56:04.627336;80;CHAUDE;274450;54890
28750006000028;287500060;CENTRE INTERDEPARTEMENTAL DE GESTION DE LA PETITE COURONNE DE LA REGION D'ILE-DE-FRANCE (CIG);;CIG;84.11Z;PUB_MAIRIE;PUBLIC;Administration publique générale;1 RUE LUCIENNE GERAIN 93500 PANTIN;93500;PANTIN;93;Île-de-France;11;41;41;500 à 999 salariés;999;O;ETI;2;2002-03-14;24.303901437371664;48.894178831;2.4132622355;True;7379;[];[];84.11Z;2026-06-15T15:56:04.627336;80;CHAUDE;549450;109890
28750005200082;287500052;AGENCE DES ESPACES VERTS DE LA REGION ILE-DE-FRANCE - ILE-DE-FRANCE NATURE;;;84.11Z;PUB_MAIRIE;PUBLIC;Administration publique générale;8 BOULEVARD VICTOR HUGO 93400 SAINT-OUEN-SUR-SEINE;93400;SAINT-OUEN-SUR-SEINE;93;Île-de-France;11;22;22;100 à 199 salariés;199;O;PME;6;2023-04-17;3.2114989733059547;48.9114931287649;2.33266783266132;True;7379;[];[];84.11Z;2026-06-15T15:56:04.351690;80;CHAUDE;109450;21890
12001404800074;120014048;DIRECTION DE L'EVALUATION DE LA PERFORMANCE ET DES AFFAIRES FINANCIERES ET IMMOBILIERES (DPAFI);;DPAFI;84.11Z;PUB_MAIRIE;PUBLIC;Administration publique générale;40 AVENUE DES TERROIRS DE FRANCE 75012 PARIS;75012;PARIS;75;Île-de-France;11;32;32;250 à 499 salariés;499;O;ETI;4;2013-12-25;12.5201916495551;48.831890625;2.3890185151;True;7120;[];[];84.11Z;2026-06-15T15:56:04.351690;80;CHAUDE;274450;54890
12002301500031;120023015;DIRECTION GENERALE DES DOUANES ET DROITS INDIRECTS (DGDDI);;DGDDI;84.11Z;PUB_MAIRIE;PUBLIC;Administration publique générale;11 RUE DES 2 COMMUNES 93100 MONTREUIL;93100;MONTREUIL;93;Île-de-France;11;41;41;500 à 999 salariés;999;O;ETI;4;2008-01-01;18.50239561943874;48.849400939;2.429139959;True;7120;[];[];84.11Z;2026-06-15T15:56:04.351690;80;CHAUDE;549450;109890
12006805100032;120068051;DIRECTION GENERALE DE LA PREVENTION DES RISQUES (DGPR);;DGPR;84.11Z;PUB_MAIRIE;PUBLIC;Administration publique générale;TOUR SEQUIOA 1 PLACE CARPEAUX 92800 PUTEAUX;92800;PUTEAUX;92;Île-de-France;11;31;31;200 à 249 salariés;249;O;PME;6;2008-07-09;17.982203969883642;48.893800236;2.2395395461;True;7120;[];[];84.11Z;2026-06-15T15:56:04.627336;80;CHAUDE;136950;27390
11002001300097;110020013;MINISTERE DE L’ECONOMIE, DES FINANCES ET DE LA SOUVERAINETE INDUSTRIELLE, ENERGETIQUE ET NUMERIQUE;;;84.11Z;PUB_MAIRIE;PUBLIC;Administration publique générale;TELEDOC 151 139 RUE DE BERCY 75012 PARIS;75012;PARIS;75;Île-de-France;11;41;41;500 à 999 salariés;999;N;ETI;3;1989-04-01;37.2539356605065;48.840945686;2.3780054136;True;7113;[];[];84.11Z;2026-06-15T15:56:04.627336;80;CHAUDE;549450;109890
17770232100080;177702321;DIRECTION REGIONALE DES DOUANES PARIS-EST (DRD);BOBIGNY PNTIN C R D;DRD;84.11Z;PUB_MAIRIE;PUBLIC;Administration publique générale;110 B AVENUE DU GENERAL LECLERC 93500 PANTIN;93500;PANTIN;93;Île-de-France;11;31;31;200 à 249 salariés;249;N;PME;26;1988-10-03;37.74674880219028;48.9006664337902;2.4172516747468;False;7172;[];[];84.11Z;2026-06-15T15:56:29.339515;80;CHAUDE;136950;27390
17770232100098;177702321;DIRECTION REGIONALE DES DOUANES PARIS-EST (DRD);AUBERVILLIERS G R C;DRD;84.11Z;PUB_MAIRIE;PUBLIC;Administration publique générale;31 RUE DE LA GARE 93300 AUBERVILLIERS;93300;AUBERVILLIERS;93;Île-de-France;11;31;31;200 à 249 salariés;249;N;PME;26;1988-10-03;37.74674880219028;48.903307742;2.3732476277;False;7172;[];[];84.11Z;2026-06-15T15:56:29.339515;80;CHAUDE;136950;27390
21930045600015;219300456;COMMUNE DES LILAS;MAIRIE;;84.11Z;PUB_MAIRIE;PUBLIC;Administration publique générale;96 RUE DE PARIS 93260 LES LILAS;93260;LES LILAS;93;Île-de-France;11;41;41;500 à 999 salariés;999;O;ETI;22;1983-03-01;43.34017796030116;48.879461237;2.4158317985;True;7210;[];[];84.11Z;2026-06-15T15:56:29.339515;80;CHAUDE;549450;109890
21930045600049;219300456;COMMUNE DES LILAS;ECOLE PRIMAIRE JEAN MACE;;85.20Z;PUB_ECOLE;PUBLIC;Enseignement primaire;RUE DU CHATEAU 93260 LES LILAS;93260;LES LILAS;93;Île-de-France;11;41;41;500 à 999 salariés;999;N;ETI;22;1983-12-21;42.53251197809719;48.883922434;2.4215935762;False;7210;[];[];84.11Z;2026-06-15T15:56:29.339515;80;CHAUDE;499500;99900
21930063900016;219300639;COMMUNE DE ROMAINVILLE;MAIRIE;;84.11Z;PUB_MAIRIE;PUBLIC;Administration publique générale;PL DE LA LAICITE 93230 ROMAINVILLE;93230;ROMAINVILLE;93;Île-de-France;11;41;41;500 à 999 salariés;999;O;ETI;29;1983-03-01;43.34017796030116;48.885414004;2.4354708132;True;7210;[];[];84.11Z;2026-06-15T15:56:29.339515;80;CHAUDE;549450;109890
16002206700286;160022067;DIRECTION NATIONALE D'ENQUETES FISCALES (DNEF);1ERE BRIGAGE V.G.-BIR;DNEF;84.11Z;PUB_MAIRIE;PUBLIC;Administration publique générale;56 AVENUE DE METZ 93230 ROMAINVILLE;93230;ROMAINVILLE;93;Île-de-France;11;32;32;250 à 499 salariés;499;N;ETI;40;2025-02-05;1.404517453798768;48.8963227087213;2.43146005668209;False;7160;[];[];84.11Z;2026-06-15T15:56:29.339515;80;CHAUDE;274450;54890
16002206700294;160022067;DIRECTION NATIONALE D'ENQUETES FISCALES (DNEF);2EME BRIGADE V.G-BIR;DNEF;84.11Z;PUB_MAIRIE;PUBLIC;Administration publique générale;56 AVENUE DE METZ 93230 ROMAINVILLE;93230;ROMAINVILLE;93;Île-de-France;11;32;32;250 à 499 salariés;499;N;ETI;40;2025-02-05;1.404517453798768;48.8963227087213;2.43146005668209;False;7160;[];[];84.11Z;2026-06-15T15:56:29.339515;80;CHAUDE;274450;54890
16002206700302;160022067;DIRECTION NATIONALE D'ENQUETES FISCALES (DNEF);3EME BRIGADE V.G-BIR;DNEF;84.11Z;PUB_MAIRIE;PUBLIC;Administration publique générale;56 AVENUE DE METZ 93230 ROMAINVILLE;93230;ROMAINVILLE;93;Île-de-France;11;32;32;250 à 499 salariés;499;N;ETI;40;2025-02-05;1.404517453798768;48.8963227087213;2.43146005668209;False;7160;[];[];84.11Z;2026-06-15T15:56:29.339515;80;CHAUDE;274450;54890
16002206700310;160022067;DIRECTION NATIONALE D'ENQUETES FISCALES (DNEF);4EME BRIGADE V.G/BIR;DNEF;84.11Z;PUB_MAIRIE;PUBLIC;Administration publique générale;56 AVENUE DE METZ 93230 ROMAINVILLE;93230;ROMAINVILLE;93;Île-de-France;11;32;32;250 à 499 salariés;499;N;ETI;40;2025-02-05;1.404517453798768;48.8963227087213;2.43146005668209;False;7160;[];[];84.11Z;2026-06-15T15:56:29.339515;80;CHAUDE;274450;54890
16002206700328;160022067;DIRECTION NATIONALE D'ENQUETES FISCALES (DNEF);    DIR NAT ENQUETES FISCALES SER INVESTI ELARGIES;DNEF;84.11Z;PUB_MAIRIE;PUBLIC;Administration publique générale;56 AVENUE DE METZ 93230 ROMAINVILLE;93230;ROMAINVILLE;93;Île-de-France;11;32;32;250 à 499 salariés;499;N;ETI;40;2025-02-05;1.404517453798768;48.8963227087213;2.43146005668209;False;7160;[];[];84.11Z;2026-06-15T15:56:29.339515;80;CHAUDE;274450;54890
16002206700336;160022067;DIRECTION NATIONALE D'ENQUETES FISCALES (DNEF);BRIGADE DE RECH. SYSTEMATIQUES;DNEF;84.11Z;PUB_MAIRIE;PUBLIC;Administration publique générale;56 AVENUE DE METZ 93230 ROMAINVILLE;93230;ROMAINVILLE;93;Île-de-France;11;32;32;250 à 499 salariés;499;N;ETI;40;2025-02-05;1.404517453798768;48.8963227087213;2.43146005668209;False;7160;[];[];84.11Z;2026-06-15T15:56:29.339515;80;CHAUDE;274450;54890
17750231700361;177502317;DIRECTION REGIONALE DES DOUANES PARIS (DRD);;DRD;84.11Z;PUB_MAIRIE;PUBLIC;Administration publique générale;30 RUE RAOUL WALLENBERG 75019 PARIS;75019;PARIS;75;Île-de-France;11;41;41;500 à 999 salariés;999;O;ETI;39;2016-06-07;10.069815195071868;48.879861709;2.4087790739;True;7172;[];[];84.11Z;2026-06-15T15:56:04.351690;80;CHAUDE;549450;109890
17750231700353;177502317;DIRECTION REGIONALE DES DOUANES PARIS (DRD);BRIGADE SURVEILLANCE INTERIEURE PARIS-SUD;DRD;84.11Z;PUB_MAIRIE;PUBLIC;Administration publique générale;10 RUE MERCOEUR 75011 PARIS;75011;PARIS;75;Île-de-France;11;41;41;500 à 999 salariés;999;N;ETI;39;2010-11-04;15.66050650239562;48.857274574;2.383990212;False;7172;[];[];84.11Z;2026-06-15T15:56:04.351690;80;CHAUDE;549450;109890
17750231700379;177502317;DIRECTION REGIONALE DES DOUANES PARIS (DRD);BUREAU DES CONTRIBUTIONS INDIRECTS;DRD;84.11Z;PUB_MAIRIE;PUBLIC;Administration publique générale;3EME ETAGE - AILE OUEST 30 RUE RAOUL WALLENBERG 75019 PARIS;75019;PARIS;75;Île-de-France;11;41;41;500 à 999 salariés;999;N;ETI;39;2016-10-13;9.71937029431896;48.879861709;2.4087790739;False;7172;[];[];84.11Z;2026-06-15T15:56:04.351690;80;CHAUDE;549450;109890
17750231700387;177502317;DIRECTION REGIONALE DES DOUANES PARIS (DRD);BRIGADE SURVEILLANCE INTERIEURE PARIS-NORD;DRD;84.11Z;PUB_MAIRIE;PUBLIC;Administration publique générale;RDC 30 RUE RAOUL WALLENBERG 75019 PARIS;75019;PARIS;75;Île-de-France;11;41;41;500 à 999 salariés;999;N;ETI;39;2016-06-01;10.08624229979466;48.879861709;2.4087790739;False;7172;[];[];84.11Z;2026-06-15T15:56:04.351690;80;CHAUDE;549450;109890
17750231700395;177502317;DIRECTION REGIONALE DES DOUANES PARIS (DRD);BUREAU DE DOUANE DE PARIS-AEROSPATIALE;DRD;84.11Z;PUB_MAIRIE;PUBLIC;Administration publique générale;3EME ETAGE - AILE EST 30 RUE RAOUL WALLENBERG 75019 PARIS;75019;PARIS;75;Île-de-France;11;41;41;500 à 999 salariés;999;N;ETI;39;2016-03-14;10.302532511978097;48.879861709;2.4087790739;False;7172;[];[];84.11Z;2026-06-15T15:56:04.351690;80;CHAUDE;549450;109890
17750231700403;177502317;DIRECTION REGIONALE DES DOUANES PARIS (DRD);BUREAU DE DOUANE DE PARIS-PRINCIPAL;DRD;84.11Z;PUB_MAIRIE;PUBLIC;Administration publique générale;5EME ETAGE 30 RUE RAOUL WALLENBERG 75019 PARIS;75019;PARIS;75;Île-de-France;11;41;41;500 à 999 salariés;999;N;ETI;39;2016-03-14;10.302532511978097;48.879861709;2.4087790739;False;7172;[];[];84.11Z;2026-06-15T15:56:04.351690;80;CHAUDE;549450;109890
22985000300083;229850003;DEPARTEMENT-REGION DE MAYOTTE;DELEGATION DE MAYOTTE PARIS;;84.12Z;PUB_MAIRIE;PUBLIC;Administration publique;51-53 51 RUE DU DOCTEUR BLANCHE 75016 PARIS;75016;PARIS;75;Île-de-France;11;12;12;20 à 49 salariés;49;O;PME;9;2021-01-01;5.500342231348392;48.852810778;2.2647920835;False;7229;[];[];84.11Z;2026-06-15T15:56:04.351690;80;CHAUDE;26950;5390
48026601400129;480266014;VYV3 ILE-DE-FRANCE;ECOLE INST FORMATION;;86.10Z;PUB_HOPITAL;PUBLIC;Activités hospitalières;26 BOULEVARD BRUNE 75014 PARIS;75014;PARIS;75;Île-de-France;11;11;11;10 à 19 salariés;19;O;GE;61;2016-08-01;9.919233401779604;48.826970069;2.3077555303;False;8210;"[""750055576"", ""750670010""]";[];86.10Z;2026-06-15T15:56:46.015524;80;CHAUDE;19000;3800
77567634900068;775676349;FONDATION L ELAN RETROUVE;;;86.10Z;PUB_HOPITAL;PUBLIC;Activités hospitalières;6 RUE TROLLEY DE PREVAUX 75013 PARIS;75013;PARIS;75;Île-de-France;11;12;12;20 à 49 salariés;49;O;ETI;51;1997-09-30;28.75564681724846;48.826273663;2.3728193661;False;9300;"[""750510042""]";[];86.10Z;2026-06-15T15:56:46.015524;80;CHAUDE;49000;9800
17770232100064;177702321;DIRECTION REGIONALE DES DOUANES PARIS-EST (DRD);PANTIN G R;DRD;84.11Z;PUB_MAIRIE;PUBLIC;Administration publique générale;3 RUE ERNEST RENAN 93500 PANTIN;93500;PANTIN;93;Île-de-France;11;31;31;200 à 249 salariés;249;N;PME;26;1988-10-03;37.74674880219028;48.894533616;2.4164841708;False;7172;[];[];84.11Z;2026-06-15T15:56:29.339515;80;CHAUDE;136950;27390
11000605300018;110006053;MIN. DEL. AUPRES DU MINISTERE DE L’EUROPE ET DES AFFAIRES ETRANGERES, CHARGE DU COMMERCE EXTERIEUR ET DE L’ATTRACTIVITE;;;84.11Z;PUB_MAIRIE;PUBLIC;Administration publique générale;37 QUAI D'ORSAY 75007 PARIS;75007;PARIS;75;Île-de-France;11;12;12;20 à 49 salariés;49;N;PME;1;1986-08-20;39.86858316221766;48.862573984;2.3162089371;True;7113;[];[];84.11Z;2026-06-15T15:56:05.010978;80;CHAUDE;26950;5390
18004309300038;180043093;BIBLIOTHEQUE PUBLIQUE D'INFORMATION (BPI);;BPI;91.01Z;PUB_MUSEE;PUBLIC;Gestion des bibliothèques;25 RUE DU RENARD 75004 PARIS;75004;PARIS;75;Île-de-France;11;32;32;250 à 499 salariés;499;N;PME;2;1998-01-01;28.501026694045173;48.859401629;2.3523270535;True;7389;[];[];91.01Z;2026-06-15T16:09:15.564899;80;CHAUDE;324350;64870
69204158500039;692041585;ETABLISSEMENT PUBLIC DE LA REUNION DES MUSEES NATIONAUX ET DU GRAND PALAIS DES CHAMPS-ELYSEES (RMN);MUSEE DU LOUVRE;RMN;91.02Z;PUB_MUSEE;PUBLIC;Gestion des musées;PLACE DU CARROUSEL 75001 PARIS;75001;PARIS;75;Île-de-France;11;22;22;100 à 199 salariés;199;O;ETI;76;1991-01-01;35.501711156741955;48.861059833;2.3356880088;False;4110;[];[];91.02Z;2026-06-15T16:09:18.132368;80;CHAUDE;129350;25870
69204158500252;692041585;ETABLISSEMENT PUBLIC DE LA REUNION DES MUSEES NATIONAUX ET DU GRAND PALAIS DES CHAMPS-ELYSEES (RMN);MUSEE D'ORSAY;RMN;91.02Z;PUB_MUSEE;PUBLIC;Gestion des musées;62 RUE DE LILLE 75007 PARIS;75007;PARIS;75;Île-de-France;11;21;21;50 à 99 salariés;99;O;ETI;76;1991-01-01;35.501711156741955;48.860221768;2.325374022;False;4110;[];[];91.02Z;2026-06-15T16:09:18.132368;80;CHAUDE;64350;12870
12001406300057;120014063;DIRECTION DU NUMERIQUE (DN);;DN;84.11Z;PUB_MAIRIE;PUBLIC;Administration publique générale;40 AVENUE DES TERROIRS DE FRANCE 75012 PARIS;75012;PARIS;75;Île-de-France;11;41;41;500 à 999 salariés;999;O;ETI;6;2014-01-01;12.501026694045176;48.831890625;2.3890185151;True;7120;[];[];84.11Z;2026-06-15T15:56:04.351690;80;CHAUDE;549450;109890
25750004100047;257500041;SYNDICAT INTERCOMMUNAL DE LA PERIPHERIE DE PARIS POUR LES ENERGIES ET LES RESEAUX DE COMMUNICATION (SIPPEREC);;SIPPEREC;84.11Z;PUB_MAIRIE;PUBLIC;Administration publique générale;173/175 173 RUE DE BERCY 75012 PARIS;75012;PARIS;75;Île-de-France;11;22;22;100 à 199 salariés;199;O;PME;5;2016-07-01;10.0041067761807;48.842870995;2.3747709977;True;7355;[];[];84.11Z;2026-06-15T15:56:04.351690;80;CHAUDE;109450;21890
20003277900122;200032779;PARIS MUSEES;MUSEE D'ART MODERNE;;91.02Z;PUB_MUSEE;PUBLIC;Gestion des musées;11 AVENUE DU PRESIDENT WILSON 75016 PARIS;75016;PARIS;75;Île-de-France;11;31;31;200 à 249 salariés;249;O;ETI;22;2012-06-20;14.03422313483915;48.864631114;2.2972450833;False;7378;[];[];91.02Z;2026-06-15T16:09:18.132903;80;CHAUDE;161850;32370
20003277900130;200032779;PARIS MUSEES;MUSEE CARNAVALET;;91.02Z;PUB_MUSEE;PUBLIC;Gestion des musées;23 RUE DE SEVIGNE 75003 PARIS;75003;PARIS;75;Île-de-France;11;22;22;100 à 199 salariés;199;O;ETI;22;2012-06-20;14.03422313483915;48.857057037;2.3628500373;False;7378;[];[];91.02Z;2026-06-15T16:09:18.132903;80;CHAUDE;129350;25870
78424378400013;784243784;MEMORIAL DE LA SHOAH;;;91.02Z;PUB_MUSEE;PUBLIC;Gestion des musées;17 RUE GEOFFROY L'ASNIER 75004 PARIS;75004;PARIS;75;Île-de-France;11;22;22;100 à 199 salariés;199;O;PME;6;1900-01-01;126.4996577686516;48.854904698;2.356127073;True;9300;[];[];91.02Z;2026-06-15T16:09:18.132903;80;CHAUDE;129350;25870
78810524500013;788105245;LES ARTS DECORATIFS;;;91.02Z;PUB_MUSEE;PUBLIC;Gestion des musées;107 RUE DE RIVOLI 75001 PARIS;75001;PARIS;75;Île-de-France;11;32;32;250 à 499 salariés;499;O;ETI;6;1900-01-01;126.4996577686516;48.863026733;2.3334604278;True;9220;[];[];91.02Z;2026-06-15T16:09:18.132903;80;CHAUDE;324350;64870
11000029600274;110000296;AUTORITE DE REGULATION DE LA COMMUNICATION AUDIOVISUELLE ET NUMERIQUE (ARCOM);ARCOM;ARCOM;84.11Z;PUB_MAIRIE;PUBLIC;Administration publique générale;9 RUE BRAHMS 75012 PARIS;75012;PARIS;75;Île-de-France;11;32;32;250 à 499 salariés;499;N;ETI;27;2024-07-01;2.004106776180698;48.8409059931003;2.39289730430767;True;7112;[];[];84.11Z;2026-06-15T15:56:04.040426;80;CHAUDE;274450;54890
12000101100051;120001011;SECRETARIAT GENERAL DU GOUVERNEMENT (SGG);CIRA DE PARIS;SGG;84.11Z;PUB_MAIRIE;PUBLIC;Administration publique générale;21 SQUARE SAINT-CHARLES 75012 PARIS;75012;PARIS;75;Île-de-France;11;41;41;500 à 999 salariés;999;N;ETI;18;1986-04-04;40.24640657084189;48.84670866;2.3894707996;False;7120;[];[];84.11Z;2026-06-15T15:56:04.040426;80;CHAUDE;549450;109890
12000101100176;120001011;SECRETARIAT GENERAL DU GOUVERNEMENT (SGG);CONSEIL ORIENTATION RETRAITES COR;SGG;84.11Z;PUB_MAIRIE;PUBLIC;Administration publique générale;113 RUE DE GRENELLE 75007 PARIS;75007;PARIS;75;Île-de-France;11;12;12;20 à 49 salariés;49;N;ETI;18;2000-05-10;26.14647501711157;48.857126989;2.3178985174;False;7120;[];[];84.11Z;2026-06-15T15:56:04.040426;80;CHAUDE;26950;5390
20002709200010;200027092;HOPITAUX PARIS EST VAL-DE-MARNE;;;86.10Z;PUB_HOPITAL;PUBLIC;Activités hospitalières;12 A 14 12 RUE DU VAL D'OSNE 94410 SAINT-MAURICE;94410;SAINT-MAURICE;94;Île-de-France;11;51;51;2000 à 4999 salariés;4999;O;ETI;68;2011-01-01;15.501711156741958;48.820306204;2.4236244898;True;7364;"[""940016868""]";"[""0942070P""]";86.10Z;2026-06-15T15:56:46.015524;80;CHAUDE;4999000;999800
21930061300011;219300613;COMMUNE DE PRE SAINT GERVAIS;MAIRIE;;84.11Z;PUB_MAIRIE;PUBLIC;Administration publique générale;84 B RUE ANDRE JOINEAU 93310 LE PRE-SAINT-GERVAIS;93310;LE PRE-SAINT-GERVAIS;93;Île-de-France;11;32;32;250 à 499 salariés;499;O;ETI;14;1983-03-01;43.34017796030116;48.882937859;2.4029807027;True;7210;[];[];84.11Z;2026-06-15T15:56:29.340511;80;CHAUDE;274450;54890
17750230900087;177502309;DIRECTION INTERREGIONALE DES DOUANES ILE-DE-FRANCE (DID);CENTRE DE RENSEIGNEMENTS DES DOUANES;DID;84.11Z;PUB_MAIRIE;PUBLIC;Administration publique générale;84 RUE D'HAUTEVILLE 75010 PARIS;75010;PARIS;75;Île-de-France;11;12;12;20 à 49 salariés;49;N;PME;18;2001-12-25;24.520191649555095;48.876594541;2.3513660793;False;7172;[];[];84.11Z;2026-06-15T15:56:04.040426;80;CHAUDE;26950;5390
17750230900160;177502309;DIRECTION INTERREGIONALE DES DOUANES ILE-DE-FRANCE (DID);RECETTE INTERREGIONALE DES DOUANES DE PARIS;DID;84.11Z;PUB_MAIRIE;PUBLIC;Administration publique générale;30 RUE RAOUL WALLENBERG 75019 PARIS;75019;PARIS;75;Île-de-France;11;31;31;200 à 249 salariés;249;N;PME;18;2018-03-01;8.33949349760438;48.879861709;2.4087790739;False;7172;[];[];84.11Z;2026-06-15T15:56:04.040426;80;CHAUDE;136950;27390
13001334500017;130013345;SECRETARIAT GENERAL DES MINISTERES ECONOMIQUES ET FINANCIERS (SG);;SG;84.11Z;PUB_MAIRIE;PUBLIC;Administration publique générale;TELEDOC 230 139 RUE DE BERCY 75012 PARIS;75012;PARIS;75;Île-de-France;11;42;42;1000 à 1999 salariés;1999;N;ETI;13;2010-11-25;15.603011635865846;48.840945686;2.3780054136;True;7120;[];[];84.11Z;2026-06-15T15:56:04.040426;80;CHAUDE;1099450;219890
17750000600099;177500006;PREFECTURE DE REGION ILE-DE-FRANCE;PREF DE PARIS ANNEXE;;84.11Z;PUB_MAIRIE;PUBLIC;Administration publique générale;50 AVENUE DAUMESNIL 75012 PARIS;75012;PARIS;75;Île-de-France;11;41;41;500 à 999 salariés;999;N;ETI;9;2010-06-30;16.008213552361397;48.845522361;2.3785446286;False;7171;[];[];84.11Z;2026-06-15T15:56:04.350687;80;CHAUDE;549450;109890
11001401600064;110014016;MINISTERE DE L'INTERIEUR;ANNEXE LUMIERE;;84.11Z;PUB_MAIRIE;PUBLIC;Administration publique générale;IMMEUBLE LUMIERE 40 AVENUE DES TERROIRS DE FRANCE 75012 PARIS;75012;PARIS;75;Île-de-France;11;42;42;1000 à 1999 salariés;1999;O;GE;9;2014-01-01;12.501026694045176;48.8317379712001;2.3886779983358;False;7113;[];[];84.11Z;2026-06-15T15:56:04.350687;80;CHAUDE;1099450;219890
11001401600106;110014016;MINISTERE DE L'INTERIEUR;ANNEXE GARANCE;;84.11Z;PUB_MAIRIE;PUBLIC;Administration publique générale;18-20 18 RUE DES PYRENEES 75020 PARIS;75020;PARIS;75;Île-de-France;11;52;52;5000 à 9999 salariés;9999;N;GE;9;2019-09-06;6.822724161533197;48.849096651;2.4068174773;False;7113;[];[];84.11Z;2026-06-15T15:56:04.350687;80;CHAUDE;5499450;1099890
13001954000025;130019540;SECRETARIAT GENERAL DU MINISTERE DE LA TRANSITION ECOLOGIQUE ET SOLIDAIRE (SG);;SG;84.11Z;PUB_MAIRIE;PUBLIC;Administration publique générale;LA GRANDE ARCHE PAROI SUD 92800 PUTEAUX;92800;PUTEAUX;92;Île-de-France;11;42;42;1000 à 1999 salariés;1999;O;ETI;31;2017-04-15;9.215605749486652;48.892285681;2.2356005419;True;7120;[];[];84.11Z;2026-06-15T15:56:04.350687;80;CHAUDE;1099450;219890
78430836300018;784308363;OGEC SAINTE CLOTILDE;;;85.20Z;PUB_ECOLE;PUBLIC;Enseignement primaire;77 RUE DE GRENELLE 75007 PARIS;75007;PARIS;75;Île-de-France;11;12;12;20 à 49 salariés;49;O;PME;1;1900-01-01;126.4996577686516;48.855591015;2.3233853909;True;9220;[];"[""0750176J""]";85.20Z;2026-06-15T15:56:40.262582;80;CHAUDE;24500;4900
78435319500018;784353195;OGEC ST PIERRE DE CHAILLOT;;;85.20Z;PUB_ECOLE;PUBLIC;Enseignement primaire;10 RUE CHRISTOPHE COLOMB 75008 PARIS;75008;PARIS;75;Île-de-France;11;12;12;20 à 49 salariés;49;O;PME;1;1900-01-01;126.4996577686516;48.869976319;2.2992581201;True;9220;[];"[""0750195E""]";85.20Z;2026-06-15T15:56:40.262582;80;CHAUDE;24500;4900
78440515100019;784405151;OGEC DE LA TRINITE;;;85.20Z;PUB_ECOLE;PUBLIC;Enseignement primaire;16 RUE DE MILAN 75009 PARIS;75009;PARIS;75;Île-de-France;11;12;12;20 à 49 salariés;49;O;PME;1;1900-01-01;126.4996577686516;48.879055089;2.3277555258;True;9220;[];"[""0750210W""]";85.20Z;2026-06-15T15:56:40.262582;80;CHAUDE;24500;4900
30962393200014;309623932;AGESA GESTION ECOLE STE AGNES;;;85.20Z;PUB_ECOLE;PUBLIC;Enseignement primaire;8 RUE DU CARDINAL VERDIER 92600 ASNIERES-SUR-SEINE;92600;ASNIERES-SUR-SEINE;92;Île-de-France;11;12;12;20 à 49 salariés;49;O;PME;1;1900-01-01;126.4996577686516;48.911231267;2.2940890612;True;9220;[];"[""0921380A""]";85.20Z;2026-06-15T15:56:43.396054;80;CHAUDE;24500;4900
21930039900017;219300399;COMMUNE DE L ILE ST DENIS;MAIRIE;;84.11Z;PUB_MAIRIE;PUBLIC;Administration publique générale;1 RUE MECHIN 93450 L'ILE-SAINT-DENIS;93450;L'ILE-SAINT-DENIS;93;Île-de-France;11;31;31;200 à 249 salariés;249;O;PME;10;1983-03-01;43.34017796030116;48.9356019406575;2.34054353148285;True;7210;[];[];84.11Z;2026-06-15T15:56:29.794009;80;CHAUDE;136950;27390
21930039900058;219300399;COMMUNE DE L ILE ST DENIS;ECOLE MATERNELLE JEAN LURCAT;;85.10Z;PUB_ECOLE;PUBLIC;Enseignement pré-primaire;9 RUE JEAN LURCAT 93450 L'ILE-SAINT-DENIS;93450;L'ILE-SAINT-DENIS;93;Île-de-France;11;32;32;250 à 499 salariés;499;N;PME;10;1983-12-21;42.53251197809719;48.920251403;2.3275756745;False;7210;[];[];84.11Z;2026-06-15T15:56:29.794009;80;CHAUDE;249500;49900
13001522500134;130015225;DISI ILE DE FRANCE (DISI);ESI MONTREUIL;DISI;84.11Z;PUB_MAIRIE;PUBLIC;Administration publique générale;10 RUE AUGUSTE BLANQUI 93100 MONTREUIL;93100;MONTREUIL;93;Île-de-France;11;22;22;100 à 199 salariés;199;N;ETI;15;2019-09-01;6.836413415468857;48.850129607;2.4207971111;False;7160;[];[];84.11Z;2026-06-15T15:56:29.794009;80;CHAUDE;109450;21890
20005786700018;200057867;PLAINE COMMUNE;;;84.11Z;PUB_MAIRIE;PUBLIC;Administration publique générale;21 AVENUE JULES RIMET 93200 SAINT-DENIS;93200;SAINT-DENIS;93;Île-de-France;11;51;51;2000 à 4999 salariés;4999;O;ETI;5;2016-01-01;10.50239561943874;48.924689608;2.3627719272;True;7345;[];[];84.11Z;2026-06-15T15:56:29.794009;80;CHAUDE;2749450;549890
33466984300024;334669843;ASS GESTION ECOLE NOUVELLE EMILIE BRANDT;;;85.20Z;PUB_ECOLE;PUBLIC;Enseignement primaire;12 RUE DU PARC 92300 LEVALLOIS-PERRET;92300;LEVALLOIS-PERRET;92;Île-de-France;11;12;12;20 à 49 salariés;49;O;PME;2;1992-09-02;33.831622176591374;48.896936995;2.2847269962;True;9220;[];"[""0921096S""]";85.20Z;2026-06-15T15:56:43.676204;80;CHAUDE;24500;4900
78543442400012;785434424;ECOLE PRIMAIRE PRIVEE SAINT JOSEPH;;;85.20Z;PUB_ECOLE;PUBLIC;Enseignement primaire;26 RUE GODEFROY 92800 PUTEAUX;92800;PUTEAUX;92;Île-de-France;11;12;12;20 à 49 salariés;49;O;PME;1;1900-01-01;126.4996577686516;48.881534133;2.2422136452;True;9220;[];"[""0921131E""]";85.20Z;2026-06-15T15:56:43.677206;80;CHAUDE;24500;4900
85357995100023;853579951;R.E.V.E. REUSSITE EDUCATIVE, VALEURS ET EPANOUISSEMENT;;;85.20Z;PUB_ECOLE;PUBLIC;Enseignement primaire;3 RUE HENRI WALLON 93800 EPINAY-SUR-SEINE;93800;EPINAY-SUR-SEINE;93;Île-de-France;11;21;21;50 à 99 salariés;99;O;PME;2;2019-12-06;6.573579739904175;48.953881591;2.3198569071;True;9220;[];"[""0932698C""]";85.20Z;2026-06-15T15:56:44.230696;80;CHAUDE;49500;9900
32201068700026;322010687;ECOLE OHEL BAROUCH ASSOCIATION;;;85.20Z;PUB_ECOLE;PUBLIC;Enseignement primaire;16 RUE ANATOLE FRANCE 94300 VINCENNES;94300;VINCENNES;94;Île-de-France;11;21;21;50 à 99 salariés;99;O;PME;1;1985-03-18;41.29226557152635;48.843043073;2.4316371466;True;9220;[];"[""0941462D""]";85.20Z;2026-06-15T15:56:44.744115;80;CHAUDE;49500;9900
26750045201308;267500452;ASSISTANCE PUBLIQUE HOPITAUX DE PARIS (AP-HP);LABORAT ANALYSE MEDIC HOPITAL ST ANTOINE;AP-HP;86.90C;PRIV_SANTE_CENTRE;PRIVE;Autres activités santé;53 BOULEVARD DIDEROT 75012 PARIS;75012;PARIS;75;Île-de-France;11;53;53;10000 salariés et plus;10000;N;GE;177;1996-08-12;29.88911704312115;48.847015003;2.382535551;False;7364;[];[];86.10Z;2026-06-15T15:56:46.014524;80;CHAUDE;9500000;1900000
20003277900213;200032779;PARIS MUSEES;;;91.02Z;PUB_MUSEE;PUBLIC;Gestion des musées;30-32 RUE DE CHABROL 75010 PARIS;75010;PARIS;75;Île-de-France;11;42;42;1000 à 1999 salariés;1999;N;ETI;22;2025-01-01;1.5003422313483916;48.8771064351722;2.35277716533971;True;7378;[];[];91.02Z;2026-06-15T16:09:18.132368;80;CHAUDE;1299350;259870
20003277900064;200032779;PARIS MUSEES;MUSEE BOURDELLE;;91.02Z;PUB_MUSEE;PUBLIC;Gestion des musées;16 RUE ANTOINE BOURDELLE 75015 PARIS;75015;PARIS;75;Île-de-France;11;21;21;50 à 99 salariés;99;O;ETI;22;2012-06-20;14.03422313483915;48.843089958;2.3183552937;False;7378;[];[];91.02Z;2026-06-15T16:09:18.132903;80;CHAUDE;64350;12870
20003277900098;200032779;PARIS MUSEES;MUSEE DU PETIT PALAIS;;91.02Z;PUB_MUSEE;PUBLIC;Gestion des musées;1 AVENUE DUTUIT 75008 PARIS;75008;PARIS;75;Île-de-France;11;22;22;100 à 199 salariés;199;O;ETI;22;2012-06-20;14.03422313483915;48.866917372;2.3151370165;False;7378;[];[];91.02Z;2026-06-15T16:09:18.132903;80;CHAUDE;129350;25870
33830878600015;338308786;ASSOCIATION GANENOU;;;85.20Z;PUB_ECOLE;PUBLIC;Enseignement primaire;231 BOULEVARD VOLTAIRE 75011 PARIS;75011;PARIS;75;Île-de-France;11;21;21;50 à 99 salariés;99;O;PME;1;1985-09-09;40.81314168377824;48.851355384;2.3912598014;True;9220;[];"[""0753122L""]";85.20Z;2026-06-15T15:56:39.403995;80;CHAUDE;49500;9900
16000009700081;160000097;DIRECTION DES GRANDES ENTREPRISES (DGE);POSTE COMPTABLE DGE;DGE;84.11Z;PUB_MAIRIE;PUBLIC;Administration publique générale;56 AVENUE DE METZ 93230 ROMAINVILLE;93230;ROMAINVILLE;93;Île-de-France;11;32;32;250 à 499 salariés;499;N;ETI;8;2025-01-07;1.483915126625599;48.8963227087213;2.43146005668209;False;7160;[];[];84.11Z;2026-06-15T15:56:29.795007;80;CHAUDE;274450;54890
11000044500020;110000445;HAUTE AUTORITE DE SANTE (HAS);;HAS;84.11Z;PUB_MAIRIE;PUBLIC;Administration publique générale;5 AVENUE DU STADE DE FRANCE 93210 SAINT-DENIS;93210;SAINT-DENIS;93;Île-de-France;11;41;41;500 à 999 salariés;999;O;ETI;2;2015-11-23;10.609171800136892;48.9165897585378;2.36179861112563;True;7112;[];[];84.11Z;2026-06-15T15:56:30.086486;80;CHAUDE;549450;109890
20005787500011;200057875;EST ENSEMBLE;;;84.11Z;PUB_MAIRIE;PUBLIC;Administration publique générale;100 AVENUE GASTON ROUSSEL 93230 ROMAINVILLE;93230;ROMAINVILLE;93;Île-de-France;11;42;42;1000 à 1999 salariés;1999;O;ETI;5;2016-01-01;10.50239561943874;48.894072771;2.4324000766;True;7345;[];[];84.11Z;2026-06-15T15:56:30.087536;80;CHAUDE;1099450;219890
21940041300015;219400413;COMMUNE D IVRY SUR SEINE;MAIRIE;;84.11Z;PUB_MAIRIE;PUBLIC;Administration publique générale;ESPLANADE GEORGES MARRANE 94200 IVRY-SUR-SEINE;94200;IVRY-SUR-SEINE;94;Île-de-France;11;51;51;2000 à 4999 salariés;4999;O;ETI;62;1983-03-01;43.34017796030116;48.812105788;2.387522235;True;7210;[];[];84.11Z;2026-06-15T15:56:30.567682;80;CHAUDE;2749450;549890
32260358000018;322603580;OGEC ECOLE SACRE COEUR;;;85.20Z;PUB_ECOLE;PUBLIC;Enseignement primaire;39 AVENUE DE SAINT-OUEN 75017 PARIS;75017;PARIS;75;Île-de-France;11;12;12;20 à 49 salariés;49;O;PME;1;1981-07-01;45.00479123887748;48.890070485;2.3260814762;True;9220;[];[];85.20Z;2026-06-15T15:56:39.403995;80;CHAUDE;24500;4900
31776119500021;317761195;ECOLE MERKAZ OHR JOSEPH (MOJ);;MOJ;85.20Z;PUB_ECOLE;PUBLIC;Enseignement primaire;29 B RUE DE THIONVILLE 75019 PARIS;75019;PARIS;75;Île-de-France;11;21;21;50 à 99 salariés;99;O;PME;1;1900-01-01;126.4996577686516;48.890268939;2.3856605818;True;9220;[];"[""0752804R""]";85.20Z;2026-06-15T15:56:39.403995;80;CHAUDE;49500;9900
41469788800017;414697888;ECOLE SUEDOISE DE PARIS;;;85.20Z;PUB_ECOLE;PUBLIC;Enseignement primaire;9 RUE MEDERIC 75017 PARIS;75017;PARIS;75;Île-de-France;11;12;12;20 à 49 salariés;49;O;PME;1;1997-09-01;28.83504449007529;48.880626101;2.3031657079;True;9220;[];[];85.20Z;2026-06-15T15:56:39.403995;80;CHAUDE;24500;4900
78457333900024;784573339;OGEC CHARLES DE FOUCAULD;;;85.20Z;PUB_ECOLE;PUBLIC;Enseignement primaire;12 RUE DES JONQUILLES 75014 PARIS;75014;PARIS;75;Île-de-France;11;12;12;20 à 49 salariés;49;O;PME;1;1900-01-01;126.4996577686516;48.830326755;2.3092537059;True;9220;[];"[""0750261B""]";85.20Z;2026-06-15T15:56:39.916071;80;CHAUDE;24500;4900
78461704500017;784617045;OGEC INSTITUT SAINT JOSEPH;;;85.20Z;PUB_ECOLE;PUBLIC;Enseignement primaire;13 PLACE ETIENNE PERNET 75015 PARIS;75015;PARIS;75;Île-de-France;11;12;12;20 à 49 salariés;49;O;PME;2;1900-01-01;126.4996577686516;48.84290486;2.2927898558;True;9220;[];"[""0750268J"", ""0753992G""]";85.20Z;2026-06-15T15:56:39.916071;80;CHAUDE;24500;4900
78461708600029;784617086;ASSOCIATION ECOLE DE LA CROIX;;;85.20Z;PUB_ECOLE;PUBLIC;Enseignement primaire;25 RUE MATHURIN REGNIER 75015 PARIS;75015;PARIS;75;Île-de-France;11;12;12;20 à 49 salariés;49;O;PME;1;1982-09-01;43.83572895277207;48.839904245;2.3081453683;True;9220;[];"[""0750281Y""]";85.20Z;2026-06-15T15:56:39.916071;80;CHAUDE;24500;4900
32969166100014;329691661;ECOLE INTERNATIONALE BILINGUE LAMARTINE (EIB LAMARTINE);EIB LAMARTINE;;85.20Z;PUB_ECOLE;PUBLIC;Enseignement primaire;123 RUE DE LA POMPE 75016 PARIS;75016;PARIS;75;Île-de-France;11;12;12;20 à 49 salariés;49;O;ETI;1;1966-03-03;60.33401779603012;48.866101939;2.2796568666;True;5202;[];[];85.20Z;2026-06-15T15:56:39.916071;80;CHAUDE;24500;4900
78466216500017;784662165;LES AMIS ECOLE LAMAZOU OGEC;;;85.20Z;PUB_ECOLE;PUBLIC;Enseignement primaire;80 RUE BOILEAU 75016 PARIS;75016;PARIS;75;Île-de-France;11;12;12;20 à 49 salariés;49;O;PME;1;1900-01-01;126.4996577686516;48.841395203;2.2617121617;True;9220;[];"[""0750285C""]";85.20Z;2026-06-15T15:56:39.917074;80;CHAUDE;24500;4900
78420268100010;784202681;OGEC SAINT SAUVEUR;;;85.20Z;PUB_ECOLE;PUBLIC;Enseignement primaire;ANNEXE 14 R PETITS CARREAU 22 RUE SAINT-SAUVEUR 75002 PARIS;75002;PARIS;75;Île-de-France;11;12;12;20 à 49 salariés;49;O;PME;1;1900-01-01;126.4996577686516;48.866193679;2.3480549121;True;9220;[];"[""0750136R""]";85.20Z;2026-06-15T15:56:40.262582;80;CHAUDE;24500;4900
78422658100014;784226581;ORGANISME GESTION ETABLISSEMENT CATHOLIQUE ENSEIGNEMENT STE GENEVIEVE;;;85.20Z;PUB_ECOLE;PUBLIC;Enseignement primaire;9 RUE DU FOIN 75003 PARIS;75003;PARIS;75;Île-de-France;11;12;12;20 à 49 salariés;49;O;PME;1;1900-01-01;126.4996577686516;48.856866541;2.3647927796;True;9220;[];"[""0750138T""]";85.20Z;2026-06-15T15:56:40.262582;80;CHAUDE;24500;4900
78428092700012;784280927;ORGANISME GESTION ECOLE CATHOLIQ BOSSUET (OGEC);;OGEC;85.20Z;PUB_ECOLE;PUBLIC;Enseignement primaire;51 RUE MADAME 75006 PARIS;75006;PARIS;75;Île-de-France;11;12;12;20 à 49 salariés;49;O;PME;1;1994-01-01;32.50102669404517;48.84805683;2.3319001363;True;9220;[];"[""0750164W""]";85.20Z;2026-06-15T15:56:40.262582;80;CHAUDE;24500;4900
38138124300025;381381243;IGOUD H'AREDI;;;85.20Z;PUB_ECOLE;PUBLIC;Enseignement primaire;35 RUE MIGUEL HIDALGO 75019 PARIS;75019;PARIS;75;Île-de-France;11;21;21;50 à 99 salariés;99;O;PME;2;2003-01-05;23.49075975359343;48.881908078;2.3914137421;True;9220;[];"[""0754986M""]";85.20Z;2026-06-15T15:56:38.209772;80;CHAUDE;49500;9900
13002308800011;130023088;ETABLISSEMENT PUBLIC DU MUSEE NATIONAL JEAN JACQUES HENNER ET DU MUSEE NATIONAL GUSTAVE MOREAU;;;91.02Z;PUB_MUSEE;PUBLIC;Gestion des musées;14 RUE DE CLICHY 75009 PARIS;75009;PARIS;75;Île-de-France;11;21;21;50 à 99 salariés;99;O;PME;3;2017-03-01;9.338809034907598;48.878177675;2.3301903348;True;7389;[];[];91.02Z;2026-06-15T16:09:18.133451;80;CHAUDE;64350;12870
55206781100018;552067811;MUSEE GREVIN;;;91.02Z;PUB_MUSEE;PUBLIC;Gestion des musées;10 BOULEVARD MONTMARTRE 75009 PARIS;75009;PARIS;75;Île-de-France;11;21;21;50 à 99 salariés;99;O;GE;4;1955-01-01;71.50171115674196;48.871816938;2.3420785823;True;5599;[];[];91.02Z;2026-06-15T16:09:18.133997;80;CHAUDE;64350;12870
55206781100034;552067811;MUSEE GREVIN;CAFE GREVIN;;91.02Z;PUB_MUSEE;PUBLIC;Gestion des musées;8 BOULEVARD MONTMARTRE 75009 PARIS;75009;PARIS;75;Île-de-France;11;22;22;100 à 199 salariés;199;N;GE;4;2007-11-20;18.61738535249829;48.871797086;2.3422301627;False;5599;[];[];91.02Z;2026-06-15T16:09:18.133997;80;CHAUDE;129350;25870
16000017000037;160000170;CENTRE DE RECHERCHE ET DE RESTAURATION DES MUSEES DE FRANCE (C2RMF);;C2RMF;91.02Z;PUB_MUSEE;PUBLIC;Gestion des musées;PALAIS DU LOUVRE-PORTE DES LIONS 14 QUAI FRANCOIS MITTERRAND 75001 PARIS;75001;PARIS;75;Île-de-France;11;22;22;100 à 199 salariés;199;O;PME;3;1999-01-01;27.50171115674196;48.860685126;2.3317076644;True;7160;[];[];91.02Z;2026-06-15T16:09:18.134551;80;CHAUDE;129350;25870
34843510800017;348435108;MUSEE D ART ET D HISTOIRE DU JUDAISME;;;91.02Z;PUB_MUSEE;PUBLIC;Gestion des musées;HOTEL ST AIGNAN 71 RUE DU TEMPLE 75003 PARIS;75003;PARIS;75;Île-de-France;11;21;21;50 à 99 salariés;99;O;PME;1;1988-03-13;38.30527036276523;48.861373724;2.3552592779;True;9220;[];[];91.02Z;2026-06-15T16:09:21.861331;80;CHAUDE;64350;12870
16002206700278;160022067;DIRECTION NATIONALE D'ENQUETES FISCALES (DNEF);SERVICE DE LA DIRECTION ROMAINVILLE;DNEF;84.11Z;PUB_MAIRIE;PUBLIC;Administration publique générale;56 AVENUE DE METZ 93230 ROMAINVILLE;93230;ROMAINVILLE;93;Île-de-France;11;32;32;250 à 499 salariés;499;N;ETI;40;2025-02-05;1.404517453798768;48.8963227087213;2.43146005668209;True;7160;[];[];84.11Z;2026-06-15T15:56:04.039427;80;CHAUDE;274450;54890
16002301600282;160023016;DIRECTION NATIONALE DU RENSEIGNEMENT ET DES ENQUETES DOUANIERES (DNRED);;DNRED;84.11Z;PUB_MAIRIE;PUBLIC;Administration publique générale;2 MAIL MONIQUE MAUNOURY 94200 IVRY-SUR-SEINE;94200;IVRY-SUR-SEINE;94;Île-de-France;11;32;32;250 à 499 salariés;499;O;ETI;36;2012-11-01;13.66735112936345;48.815088285;2.3695718929;True;7160;[];[];84.11Z;2026-06-15T15:56:04.039427;80;CHAUDE;274450;54890
13003118000016;130031180;CENTRE MINISTERIEL DE GESTION DES PERSONNELS (CMGP);;CMGP;84.11Z;PUB_MAIRIE;PUBLIC;Administration publique générale;LA GRANDE ARCHE PAROI SUD 92800 PUTEAUX;92800;PUTEAUX;92;Île-de-France;11;22;22;100 à 199 salariés;199;N;PME;23;2023-06-17;3.0444900752908968;48.8925419706603;2.23614697243302;True;7160;[];[];84.11Z;2026-06-15T15:56:04.039427;80;CHAUDE;109450;21890
78461705200013;784617052;OGEC SAINT-CHRISTOPHE;ECOLE SAINT CHRISTOPHE;;85.20Z;PUB_ECOLE;PUBLIC;Enseignement primaire;82 RUE DE L'ABBE GROULT 75015 PARIS;75015;PARIS;75;Île-de-France;11;12;12;20 à 49 salariés;49;O;PME;2;1900-01-01;126.4996577686516;48.838575158;2.297957859;True;9220;[];"[""0750263D""]";85.20Z;2026-06-15T15:56:38.700201;80;CHAUDE;24500;4900
78466221500010;784662215;OGEC ECOLE SAINT FRANCOIS;;;85.20Z;PUB_ECOLE;PUBLIC;Enseignement primaire;O G E C 20 AVENUE BUGEAUD 75016 PARIS;75016;PARIS;75;Île-de-France;11;12;12;20 à 49 salariés;49;O;PME;1;1900-01-01;126.4996577686516;48.87055934;2.2824949787;True;9220;[];"[""0750287E""]";85.20Z;2026-06-15T15:56:38.701336;80;CHAUDE;24500;4900
21940041300098;219400413;COMMUNE D IVRY SUR SEINE;ECOL PRIM PAUL LANGEVIN B;;85.20Z;PUB_ECOLE;PUBLIC;Enseignement primaire;218 RUE MARCEL HARTMANN 94200 IVRY-SUR-SEINE;94200;IVRY-SUR-SEINE;94;Île-de-France;11;51;51;2000 à 4999 salariés;4999;N;ETI;62;1983-12-21;42.53251197809719;48.805697251;2.3870738207;False;7210;[];[];84.11Z;2026-06-15T15:56:30.568676;80;CHAUDE;2499500;499900
78471358800019;784713588;OGEC BLANCHE DE CASTILLE;;;85.20Z;PUB_ECOLE;PUBLIC;Enseignement primaire;8 T RUE ROGER BACON 75017 PARIS;75017;PARIS;75;Île-de-France;11;12;12;20 à 49 salariés;49;O;PME;1;1900-01-01;126.4996577686516;48.882417817;2.2894810362;True;9220;[];"[""0750321S""]";85.20Z;2026-06-15T15:56:38.701336;80;CHAUDE;24500;4900
85124618100024;851246181;LE COURS DU ROCHER;;;85.20Z;PUB_ECOLE;PUBLIC;Enseignement primaire;230 RUE DU FAUBOURG SAINT-HONORE 75008 PARIS;75008;PARIS;75;Île-de-France;11;12;12;20 à 49 salariés;49;N;PME;2;2020-02-03;6.412046543463381;48.876044062;2.303026586;True;5710;[];[];85.20Z;2026-06-15T15:56:38.701336;80;CHAUDE;24500;4900
77565721600013;775657216;ORGANISME DE GESTION DE L'ETABLISSEMENT CATHOLIQUE D'ENSEIGNEMENT PRIVE DE L'ECOLE NOTRE DAME SAINT ROCH (OGEC SAINT ROCH);;OGEC SAINT ROCH;85.20Z;PUB_ECOLE;PUBLIC;Enseignement primaire;37 RUE SAINT-ROCH 75001 PARIS;75001;PARIS;75;Île-de-France;11;12;12;20 à 49 salariés;49;O;PME;1;1900-01-01;126.4996577686516;48.866201859;2.3327312569;True;9220;[];[];85.20Z;2026-06-15T15:56:38.701336;80;CHAUDE;24500;4900
32585849600012;325858496;OGEC SAINT-VICTOR (OGEC SAINT-VICTOR);;OGEC SAINT-VICTOR;85.20Z;PUB_ECOLE;PUBLIC;Enseignement primaire;37 RUE JUSSIEU 75005 PARIS;75005;PARIS;75;Île-de-France;11;12;12;20 à 49 salariés;49;O;PME;1;1982-09-01;43.83572895277207;48.846643434;2.3531659953;True;9220;[];"[""0750153J""]";85.20Z;2026-06-15T15:56:39.403995;80;CHAUDE;24500;4900
13001249500177;130012495;DIRECTION REGIONALE FINANCES PUBLIQUES ILE DE FRANCE ET DEPARTEMENT PARIS (DRFIP);SERVICE IMPOTS PARTICULIERS PARIS 12E;DRFIP;84.11Z;PUB_MAIRIE;PUBLIC;Administration publique générale;27 B RUE DES MEUNIERS 75012 PARIS;75012;PARIS;75;Île-de-France;11;21;21;50 à 99 salariés;99;N;ETI;286;2010-09-01;15.835728952772074;48.833887686;2.3980321353;False;7171;[];[];84.11Z;2026-06-15T15:56:04.039427;80;CHAUDE;54450;10890
21750001600050;217500016;VILLE DE PARIS;ECOLE ELEMENTAIRE;;85.20Z;PUB_ECOLE;PUBLIC;Enseignement primaire;188 RUE D'ALESIA 75014 PARIS;75014;PARIS;75;Île-de-France;11;12;12;20 à 49 salariés;49;O;GE;3027;1983-12-21;42.53251197809719;48.832482684;2.3123346032;False;7229;[];"[""0752778M""]";84.11Z;2026-06-15T15:56:04.038424;80;CHAUDE;24500;4900
21750001600068;217500016;VILLE DE PARIS;ECOLE MATERNELLE;;85.10Z;PUB_ECOLE;PUBLIC;Enseignement pré-primaire;190 RUE D'ALESIA 75014 PARIS;75014;PARIS;75;Île-de-France;11;12;12;20 à 49 salariés;49;O;GE;3027;1983-12-21;42.53251197809719;48.83261766;2.3125031114;False;7229;[];"[""0752777L""]";84.11Z;2026-06-15T15:56:04.038424;80;CHAUDE;24500;4900
21950018800012;219500188;COMMUNE D ARGENTEUIL;MAIRIE;;84.11Z;PUB_MAIRIE;PUBLIC;Administration publique générale;NUMEROS VOIE 12 ET 14 12 BOULEVARD LEON FEIX 95100 ARGENTEUIL;95100;ARGENTEUIL;95;Île-de-France;11;51;51;2000 à 4999 salariés;4999;O;ETI;94;1983-08-10;42.89664613278576;48.947567732;2.2488816763;True;7210;[];[];84.11Z;2026-06-15T15:56:33.027987;80;CHAUDE;2749450;549890
13001285900042;130012859;DIRECTION DEPARTEMENTALE FINANCES PUBLIQUES VAL D'OISE (DDFIP);SERVICE IMPOTS PARTICULIERS ARGENTEUIL;DDFIP;84.11Z;PUB_MAIRIE;PUBLIC;Administration publique générale;36 AVENUE DE VERDUN 95100 ARGENTEUIL;95100;ARGENTEUIL;95;Île-de-France;11;42;42;1000 à 1999 salariés;1999;N;ETI;111;2010-11-01;15.668720054757015;48.949521061;2.2452145838;False;7172;[];[];84.11Z;2026-06-15T15:56:33.028986;80;CHAUDE;1099450;219890
21950063400395;219500634;COMMUNE DE BEZONS;MAIRIE;;84.11Z;PUB_MAIRIE;PUBLIC;Administration publique générale;HOTEL DE VILLE 6 AVENUE GABRIEL PERI 95870 BEZONS;95870;BEZONS;95;Île-de-France;11;41;41;500 à 999 salariés;999;O;ETI;33;2019-01-01;7.501711156741957;48.9277516939826;2.2159200116644;True;7210;[];[];84.11Z;2026-06-15T15:56:33.028986;80;CHAUDE;549450;109890
17950001200069;179500012;PREFECTURE DE DEPARTEMENT VAL-D'OISE;SOUS-PREFECTURE D'ARGENTEUIL;;84.11Z;PUB_MAIRIE;PUBLIC;Administration publique générale;2 RUE ALFRED LABRIERE 95100 ARGENTEUIL;95100;ARGENTEUIL;95;Île-de-France;11;21;21;50 à 99 salariés;99;N;ETI;7;1964-07-10;61.97946611909651;48.944436615256;2.25674853666783;False;7172;[];[];84.11Z;2026-06-15T15:56:35.015928;80;CHAUDE;54450;10890
81916276900023;819162769;DOUCES MATERNELLES;;;85.10Z;PUB_ECOLE;PUBLIC;Enseignement pré-primaire;21 RUE DU PETIT MUSC 75004 PARIS;75004;PARIS;75;Île-de-France;11;12;12;20 à 49 salariés;49;O;PME;21;2016-07-13;9.971252566735114;48.852625941;2.3640688898;True;5710;[];"[""0755852D""]";85.10Z;2026-06-15T15:56:36.830996;80;CHAUDE;24500;4900
81916276900189;819162769;DOUCES MATERNELLES;EVEREST;;85.10Z;PUB_ECOLE;PUBLIC;Enseignement pré-primaire;20 RUE HENRI MARTIN 92100 BOULOGNE-BILLANCOURT;92100;BOULOGNE-BILLANCOURT;92;Île-de-France;11;21;21;50 à 99 salariés;99;O;PME;21;2024-09-01;1.834360027378508;48.8377623322569;2.25159127123739;False;5710;[];[];85.10Z;2026-06-15T15:56:37.166288;80;CHAUDE;49500;9900
88011727000038;880117270;PENRITH;;;85.20Z;PUB_ECOLE;PUBLIC;Enseignement primaire;53 RUE ERLANGER 75016 PARIS;75016;PARIS;75;Île-de-France;11;12;12;20 à 49 salariés;49;O;PME;6;2023-12-05;2.5763175906913074;48.844539133;2.2600959668;False;5710;[];[];85.20Z;2026-06-15T15:56:37.591683;80;CHAUDE;24500;4900
88011727000046;880117270;PENRITH;;;85.20Z;PUB_ECOLE;PUBLIC;Enseignement primaire;23 AVENUE GEORGE V 75008 PARIS;75008;PARIS;75;Île-de-France;11;12;12;20 à 49 salariés;49;O;PME;6;2023-12-05;2.5763175906913074;48.867533473;2.3009428012;False;5710;[];[];85.20Z;2026-06-15T15:56:37.591683;80;CHAUDE;24500;4900
88011727000053;880117270;PENRITH;;;85.20Z;PUB_ECOLE;PUBLIC;Enseignement primaire;65 QUAI D'ORSAY 75007 PARIS;75007;PARIS;75;Île-de-France;11;12;12;20 à 49 salariés;49;O;PME;6;2023-12-05;2.5763175906913074;48.862276165;2.3064644661;False;5710;[];[];85.20Z;2026-06-15T15:56:37.591683;80;CHAUDE;24500;4900
52141137100045;521411371;ECOLE GALILEE;;;85.20Z;PUB_ECOLE;PUBLIC;Enseignement primaire;71 RUE CHARDON-LAGACHE 75016 PARIS;75016;PARIS;75;Île-de-France;11;12;12;20 à 49 salariés;49;O;PME;4;2018-07-27;7.934291581108829;48.841883022;2.2642520122;True;5710;[];"[""0755949J""]";85.20Z;2026-06-15T15:56:37.592682;80;CHAUDE;24500;4900
13003118000123;130031180;CENTRE MINISTERIEL DE GESTION DES PERSONNELS (CMGP);CRGP ILE DE FRANCE;CMGP;84.11Z;PUB_MAIRIE;PUBLIC;Administration publique générale;SITE DU PONANT 2 27 RUE LEBLANC 75015 PARIS;75015;PARIS;75;Île-de-France;11;12;12;20 à 49 salariés;49;N;PME;23;2023-06-17;3.0444900752908968;48.839933641;2.2741018498;False;7160;[];[];84.11Z;2026-06-15T15:56:04.039427;80;CHAUDE;26950;5390
53085692100032;530856921;MUSEA;;;91.02Z;PUB_MUSEE;PUBLIC;Gestion des musées;2 RUE DU CAPITAINE SCOTT 75015 PARIS;75015;PARIS;75;Île-de-France;11;32;32;250 à 499 salariés;499;N;GE;3;2024-05-01;2.1711156741957565;48.8542610585462;2.29445482567512;True;5710;[];[];91.02Z;2026-06-15T16:09:22.681117;80;CHAUDE;324350;64870
13001217200016;130012172;MUSEE NATIONAL PICASSO PARIS;;;91.02Z;PUB_MUSEE;PUBLIC;Gestion des musées;HOTEL SALE 5 RUE DE THORIGNY 75003 PARIS;75003;PARIS;75;Île-de-France;11;21;21;50 à 99 salariés;99;O;PME;1;2010-06-18;16.041067761806982;48.859699846;2.36264407;True;7389;[];[];91.02Z;2026-06-15T16:09:22.681117;80;CHAUDE;64350;12870
12002001101155;120020011;DIRECTION DES RESSOURCES HUMAINES DES MINISTERES ECONOMIQUES ET FINANCIERS (SG/DRH);;SG/DRH;84.11Z;PUB_MAIRIE;PUBLIC;Administration publique générale;139 RUE DE BERCY 75012 PARIS;75012;PARIS;75;Île-de-France;11;41;41;500 à 999 salariés;999;N;ETI;295;1989-04-01;37.2539356605065;48.840945686;2.3780054136;True;7120;[];[];84.11Z;2026-06-15T15:56:04.038424;80;CHAUDE;549450;109890
12002001101361;120020011;DIRECTION DES RESSOURCES HUMAINES DES MINISTERES ECONOMIQUES ET FINANCIERS (SG/DRH);ANNEXE DES PONDS VERTS;SG/DRH;84.11Z;PUB_MAIRIE;PUBLIC;Administration publique générale;10 RUE DES FONDS VERTS 75012 PARIS;75012;PARIS;75;Île-de-France;11;42;42;1000 à 1999 salariés;1999;N;ETI;295;1990-08-21;35.865845311430526;48.836978028;2.3908800209;False;7120;[];[];84.11Z;2026-06-15T15:56:04.038424;80;CHAUDE;1099450;219890
12002001101379;120020011;DIRECTION DES RESSOURCES HUMAINES DES MINISTERES ECONOMIQUES ET FINANCIERS (SG/DRH);ANNEXE DIDEROT;SG/DRH;84.11Z;PUB_MAIRIE;PUBLIC;Administration publique générale;2 BOULEVARD DIDEROT 75012 PARIS;75012;PARIS;75;Île-de-France;11;42;42;1000 à 1999 salariés;1999;N;ETI;295;1990-08-07;35.90417522245038;48.845082232;2.3689607981;False;7120;[];[];84.11Z;2026-06-15T15:56:04.038424;80;CHAUDE;1099450;219890
12002001101478;120020011;DIRECTION DES RESSOURCES HUMAINES DES MINISTERES ECONOMIQUES ET FINANCIERS (SG/DRH);ANNEXE CHAMPS ELYSEES;SG/DRH;84.11Z;PUB_MAIRIE;PUBLIC;Administration publique générale;9 PORT DES CHAMPS ELYSEES 75008 PARIS;75008;PARIS;75;Île-de-France;11;12;12;20 à 49 salariés;49;N;ETI;295;1991-03-20;35.28815879534565;48.864229274;2.3119316346;False;7120;[];[];84.11Z;2026-06-15T15:56:04.038424;80;CHAUDE;26950;5390
21940016500011;219400165;COMMUNE DE CACHAN;MAIRIE;;84.11Z;PUB_MAIRIE;PUBLIC;Administration publique générale;SQ DE LA LIBERATION 94230 CACHAN;94230;CACHAN;94;Île-de-France;11;41;41;500 à 999 salariés;999;O;ETI;27;1983-03-01;43.34017796030116;48.794567022;2.334028169;True;7210;[];[];84.11Z;2026-06-15T15:56:31.870390;80;CHAUDE;549450;109890
21940003300284;219400033;COMMUNE D ARCUEIL;MAIRIE;;84.11Z;PUB_MAIRIE;PUBLIC;Administration publique générale;42 RUE CAUCHY 94110 ARCUEIL;94110;ARCUEIL;94;Île-de-France;11;41;41;500 à 999 salariés;999;N;ETI;26;2025-10-23;0.6926762491444216;48.8042611503682;2.33463456562866;True;7210;[];[];84.11Z;2026-06-15T15:56:31.871390;80;CHAUDE;549450;109890
21940003300086;219400033;COMMUNE D ARCUEIL;ECOLE PRIMAIRE PUBLIQUE F JOLIOT CURIE B;;85.20Z;PUB_ECOLE;PUBLIC;Enseignement primaire;8 PL MARCEL CACHIN 94110 ARCUEIL;94110;ARCUEIL;94;Île-de-France;11;41;41;500 à 999 salariés;999;N;ETI;26;1983-12-21;42.53251197809719;48.812706732;2.3329606532;False;7210;[];[];84.11Z;2026-06-15T15:56:31.871390;80;CHAUDE;499500;99900
21940067800013;219400678;COMMUNE DE SAINT-MANDE;MAIRIE;;84.11Z;PUB_MAIRIE;PUBLIC;Administration publique générale;10 PLACE CHARLES DIGEON 94160 SAINT-MANDE;94160;SAINT-MANDE;94;Île-de-France;11;32;32;250 à 499 salariés;499;O;ETI;17;1983-03-01;43.34017796030116;48.843260864;2.4190673554;True;7210;[];[];84.11Z;2026-06-15T15:56:31.873394;80;CHAUDE;274450;54890
21940043900010;219400439;COMMUNE LE KREMLIN BICETRE;MAIRIE;;84.11Z;PUB_MAIRIE;PUBLIC;Administration publique générale;PLACE JEAN JAURES 94270 KREMLIN BICETRE;94270;KREMLIN BICETRE;94;Île-de-France;11;41;41;500 à 999 salariés;999;O;ETI;20;1983-03-01;43.34017796030116;48.812159826;2.3568615521;True;7210;[];[];84.11Z;2026-06-15T15:56:31.873394;80;CHAUDE;549450;109890
13002517400017;130025174;OFFICE NATIONAL ANTI-FRAUDE (ONAF);;ONAF;84.11Z;PUB_MAIRIE;PUBLIC;Administration publique générale;2 MAIL MONIQUE MAUNOURY 94200 IVRY-SUR-SEINE;94200;IVRY-SUR-SEINE;94;Île-de-France;11;22;22;100 à 199 salariés;199;N;PME;1;2002-12-05;23.575633127994525;48.815088285;2.3695718929;True;7160;[];[];84.11Z;2026-06-15T15:56:32.458620;80;CHAUDE;109450;21890
23750007900312;237500079;REGION ILE DE FRANCE;;;84.11Z;PUB_MAIRIE;PUBLIC;Administration publique générale;2 RUE SIMONE VEIL 93400 SAINT-OUEN-SUR-SEINE;93400;SAINT-OUEN-SUR-SEINE;93;Île-de-France;11;53;53;10000 salariés et plus;10000;O;GE;32;2018-01-29;8.424366872005475;48.9124218170367;2.33143721227488;True;7230;[];[];84.11Z;2026-06-15T15:56:04.039427;80;CHAUDE;5500000;1100000
12002001101528;120020011;DIRECTION DES RESSOURCES HUMAINES DES MINISTERES ECONOMIQUES ET FINANCIERS (SG/DRH);ANNEXE LOUISE WEISS;SG/DRH;84.11Z;PUB_MAIRIE;PUBLIC;Administration publique générale;NUMEROS 36-48 36 RUE LOUISE WEISS 75013 PARIS;75013;PARIS;75;Île-de-France;11;42;42;1000 à 1999 salariés;1999;N;ETI;295;1992-04-01;34.25325119780972;48.83449097;2.3696940353;False;7120;[];[];84.11Z;2026-06-15T15:56:04.038424;80;CHAUDE;1099450;219890
12002001102146;120020011;DIRECTION DES RESSOURCES HUMAINES DES MINISTERES ECONOMIQUES ET FINANCIERS (SG/DRH);MEDIATEUR SCE UNIVERSEL POSTAL MEDIASUP;SG/DRH;84.11Z;PUB_MAIRIE;PUBLIC;Administration publique générale;TOUR GAMMA A 193 RUE DE BERCY 75012 PARIS;75012;PARIS;75;Île-de-France;11;42;42;1000 à 1999 salariés;1999;N;ETI;295;2001-12-28;24.511978097193705;48.843572077;2.3719781394;False;7120;[];[];84.11Z;2026-06-15T15:56:04.038424;80;CHAUDE;1099450;219890
12002001102153;120020011;DIRECTION DES RESSOURCES HUMAINES DES MINISTERES ECONOMIQUES ET FINANCIERS (SG/DRH);6EME SOUS-DIRECTION : LOGISTIQUE;SG/DRH;84.11Z;PUB_MAIRIE;PUBLIC;Administration publique générale;139 RUE DE BERCY 75012 PARIS;75012;PARIS;75;Île-de-France;11;42;42;1000 à 1999 salariés;1999;O;ETI;295;2003-12-25;22.521560574948666;48.840945686;2.3780054136;False;7120;[];[];84.11Z;2026-06-15T15:56:04.038424;80;CHAUDE;1099450;219890
12002001102161;120020011;DIRECTION DES RESSOURCES HUMAINES DES MINISTERES ECONOMIQUES ET FINANCIERS (SG/DRH);7EME SOUS-DIRECTION : IMMOBILIER;SG/DRH;84.11Z;PUB_MAIRIE;PUBLIC;Administration publique générale;5 PLACE DES VINS DE FRANCE 75012 PARIS;75012;PARIS;75;Île-de-France;11;42;42;1000 à 1999 salariés;1999;O;ETI;295;2003-12-25;22.521560574948666;48.831894865;2.38757908;False;7120;[];[];84.11Z;2026-06-15T15:56:04.038424;80;CHAUDE;1099450;219890
13001249500094;130012495;DIRECTION REGIONALE FINANCES PUBLIQUES ILE DE FRANCE ET DEPARTEMENT PARIS (DRFIP);POLE DE RECOUVREMENT SPECIALISE DE PARIS NORD-EST;DRFIP;84.11Z;PUB_MAIRIE;PUBLIC;Administration publique générale;5 RUE DE LONDRES 75009 PARIS;75009;PARIS;75;Île-de-France;11;12;12;20 à 49 salariés;49;N;ETI;286;2010-09-01;15.835728952772074;48.876561552;2.330332194;False;7171;[];[];84.11Z;2026-06-15T15:56:04.038424;80;CHAUDE;26950;5390
81147899900014;811478999;AMELOT DISTRIBUTION;CARREFOUR;;47.11D;PRIV_COMMERCE;PRIVE;Centres commerciaux;88-94 88 RUE AMELOT 75011 PARIS;75011;PARIS;75;Île-de-France;11;21;21;50 à 99 salariés;99;O;PME;1;2015-05-12;11.143052703627651;48.861644538;2.368043355;True;5710;[];[];47.11D;2026-06-15T18:17:55.501397;75;CHAUDE;49500;9900
84300538000020;843005380;DISTRICI;CARREFOUR MARKET;;47.11D;PRIV_COMMERCE;PRIVE;Centres commerciaux;7 PLACE FRANCOISE DORIN 75017 PARIS;75017;PARIS;75;Île-de-France;11;21;21;50 à 99 salariés;99;O;PME;2;2018-11-05;7.657768651608487;48.888902632;2.3142199648;True;5710;[];[];47.11D;2026-06-15T18:17:54.938772;75;CHAUDE;49500;9900
41342651100015;413426511;COURTANO;;;47.11D;PRIV_COMMERCE;PRIVE;Centres commerciaux;34 BOULEVARD ORNANO 75018 PARIS;75018;PARIS;75;Île-de-France;11;21;21;50 à 99 salariés;99;O;PME;1;1997-07-28;28.930869267624917;48.893761275;2.3481202538;True;5599;[];[];47.11D;2026-06-15T18:17:53.969318;75;CHAUDE;49500;9900
21940079300085;219400793;COMMUNE DE VILLIERS SUR MARNE;ECOLE MATERNELLE FREDERIC MISTRAL;;85.10Z;PUB_ECOLE;PUBLIC;Enseignement pré-primaire;PL FREDERIC MISTRAL 94350 VILLIERS SUR MARNE;94350;VILLIERS SUR MARNE;94;Île-de-France;11;42;42;1000 à 1999 salariés;1999;N;ETI;28;1983-12-21;42.53251197809719;48.83363591;2.5414230119;False;7210;[];[];84.11Z;2026-06-15T15:56:30.570675;75;CHAUDE;999500;199900
21940079300010;219400793;COMMUNE DE VILLIERS SUR MARNE;MAIRIE;;84.11Z;PUB_MAIRIE;PUBLIC;Administration publique générale;PLACE DE L’HOTEL DE VILLE 94350 VILLIERS-SUR-MARNE;94350;VILLIERS-SUR-MARNE;94;Île-de-France;11;41;41;500 à 999 salariés;999;O;ETI;28;1983-03-01;43.34017796030116;48.826085199;2.5407266447;True;7210;[];[];84.11Z;2026-06-15T15:56:30.570675;75;CHAUDE;549450;109890
21940002500116;219400025;COMMUNE D ALFORTVILLE;ECOL MATE VICTOR HUGO NO 2;;85.10Z;PUB_ECOLE;PUBLIC;Enseignement pré-primaire;39 RUE DES ECOLES 94140 ALFORTVILLE;94140;ALFORTVILLE;94;Île-de-France;11;41;41;500 à 999 salariés;999;N;ETI;29;1983-12-21;42.53251197809719;48.804469628;2.4174799495;False;7210;[];[];84.11Z;2026-06-15T15:56:30.570675;75;CHAUDE;499500;99900
21940002500074;219400025;COMMUNE D ALFORTVILLE;EC PRIMAIRE PUBLIQUE GPE HENRI-BARBUSSE;;85.20Z;PUB_ECOLE;PUBLIC;Enseignement primaire;31 RUE PAUL VAILLANT COUTURIER 94140 ALFORTVILLE;94140;ALFORTVILLE;94;Île-de-France;11;41;41;500 à 999 salariés;999;N;ETI;29;1983-12-21;42.53251197809719;48.813312718;2.4161317264;False;7210;[];[];84.11Z;2026-06-15T15:56:30.570675;75;CHAUDE;499500;99900
21940002500041;219400025;COMMUNE D ALFORTVILLE;ECOL PRIM SIMONNE FRANCESCHI;;85.20Z;PUB_ECOLE;PUBLIC;Enseignement primaire;4 RUE DE BORDEAUX 94140 ALFORTVILLE;94140;ALFORTVILLE;94;Île-de-France;11;41;41;500 à 999 salariés;999;N;ETI;29;1983-12-21;42.53251197809719;48.7877203539383;2.42842267531084;False;7210;[];"[""0942616H""]";84.11Z;2026-06-15T15:56:30.570675;75;CHAUDE;499500;99900
21940002500017;219400025;COMMUNE D ALFORTVILLE;MAIRIE;;84.11Z;PUB_MAIRIE;PUBLIC;Administration publique générale;PLACE FRANCOIS MITTERRAND 94140 ALFORTVILLE;94140;ALFORTVILLE;94;Île-de-France;11;41;41;500 à 999 salariés;999;O;ETI;29;1983-03-01;43.34017796030116;48.805255325;2.4201421871;True;7210;"[""940002579"", ""940025927""]";[];84.11Z;2026-06-15T15:56:30.570675;75;CHAUDE;549450;109890
48000051200016;480000512;ETABLISSEMENTS CUNY;;;47.11E;PRIV_COMMERCE;PRIVE;Commerce / centres commerciaux;69 AU 71 69 RUE SAINT-ANTOINE 75004 PARIS;75004;PARIS;75;Île-de-France;11;22;22;100 à 199 salariés;199;O;ETI;3;2004-12-16;21.544147843942504;48.854258532;2.3634424883;True;5710;[];[];47.11D;2026-06-15T18:17:51.276315;75;CHAUDE;99500;19900
41040901502275;410409015;AUCHAN SUPERMARCHE;AUCHAN SUPERMARCHE;;47.11D;PRIV_COMMERCE;PRIVE;Centres commerciaux;7-9 7 BOULEVARD DES BATIGNOLLES 75008 PARIS;75008;PARIS;75;Île-de-France;11;21;21;50 à 99 salariés;99;O;GE;415;1998-11-02;27.66598220396988;48.883014167;2.3262572017;False;5710;[];[];47.11D;2026-06-15T18:17:51.275314;75;CHAUDE;49500;9900
80986904300012;809869043;AMAZON FRANCE SERVICES SAS;;;82.11Z;PRIV_BUREAU;PRIVE;Services administratifs combinés;67 BOULEVARD DU GENERAL LECLERC 92110 CLICHY;92110;CLICHY;92;Île-de-France;11;22;22;100 à 199 salariés;199;O;GE;2;2015-03-01;11.340177960301164;48.904206409;2.3113846535;True;5710;[];[];82.11Z;2026-06-15T16:47:40.794008;75;CHAUDE;119400;23880
79026228100021;790262281;EVIDEN INTERNATIONAL FRANCE;ATOS GROUP;;82.11Z;PRIV_BUREAU;PRIVE;Services administratifs combinés;TOUR AURORE 18 PLACE DES REFLETS 92400 COURBEVOIE;92400;COURBEVOIE;92;Île-de-France;11;22;22;100 à 199 salariés;199;O;GE;2;2025-12-01;0.5859000684462696;48.889974307063;2.2472422692232;False;5710;[];[];82.11Z;2026-06-15T16:47:36.530344;75;CHAUDE;119400;23880
79831205400041;798312054;GROUPE CIMES;;;82.11Z;PRIV_BUREAU;PRIVE;Services administratifs combinés;TOUR W 102 TERRASSE BOIELDIEU 92800 PUTEAUX;92800;PUTEAUX;92;Île-de-France;11;22;22;100 à 199 salariés;199;N;ETI;4;2026-01-01;0.5010266940451745;48.8893552458762;2.24106551018659;True;5710;[];[];82.11Z;2026-06-15T16:47:35.942770;75;CHAUDE;119400;23880
88013160200026;880131602;ABN AMRO ASSET BASED FINANCE N.V.;ABN AMRO COMMERCIAL FINANCE;;82.11Z;PRIV_BUREAU;PRIVE;Services administratifs combinés;39 RUE ANATOLE FRANCE 92300 LEVALLOIS-PERRET;92300;LEVALLOIS-PERRET;92;Île-de-France;11;21;21;50 à 99 salariés;99;O;ETI;2;2019-12-23;6.52703627652293;48.8897928117167;2.28663948202101;False;3120;[];[];82.11Z;2026-06-15T16:47:35.637546;75;CHAUDE;59400;11880
83840129700034;838401297;HSBC GLOBAL SERVICES (UK) LIMITED;;;82.11Z;PRIV_BUREAU;PRIVE;Services administratifs combinés;IMMEUBLE CŒUR DEFENSE - BATIMENT 4 110 ESPLANADE DU GENERAL DE GAULLE 92400 COURBEVOIE;92400;COURBEVOIE;92;Île-de-France;11;21;21;50 à 99 salariés;99;N;GE;3;2018-04-26;8.186173853524982;48.8908586535135;2.24343714414519;False;3120;[];[];82.11Z;2026-06-15T16:47:35.637546;75;CHAUDE;59400;11880
44031667700051;440316677;SAINT-GOBAIN SERVICES FINANCE FRANCE;;;82.11Z;PRIV_BUREAU;PRIVE;Services administratifs combinés;12 PLACE DE L'IRIS 92400 COURBEVOIE;92400;COURBEVOIE;92;Île-de-France;11;22;22;100 à 199 salariés;199;N;GE;7;2020-03-20;6.286105407255304;48.8897221845633;2.24934192597424;True;5710;[];[];82.11Z;2026-06-15T16:47:35.636547;75;CHAUDE;119400;23880
89097791100076;890977911;S2EF;;;82.11Z;PRIV_BUREAU;PRIVE;Services administratifs combinés;150 BOULEVARD VICTOR HUGO 93400 SAINT-OUEN-SUR-SEINE;93400;SAINT-OUEN-SUR-SEINE;93;Île-de-France;11;21;21;50 à 99 salariés;99;N;GE;7;2025-07-01;1.0047912388774811;48.9046451679596;2.32146679363701;True;5710;[];[];82.11Z;2026-06-15T16:47:35.027883;75;CHAUDE;59400;11880
16002205900051;160022059;DIRECTION NATIONALE D'INTERVENTIONS DOMANIALES (DNID);COMPTA ET SERV FACTURIER;DNID;84.11Z;PUB_MAIRIE;PUBLIC;Administration publique générale;LES ELLIPSES 3 AVENUE DU CHEMIN DE PRESLES 94410 SAINT-MAURICE;94410;SAINT-MAURICE;94;Île-de-France;11;32;32;250 à 499 salariés;499;N;ETI;35;1983-04-01;43.25530458590007;48.816548477;2.461961743;False;7160;[];[];84.11Z;2026-06-15T15:56:31.870390;75;CHAUDE;274450;54890
21940071000071;219400710;COMMUNE DE SUCY EN BRIE;ECOLE MATERNELLE PUBLIQUE LES MONROIS;;85.10Z;PUB_ECOLE;PUBLIC;Enseignement pré-primaire;ALLEE VAN GOGH 94370 SUCY-EN-BRIE;94370;SUCY-EN-BRIE;94;Île-de-France;11;41;41;500 à 999 salariés;999;N;ETI;26;1983-12-21;42.53251197809719;48.77447531;2.5278813935;False;7210;[];[];84.11Z;2026-06-15T15:56:31.870390;75;CHAUDE;499500;99900
21940071000014;219400710;COMMUNE DE SUCY EN BRIE;MAIRIE;;84.11Z;PUB_MAIRIE;PUBLIC;Administration publique générale;2 AVENUE GEORGES POMPIDOU 94370 SUCY-EN-BRIE;94370;SUCY-EN-BRIE;94;Île-de-France;11;41;41;500 à 999 salariés;999;O;ETI;26;1983-03-01;43.34017796030116;48.7709417;2.5237045228;True;7210;[];[];84.11Z;2026-06-15T15:56:31.870390;75;CHAUDE;549450;109890
21940038900017;219400389;COMMUNE DE L HAY LES ROSES;MAIRIE;;84.11Z;PUB_MAIRIE;PUBLIC;Administration publique générale;41 RUE JEAN JAURES 94240 L'HAY-LES-ROSES;94240;L'HAY-LES-ROSES;94;Île-de-France;11;41;41;500 à 999 salariés;999;O;ETI;32;1983-03-01;43.34017796030116;48.77904057;2.3384713966;True;7210;[];[];84.11Z;2026-06-15T15:56:31.870390;75;CHAUDE;549450;109890
21940022300018;219400223;COMMUNE DE CHOISY LE ROI;MAIRIE;;84.11Z;PUB_MAIRIE;PUBLIC;Administration publique générale;PL GABRIEL PERI 94600 CHOISY LE ROI;94600;CHOISY LE ROI;94;Île-de-France;11;42;42;1000 à 1999 salariés;1999;O;ETI;36;1983-03-01;43.34017796030116;48.762144315;2.409331998;True;7210;[];[];84.11Z;2026-06-15T15:56:31.870390;75;CHAUDE;1099450;219890
92145265200115;921452652;GIE ONE OP;;;82.11Z;PRIV_BUREAU;PRIVE;Services administratifs combinés;39 AVENUE DU ROULE 92200 NEUILLY-SUR-SEINE;92200;NEUILLY-SUR-SEINE;92;Île-de-France;11;21;21;50 à 99 salariés;99;O;PME;13;2025-04-24;1.1909650924024642;48.8819681688769;2.2790593407447;False;6220;[];[];82.11Z;2026-06-15T16:47:35.026882;75;CHAUDE;59400;11880
92145265200099;921452652;GIE ONE OP;;;82.11Z;PRIV_BUREAU;PRIVE;Services administratifs combinés;9 ESPLANADE DU GENERAL DE GAULLE 92800 PUTEAUX;92800;PUTEAUX;92;Île-de-France;11;21;21;50 à 99 salariés;99;O;PME;13;2022-10-13;3.7207392197125255;48.8901275068112;2.24301219615517;False;6220;[];[];82.11Z;2026-06-15T16:47:35.026882;75;CHAUDE;59400;11880
45114820900708;451148209;ADECCO GROUPE FRANCE;;;82.11Z;PRIV_BUREAU;PRIVE;Services administratifs combinés;90-102-COEUR DEFENSE   TOUR A 90 AV DU GEN DE GAULLE 92400 COURBEVOIE;92400;COURBEVOIE;92;Île-de-France;11;22;22;100 à 199 salariés;199;N;GE;77;2020-09-18;5.787816563997263;48.891018039;2.244181399;False;5710;[];[];82.11Z;2026-06-15T16:47:35.025883;75;CHAUDE;119400;23880
13000495500303;130004955;DIRECTION GENERALE DES FINANCES PUBLIQUES (DGFIP);PROJET CHORUS;DGFIP;84.11Z;PUB_MAIRIE;PUBLIC;Administration publique générale;BATIMENT NECKER 120 RUE DE BERCY 75012 PARIS;75012;PARIS;75;Île-de-France;11;12;12;20 à 49 salariés;49;N;ETI;83;2010-09-01;15.835728952772074;48.841015017;2.3788689689;False;7120;[];[];84.11Z;2026-06-15T15:56:04.039427;75;CHAUDE;26950;5390
13000495500089;130004955;DIRECTION GENERALE DES FINANCES PUBLIQUES (DGFIP);DELEGATION ILE DE FRANCE;DGFIP;84.11Z;PUB_MAIRIE;PUBLIC;Administration publique générale;9 PLACE SAINT-SULPICE 75006 PARIS;75006;PARIS;75;Île-de-France;11;11;11;10 à 19 salariés;19;N;ETI;83;2008-04-03;18.24777549623545;48.850021066;2.3334060162;False;7120;[];[];84.11Z;2026-06-15T15:56:04.039427;75;CHAUDE;10450;2090
91168827300018;911688273;C TROCA;;;82.11Z;PRIV_BUREAU;PRIVE;Services administratifs combinés;4 PL TROCADERO ET 11 NOVEMBRE 75016 PARIS 16;75016;PARIS 16;75;Île-de-France;11;21;21;50 à 99 salariés;99;O;PME;1;2022-03-18;4.292950034223135;48.863699146;2.2872131899;True;5710;[];[];82.11Z;2026-06-15T16:46:23.837568;75;CHAUDE;59400;11880
90856632600017;908566326;AUTODOC FRANCE;;;82.11Z;PRIV_BUREAU;PRIVE;Services administratifs combinés;16 RUE WASHINGTON 75008 PARIS;75008;PARIS;75;Île-de-France;11;21;21;50 à 99 salariés;99;O;PME;1;2021-12-09;4.563997262149213;48.872352672;2.3028339858;True;5710;[];[];82.11Z;2026-06-15T16:46:23.837568;75;CHAUDE;59400;11880
82198087700038;821980877;AREAS SERVICES;;;82.11Z;PRIV_BUREAU;PRIVE;Services administratifs combinés;150 BOULEVARD VICTOR HUGO 93400 SAINT-OUEN-SUR-SEINE;93400;SAINT-OUEN-SUR-SEINE;93;Île-de-France;11;22;22;100 à 199 salariés;199;O;GE;3;2025-06-01;1.0869267624914445;48.9046451679596;2.32146679363701;True;5710;[];[];82.11Z;2026-06-15T16:46:20.851710;75;CHAUDE;119400;23880
81529384000014;815293840;EMAA-ECOLES DE MANAGEMENT, MODE, ART ET AUDIOVISUEL - GIE;;;82.11Z;PRIV_BUREAU;PRIVE;Services administratifs combinés;90 RUE DU RANELAGH 75016 PARIS;75016;PARIS;75;Île-de-France;11;21;21;50 à 99 salariés;99;O;PME;1;2015-10-06;10.740588637919233;48.85600324;2.2687104326;True;6220;[];[];82.11Z;2026-06-15T16:46:20.527122;75;CHAUDE;59400;11880
82967215300030;829672153;OXILA;;;82.11Z;PRIV_BUREAU;PRIVE;Services administratifs combinés;2 RUE DU CAPITAINE SCOTT 75015 PARIS;75015;PARIS;75;Île-de-France;11;21;21;50 à 99 salariés;99;N;GE;3;2024-05-01;2.1711156741957565;48.8542610585462;2.29445482567512;True;5710;[];[];82.11Z;2026-06-15T16:46:16.376467;75;CHAUDE;59400;11880
38184390300034;381843903;CGSH SERVICE EUROPE;;;82.11Z;PRIV_BUREAU;PRIVE;Services administratifs combinés;11 RUE DE LA CHAUSSEE D'ANTIN 75009 PARIS;75009;PARIS;75;Île-de-France;11;21;21;50 à 99 salariés;99;N;PME;3;2024-08-26;1.8507871321013003;48.8724937513781;2.3333931678618;True;6589;[];[];82.11Z;2026-06-15T16:46:10.440906;75;CHAUDE;59400;11880
41488146600042;414881466;FRESHFIELDS SERVICES;;;82.11Z;PRIV_BUREAU;PRIVE;Services administratifs combinés;9 AVENUE DE MESSINE 75008 PARIS;75008;PARIS;75;Île-de-France;11;21;21;50 à 99 salariés;99;N;PME;4;2021-11-03;4.662559890485968;48.875908067;2.3133570313;True;5499;[];[];82.11Z;2026-06-15T16:46:10.439292;75;CHAUDE;59400;11880
21940058700016;219400587;COMMUNE LE PERREUX SUR MARNE;MAIRIE;;84.11Z;PUB_MAIRIE;PUBLIC;Administration publique générale;PL DE LA LIBERATION 94170 LE PERREUX SUR MARNE;94170;LE PERREUX SUR MARNE;94;Île-de-France;11;41;41;500 à 999 salariés;999;O;ETI;21;1983-03-01;43.34017796030116;48.840705501;2.5080698946;True;7210;[];[];84.11Z;2026-06-15T15:56:31.871390;75;CHAUDE;549450;109890
21940044700013;219400447;COMMUNE LIMEIL BREVANNES;MAIRIE;;84.11Z;PUB_MAIRIE;PUBLIC;Administration publique générale;PL CHARLES DE GAULLE 94450 LIMEIL BREVANNES;94450;LIMEIL BREVANNES;94;Île-de-France;11;41;41;500 à 999 salariés;999;O;ETI;23;1983-03-01;43.34017796030116;48.749399281;2.4805173251;True;7210;[];[];84.11Z;2026-06-15T15:56:31.871390;75;CHAUDE;549450;109890
21940042100018;219400421;COMMUNE DE JOINVILLE LE PONT;MAIRIE;;84.11Z;PUB_MAIRIE;PUBLIC;Administration publique générale;23 RUE DE PARIS 94340 JOINVILLE-LE-PONT;94340;JOINVILLE-LE-PONT;94;Île-de-France;11;32;32;250 à 499 salariés;499;O;ETI;22;1983-03-01;43.34017796030116;48.818309952;2.4667112265;True;7210;[];[];84.11Z;2026-06-15T15:56:31.871390;75;CHAUDE;274450;54890
17770232100221;177702321;DIRECTION REGIONALE DES DOUANES PARIS-EST (DRD);ATENNE DU MIN;DRD;84.12Z;PUB_MAIRIE;PUBLIC;Administration publique;MIN FRUILEG 417 36 RUE DE PERPIGNAN 94550 CHEVILLY-LARUE;94550;CHEVILLY-LARUE;94;Île-de-France;11;31;31;200 à 249 salariés;249;N;PME;26;1994-01-01;32.50102669404517;48.761672;2.3536949887;False;7172;[];[];84.11Z;2026-06-15T15:56:31.871390;75;CHAUDE;136950;27390
17770232100205;177702321;DIRECTION REGIONALE DES DOUANES PARIS-EST (DRD);BRIGADE D'INTERVENTION DE RUNGIS;DRD;84.11Z;PUB_MAIRIE;PUBLIC;Administration publique générale;TOUR ADMINISTRATIVE RUE DE LA TOUR 94550 CHEVILLY-LARUE;94550;CHEVILLY-LARUE;94;Île-de-France;11;31;31;200 à 249 salariés;249;N;PME;26;1994-01-01;32.50102669404517;48.761693927;2.3604416101;False;7172;[];[];84.11Z;2026-06-15T15:56:31.871390;75;CHAUDE;136950;27390
84301279000013;843012790;GEIE DE GAULLE FLEURANCE SERVICES;;;82.11Z;PRIV_BUREAU;PRIVE;Services administratifs combinés;9 RUE BOISSY D'ANGLAS 75008 PARIS;75008;PARIS;75;Île-de-France;11;21;21;50 à 99 salariés;99;O;PME;1;2018-09-03;7.83025325119781;48.867937168;2.3211406459;True;6210;[];[];82.11Z;2026-06-15T16:42:28.233123;75;CHAUDE;59400;11880
82441710900033;824417109;MARIANNE CORPORATE;;;82.11Z;PRIV_BUREAU;PRIVE;Services administratifs combinés;133 RUE DU THEATRE 75015 PARIS;75015;PARIS;75;Île-de-France;11;22;22;100 à 199 salariés;199;N;ETI;3;2024-05-27;2.099931553730322;48.8455378049092;2.29702494509144;True;5499;[];[];82.11Z;2026-06-15T16:42:27.329995;75;CHAUDE;119400;23880
48995279600055;489952796;UNILABS FRANCE;;;82.11Z;PRIV_BUREAU;PRIVE;Services administratifs combinés;50 RUE MADAME DE SANZILLON 92110 CLICHY;92110;CLICHY;92;Île-de-France;11;22;22;100 à 199 salariés;199;O;ETI;5;2026-04-01;0.2546201232032854;48.9036327473223;2.31896821771502;True;6220;[];[];82.11Z;2026-06-15T16:42:23.202316;75;CHAUDE;119400;23880
48221151300056;482211513;GALYON GROUPE HORIZON HOLDING (OGERIS);OGERIS;;82.11Z;PRIV_BUREAU;PRIVE;Services administratifs combinés;26 RUE BOSQUET 75007 PARIS;75007;PARIS;75;Île-de-France;11;21;21;50 à 99 salariés;99;N;PME;5;2025-03-18;1.2922655715263518;48.8559271841568;2.30561247843431;True;5710;[];[];82.11Z;2026-06-15T16:42:20.235457;75;CHAUDE;59400;11880
30125188000516;301251880;PHONE REGIE (PHONE REGIE);PHONE REGIE;;82.19Z;PRIV_BUREAU;PRIVE;Services administratifs / bureaux;2 RUE DU CAPITAINE SCOTT 75015 PARIS;75015;PARIS;75;Île-de-France;11;51;51;2000 à 4999 salariés;4999;O;GE;45;2024-05-01;2.1711156741957565;48.8542610585462;2.29445482567512;True;5710;[];[];82.11Z;2026-06-15T16:42:19.823587;75;CHAUDE;2999400;599880
89935756000023;899357560;ELEVATE STAFFING SAS;;;82.11Z;PRIV_BUREAU;PRIVE;Services administratifs combinés;8 RUE DU SENTIER 75002 PARIS;75002;PARIS;75;Île-de-France;11;21;21;50 à 99 salariés;99;N;PME;4;2022-09-05;3.8247775496235454;48.8685730605126;2.34569636920473;False;5710;[];[];82.11Z;2026-06-15T16:42:19.412629;75;CHAUDE;59400;11880
81475529400026;814755294;CANNETROTTER;;;82.11Z;PRIV_BUREAU;PRIVE;Services administratifs combinés;131 BOULEVARD DE SEBASTOPOL 75002 PARIS;75002;PARIS;75;Île-de-France;11;21;21;50 à 99 salariés;99;O;PME;8;2016-06-09;10.064339493497604;48.868195801;2.3533941837;False;5710;[];[];82.11Z;2026-06-15T16:42:16.756150;75;CHAUDE;59400;11880
48036592300022;480365923;P.B.O.;;;82.11Z;PRIV_BUREAU;PRIVE;Services administratifs combinés;39 AVENUE D'IENA 75016 PARIS;75016;PARIS;75;Île-de-France;11;32;32;250 à 499 salariés;499;O;GE;13;2005-07-01;21.00479123887748;48.868663603;2.2951940576;False;5710;[];[];82.11Z;2026-06-15T16:42:16.756150;75;CHAUDE;299400;59880
92145265200057;921452652;GIE ONE OP;;;82.11Z;PRIV_BUREAU;PRIVE;Services administratifs combinés;7 RUE BERGERE 75009 PARIS;75009;PARIS;75;Île-de-France;11;21;21;50 à 99 salariés;99;O;PME;13;2022-08-12;3.890485968514716;48.8719113387627;2.34683542192653;False;6220;[];[];82.11Z;2026-06-15T16:42:16.755150;75;CHAUDE;59400;11880
92145265200032;921452652;GIE ONE OP;;;82.11Z;PRIV_BUREAU;PRIVE;Services administratifs combinés;4 RUE DU DOCTEUR ROUX 75015 PARIS;75015;PARIS;75;Île-de-France;11;21;21;50 à 99 salariés;99;O;PME;13;2022-08-12;3.890485968514716;48.8419827123669;2.31264340204994;False;6220;[];[];82.11Z;2026-06-15T16:42:16.755150;75;CHAUDE;59400;11880
92145265200024;921452652;GIE ONE OP;;;82.11Z;PRIV_BUREAU;PRIVE;Services administratifs combinés;25 RUE DE PONTHIEU 75008 PARIS;75008;PARIS;75;Île-de-France;11;21;21;50 à 99 salariés;99;N;PME;13;2024-04-17;2.209445585215606;48.8707591910085;2.30901814947619;True;6220;[];[];82.11Z;2026-06-15T16:42:16.755150;75;CHAUDE;59400;11880
21940011600014;219400116;COMMUNE DE BONNEUIL SUR MARNE;MAIRIE;;84.11Z;PUB_MAIRIE;PUBLIC;Administration publique générale;7 RUE D'ESTIENNE D'ORVES 94380 BONNEUIL-SUR-MARNE;94380;BONNEUIL-SUR-MARNE;94;Île-de-France;11;41;41;500 à 999 salariés;999;O;ETI;21;1983-03-01;43.34017796030116;48.774275516;2.4874751021;True;7210;[];[];84.11Z;2026-06-15T15:56:31.872391;75;CHAUDE;549450;109890
21940073600076;219400736;COMMUNE DE THIAIS;ECOLE MATERNELLE PUBLIQUE C.PEGUY NO2;;85.10Z;PUB_ECOLE;PUBLIC;Enseignement pré-primaire;91 AVENUE DU GENERAL DE GAULLE 94320 THIAIS;94320;THIAIS;94;Île-de-France;11;41;41;500 à 999 salariés;999;N;ETI;19;1983-12-21;42.53251197809719;48.767964435;2.373869559;False;7210;[];[];84.11Z;2026-06-15T15:56:31.872391;75;CHAUDE;499500;99900
21940073600035;219400736;COMMUNE DE THIAIS;ECOLE PRIMAIRE PUBLIQUE BUFFON A;;85.20Z;PUB_ECOLE;PUBLIC;Enseignement primaire;RUE DE LA GALAISE 94320 THIAIS;94320;THIAIS;94;Île-de-France;11;41;41;500 à 999 salariés;999;N;ETI;19;1983-12-21;42.53251197809719;48.764077307;2.3840563503;False;7210;[];[];84.11Z;2026-06-15T15:56:31.872391;75;CHAUDE;499500;99900
21940073600175;219400736;COMMUNE DE THIAIS;MAIRIE;;84.11Z;PUB_MAIRIE;PUBLIC;Administration publique générale;N°1ET3. HOTEL DE VILLE. BP 1 RUE MAUREPAS 94320 THIAIS;94320;THIAIS;94;Île-de-France;11;41;41;500 à 999 salariés;999;O;ETI;19;1983-03-01;43.34017796030116;48.764255653;2.3910357299;True;7210;[];[];84.11Z;2026-06-15T15:56:31.872391;75;CHAUDE;549450;109890
21940052000017;219400520;COMMUNE DE NOGENT SUR MARNE;MAIRIE;;84.11Z;PUB_MAIRIE;PUBLIC;Administration publique générale;PLACE ROLAND NUNGESSER 94130 NOGENT-SUR-MARNE;94130;NOGENT-SUR-MARNE;94;Île-de-France;11;41;41;500 à 999 salariés;999;O;ETI;22;1983-03-01;43.34017796030116;48.839150382;2.4915609727;True;7210;[];[];84.11Z;2026-06-15T15:56:31.872391;75;CHAUDE;549450;109890
21940074400013;219400744;COMMUNE DE VALENTON;MAIRIE;;84.11Z;PUB_MAIRIE;PUBLIC;Administration publique générale;48 RUE DU COLONEL FABIEN 94460 VALENTON;94460;VALENTON;94;Île-de-France;11;32;32;250 à 499 salariés;499;O;ETI;21;1983-03-01;43.34017796030116;48.744287337;2.4697448796;True;7210;[];[];84.11Z;2026-06-15T15:56:31.871390;75;CHAUDE;274450;54890
20003277900031;200032779;PARIS MUSEES;RESERVE SAINT DENIS (GRANDS FORMATS);;91.01Z;PUB_MUSEE;PUBLIC;Gestion des bibliothèques;85 AVENUE DU PRESIDENT WILSON 93210 SAINT-DENIS;93210;SAINT-DENIS;93;Île-de-France;11;42;42;1000 à 1999 salariés;1999;O;ETI;22;2012-06-20;14.03422313483915;48.905412645;2.3580790352;False;7378;[];[];91.02Z;2026-06-15T16:09:27.557520;75;CHAUDE;1299350;259870
20003277900221;200032779;PARIS MUSEES;ENTREPOT ST OUEN (EDITIONS);;91.01Z;PUB_MUSEE;PUBLIC;Gestion des bibliothèques;36 AVENUE MARC SANGNIER 92390 VILLENEUVE-LA-GARENNE;92390;VILLENEUVE-LA-GARENNE;92;Île-de-France;11;42;42;1000 à 1999 salariés;1999;N;ETI;22;2025-04-30;1.1745379876796715;48.9290412707167;2.32481607019627;False;7378;[];[];91.02Z;2026-06-15T16:09:27.029125;75;CHAUDE;1299350;259870
79885701700015;798857017;LAFAYETTE ANTICIPATIONS FONDATION D ENTREPRISE GALERIES LAFAYETTE;;;91.02Z;PUB_MUSEE;PUBLIC;Gestion des musées;9 RUE DU PLATRE 75004 PARIS;75004;PARIS;75;Île-de-France;11;12;12;20 à 49 salariés;49;O;PME;1;2013-10-05;12.7419575633128;48.859118264;2.3547947382;True;9300;[];[];91.02Z;2026-06-15T16:09:24.755212;75;CHAUDE;31850;6370
49468576100012;494685761;FONDATION D ENTREPRISE LOUIS VUITTON;;;91.02Z;PUB_MUSEE;PUBLIC;Gestion des musées;BOIS DE BOULOGNE AVENUE DU MAHATMA GANDHI 75016 PARIS;75016;PARIS;75;Île-de-France;11;12;12;20 à 49 salariés;49;O;PME;1;2006-11-18;19.62217659137577;48.878101269;2.2643925269;True;9300;[];[];91.02Z;2026-06-15T16:09:24.480580;75;CHAUDE;31850;6370
31373068100050;313730681;MEP - MAISON EUROPEENNE DE LA PHOTOGRAPHIE (MEP);;MEP;91.02Z;PUB_MUSEE;PUBLIC;Gestion des musées;5 RUE DE FOURCY 75004 PARIS;75004;PARIS;75;Île-de-France;11;12;12;20 à 49 salariés;49;O;PME;3;2023-12-19;2.537987679671458;48.85489302;2.3590780014;True;9220;[];[];91.02Z;2026-06-15T16:09:24.189694;75;CHAUDE;31850;6370
45305823200027;453058232;FONDATION ALBERTO ET ANNETTE GIACOMETTI;;;91.02Z;PUB_MUSEE;PUBLIC;Gestion des musées;3 B CRS DE ROHAN 75006 PARIS 6;75006;PARIS 6;75;Île-de-France;11;12;12;20 à 49 salariés;49;O;PME;2;2015-04-15;11.21697467488022;48.853116087;2.3394990766;True;9300;[];[];91.02Z;2026-06-15T16:09:22.978740;75;CHAUDE;31850;6370
78422676300018;784226763;FONDATION  FRANCOIS SOMMER;;;91.02Z;PUB_MUSEE;PUBLIC;Gestion des musées;60 RUE DES ARCHIVES 75003 PARIS;75003;PARIS;75;Île-de-France;11;12;12;20 à 49 salariés;49;O;PME;1;1900-01-01;126.4996577686516;48.861415848;2.358847957;True;9300;[];[];91.02Z;2026-06-15T16:09:22.681117;75;CHAUDE;31850;6370
16002211700024;160022117;DIRECTION NATIONALE DES VERIFICATIONS DE SITUATIONS FISCALES (DNVSF);9EME BRIGADE CONTROLE REVENUS PARIS;DNVSF;84.11Z;PUB_MAIRIE;PUBLIC;Administration publique générale;127 RUE DE SAUSSURE 75017 PARIS;75017;PARIS;75;Île-de-France;11;11;11;10 à 19 salariés;19;N;ETI;28;1983-03-17;43.29637234770705;48.888610637;2.3084529964;False;7160;[];[];84.11Z;2026-06-15T15:56:04.039427;75;CHAUDE;10450;2090
16002205900010;160022059;DIRECTION NATIONALE D'INTERVENTIONS DOMANIALES (DNID);;DNID;84.11Z;PUB_MAIRIE;PUBLIC;Administration publique générale;LES ELLIPSES 3 AVENUE DU CHEMIN DE PRESLES 94410 SAINT-MAURICE;94410;SAINT-MAURICE;94;Île-de-France;11;21;21;50 à 99 salariés;99;O;ETI;35;1983-03-01;43.34017796030116;48.816548477;2.461961743;True;7160;[];[];84.11Z;2026-06-15T15:56:04.039427;75;CHAUDE;54450;10890
97795036900032;977950369;MJA GESTION;;;91.02Z;PUB_MUSEE;PUBLIC;Gestion des musées;5 RUE CATHERINE DE LA ROCHEFOUCAULD 75009 PARIS;75009;PARIS;75;Île-de-France;11;12;12;20 à 49 salariés;49;N;ETI;3;2025-07-08;0.9856262833675564;48.8773487637623;2.33394714849857;True;5710;[];[];91.02Z;2026-06-15T16:09:21.861331;75;CHAUDE;31850;6370
51958785100022;519587851;ETABLISSEMENT PUBLIC PALAIS DE LA DECOUVERTE ET CITE DES SCIENCES ET DE L'INDUSTRIE (EPPDCSI);UNIVERSCIENCE;EPPDCSI;91.02Z;PUB_MUSEE;PUBLIC;Gestion des musées;30 AVENUE CORENTIN CARIOU 75019 PARIS;75019;PARIS;75;Île-de-France;11;42;42;1000 à 1999 salariés;1999;O;ETI;3;2010-01-01;16.501026694045173;48.895848568;2.3872028438;False;4110;[];[];91.02Z;2026-06-15T16:09:18.133997;75;CHAUDE;1299350;259870
21940077700013;219400777;COMMUNE DE VILLENEUVE LE ROI;MAIRIE;;84.11Z;PUB_MAIRIE;PUBLIC;Administration publique générale;PLACE DE LA VIEILLE EGLISE 94290 VILLENEUVE-LE-ROI;94290;VILLENEUVE-LE-ROI;94;Île-de-France;11;41;41;500 à 999 salariés;999;O;ETI;24;1983-03-01;43.34017796030116;48.735167275;2.4077302965;True;7210;[];[];84.11Z;2026-06-15T15:56:31.873394;75;CHAUDE;549450;109890
21940043900135;219400439;COMMUNE LE KREMLIN BICETRE;BIBLIOTHEQUE MUNICIPALE;;91.01Z;PUB_MUSEE;PUBLIC;Gestion des bibliothèques;42 RUE DE LA CONVENTION 94270 LE KREMLIN-BICETRE;94270;LE KREMLIN-BICETRE;94;Île-de-France;11;41;41;500 à 999 salariés;999;N;ETI;20;1970-08-08;55.90143737166324;48.812159826;2.3568615521;False;7210;[];[];84.11Z;2026-06-15T15:56:31.873394;75;CHAUDE;649350;129870
21940043900119;219400439;COMMUNE LE KREMLIN BICETRE;ECOLE ELEMENTAIRE CHARLES PEGUY;;85.20Z;PUB_ECOLE;PUBLIC;Enseignement primaire;3 B RUE DE VERDUN 94270 LE KREMLIN-BICETRE;94270;LE KREMLIN-BICETRE;94;Île-de-France;11;12;12;20 à 49 salariés;49;N;ETI;20;1983-12-21;42.53251197809719;48.8087174260845;2.35845308275677;False;7210;[];"[""0940151D""]";84.11Z;2026-06-15T15:56:31.873394;75;CHAUDE;24500;4900
21940043900101;219400439;COMMUNE LE KREMLIN BICETRE;ECOLE ELEMENTAIRE BENOIT MALON;;85.20Z;PUB_ECOLE;PUBLIC;Enseignement primaire;1 RUE JEAN MERMOZ 94270 LE KREMLIN-BICETRE;94270;LE KREMLIN-BICETRE;94;Île-de-France;11;12;12;20 à 49 salariés;49;N;ETI;20;1983-12-21;42.53251197809719;48.803963399;2.3529584198;False;7210;[];"[""0940565D""]";84.11Z;2026-06-15T15:56:31.873394;75;CHAUDE;24500;4900
21940067800096;219400678;COMMUNE DE SAINT-MANDE;BIBLIOTHEQUE MUNICIPALE;;91.01Z;PUB_MUSEE;PUBLIC;Gestion des bibliothèques;3 AVENUE DE LIEGE 94160 SAINT-MANDE;94160;SAINT-MANDE;94;Île-de-France;11;41;41;500 à 999 salariés;999;N;ETI;17;1970-08-08;55.90143737166324;48.843360856;2.4193046916;False;7210;[];[];84.11Z;2026-06-15T15:56:31.873394;75;CHAUDE;649350;129870
21940067800039;219400678;COMMUNE DE SAINT-MANDE;ECOLE ELEMENTAIRE PAUL BERT;;85.20Z;PUB_ECOLE;PUBLIC;Enseignement primaire;1 RUE PAUL BERT 94160 SAINT-MANDE;94160;SAINT-MANDE;94;Île-de-France;11;12;12;20 à 49 salariés;49;N;ETI;17;1983-12-21;42.53251197809719;48.841782926;2.415057129;False;7210;[];"[""0940236W""]";84.11Z;2026-06-15T15:56:31.873394;75;CHAUDE;24500;4900
21940069400010;219400694;COMMUNE DE SAINT MAURICE;MAIRIE;;84.11Z;PUB_MAIRIE;PUBLIC;Administration publique générale;55 RUE DU MARECHAL LECLERC 94410 SAINT-MAURICE;94410;SAINT-MAURICE;94;Île-de-France;11;32;32;250 à 499 salariés;499;O;ETI;19;1983-03-01;43.34017796030116;48.818140499;2.426503005;True;7210;[];[];84.11Z;2026-06-15T15:56:31.872391;75;CHAUDE;274450;54890
13002308800029;130023088;ETABLISSEMENT PUBLIC DU MUSEE NATIONAL JEAN JACQUES HENNER ET DU MUSEE NATIONAL GUSTAVE MOREAU;MUSEE NATIONAL JEAN JACQUES HENNER;;91.02Z;PUB_MUSEE;PUBLIC;Gestion des musées;43 AVENUE DE VILLIERS 75017 PARIS;75017;PARIS;75;Île-de-France;11;12;12;20 à 49 salariés;49;N;PME;3;2017-03-01;9.338809034907598;48.883044576;2.3076892343;False;7389;[];[];91.02Z;2026-06-15T16:09:18.133451;75;CHAUDE;31850;6370
17750225900019;177502259;DIRECTION DES IMPOTS DES NON-RESIDENTS (DINR);;DINR;84.11Z;PUB_MAIRIE;PUBLIC;Administration publique générale;10 RUE DU CENTRE 93160 NOISY-LE-GRAND;93160;NOISY-LE-GRAND;93;Île-de-France;11;32;32;250 à 499 salariés;499;O;ETI;39;1983-03-01;43.34017796030116;48.838256315;2.5451158248;True;7160;[];[];84.11Z;2026-06-15T15:56:04.040426;75;CHAUDE;274450;54890
16002211700115;160022117;DIRECTION NATIONALE DES VERIFICATIONS DE SITUATIONS FISCALES (DNVSF);7EME BRIGADE CONTROLE REVENUS PARIS;DNVSF;84.11Z;PUB_MAIRIE;PUBLIC;Administration publique générale;1287 R RUE DE SAUSSURE 75017 PARIS 17;75017;PARIS 17;75;Île-de-France;11;11;11;10 à 19 salariés;19;N;ETI;28;1986-10-24;39.69062286105408;48.888860863;2.307898296;False;7160;[];[];84.11Z;2026-06-15T15:56:04.040426;75;CHAUDE;10450;2090
16002211700107;160022117;DIRECTION NATIONALE DES VERIFICATIONS DE SITUATIONS FISCALES (DNVSF);6EME BRIGADE CONTROLE REVENUS PARIS;DNVSF;84.11Z;PUB_MAIRIE;PUBLIC;Administration publique générale;127 RUE DE SAUSSURE 75017 PARIS;75017;PARIS;75;Île-de-France;11;11;11;10 à 19 salariés;19;N;ETI;28;1986-10-24;39.69062286105408;48.888610637;2.3084529964;False;7160;[];[];84.11Z;2026-06-15T15:56:04.040426;75;CHAUDE;10450;2090
16002211700073;160022117;DIRECTION NATIONALE DES VERIFICATIONS DE SITUATIONS FISCALES (DNVSF);3EME BRIGADE CONTROLE REVENUS PARIS;DNVSF;84.11Z;PUB_MAIRIE;PUBLIC;Administration publique générale;127 RUE DE SAUSSURE 75017 PARIS;75017;PARIS;75;Île-de-France;11;11;11;10 à 19 salariés;19;N;ETI;28;1986-10-24;39.69062286105408;48.888610637;2.3084529964;False;7160;[];[];84.11Z;2026-06-15T15:56:04.040426;75;CHAUDE;10450;2090
80790203600027;807902036;PINAULT COLLECTION (BOURSE DE COMMERCE - PINAULT COLLECTION);;;91.02Z;PUB_MUSEE;PUBLIC;Gestion des musées;48 RUE MONTMARTRE 75002 PARIS;75002;PARIS;75;Île-de-France;11;12;12;20 à 49 salariés;49;O;GE;6;2018-12-10;7.561943874058864;48.865139571;2.3450759777;False;5710;[];[];91.02Z;2026-06-15T16:09:18.132903;75;CHAUDE;31850;6370
20003277900114;200032779;PARIS MUSEES;MAISON DE BALZAC;;91.02Z;PUB_MUSEE;PUBLIC;Gestion des musées;47 RUE RAYNOUARD 75016 PARIS;75016;PARIS;75;Île-de-France;11;12;12;20 à 49 salariés;49;O;ETI;22;2012-06-20;14.03422313483915;48.855397977;2.2808049533;False;7378;[];[];91.02Z;2026-06-15T16:09:18.132903;75;CHAUDE;31850;6370
20003277900106;200032779;PARIS MUSEES;MUSEE DE LA VIE ROMANTIQUE;;91.02Z;PUB_MUSEE;PUBLIC;Gestion des musées;16 RUE CHAPTAL 75009 PARIS;75009;PARIS;75;Île-de-France;11;12;12;20 à 49 salariés;49;O;ETI;22;2012-06-20;14.03422313483915;48.881347542;2.3335229297;False;7378;[];[];91.02Z;2026-06-15T16:09:18.132903;75;CHAUDE;31850;6370
20003277900080;200032779;PARIS MUSEES;MUSEE COGNACQ-JAY;;91.02Z;PUB_MUSEE;PUBLIC;Gestion des musées;8 RUE ELZEVIR 75003 PARIS;75003;PARIS;75;Île-de-France;11;12;12;20 à 49 salariés;49;O;ETI;22;2012-06-20;14.03422313483915;48.858202007;2.3614680208;False;7378;[];[];91.02Z;2026-06-15T16:09:18.132903;75;CHAUDE;31850;6370
20005801400057;200058014;GRAND-ORLY SEINE BIEVRE;ASSAINISSEMENT GESTION EN DSP;;84.12Z;PUB_MAIRIE;PUBLIC;Administration publique;2 AVENUE YOURI GAGARINE 94400 VITRY-SUR-SEINE;94400;VITRY-SUR-SEINE;94;Île-de-France;11;42;42;1000 à 1999 salariés;1999;N;ETI;11;2016-01-01;10.50239561943874;48.7885865860568;2.38854410300956;False;7345;[];[];84.11Z;2026-06-15T15:56:32.202619;75;CHAUDE;1099450;219890
20005801400024;200058014;GRAND-ORLY SEINE BIEVRE;ACTION ECONOMIQUE;;84.13Z;PUB_MAIRIE;PUBLIC;Administration publique;2 AVENUE YOURI GAGARINE 94400 VITRY-SUR-SEINE;94400;VITRY-SUR-SEINE;94;Île-de-France;11;42;42;1000 à 1999 salariés;1999;N;ETI;11;2016-01-01;10.50239561943874;48.7885865860568;2.38854410300956;False;7345;[];[];84.11Z;2026-06-15T15:56:32.202619;75;CHAUDE;1099450;219890
20005801400016;200058014;GRAND-ORLY SEINE BIEVRE;;;84.11Z;PUB_MAIRIE;PUBLIC;Administration publique générale;2 AVENUE YOURI GAGARINE 94400 VITRY-SUR-SEINE;94400;VITRY-SUR-SEINE;94;Île-de-France;11;42;42;1000 à 1999 salariés;1999;O;ETI;11;2016-01-01;10.50239561943874;48.788586586;2.388544103;True;7345;"[""910027556""]";[];84.11Z;2026-06-15T15:56:32.202619;75;CHAUDE;1099450;219890
17750230900186;177502309;DIRECTION INTERREGIONALE DES DOUANES ILE-DE-FRANCE (DID);SERVICE TECHNIQUE AUTOMOBILE;DID;84.11Z;PUB_MAIRIE;PUBLIC;Administration publique générale;21-23 21 RUE DES SABLONS 94470 BOISSY-SAINT-LEGER;94470;BOISSY-SAINT-LEGER;94;Île-de-France;11;31;31;200 à 249 salariés;249;N;PME;18;2022-07-26;3.9370294318959616;48.761802004;2.501857544;False;7172;[];[];84.11Z;2026-06-15T15:56:32.202619;75;CHAUDE;136950;27390
21940065200067;219400652;COMMUNE DE RUNGIS;MAIRIE;;84.11Z;PUB_MAIRIE;PUBLIC;Administration publique générale;5 RUE SAINTE-GENEVIEVE 94150 RUNGIS;94150;RUNGIS;94;Île-de-France;11;32;32;250 à 499 salariés;499;O;ETI;14;1990-06-05;36.0766598220397;48.748538605;2.3473486008;True;7210;[];[];84.11Z;2026-06-15T15:56:32.201617;75;CHAUDE;274450;54890
21940055300109;219400553;COMMUNE D ORMESSON SUR MARNE;CENTRE TECHNIQUE MUNICIPAL;;84.11Z;PUB_MAIRIE;PUBLIC;Administration publique générale;11 AVENUE WLADIMIR D'ORMESSON 94490 ORMESSON-SUR-MARNE;94490;ORMESSON-SUR-MARNE;94;Île-de-France;11;31;31;200 à 249 salariés;249;N;PME;15;2022-07-13;3.972621492128679;48.786157724;2.5408175879;False;7210;[];[];84.11Z;2026-06-15T15:56:31.874391;75;CHAUDE;136950;27390
21940055300018;219400553;COMMUNE D ORMESSON SUR MARNE;MAIRIE;;84.11Z;PUB_MAIRIE;PUBLIC;Administration publique générale;10 AVENUE WLADIMIR D'ORMESSON 94490 ORMESSON-SUR-MARNE;94490;ORMESSON-SUR-MARNE;94;Île-de-France;11;22;22;100 à 199 salariés;199;O;PME;15;1983-03-01;43.34017796030116;48.785501958;2.5408362888;True;7210;[];[];84.11Z;2026-06-15T15:56:31.874391;75;CHAUDE;109450;21890
21940015700109;219400157;COMMUNE DE BRY SUR MARNE;SERVICE ASSAINISSEMENT;;84.12Z;PUB_MAIRIE;PUBLIC;Administration publique;MAIRIE 1 GRANDE RUE CHARLES DE GAULLE 94360 BRY-SUR-MARNE;94360;BRY-SUR-MARNE;94;Île-de-France;11;41;41;500 à 999 salariés;999;N;ETI;17;1997-05-01;29.17180013689254;48.83521731;2.519827835;False;7210;[];[];84.11Z;2026-06-15T15:56:31.873394;75;CHAUDE;549450;109890
21940015700059;219400157;COMMUNE DE BRY SUR MARNE;ECOLE MATERNELLE PAUL BARILLET;;85.10Z;PUB_ECOLE;PUBLIC;Enseignement pré-primaire;23 RUE DU 2 DECEMBRE 1870 94360 BRY-SUR-MARNE;94360;BRY-SUR-MARNE;94;Île-de-France;11;41;41;500 à 999 salariés;999;N;ETI;17;1983-12-21;42.53251197809719;48.833830369;2.5291366379;False;7210;[];[];84.11Z;2026-06-15T15:56:31.873394;75;CHAUDE;499500;99900
21940015700018;219400157;COMMUNE DE BRY SUR MARNE;MAIRIE;;84.11Z;PUB_MAIRIE;PUBLIC;Administration publique générale;1 GRANDE RUE CHARLES DE GAULLE 94360 BRY-SUR-MARNE;94360;BRY-SUR-MARNE;94;Île-de-France;11;41;41;500 à 999 salariés;999;O;ETI;17;1983-03-01;43.34017796030116;48.83521731;2.519827835;True;7210;[];[];84.11Z;2026-06-15T15:56:31.873394;75;CHAUDE;549450;109890
21940019900077;219400199;COMMUNE DE CHENNEVIERES-SUR-MARNE;ECOLE MATERNELLE PUBLIQUE PARIS;;85.10Z;PUB_ECOLE;PUBLIC;Enseignement pré-primaire;52 AVENUE DU BOIS 94430 CHENNEVIERES-SUR-MARNE;94430;CHENNEVIERES-SUR-MARNE;94;Île-de-France;11;32;32;250 à 499 salariés;499;N;ETI;20;1983-12-21;42.53251197809719;48.803992576352;2.54388200254917;False;7210;[];[];84.11Z;2026-06-15T15:56:31.873394;75;CHAUDE;249500;49900
21940019900184;219400199;COMMUNE DE CHENNEVIERES-SUR-MARNE;MAIRIE;;84.11Z;PUB_MAIRIE;PUBLIC;Administration publique générale;MAIRIE CHENNEVIERES-SUR-MA 14 AVENUE DU MARECHAL LECLERC 94430 CHENNEVIERES-SUR-MARNE;94430;CHENNEVIERES-SUR-MARNE;94;Île-de-France;11;32;32;250 à 499 salariés;499;O;ETI;20;1990-06-01;36.08761122518823;48.796305004;2.5325861345;True;7210;[];[];84.11Z;2026-06-15T15:56:31.873394;75;CHAUDE;274450;54890
20003277900072;200032779;PARIS MUSEES;MUSEE ZADKINE;;91.02Z;PUB_MUSEE;PUBLIC;Gestion des musées;100 B RUE D'ASSAS 75006 PARIS;75006;PARIS;75;Île-de-France;11;12;12;20 à 49 salariés;49;O;ETI;22;2012-06-20;14.03422313483915;48.84301831;2.3338957724;False;7378;[];[];91.02Z;2026-06-15T16:09:18.132903;75;CHAUDE;31850;6370
20003277900049;200032779;PARIS MUSEES;RESERVE SERVAN GALLIERA;;91.01Z;PUB_MUSEE;PUBLIC;Gestion des bibliothèques;RUE SAINT-MAUR 75011 PARIS;75011;PARIS;75;Île-de-France;11;42;42;1000 à 1999 salariés;1999;O;ETI;22;2012-06-20;14.03422313483915;48.861379188;2.3805054251;False;7378;[];[];91.02Z;2026-06-15T16:09:18.132368;75;CHAUDE;1299350;259870
22987001900036;229870019;TERRITOIRE DE LA POLYNESIE FRANCAISE;DELEGATION;;84.11Z;PUB_MAIRIE;PUBLIC;Administration publique générale;28 BOULEVARD SAINT-GERMAIN 75005 PARIS;75005;PARIS;75;Île-de-France;11;11;11;10 à 19 salariés;19;N;PME;4;1989-04-10;37.22929500342232;48.849658968;2.3524985653;False;7225;[];[];84.11Z;2026-06-15T15:56:04.351690;75;CHAUDE;10450;2090
13001759300034;130017593;DIRECTION GENERALE DES ETRANGERS EN FRANCE (DGEF);;DGEF;84.11Z;PUB_MAIRIE;PUBLIC;Administration publique générale;18-20 18 RUE DES PYRENEES 75020 PARIS;75020;PARIS;75;Île-de-France;11;12;12;20 à 49 salariés;49;O;PME;3;2014-04-02;12.251882272416154;48.849096651;2.4068174773;True;7120;[];[];84.11Z;2026-06-15T15:56:04.627336;75;CHAUDE;26950;5390
11000101300058;110001013;GOUVERNEMENT PREMIER MINISTRE;COMM INTERMINISTERIELLE COORDINATION CONTROLES;;84.11Z;PUB_MAIRIE;PUBLIC;Administration publique générale;5 PLACE DES VINS DE FRANCE 75012 PARIS;75012;PARIS;75;Île-de-France;11;12;12;20 à 49 salariés;49;O;ETI;5;2008-06-11;18.05886379192334;48.831894865;2.38757908;False;7111;[];[];84.11Z;2026-06-15T15:56:04.351690;75;CHAUDE;26950;5390
69204158500591;692041585;ETABLISSEMENT PUBLIC DE LA REUNION DES MUSEES NATIONAUX ET DU GRAND PALAIS DES CHAMPS-ELYSEES (RMN);GRAND PALAIS CHAMPS ELYSEES;RMN;91.02Z;PUB_MUSEE;PUBLIC;Gestion des musées;PORTE D COURS LA REINE 75008 PARIS;75008;PARIS;75;Île-de-France;11;12;12;20 à 49 salariés;49;O;ETI;76;2011-01-01;15.501711156741958;48.866065229;2.3127030756;False;4110;[];[];91.02Z;2026-06-15T16:09:18.132368;75;CHAUDE;31850;6370
69204158500161;692041585;ETABLISSEMENT PUBLIC DE LA REUNION DES MUSEES NATIONAUX ET DU GRAND PALAIS DES CHAMPS-ELYSEES (RMN);MUSEE NAT MOYEN AGE DES THERMES DE CLUNY;RMN;91.02Z;PUB_MUSEE;PUBLIC;Gestion des musées;6 PLACE PAUL PAINLEVE 75005 PARIS;75005;PARIS;75;Île-de-France;11;12;12;20 à 49 salariés;49;O;ETI;76;1991-01-01;35.501711156741955;48.850324533;2.3439212121;False;4110;[];[];91.02Z;2026-06-15T16:09:18.132368;75;CHAUDE;31850;6370
69204158500138;692041585;ETABLISSEMENT PUBLIC DE LA REUNION DES MUSEES NATIONAUX ET DU GRAND PALAIS DES CHAMPS-ELYSEES (RMN);GALERIES NATIONALES GRAND PALAIS;RMN;91.02Z;PUB_MUSEE;PUBLIC;Gestion des musées;3 AVENUE DU GENERAL EISENHOWER 75008 PARIS;75008;PARIS;75;Île-de-France;11;12;12;20 à 49 salariés;49;O;ETI;76;1991-01-01;35.501711156741955;48.866168197;2.3120912818;False;4110;[];[];91.02Z;2026-06-15T16:09:18.132368;75;CHAUDE;31850;6370
69204158500583;692041585;ETABLISSEMENT PUBLIC DE LA REUNION DES MUSEES NATIONAUX ET DU GRAND PALAIS DES CHAMPS-ELYSEES (RMN);;RMN;91.02Z;PUB_MUSEE;PUBLIC;Gestion des musées;254-256 254 RUE DE BERCY 75012 PARIS;75012;PARIS;75;Île-de-France;11;41;41;500 à 999 salariés;999;O;ETI;76;2010-07-12;15.97535934291581;48.84796096;2.3681038204;True;4110;"[""750073793""]";[];91.02Z;2026-06-15T16:09:18.132368;75;CHAUDE;649350;129870
35361541200288;353615412;C.A.S.I PRG;;;91.03Z;PUB_MUSEE;PUBLIC;Bibliothèques / musées;17 AVENUE PIERRE SEMARD 94200 IVRY-SUR-SEINE;94200;IVRY-SUR-SEINE;94;Île-de-France;11;21;21;50 à 99 salariés;99;N;PME;41;1990-01-01;36.50102669404517;48.819582154;2.381284489;False;8311;[];[];91.01Z;2026-06-15T16:09:17.424634;75;CHAUDE;64350;12870
13002773300018;130027733;SECRETARIAT GENERAL COMMUN DEPARTEMENTAL VAL-DE-MARNE (SGCD);;SGCD;84.11Z;PUB_MAIRIE;PUBLIC;Administration publique générale;21-29 21 AVENUE DU GENERAL DE GAULLE 94000 CRETEIL;94000;CRETEIL;94;Île-de-France;11;21;21;50 à 99 salariés;99;N;PME;1;2021-01-01;5.500342231348392;48.7821874608203;2.45098824508046;True;7172;[];[];84.11Z;2026-06-15T15:56:32.458620;75;CHAUDE;54450;10890
17940231800028;179402318;DIRECTION REGIONALE DES DOUANES ORLY (DRD);DIVISION AEROPORTS SUD;DRD;84.11Z;PUB_MAIRIE;PUBLIC;Administration publique générale;AEROPORT PARIS ORLY 94310 ORLY;94310;ORLY;94;Île-de-France;11;22;22;100 à 199 salariés;199;N;PME;5;1988-09-10;37.80971937029432;48.743947659;2.3732453775;False;7172;[];[];84.11Z;2026-06-15T15:56:32.203622;75;CHAUDE;109450;21890
17940001500022;179400015;PREFECTURE DE DEPARTEMENT VAL-DE-MARNE;PREFECTURE DU VAL DE MARNE   9;;84.11Z;PUB_MAIRIE;PUBLIC;Administration publique générale;906 F RTE DE CHOISY 94000 CRETEIL;94000;CRETEIL;94;Île-de-France;11;41;41;500 à 999 salariés;999;N;ETI;3;1983-03-16;43.29911019849418;48.790242233;2.4525620897;False;7172;[];[];84.11Z;2026-06-15T15:56:32.203622;75;CHAUDE;549450;109890
17940001500014;179400015;PREFECTURE DE DEPARTEMENT VAL-DE-MARNE;;;84.11Z;PUB_MAIRIE;PUBLIC;Administration publique générale;21-29 AVENUE DU GENERAL DE GAULLE 94000 CRETEIL;94000;CRETEIL;94;Île-de-France;11;41;41;500 à 999 salariés;999;O;ETI;3;1983-03-01;43.34017796030116;48.7821881790566;2.45098796532882;True;7172;[];[];84.11Z;2026-06-15T15:56:32.203622;75;CHAUDE;549450;109890
21940001700014;219400017;COMMUNE D ABLON SUR SEINE;MAIRIE;;84.11Z;PUB_MAIRIE;PUBLIC;Administration publique générale;16 RUE DU MARECHAL FOCH 94480 ABLON-SUR-SEINE;94480;ABLON-SUR-SEINE;94;Île-de-France;11;22;22;100 à 199 salariés;199;O;PME;5;1983-03-01;43.34017796030116;48.72177559;2.4171408884;True;7210;[];[];84.11Z;2026-06-15T15:56:32.203622;75;CHAUDE;109450;21890
20005800600061;200058006;GRAND PARIS SUD EST AVENIR;;;84.11Z;PUB_MAIRIE;PUBLIC;Administration publique générale;14 RUE EDOUARD LE CORBUSIER 94000 CRETEIL;94000;CRETEIL;94;Île-de-France;11;42;42;1000 à 1999 salariés;1999;O;ETI;7;2016-11-16;9.626283367556468;48.76505944;2.4694085694;True;7345;[];[];84.11Z;2026-06-15T15:56:32.202619;75;CHAUDE;1099450;219890
20005794100060;200057941;#PARISESTMARNE&BOIS;BUDGET ANNEXE MARCHES D'APPROVISIONNEMENT;;84.13Z;PUB_MAIRIE;PUBLIC;Administration publique;14 RUE LOUIS TALAMONI 94500 CHAMPIGNY-SUR-MARNE;94500;CHAMPIGNY-SUR-MARNE;94;Île-de-France;11;32;32;250 à 499 salariés;499;N;ETI;6;2023-10-20;2.702258726899384;48.8132097034446;2.51053490573788;False;7345;[];[];84.11Z;2026-06-15T15:56:32.202619;75;CHAUDE;274450;54890
20005794100045;200057941;#PARISESTMARNE&BOIS;ASSAINISSEMENT GESTION EN DSP;;84.12Z;PUB_MAIRIE;PUBLIC;Administration publique;14 RUE LOUIS TALAMONI 94500 CHAMPIGNY-SUR-MARNE;94500;CHAMPIGNY-SUR-MARNE;94;Île-de-France;11;32;32;250 à 499 salariés;499;N;ETI;6;2016-01-01;10.50239561943874;48.8132097034446;2.51053490573788;False;7345;[];[];84.11Z;2026-06-15T15:56:32.202619;75;CHAUDE;274450;54890
20005794100011;200057941;#PARISESTMARNE&BOIS;;;84.11Z;PUB_MAIRIE;PUBLIC;Administration publique générale;14 RUE LOUIS TALAMONI 94500 CHAMPIGNY-SUR-MARNE;94500;CHAMPIGNY-SUR-MARNE;94;Île-de-France;11;32;32;250 à 499 salariés;499;O;ETI;6;2016-01-01;10.50239561943874;48.8132097034446;2.51053490573788;True;7345;[];[];84.11Z;2026-06-15T15:56:32.202619;75;CHAUDE;274450;54890
20005801400065;200058014;GRAND-ORLY SEINE BIEVRE;EAU GESTION EN DSP;;84.12Z;PUB_MAIRIE;PUBLIC;Administration publique;2 AVENUE YOURI GAGARINE 94400 VITRY-SUR-SEINE;94400;VITRY-SUR-SEINE;94;Île-de-France;11;42;42;1000 à 1999 salariés;1999;N;ETI;11;2016-01-01;10.50239561943874;48.7885865860568;2.38854410300956;False;7345;[];[];84.11Z;2026-06-15T15:56:32.202619;75;CHAUDE;1099450;219890
21950268900033;219502689;COMMUNE DE GARGES-LES-GONESSE;ECOL PRIM LOUIS PASTEUR;;85.20Z;PUB_ECOLE;PUBLIC;Enseignement primaire;RUE LOUIS CHOIX 95140 GARGES-LES-GONESSE;95140;GARGES-LES-GONESSE;95;Île-de-France;11;42;42;1000 à 1999 salariés;1999;N;ETI;45;1983-12-21;42.53251197809719;48.968269413;2.387571643;False;7210;[];[];84.11Z;2026-06-15T15:56:33.027987;75;CHAUDE;999500;199900
21950268900017;219502689;COMMUNE DE GARGES-LES-GONESSE;MAIRIE;;84.11Z;PUB_MAIRIE;PUBLIC;Administration publique générale;8 PLACE DE L’HOTEL DE VILLE 95140 GARGES-LES-GONESSE;95140;GARGES-LES-GONESSE;95;Île-de-France;11;42;42;1000 à 1999 salariés;1999;O;ETI;45;1983-03-01;43.34017796030116;48.971668367;2.400322282;True;7210;[];[];84.11Z;2026-06-15T15:56:33.027987;75;CHAUDE;1099450;219890
21950585600100;219505856;COMMUNE DE SARCELLES;ECOLE ELEMENTAIRE PUBLIQ. HENRY DUNANT 2;;85.20Z;PUB_ECOLE;PUBLIC;Enseignement primaire;37 AVENUE PAUL CEZANNE 95200 SARCELLES;95200;SARCELLES;95;Île-de-France;11;51;51;2000 à 4999 salariés;4999;N;ETI;54;1983-12-21;42.53251197809719;48.972847022;2.3796540691;False;7210;[];[];84.11Z;2026-06-15T15:56:33.027987;75;CHAUDE;2499500;499900
21950585600019;219505856;COMMUNE DE SARCELLES;MAIRIE;;84.11Z;PUB_MAIRIE;PUBLIC;Administration publique générale;3 RUE DE LA RESISTANCE 95200 SARCELLES;95200;SARCELLES;95;Île-de-France;11;42;42;1000 à 1999 salariés;1999;O;ETI;54;1983-03-01;43.34017796030116;48.997409854;2.3783740958;True;7210;[];[];84.11Z;2026-06-15T15:56:33.027987;75;CHAUDE;1099450;219890
22950127500106;229501275;DEPARTEMENT DU VAL D OISE;CTRE DEPARTEMENTAL DEPISTAGE ET SOINS;;86.21Z;PRIV_SANTE_CABINET;PRIVE;Pratique médicale générale;2 RUE PIERRE GUIENNE 95100 ARGENTEUIL;95100;ARGENTEUIL;95;Île-de-France;11;51;51;2000 à 4999 salariés;4999;N;ETI;66;1971-04-04;55.24709103353867;48.9442503743927;2.2561833937366;False;7220;"[""950805341""]";[];84.11Z;2026-06-15T15:56:33.027987;75;CHAUDE;4499100;899820
22950127500098;229501275;DEPARTEMENT DU VAL D OISE;CTRE DEPARTEMENTAL DEPISTAGE ET SOINS;;86.21Z;PRIV_SANTE_CABINET;PRIVE;Pratique médicale générale;2 RUE PIERRE GUIENNE 95100 ARGENTEUIL;95100;ARGENTEUIL;95;Île-de-France;11;51;51;2000 à 4999 salariés;4999;N;ETI;66;1904-04-04;122.24503764544832;48.9442503743927;2.2561833937366;False;7220;"[""950803148""]";[];84.11Z;2026-06-15T15:56:33.027987;75;CHAUDE;4499100;899820
21950018800111;219500188;COMMUNE D ARGENTEUIL;ECOLE ELEMENTAIRE PUBLIQUE MARCEL CACHIN;;85.20Z;PUB_ECOLE;PUBLIC;Enseignement primaire;87 AVENUE MAURICE UTRILLO 95100 ARGENTEUIL;95100;ARGENTEUIL;95;Île-de-France;11;12;12;20 à 49 salariés;49;N;ETI;94;1983-12-21;42.53251197809719;48.9442697756787;2.23355281667367;False;7210;[];"[""0951363R""]";84.11Z;2026-06-15T15:56:33.027987;75;CHAUDE;24500;4900
21950018800095;219500188;COMMUNE D ARGENTEUIL;ECOL MATE AMBROISE THOMAS;;85.10Z;PUB_ECOLE;PUBLIC;Enseignement pré-primaire;89 RUE FERDINAND BERTHOUD 95100 ARGENTEUIL;95100;ARGENTEUIL;95;Île-de-France;11;12;12;20 à 49 salariés;49;N;ETI;94;1983-12-21;42.53251197809719;48.937173353;2.2343684365;False;7210;[];"[""0950581R""]";84.11Z;2026-06-15T15:56:33.027987;75;CHAUDE;24500;4900
21950018800020;219500188;COMMUNE D ARGENTEUIL;MAIRIE D ARGENTEUIL;;86.21Z;PRIV_SANTE_CABINET;PRIVE;Pratique médicale générale;21 RUE DEFRESNE BAST 95100 ARGENTEUIL;95100;ARGENTEUIL;95;Île-de-France;11;51;51;2000 à 4999 salariés;4999;N;ETI;94;1983-03-16;43.29911019849418;48.946973074;2.2528455817;False;7210;[];[];84.11Z;2026-06-15T15:56:33.027987;75;CHAUDE;4499100;899820
77568560500054;775685605;CENTRE INFORMATION DOCUMENT JEUNESSE;;;91.01Z;PUB_MUSEE;PUBLIC;Gestion des bibliothèques;8 RUE EUGENE OUDINE 75013 PARIS;75013;PARIS;75;Île-de-France;11;21;21;50 à 99 salariés;99;O;PME;5;2021-07-01;5.004791238877481;48.825886029;2.3756030372;True;9220;[];[];91.01Z;2026-06-15T16:09:14.742575;75;CHAUDE;64350;12870
18009229800041;180092298;AGENCE TECHNIQUE DE L'INFORMATION SUR L'HOSPITALISATION (ATIH);ANTENNE PARISIENNE;ATIH;84.11Z;PUB_MAIRIE;PUBLIC;Administration publique générale;13 RUE MOREAU 75012 PARIS;75012;PARIS;75;Île-de-France;11;12;12;20 à 49 salariés;49;N;PME;4;2008-08-01;17.919233401779604;48.849859018;2.3725579912;False;7389;[];[];84.11Z;2026-06-15T15:56:04.627336;75;CHAUDE;26950;5390
12001403000015;120014030;DIRECTION DE LA MODERNISATION ET DE L'ACTION TERRITORIALE (DEMAT);;DEMAT;84.11Z;PUB_MAIRIE;PUBLIC;Administration publique générale;1 B PLACE DES SAUSSAIES 75008 PARIS;75008;PARIS;75;Île-de-France;11;11;11;10 à 19 salariés;19;N;PME;1;1983-03-01;43.34017796030116;48.871825525;2.3181424398;True;7120;[];[];84.11Z;2026-06-15T15:56:05.011980;75;CHAUDE;10450;2090
16004604100069;160046041;ARCHIVES NATIONALES;;;91.01Z;PUB_MUSEE;PUBLIC;Gestion des bibliothèques;59 RUE GUYNEMER 93380 PIERREFITTE-SUR-SEINE;93380;PIERREFITTE-SUR-SEINE;93;Île-de-France;11;32;32;250 à 499 salariés;499;N;ETI;6;2012-01-26;14.433949349760438;48.947175055;2.3634648398;True;7160;[];[];91.01Z;2026-06-15T16:09:14.742575;75;CHAUDE;324350;64870
18004625200110;180046252;BIBLIOTHEQUE NATIONALE DE FRANCE (BNF);BIBLIOTHEQUE DE L'ARSENAL;BNF;91.01Z;PUB_MUSEE;PUBLIC;Gestion des bibliothèques;1-3 1 RUE DE SULLY 75004 PARIS;75004;PARIS;75;Île-de-France;11;51;51;2000 à 4999 salariés;4999;N;ETI;22;1994-01-01;32.50102669404517;48.850335596;2.3636198723;False;7389;[];[];91.01Z;2026-06-15T16:09:14.741570;75;CHAUDE;3249350;649870
18004625200177;180046252;BIBLIOTHEQUE NATIONALE DE FRANCE (BNF);;BNF;91.01Z;PUB_MUSEE;PUBLIC;Gestion des bibliothèques;11 QUAI FRANCOIS MAURIAC 75013 PARIS;75013;PARIS;75;Île-de-France;11;51;51;2000 à 4999 salariés;4999;N;ETI;22;1995-09-05;30.82546201232033;48.832645678;2.3767883296;True;7389;[];[];91.01Z;2026-06-15T16:09:14.741570;75;CHAUDE;3249350;649870
89158369200019;891583692;CENTRE MEDICAL DE SANTE AUBERVILLIERS (CMSA);;;86.90F;PRIV_SANTE_CENTRE;PRIVE;Autres activités santé;M. SAFFAR MICKAEL PDT 44 RUE DU MOUTIER 93300 AUBERVILLIERS;93300;AUBERVILLIERS;93;Île-de-France;11;12;12;20 à 49 salariés;49;O;PME;1;2020-11-13;5.634496919917864;48.915207296;2.3805141707;True;9220;"[""930030408""]";[];86.90F;2026-06-15T16:08:23.653995;75;CHAUDE;46550;9310
84488510300011;844885103;ASSOCIATION SANTE PLUS VALMY (ASPV);;ASPV;86.90F;PRIV_SANTE_CENTRE;PRIVE;Autres activités santé;5 RUE DE VALMY 93100 MONTREUIL;93100;MONTREUIL;93;Île-de-France;11;12;12;20 à 49 salariés;49;O;PME;1;2018-12-18;7.540041067761807;48.8508580439158;2.42060381379315;True;9220;"[""930029236""]";[];86.90F;2026-06-15T16:08:12.073742;75;CHAUDE;46550;9310
51879688300024;518796883;NAITRE DANS L'EST FRANCILIEN;;;86.90F;PRIV_SANTE_CENTRE;PRIVE;Autres activités santé;32 BD PAUL VAILLANT COUTURIER 93100 MONTREUIL;93100;MONTREUIL;93;Île-de-France;11;21;21;50 à 99 salariés;99;O;PME;2;2014-08-01;11.92060232717317;48.8658297873688;2.44439003108235;True;9220;"[""930033774""]";[];86.90F;2026-06-15T16:08:06.021601;75;CHAUDE;94050;18810
20009868900017;200098689;BOURSE DU TRAVAIL DE PARIS;;;84.11Z;PUB_MAIRIE;PUBLIC;Administration publique générale;3 RUE DU CHATEAU D'EAU 75010 PARIS;75010;PARIS;75;Île-de-France;11;11;11;10 à 19 salariés;19;O;PME;1;1970-04-10;56.2299794661191;48.869043779;2.3620907739;True;7379;[];[];84.11Z;2026-06-15T15:56:05.701815;75;CHAUDE;10450;2090
21950063400098;219500634;COMMUNE DE BEZONS;ECOLE ELEMENTAIRE PUB MARCEL CACHIN;;85.20Z;PUB_ECOLE;PUBLIC;Enseignement primaire;19 RUE CLAUDE BERNARD 95870 BEZONS;95870;BEZONS;95;Île-de-France;11;12;12;20 à 49 salariés;49;N;ETI;33;1983-12-21;42.53251197809719;48.923648661;2.2141860882;False;7210;[];"[""0950279M""]";84.11Z;2026-06-15T15:56:33.029985;75;CHAUDE;24500;4900
21950607800027;219506078;COMMUNE DE TAVERNY;CENTRE DE SOINS MUNICIPAL;;86.90D;PRIV_SANTE_CENTRE;PRIVE;Autres activités santé;105 RUE DU MARECHAL FOCH 95150 TAVERNY;95150;TAVERNY;95;Île-de-France;11;41;41;500 à 999 salariés;999;N;ETI;35;1983-03-16;43.29911019849418;49.023520218494;2.22699216379928;False;7210;[];[];84.11Z;2026-06-15T15:56:33.028986;75;CHAUDE;949050;189810
21950607800308;219506078;COMMUNE DE TAVERNY;MAIRIE;;84.11Z;PUB_MAIRIE;PUBLIC;Administration publique générale;HOTEL DE VILLE 2 PLACE CHARLES DE GAULLE 95150 TAVERNY;95150;TAVERNY;95;Île-de-France;11;41;41;500 à 999 salariés;999;O;ETI;35;2001-01-10;25.475701574264203;49.026091134;2.2260065567;True;7210;[];[];84.11Z;2026-06-15T15:56:33.028986;75;CHAUDE;549450;109890
21950680500015;219506805;COMMUNE DE VILLIERS LE BEL;MAIRIE;;84.11Z;PUB_MAIRIE;PUBLIC;Administration publique générale;32 RUE DE LA REPUBLIQUE 95400 VILLIERS-LE-BEL;95400;VILLIERS-LE-BEL;95;Île-de-France;11;41;41;500 à 999 salariés;999;O;ETI;36;1983-03-01;43.34017796030116;49.007531716;2.3879581378;True;7210;[];[];84.11Z;2026-06-15T15:56:33.028986;75;CHAUDE;549450;109890
13001285900398;130012859;DIRECTION DEPARTEMENTALE FINANCES PUBLIQUES VAL D'OISE (DDFIP);CDIF ERMONT VALLEE DE MONTMORENCY;DDFIP;84.11Z;PUB_MAIRIE;PUBLIC;Administration publique générale;421 RUE JEAN RICHEPIN 95120 ERMONT;95120;ERMONT;95;Île-de-France;11;42;42;1000 à 1999 salariés;1999;N;ETI;111;2010-11-01;15.668720054757015;48.990486041;2.2458838055;False;7172;[];[];84.11Z;2026-06-15T15:56:33.028986;75;CHAUDE;1099450;219890
13001285900380;130012859;DIRECTION DEPARTEMENTALE FINANCES PUBLIQUES VAL D'OISE (DDFIP);CDIF ERMONT PLAINE DE FRANCE;DDFIP;84.11Z;PUB_MAIRIE;PUBLIC;Administration publique générale;421 RUE JEAN RICHEPIN 95120 ERMONT;95120;ERMONT;95;Île-de-France;11;42;42;1000 à 1999 salariés;1999;N;ETI;111;2010-11-01;15.668720054757015;48.990486041;2.2458838055;False;7172;[];[];84.11Z;2026-06-15T15:56:33.028986;75;CHAUDE;1099450;219890
21950268900041;219502689;COMMUNE DE GARGES-LES-GONESSE;ECOLE MATERNELLE PUBLIQUE JEAN MOULIN 1;;85.10Z;PUB_ECOLE;PUBLIC;Enseignement pré-primaire;27 AVENUE FREDERIC JOLIOT-CURIE 95140 GARGES-LES-GONESSE;95140;GARGES-LES-GONESSE;95;Île-de-France;11;42;42;1000 à 1999 salariés;1999;N;ETI;45;1983-12-21;42.53251197809719;48.974739247;2.4123010115;False;7210;[];[];84.11Z;2026-06-15T15:56:33.028986;75;CHAUDE;999500;199900
13002491200011;130024912;SERVICE D'ANALYSE DE RISQUE ET DE CIBLAGE (SARC);;SARC;84.11Z;PUB_MAIRIE;PUBLIC;Administration publique générale;30 RUE RAOUL WALLENBERG 75019 PARIS;75019;PARIS;75;Île-de-France;11;12;12;20 à 49 salariés;49;N;PME;1;2016-02-29;10.340862422997947;48.879861709;2.4087790739;True;7160;[];[];84.11Z;2026-06-15T15:56:05.418770;75;CHAUDE;26950;5390
13000332000038;130003320;ACADEMIE DES TECHNOLOGIES;;;84.11Z;PUB_MAIRIE;PUBLIC;Administration publique générale;LE PONANT 19 RUE LEBLANC 75015 PARIS;75015;PARIS;75;Île-de-France;11;11;11;10 à 19 salariés;19;O;PME;3;2021-04-08;5.234770704996578;48.840219886;2.2738606494;True;7389;[];[];84.11Z;2026-06-15T15:56:06.241118;75;CHAUDE;10450;2090
18000002800019;180000028;CONSEIL NATIONAL DES COMMUNES COMPAGNON DE LA LIBERATION (CNCCL);;CNCCL;84.11Z;PUB_MAIRIE;PUBLIC;Administration publique générale;51 B BOULEVARD DE LA TOUR-MAUBOURG 75007 PARIS;75007;PARIS;75;Île-de-France;11;11;11;10 à 19 salariés;19;O;PME;1;1983-03-01;43.34017796030116;48.856810969;2.3100883611;True;7389;[];[];84.11Z;2026-06-15T15:56:06.832305;75;CHAUDE;10450;2090
13001998700010;130019987;HAUT FONCTIONNAIRE DE DEFENSE MINISTERE DE L'INTERIEUR (HFDS);;HFDS;84.11Z;PUB_MAIRIE;PUBLIC;Administration publique générale;14 RUE DE MIROMESNIL 75008 PARIS;75008;PARIS;75;Île-de-France;11;11;11;10 à 19 salariés;19;N;PME;1;2014-04-02;12.251882272416154;48.87229312;2.3162711237;True;7120;[];[];84.11Z;2026-06-15T15:56:06.544747;75;CHAUDE;10450;2090
88450286500030;884502865;MAISON MARIGNAN (MAISON MARIGNAN);MAISON MARIGNAN;;86.90F;PRIV_SANTE_CENTRE;PRIVE;Autres activités santé;29 RUE BAYEN 75017 PARIS;75017;PARIS;75;Île-de-France;11;11;11;10 à 19 salariés;19;N;PME;3;2022-11-03;3.663244353182752;48.880173066;2.2939950376;True;5710;[];[];86.90F;2026-06-15T16:05:43.267646;75;CHAUDE;18050;3610
84282542400026;842825424;ASSOCIATION SANTE PLUS STRASBOURG (ASPS);;ASPS;86.90F;PRIV_SANTE_CENTRE;PRIVE;Autres activités santé;85 RUE DE STRASBOURG 93200 SAINT-DENIS;93200;SAINT-DENIS;93;Île-de-France;11;12;12;20 à 49 salariés;49;O;PME;2;2019-12-02;6.584531143052704;48.93697395;2.3706787019;True;9220;[];[];86.90F;2026-06-15T16:05:39.806720;75;CHAUDE;46550;9310
80410494100039;804104941;EOS PSY;;;86.90F;PRIV_SANTE_CENTRE;PRIVE;Autres activités santé;47 AVENUE DU MAINE 75014 PARIS;75014;PARIS;75;Île-de-France;11;11;11;10 à 19 salariés;19;N;PME;3;2023-09-01;2.836413415468857;48.840494336;2.3219545324;True;5499;[];[];86.90F;2026-06-15T16:05:34.779746;75;CHAUDE;18050;3610
48208866300026;482088663;DE L'INFANS A L'ENFANT;;;86.90F;PRIV_SANTE_CENTRE;PRIVE;Autres activités santé;48 B RUE BOINOD 75018 PARIS;75018;PARIS;75;Île-de-France;11;11;11;10 à 19 salariés;19;O;PME;2;2006-09-01;19.835728952772072;48.894540076;2.3523947263;True;9220;[];[];86.90F;2026-06-15T16:05:15.122392;75;CHAUDE;18050;3610
39416892600027;394168926;CHALLENG'HAIR-GREFFE DES CHEVEUX;CENTRE MEDICAL MICROTRANSPL;;86.90F;PRIV_SANTE_CENTRE;PRIVE;Autres activités santé;4 AVENUE DES TERNES 75017 PARIS;75017;PARIS;75;Île-de-France;11;11;11;10 à 19 salariés;19;N;PME;2;1994-04-18;32.20807665982204;48.87821593;2.2968685676;True;5710;[];[];86.90F;2026-06-15T16:04:49.292147;75;CHAUDE;18050;3610
21950176400019;219501764;COMMUNE DE CORMEILLES EN PARISIS;MAIRIE;;84.11Z;PUB_MAIRIE;PUBLIC;Administration publique générale;3 AVENUE MAURICE BERTEAUX 95240 CORMEILLES-EN-PARISIS;95240;CORMEILLES-EN-PARISIS;95;Île-de-France;11;41;41;500 à 999 salariés;999;O;ETI;22;1983-03-01;43.34017796030116;48.976050633;2.1995755086;True;7210;[];[];84.11Z;2026-06-15T15:56:33.649699;75;CHAUDE;549450;109890
21950219200038;219502192;COMMUNE DE ERMONT;ECOLE MATERNELLE PUBLIQUE LOUIS PERGAUD;;85.10Z;PUB_ECOLE;PUBLIC;Enseignement pré-primaire;71 RUE DE LA PETITE BAPAUME 95120 ERMONT;95120;ERMONT;95;Île-de-France;11;41;41;500 à 999 salariés;999;N;ETI;23;1983-12-21;42.53251197809719;48.9940226956933;2.25089367011151;False;7210;[];[];84.11Z;2026-06-15T15:56:33.030985;75;CHAUDE;499500;99900
21950219200020;219502192;COMMUNE DE ERMONT;ECOLE ELEMENTAIRE PUBLIQUE LOUIS PERGAUD;;85.20Z;PUB_ECOLE;PUBLIC;Enseignement primaire;71 RUE DE LA PETITE BAPAUME 95120 ERMONT;95120;ERMONT;95;Île-de-France;11;41;41;500 à 999 salariés;999;N;ETI;23;1983-12-21;42.53251197809719;48.9940226956933;2.25089367011151;False;7210;[];[];84.11Z;2026-06-15T15:56:33.030985;75;CHAUDE;499500;99900
21950219200012;219502192;COMMUNE DE ERMONT;MAIRIE;;84.11Z;PUB_MAIRIE;PUBLIC;Administration publique générale;100 RUE LOUIS SAVOIE 95120 ERMONT;95120;ERMONT;95;Île-de-France;11;41;41;500 à 999 salariés;999;O;ETI;23;1983-03-01;43.34017796030116;48.991840319;2.2587575635;True;7210;[];[];84.11Z;2026-06-15T15:56:33.030985;75;CHAUDE;549450;109890
21950582300126;219505823;COMMUNE DE SANNOIS;ECOLE MATERNELLE RENE PRAT;;85.10Z;PUB_ECOLE;PUBLIC;Enseignement pré-primaire;76 RUE DU MARECHAL JOFFRE 95110 SANNOIS;95110;SANNOIS;95;Île-de-France;11;41;41;500 à 999 salariés;999;N;ETI;25;1983-12-21;42.53251197809719;48.974172346;2.264186895;False;7210;[];"[""0950597H""]";84.11Z;2026-06-15T15:56:33.029985;75;CHAUDE;499500;99900
21950582300019;219505823;COMMUNE DE SANNOIS;MAIRIE;;84.11Z;PUB_MAIRIE;PUBLIC;Administration publique générale;PLACE DU GENERAL LECLERC 95110 SANNOIS;95110;SANNOIS;95;Île-de-France;11;41;41;500 à 999 salariés;999;O;ETI;25;1983-03-01;43.34017796030116;48.971721442;2.2565810719;True;7210;"[""950014480""]";[];84.11Z;2026-06-15T15:56:33.029985;75;CHAUDE;549450;109890
21950555900019;219505559;COMMUNE DE SAINT GRATIEN;MAIRIE;;84.11Z;PUB_MAIRIE;PUBLIC;Administration publique générale;1 PLACE GAMBETTA 95210 SAINT-GRATIEN;95210;SAINT-GRATIEN;95;Île-de-France;11;32;32;250 à 499 salariés;499;O;ETI;28;1983-03-01;43.34017796030116;48.970629982;2.2834080351;True;7210;[];[];84.11Z;2026-06-15T15:56:33.029985;75;CHAUDE;274450;54890
21950277000023;219502770;COMMUNE DE GONESSE;ECOL PRIM LE HAMEAU DES TULIPE;;85.20Z;PUB_ECOLE;PUBLIC;Enseignement primaire;35 RUE MAURICE RAVEL 95500 GONESSE;95500;GONESSE;95;Île-de-France;11;41;41;500 à 999 salariés;999;N;ETI;35;1983-12-21;42.53251197809719;48.99235343;2.4241599091;False;7210;[];[];84.11Z;2026-06-15T15:56:33.029985;75;CHAUDE;499500;99900
21950277000015;219502770;COMMUNE DE GONESSE;MAIRIE;;84.11Z;PUB_MAIRIE;PUBLIC;Administration publique générale;66 RUE DE PARIS 95500 GONESSE;95500;GONESSE;95;Île-de-France;11;41;41;500 à 999 salariés;999;O;ETI;35;1983-03-01;43.34017796030116;48.986414934;2.4500253309;True;7210;[];[];84.11Z;2026-06-15T15:56:33.029985;75;CHAUDE;549450;109890
21950252300075;219502523;COMMUNE DE FRANCONVILLE;ECOLE ELEMENT. PUBL. FERDINAND BUISSON 2;;85.20Z;PUB_ECOLE;PUBLIC;Enseignement primaire;16 BOULEVARD MAURICE BERTEAUX 95130 FRANCONVILLE;95130;FRANCONVILLE;95;Île-de-France;11;42;42;1000 à 1999 salariés;1999;N;ETI;32;1983-12-21;42.53251197809719;48.9859192367934;2.22828602823267;False;7210;[];[];84.11Z;2026-06-15T15:56:33.029985;75;CHAUDE;999500;199900
21950252300018;219502523;COMMUNE DE FRANCONVILLE;MAIRIE;;84.11Z;PUB_MAIRIE;PUBLIC;Administration publique générale;11 RUE DE LA STATION 95130 FRANCONVILLE;95130;FRANCONVILLE;95;Île-de-France;11;42;42;1000 à 1999 salariés;1999;O;ETI;32;1983-03-01;43.34017796030116;48.986136068;2.2300947215;True;7210;[];[];84.11Z;2026-06-15T15:56:33.029985;75;CHAUDE;1099450;219890
21950598900059;219505989;COMMUNE DE SOISY-SOUS-MONTMORENCY;ECOLE ELEMENTAIRE PUBL. RENE DESCARTES 2;;85.20Z;PUB_ECOLE;PUBLIC;Enseignement primaire;5 CHE DES ECOLIERS 95230 SOISY SS MONTMORENCY;95230;SOISY SS MONTMORENCY;95;Île-de-France;11;32;32;250 à 499 salariés;499;N;ETI;18;1983-12-21;42.53251197809719;48.979547419;2.2971661357;False;7210;[];[];84.11Z;2026-06-15T15:56:33.650698;75;CHAUDE;249500;49900
21950598900026;219505989;COMMUNE DE SOISY-SOUS-MONTMORENCY;CENTRE MEDICO-SOCIAL MUNICIPAL;;86.90D;PRIV_SANTE_CENTRE;PRIVE;Autres activités santé;10 RUE DES ECOLES 95230 SOISY-SOUS-MONTMORENCY;95230;SOISY-SOUS-MONTMORENCY;95;Île-de-France;11;32;32;250 à 499 salariés;499;N;ETI;18;1983-03-16;43.29911019849418;48.986633701;2.2980566643;False;7210;[];[];84.11Z;2026-06-15T15:56:33.650698;75;CHAUDE;474050;94810
21950598900018;219505989;COMMUNE DE SOISY-SOUS-MONTMORENCY;MAIRIE;;84.11Z;PUB_MAIRIE;PUBLIC;Administration publique générale;HOTEL DE VILLE 2 AVENUE DU GENERAL DE GAULLE 95230 SOISY-SOUS-MONTMORENCY;95230;SOISY-SOUS-MONTMORENCY;95;Île-de-France;11;32;32;250 à 499 salariés;499;O;ETI;18;1983-03-01;43.34017796030116;48.987368476;2.3002579333;True;7210;[];[];84.11Z;2026-06-15T15:56:33.650698;75;CHAUDE;274450;54890
21950203600045;219502036;COMMUNE DE EAUBONNE;ECOLE MATERNELLE PUBLIQUE FLAMMARION;;85.10Z;PUB_ECOLE;PUBLIC;Enseignement pré-primaire;7 RUE FLAMMARION 95600 EAUBONNE;95600;EAUBONNE;95;Île-de-France;11;41;41;500 à 999 salariés;999;N;ETI;22;1983-12-21;42.53251197809719;49.003364572;2.2755900359;False;7210;[];[];84.11Z;2026-06-15T15:56:33.650698;75;CHAUDE;499500;99900
21950203600011;219502036;COMMUNE DE EAUBONNE;MAIRIE;;84.11Z;PUB_MAIRIE;PUBLIC;Administration publique générale;1 RUE D'ENGHIEN 95600 EAUBONNE;95600;EAUBONNE;95;Île-de-France;11;32;32;250 à 499 salariés;499;O;ETI;22;1983-03-01;43.34017796030116;48.991123005;2.2794121804;True;7210;[];[];84.11Z;2026-06-15T15:56:33.649699;75;CHAUDE;274450;54890
21950199600017;219501996;COMMUNE DE DOMONT;MAIRIE;;84.11Z;PUB_MAIRIE;PUBLIC;Administration publique générale;47 RUE DE LA MAIRIE 95330 DOMONT;95330;DOMONT;95;Île-de-France;11;32;32;250 à 499 salariés;499;O;ETI;18;1983-03-01;43.34017796030116;49.027370168;2.3266542901;True;7210;[];[];84.11Z;2026-06-15T15:56:33.649699;75;CHAUDE;274450;54890
21950197000012;219501970;COMMUNE DE DEUIL LA BARRE;MAIRIE;;84.11Z;PUB_MAIRIE;PUBLIC;Administration publique générale;36 RUE CHARLES DE GAULLE 95170 DEUIL-LA-BARRE;95170;DEUIL-LA-BARRE;95;Île-de-France;11;32;32;250 à 499 salariés;499;O;ETI;17;1983-03-01;43.34017796030116;48.975381367;2.3284371493;True;7210;[];[];84.11Z;2026-06-15T15:56:33.649699;75;CHAUDE;274450;54890
21950306700015;219503067;COMMUNE DE HERBLAY-SUR-SEINE;MAIRIE;;84.11Z;PUB_MAIRIE;PUBLIC;Administration publique générale;43 RUE GAL DE GAULLE 95220 HERBLAY-SUR-SEINE;95220;HERBLAY-SUR-SEINE;95;Île-de-France;11;41;41;500 à 999 salariés;999;O;ETI;22;1983-03-01;43.34017796030116;48.990017739;2.1651647631;True;7210;[];[];84.11Z;2026-06-15T15:56:33.649699;75;CHAUDE;549450;109890
21950176400134;219501764;COMMUNE DE CORMEILLES EN PARISIS;ECOLE MATERN PUBLIQ LES CHAMPS GUILLAUME;;85.10Z;PUB_ECOLE;PUBLIC;Enseignement pré-primaire;RUE DES CHAMPS GUILLAUME 95240 CORMEILLES-EN-PARISIS;95240;CORMEILLES-EN-PARISIS;95;Île-de-France;11;41;41;500 à 999 salariés;999;N;ETI;22;1986-02-05;40.40520191649555;48.963675608;2.1966792704;False;7210;[];[];84.11Z;2026-06-15T15:56:33.649699;75;CHAUDE;499500;99900
21950176400076;219501764;COMMUNE DE CORMEILLES EN PARISIS;ECOLE MATERNELLE PUBLIQUE JULES FERRY;;85.10Z;PUB_ECOLE;PUBLIC;Enseignement pré-primaire;22 RUE JULES FERRY 95240 CORMEILLES-EN-PARISIS;95240;CORMEILLES-EN-PARISIS;95;Île-de-France;11;41;41;500 à 999 salariés;999;N;ETI;22;1983-12-21;42.53251197809719;48.967430924;2.1993184076;False;7210;[];[];84.11Z;2026-06-15T15:56:33.649699;75;CHAUDE;499500;99900
83162039800030;831620398;THE ALLIANCE FOR INTERNATIONAL MEDICAL ACTION (ALIMA);;ALIMA;86.90F;PRIV_SANTE_CENTRE;PRIVE;Autres activités santé;1 RUE PHILIDOR 75020 PARIS;75020;PARIS;75;Île-de-France;11;12;12;20 à 49 salariés;49;N;PME;3;2024-06-26;2.0177960301163584;48.8505268119544;2.4076913213134;True;9220;[];[];86.90F;2026-06-15T16:04:37.646221;75;CHAUDE;46550;9310
80540412600031;805404126;LE 190 (LE 190);;LE 190;86.90F;PRIV_SANTE_CENTRE;PRIVE;Autres activités santé;90 RUE JEAN-PIERRE TIMBAUD 75011 PARIS;75011;PARIS;75;Île-de-France;11;12;12;20 à 49 salariés;49;O;PME;3;2018-08-01;7.920602327173169;48.867553862;2.3771725492;True;9220;"[""750046484""]";[];86.90F;2026-06-15T16:04:20.808176;75;CHAUDE;46550;9310
45254783900012;452547839;RES PRISE CHARGE PREVEN OBESI PEDIAT IDF (REPOP IDF);;REPOP IDF;86.90F;PRIV_SANTE_CENTRE;PRIVE;Autres activités santé;HOP NECKER ENF MALADE PORTE N4 2E ETAG 149 RUE DE SEVRES 75015 PARIS;75015;PARIS;75;Île-de-France;11;11;11;10 à 19 salariés;19;O;PME;1;2002-05-16;24.13141683778234;48.846035994;2.3144812807;True;9220;[];[];86.90F;2026-06-15T16:04:15.320887;75;CHAUDE;18050;3610
52907934500029;529079345;ASSOCIATION CONSULTATION ET LIEU D'ACCUEIL PSYCHANALYTIQUE (CLAP);;CLAP;86.90F;PRIV_SANTE_CENTRE;PRIVE;Autres activités santé;62 RUE CATHERINE DE LA ROCHEFOUCAULD 75009 PARIS;75009;PARIS;75;Île-de-France;11;11;11;10 à 19 salariés;19;O;PME;2;2017-09-18;8.788501026694044;48.880655267;2.3356645385;True;9220;[];[];86.90F;2026-06-15T16:04:03.036372;75;CHAUDE;18050;3610
52845366500036;528453665;EUTELMED;;;86.90F;PRIV_SANTE_CENTRE;PRIVE;Autres activités santé;28 RUE D'ABOUKIR 75002 PARIS;75002;PARIS;75;Île-de-France;11;11;11;10 à 19 salariés;19;N;PME;3;2017-11-02;8.6652977412731;48.866847875;2.3445172632;True;5710;[];[];86.90F;2026-06-15T16:04:01.193580;75;CHAUDE;18050;3610
13001494701199;130014947;DIRECTION DEPARTEMENTALE FINANCES PUBLIQUES YVELINES (DDFIP);CENTRE DES PAYES DE L'ETAT;DDFIP;84.11Z;PUB_MAIRIE;PUBLIC;Administration publique générale;16 AVENUE DE SAINT-CLOUD 78000 VERSAILLES;78000;VERSAILLES;78;Île-de-France;11;42;42;1000 à 1999 salariés;1999;N;ETI;135;2020-01-01;6.50239561943874;48.804375749;2.1303355468;False;7172;[];[];84.11Z;2026-06-15T15:56:17.245094;75;CHAUDE;1099450;219890
13001494701181;130014947;DIRECTION DEPARTEMENTALE FINANCES PUBLIQUES YVELINES (DDFIP);TRESORERIE DE VERSAILLES ETS HOSPITALIERS;DDFIP;84.11Z;PUB_MAIRIE;PUBLIC;Administration publique générale;CENTRE DES FINANCES PUBLIQUES 12 RUE DE L’ECOLE DES POSTES 78000 VERSAILLES;78000;VERSAILLES;78;Île-de-France;11;42;42;1000 à 1999 salariés;1999;N;ETI;135;2019-12-01;6.587268993839836;48.801885247;2.1594894249;False;7172;[];[];84.11Z;2026-06-15T15:56:17.245094;75;CHAUDE;1099450;219890
13001494701165;130014947;DIRECTION DEPARTEMENTALE FINANCES PUBLIQUES YVELINES (DDFIP);SDE VERSAILLES;DDFIP;84.11Z;PUB_MAIRIE;PUBLIC;Administration publique générale;CENTRE DES FINANCES PUBLIQUES 12 RUE DE L’ECOLE DES POSTES 78000 VERSAILLES;78000;VERSAILLES;78;Île-de-France;11;42;42;1000 à 1999 salariés;1999;N;ETI;135;2018-09-01;7.835728952772074;48.801885247;2.1594894249;False;7172;[];[];84.11Z;2026-06-15T15:56:17.245094;75;CHAUDE;1099450;219890
13001494701041;130014947;DIRECTION DEPARTEMENTALE FINANCES PUBLIQUES YVELINES (DDFIP);SCE DIRECTION CHARGE FDL-AGRI VERSAILLES;DDFIP;84.11Z;PUB_MAIRIE;PUBLIC;Administration publique générale;16 AVENUE DE SAINT-CLOUD 78000 VERSAILLES;78000;VERSAILLES;78;Île-de-France;11;42;42;1000 à 1999 salariés;1999;N;ETI;135;2012-09-21;13.779603011635864;48.804375749;2.1303355468;False;7172;[];[];84.11Z;2026-06-15T15:56:17.245094;75;CHAUDE;1099450;219890
13001494700019;130014947;DIRECTION DEPARTEMENTALE FINANCES PUBLIQUES YVELINES (DDFIP);;DDFIP;84.11Z;PUB_MAIRIE;PUBLIC;Administration publique générale;16 AVENUE DE SAINT-CLOUD 78000 VERSAILLES;78000;VERSAILLES;78;Île-de-France;11;32;32;250 à 499 salariés;499;O;ETI;135;2011-07-13;14.97330595482546;48.804308326;2.129858068;True;7172;[];[];84.11Z;2026-06-15T15:56:17.245094;75;CHAUDE;274450;54890
18000701502619;180007015;OFFICE NATIONAL DES COMBATTANTS ET DES VICTIMES DE GUERRE (ONACVG);SERVICE DEPARTEMENTAL DES YVELINES;ONACVG;84.11Z;PUB_MAIRIE;PUBLIC;Administration publique générale;CASERNE D'ARTOIS 9 T RUE EDOUARD LEFEBVRE 78000 VERSAILLES;78000;VERSAILLES;78;Île-de-France;11;41;41;500 à 999 salariés;999;N;ETI;246;2025-09-19;0.785763175906913;48.7982571381086;2.1326076965698;False;7389;[];[];84.11Z;2026-06-15T15:56:17.245094;75;CHAUDE;549450;109890
21950428900089;219504289;COMMUNE DE MONTMORENCY;ECOLE MATERNELLE PUBLIQUE LA FONTAINE;;85.10Z;PUB_ECOLE;PUBLIC;Enseignement pré-primaire;1 RUE CORNEILLE 95160 MONTMORENCY;95160;MONTMORENCY;95;Île-de-France;11;41;41;500 à 999 salariés;999;N;ETI;16;1983-12-21;42.53251197809719;49.0081020319638;2.31950702639848;False;7210;[];[];84.11Z;2026-06-15T15:56:33.651698;75;CHAUDE;499500;99900
21950428900071;219504289;COMMUNE DE MONTMORENCY;ECOLE PRIMAIRE PUB LA FONTAINE NUMERO 2;;85.20Z;PUB_ECOLE;PUBLIC;Enseignement primaire;1 RUE CORNEILLE 95160 MONTMORENCY;95160;MONTMORENCY;95;Île-de-France;11;41;41;500 à 999 salariés;999;N;ETI;16;1983-12-21;42.53251197809719;49.0081020319638;2.31950702639848;False;7210;[];[];84.11Z;2026-06-15T15:56:33.651698;75;CHAUDE;499500;99900
21950428900014;219504289;COMMUNE DE MONTMORENCY;MAIRIE;;84.11Z;PUB_MAIRIE;PUBLIC;Administration publique générale;2 AVENUE FOCH 95160 MONTMORENCY;95160;MONTMORENCY;95;Île-de-France;11;32;32;250 à 499 salariés;499;O;ETI;16;1983-03-01;43.34017796030116;48.989500242;2.3208544227;True;7210;[];[];84.11Z;2026-06-15T15:56:33.651698;75;CHAUDE;274450;54890
21950427100012;219504271;COMMUNE DE MONTMAGNY;MAIRIE;;84.11Z;PUB_MAIRIE;PUBLIC;Administration publique générale;10 RUE DU 11 NOVEMBRE 1918 95360 MONTMAGNY;95360;MONTMAGNY;95;Île-de-France;11;32;32;250 à 499 salariés;499;O;ETI;14;1983-03-01;43.34017796030116;48.974861352;2.3458037015;True;7210;[];[];84.11Z;2026-06-15T15:56:33.650698;75;CHAUDE;274450;54890
17780231100262;177802311;DIRECTION REGIONALE DES DOUANES PARIS-OUEST (DRD);RECETTE LOCALE DE GONESSE;DRD;84.11Z;PUB_MAIRIE;PUBLIC;Administration publique générale;4 PL DU GEN DE GAULLE 95500 GONESSE;95500;GONESSE;95;Île-de-France;11;22;22;100 à 199 salariés;199;N;PME;27;1995-12-12;30.55715263518138;48.986126297;2.448697048;False;7172;[];[];84.11Z;2026-06-15T15:56:33.650698;75;CHAUDE;109450;21890
17780231100247;177802311;DIRECTION REGIONALE DES DOUANES PARIS-OUEST (DRD);ANTENNE DE GARGES LES GONESSE;DRD;84.11Z;PUB_MAIRIE;PUBLIC;Administration publique générale;ET N°19 17 BOULEVARD DE LA MUETTE 95140 GARGES-LES-GONESSE;95140;GARGES-LES-GONESSE;95;Île-de-France;11;22;22;100 à 199 salariés;199;N;PME;27;1995-12-12;30.55715263518138;48.9781073433599;2.40982186190534;False;7172;[];[];84.11Z;2026-06-15T15:56:33.650698;75;CHAUDE;109450;21890
20005848500018;200058485;CA VAL PARISIS (CAVP);;CAVP;84.11Z;PUB_MAIRIE;PUBLIC;Administration publique générale;271 CHAUSSEE JULES CESAR 95250 BEAUCHAMP;95250;BEAUCHAMP;95;Île-de-France;11;32;32;250 à 499 salariés;499;O;ETI;16;2016-01-01;10.50239561943874;49.013608931;2.177288203;True;7348;[];[];84.11Z;2026-06-15T15:56:33.650698;75;CHAUDE;274450;54890
21950424800077;219504248;COMMUNE DE MONTIGNY LES CORMEILLES;ECOLE MATERNELLE PUBLIQUE HENRI MATISSE;;85.10Z;PUB_ECOLE;PUBLIC;Enseignement pré-primaire;PLACE GERARD DE NERVAL 95370 MONTIGNY-LES-CORMEILLES;95370;MONTIGNY-LES-CORMEILLES;95;Île-de-France;11;41;41;500 à 999 salariés;999;N;ETI;20;1983-12-21;42.53251197809719;48.994166739;2.2071138554;False;7210;[];[];84.11Z;2026-06-15T15:56:33.650698;75;CHAUDE;499500;99900
21950424800051;219504248;COMMUNE DE MONTIGNY LES CORMEILLES;ECOLE MATERNELLE PUBLIQUE PAUL CEZANNE;;85.10Z;PUB_ECOLE;PUBLIC;Enseignement pré-primaire;132 RUE GENERAL DE GAULLE 95370 MONTIGNY-LES-CORMEILLES;95370;MONTIGNY-LES-CORMEILLES;95;Île-de-France;11;41;41;500 à 999 salariés;999;N;ETI;20;1983-12-21;42.53251197809719;48.997418775;2.1952912296;False;7210;[];[];84.11Z;2026-06-15T15:56:33.650698;75;CHAUDE;499500;99900
21950424800010;219504248;COMMUNE DE MONTIGNY LES CORMEILLES;MAIRIE;;84.11Z;PUB_MAIRIE;PUBLIC;Administration publique générale;14 RUE FORTUNE CHARLOT 95370 MONTIGNY-LES-CORMEILLES;95370;MONTIGNY-LES-CORMEILLES;95;Île-de-France;11;32;32;250 à 499 salariés;499;O;ETI;20;1983-03-01;43.34017796030116;48.98758178;2.1878376767;True;7210;[];[];84.11Z;2026-06-15T15:56:33.650698;75;CHAUDE;274450;54890
21950288700058;219502887;COMMUNE DE GROSLAY;ECOLE MATERNELLE PUBLIQUE LES GLAISIERES;;85.10Z;PUB_ECOLE;PUBLIC;Enseignement pré-primaire;RUE DES GLAISIERES 95410 GROSLAY;95410;GROSLAY;95;Île-de-France;11;22;22;100 à 199 salariés;199;N;PME;10;1983-12-21;42.53251197809719;48.982646698;2.3544677892;False;7210;[];[];84.11Z;2026-06-15T15:56:34.181314;75;CHAUDE;99500;19900
21950288700017;219502887;COMMUNE DE GROSLAY;MAIRIE;;84.11Z;PUB_MAIRIE;PUBLIC;Administration publique générale;21 RUE DU GENERAL LECLERC 95410 GROSLAY;95410;GROSLAY;95;Île-de-France;11;22;22;100 à 199 salariés;199;O;PME;10;1983-03-01;43.34017796030116;48.986875525;2.3458253025;True;7210;[];[];84.11Z;2026-06-15T15:56:34.181314;75;CHAUDE;109450;21890
21950229100103;219502291;COMMUNE DE EZANVILLE;ECOLE MATERNELLE PUBLIQ LES BOURGUIGNONS;;85.20Z;PUB_ECOLE;PUBLIC;Enseignement primaire;RUE DE NORMANDIE 95460 EZANVILLE;95460;EZANVILLE;95;Île-de-France;11;31;31;200 à 249 salariés;249;N;PME;10;1987-07-17;38.96235455167693;49.037480901;2.3510506018;False;7210;[];[];84.11Z;2026-06-15T15:56:34.180316;75;CHAUDE;124500;24900
21950229100038;219502291;COMMUNE DE EZANVILLE;ECOLE MATERNELLE PUBLIQUE PAUL FORT;;85.10Z;PUB_ECOLE;PUBLIC;Enseignement pré-primaire;RUE DU BON-AIR 95460 EZANVILLE;95460;EZANVILLE;95;Île-de-France;11;31;31;200 à 249 salariés;249;N;PME;10;1983-12-21;42.53251197809719;49.032108148;2.3552203704;False;7210;[];[];84.11Z;2026-06-15T15:56:34.180316;75;CHAUDE;124500;24900
21950229100012;219502291;COMMUNE DE EZANVILLE;MAIRIE;;84.11Z;PUB_MAIRIE;PUBLIC;Administration publique générale;PLACE JULES RODET 95460 EZANVILLE;95460;EZANVILLE;95;Île-de-France;11;22;22;100 à 199 salariés;199;O;PME;10;1983-03-01;43.34017796030116;49.032016227;2.3622380587;True;7210;[];[];84.11Z;2026-06-15T15:56:34.180316;75;CHAUDE;109450;21890
21950091500018;219500915;COMMUNE DE BOUFFEMONT;MAIRIE;;84.11Z;PUB_MAIRIE;PUBLIC;Administration publique générale;45 RUE DE LA REPUBLIQUE 95570 BOUFFEMONT;95570;BOUFFEMONT;95;Île-de-France;11;22;22;100 à 199 salariés;199;O;PME;12;1983-03-01;43.34017796030116;49.043291442;2.2992938437;True;7210;[];[];84.11Z;2026-06-15T15:56:34.180316;75;CHAUDE;109450;21890
21950051900125;219500519;COMMUNE DE BEAUCHAMP;SERVICE D'ASSAINISSEMENT;;84.12Z;PUB_MAIRIE;PUBLIC;Administration publique;MAIRIE PLACE CAMILLE FOUINAT 95250 BEAUCHAMP;95250;BEAUCHAMP;95;Île-de-France;11;32;32;250 à 499 salariés;499;N;PME;10;1999-12-25;26.521560574948666;49.011379805;2.1982722506;False;7210;[];[];84.11Z;2026-06-15T15:56:34.180316;75;CHAUDE;274450;54890
21950051900018;219500519;COMMUNE DE BEAUCHAMP;MAIRIE;;84.11Z;PUB_MAIRIE;PUBLIC;Administration publique générale;PLACE CAMILLE FOUINAT 95250 BEAUCHAMP;95250;BEAUCHAMP;95;Île-de-France;11;31;31;200 à 249 salariés;249;O;PME;10;1983-03-01;43.34017796030116;49.011553271;2.1998089755;True;7210;[];[];84.11Z;2026-06-15T15:56:34.179312;75;CHAUDE;136950;27390
21950563300012;219505633;COMMUNE DE SAINT LEU LA FORET;MAIRIE;;84.11Z;PUB_MAIRIE;PUBLIC;Administration publique générale;MAIRIE SAINT LEU LA FORET 52 RUE DU GENERAL LECLERC 95320 SAINT-LEU-LA-FORET;95320;SAINT-LEU-LA-FORET;95;Île-de-France;11;32;32;250 à 499 salariés;499;O;ETI;10;1983-03-01;43.34017796030116;49.0189580883936;2.24385200432346;True;7210;[];[];84.11Z;2026-06-15T15:56:34.179312;75;CHAUDE;274450;54890
21950019600130;219500196;COMMUNE DE ARNOUVILLE;MAIRIE;;84.11Z;PUB_MAIRIE;PUBLIC;Administration publique générale;15-17 15 RUE ROBERT SCHUMAN 95400 ARNOUVILLE;95400;ARNOUVILLE;95;Île-de-France;11;32;32;250 à 499 salariés;499;N;ETI;14;1986-01-01;40.50102669404517;48.989547307;2.4205228814;True;7210;[];[];84.11Z;2026-06-15T15:56:33.651698;75;CHAUDE;274450;54890
21950539300013;219505393;COMMUNE DE SAINT BRICE SOUS FORET;MAIRIE;;84.11Z;PUB_MAIRIE;PUBLIC;Administration publique générale;8 RUE JEAN-JACQUES ROUSSEAU 95350 SAINT-BRICE-SOUS-FORET;95350;SAINT-BRICE-SOUS-FORET;95;Île-de-France;11;32;32;250 à 499 salariés;499;O;ETI;14;1983-03-01;43.34017796030116;49.002989115;2.3542903254;True;7210;[];[];84.11Z;2026-06-15T15:56:33.651698;75;CHAUDE;274450;54890
21950428900113;219504289;COMMUNE DE MONTMORENCY;ECOLE MATERNELLE PUBLIQUE LOUIS PASTEUR;;85.10Z;PUB_ECOLE;PUBLIC;Enseignement pré-primaire;PLACE CLAUDE LALLET 95160 MONTMORENCY;95160;MONTMORENCY;95;Île-de-France;11;41;41;500 à 999 salariés;999;N;ETI;16;1983-12-21;42.53251197809719;48.987009885;2.3224470737;False;7210;[];"[""0950494W""]";84.11Z;2026-06-15T15:56:33.651698;75;CHAUDE;499500;99900
21950428900097;219504289;COMMUNE DE MONTMORENCY;ECOLE MATERNELLE PUBL. FERDINAND BUISSON;;85.10Z;PUB_ECOLE;PUBLIC;Enseignement pré-primaire;AV 1ERE ARMEE FRANCAISE 95160 MONTMORENCY;95160;MONTMORENCY;95;Île-de-France;11;41;41;500 à 999 salariés;999;N;ETI;16;1983-12-21;42.53251197809719;48.99865097;2.3214691128;False;7210;[];[];84.11Z;2026-06-15T15:56:33.651698;75;CHAUDE;499500;99900
21930048000015;219300480;COMMUNE DE MONTREUIL;MAIRIE;;84.11Z;PUB_MAIRIE;PUBLIC;Administration publique générale;HOTEL DE VILLE PLACE JEAN JAURES 93100 MONTREUIL;93100;MONTREUIL;93;Île-de-France;11;51;51;2000 à 4999 salariés;4999;O;ETI;96;1983-03-01;43.34017796030116;48.862323469;2.4413027939;True;7210;[];[];84.11Z;2026-06-15T15:56:07.221786;75;CHAUDE;2749450;549890
22930008201453;229300082;DEPARTEMENT DE LA SEINE SAINT DENIS;;;84.11Z;PUB_MAIRIE;PUBLIC;Administration publique générale;3 ESP JEAN MOULIN 93000 BOBIGNY;93000;BOBIGNY;93;Île-de-France;11;52;52;5000 à 9999 salariés;9999;O;GE;150;2013-02-19;13.36618754277892;48.905347502;2.4503143943;True;7220;"[""930029368""]";[];84.11Z;2026-06-15T15:56:07.221786;75;CHAUDE;5499450;1099890
20009386200015;200093862;SI FUNERAIRE DE LA REGION PARISIENNE (SIFUREP) (SIFUREP);;SIFUREP;84.11Z;PUB_MAIRIE;PUBLIC;Administration publique générale;175 RUE DE BERCY 75012 PARIS;75012;PARIS;75;Île-de-France;11;12;12;20 à 49 salariés;49;O;PME;1;2018-01-01;8.501026694045175;48.842630674;2.374183891;True;7345;[];[];84.11Z;2026-06-15T15:56:06.832305;75;CHAUDE;26950;5390
48896052700023;488960527;CITHEA FAMILLE ET PROFESSIONNEL - CENTRE D'INTERVENTION THERAPEUTIQUE ET D'ACCOMPAGNEMENT (CITHEA);;CITHEA;86.90F;PRIV_SANTE_CENTRE;PRIVE;Autres activités santé;43 RUE DE CHARENTON 75012 PARIS;75012;PARIS;75;Île-de-France;11;12;12;20 à 49 salariés;49;O;PME;16;2010-05-14;16.136892539356605;48.851664908;2.3719725926;True;9220;[];[];86.90F;2026-06-15T16:03:38.693484;75;CHAUDE;46550;9310
21940046200012;219400462;COMMUNE DE MAISONS ALFORT;MAIRIE;;84.11Z;PUB_MAIRIE;PUBLIC;Administration publique générale;118 AVENUE DU GENERAL DE GAULLE 94700 MAISONS-ALFORT;94700;MAISONS-ALFORT;94;Île-de-France;11;42;42;1000 à 1999 salariés;1999;O;ETI;38;1983-03-01;43.34017796030116;48.801124386;2.4307973788;True;7210;"[""940032022""]";[];84.11Z;2026-06-15T15:56:30.569676;75;CHAUDE;1099450;219890
21940080100128;219400801;COMMUNE DE VINCENNES;ECOLE ELEMENTAIRE OUEST;;85.20Z;PUB_ECOLE;PUBLIC;Enseignement primaire;22 RUE VICTOR BASCH 94300 VINCENNES;94300;VINCENNES;94;Île-de-France;11;12;12;20 à 49 salariés;49;N;ETI;40;1983-12-21;42.53251197809719;48.8480006454908;2.42721972462791;False;7210;[];"[""0940177G""]";84.11Z;2026-06-15T15:56:30.569676;75;CHAUDE;24500;4900
21940080100029;219400801;COMMUNE DE VINCENNES;MAIRIE COLON SCOLAIR VACANCE;;84.11Z;PUB_MAIRIE;PUBLIC;Administration publique générale;53 RUE DE FONTENAY 94300 VINCENNES;94300;VINCENNES;94;Île-de-France;11;41;41;500 à 999 salariés;999;N;ETI;40;1983-03-16;43.29911019849418;48.8478221948407;2.44026999593582;False;7210;[];[];84.11Z;2026-06-15T15:56:30.569676;75;CHAUDE;549450;109890
21940080100011;219400801;COMMUNE DE VINCENNES;MAIRIE;;84.11Z;PUB_MAIRIE;PUBLIC;Administration publique générale;53 B RUE DE FONTENAY 94300 VINCENNES;94300;VINCENNES;94;Île-de-France;11;41;41;500 à 999 salariés;999;O;ETI;40;1983-03-01;43.34017796030116;48.847843222;2.4398049563;True;7210;[];[];84.11Z;2026-06-15T15:56:30.569676;75;CHAUDE;549450;109890
21950369500013;219503695;COMMUNE DE MARGENCY;MAIRIE;;84.11Z;PUB_MAIRIE;PUBLIC;Administration publique générale;AVENUE GEORGES POMPIDOU 95580 MARGENCY;95580;MARGENCY;95;Île-de-France;11;21;21;50 à 99 salariés;99;O;PME;4;1983-03-01;43.34017796030116;49.001271006;2.287508199;True;7210;[];[];84.11Z;2026-06-15T15:56:34.670032;75;CHAUDE;54450;10890
21950014700067;219500147;COMMUNE DE ANDILLY;ECOLE PRIMAIRE FRANIA EISENBACH HAVERLAND;;85.20Z;PUB_ECOLE;PUBLIC;Enseignement primaire;6 ROUTE DE LA BERCHERE 95580 ANDILLY;95580;ANDILLY;95;Île-de-France;11;21;21;50 à 99 salariés;99;N;PME;6;2025-09-01;0.8350444900752909;49.0097480229481;2.31076798223296;False;7210;[];"[""0952378U""]";84.11Z;2026-06-15T15:56:34.669034;75;CHAUDE;49500;9900
21950612800087;219506128;COMMUNE DE LE THILLAY;MAIRIE;;84.11Z;PUB_MAIRIE;PUBLIC;Administration publique générale;21 RUE DE PARIS 95500 LE THILLAY;95500;LE THILLAY;95;Île-de-France;11;21;21;50 à 99 salariés;99;O;PME;7;2015-06-01;11.08829568788501;49.0018429256115;2.46926174444957;True;7210;[];[];84.11Z;2026-06-15T15:56:34.669034;75;CHAUDE;54450;10890
21950491700010;219504917;COMMUNE DE LE PLESSIS BOUCHARD;MAIRIE;;84.11Z;PUB_MAIRIE;PUBLIC;Administration publique générale;3 RUE PIERRE BROSSOLETTE 95130 LE PLESSIS-BOUCHARD;95130;LE PLESSIS-BOUCHARD;95;Île-de-France;11;22;22;100 à 199 salariés;199;O;PME;6;1983-03-01;43.34017796030116;49.001295256;2.2349307163;True;7210;[];[];84.11Z;2026-06-15T15:56:34.185314;75;CHAUDE;109450;21890
21950574000015;219505740;COMMUNE DE SAINT PRIX;MAIRIE;;84.11Z;PUB_MAIRIE;PUBLIC;Administration publique générale;45 RUE D’ERMONT 95390 SAINT-PRIX;95390;SAINT-PRIX;95;Île-de-France;11;22;22;100 à 199 salariés;199;O;PME;9;1983-03-01;43.34017796030116;49.006436613;2.2627391688;True;7210;[];[];84.11Z;2026-06-15T15:56:34.183315;75;CHAUDE;109450;21890
21950210100013;219502101;COMMUNE DE ENGHIEN LES BAINS;MAIRIE;;84.11Z;PUB_MAIRIE;PUBLIC;Administration publique générale;57 RUE DU GENERAL DE GAULLE 95880 ENGHIEN-LES-BAINS;95880;ENGHIEN-LES-BAINS;95;Île-de-France;11;32;32;250 à 499 salariés;499;O;ETI;8;1983-03-01;43.34017796030116;48.969908762;2.3069097199;True;7210;[];[];84.11Z;2026-06-15T15:56:34.182315;75;CHAUDE;274450;54890
21950205100010;219502051;COMMUNE DE ECOUEN;MAIRIE;;84.11Z;PUB_MAIRIE;PUBLIC;Administration publique générale;PLACE DE LA MAIRIE 95440 ECOUEN;95440;ECOUEN;95;Île-de-France;11;22;22;100 à 199 salariés;199;O;PME;8;1983-03-01;43.34017796030116;49.018471854;2.3790597407;True;7210;[];[];84.11Z;2026-06-15T15:56:34.182315;75;CHAUDE;109450;21890
21950060000016;219500600;COMMUNE DE BESSANCOURT;MAIRIE;;84.11Z;PUB_MAIRIE;PUBLIC;Administration publique générale;PL DU TRENTE AOUT 95550 BESSANCOURT;95550;BESSANCOURT;95;Île-de-France;11;31;31;200 à 249 salariés;249;O;PME;9;1983-03-01;43.34017796030116;49.038638813;2.2171413627;True;7210;[];[];84.11Z;2026-06-15T15:56:34.182315;75;CHAUDE;136950;27390
21950288700082;219502887;COMMUNE DE GROSLAY;ECOLE PRIMAIRE PUBLIQUE CENTRE;;85.20Z;PUB_ECOLE;PUBLIC;Enseignement primaire;11 PLACE DE LA LIBERATION 95410 GROSLAY;95410;GROSLAY;95;Île-de-France;11;22;22;100 à 199 salariés;199;N;PME;10;1983-12-21;42.53251197809719;48.986332189;2.3447024568;False;7210;[];[];84.11Z;2026-06-15T15:56:34.181314;75;CHAUDE;99500;19900
32698233700031;326982337;LE COMEDE COMITE POUR LA SANTE DES EXILES (COMEDE);;COMEDE;86.21Z;PRIV_SANTE_CABINET;PRIVE;Pratique médicale générale;78 RUE DU GENERAL LECLERC 94270 LE KREMLIN-BICETRE;94270;LE KREMLIN-BICETRE;94;Île-de-France;11;21;21;50 à 99 salariés;99;O;PME;1;1989-10-01;36.75290896646133;48.809953235;2.357306809;True;9220;"[""940020365""]";[];86.21Z;2026-06-15T16:02:21.652320;75;CHAUDE;89100;17820
78556599500061;785565995;ASS POUR PREVENTION ET MEDECINE TRAVAIL (AMET);;AMET;86.21Z;PRIV_SANTE_CABINET;PRIVE;Pratique médicale générale;3 RUE SEGOND 94300 VINCENNES;94300;VINCENNES;94;Île-de-France;11;22;22;100 à 199 salariés;199;N;PME;13;1991-01-01;35.501711156741955;48.8457181549016;2.43070045675213;False;9220;[];[];86.21Z;2026-06-15T16:01:59.883979;75;CHAUDE;179100;35820
78568369900207;785683699;SERVICE DE SANTE AU TRAVAIL INTERENTREPRISES PORT AUX LIONS (IPAL);;IPAL;86.21Z;PRIV_SANTE_CABINET;PRIVE;Pratique médicale générale;18 AVENUE WINSTON CHURCHILL 94220 CHARENTON-LE-PONT;94220;CHARENTON-LE-PONT;94;Île-de-France;11;21;21;50 à 99 salariés;99;O;PME;20;2024-03-25;2.272416153319644;48.8264127897531;2.40243055527297;False;9220;[];[];86.21Z;2026-06-15T16:01:59.882981;75;CHAUDE;89100;17820
51022755600030;510227556;ICPC SETAEL;ICPC BERCY;;86.21Z;PRIV_SANTE_CABINET;PRIVE;Pratique médicale générale;9 QUAI DE BERCY 94220 CHARENTON-LE-PONT;94220;CHARENTON-LE-PONT;94;Île-de-France;11;21;21;50 à 99 salariés;99;O;PME;17;2024-02-01;2.417522245037645;48.8228286978888;2.39734034426012;False;5785;[];[];86.21Z;2026-06-15T16:01:59.882981;75;CHAUDE;89100;17820
17950001200051;179500012;PREFECTURE DE DEPARTEMENT VAL-D'OISE;SOUS-PREFECTURE DE MONTMORENCY;;84.11Z;PUB_MAIRIE;PUBLIC;Administration publique générale;26 AVENUE CHARLES DE GAULLE 95160 MONTMORENCY;95160;MONTMORENCY;95;Île-de-France;11;22;22;100 à 199 salariés;199;N;ETI;7;1964-07-10;61.97946611909651;48.9872975199912;2.32696239746811;False;7172;[];[];84.11Z;2026-06-15T15:56:35.015928;75;CHAUDE;109450;21890
21950426300035;219504263;COMMUNE DE MONTLIGNON;ECOL MATE ALBERT DEMOUY;;85.10Z;PUB_ECOLE;PUBLIC;Enseignement pré-primaire;3 RUE DES ECOLES 95680 MONTLIGNON;95680;MONTLIGNON;95;Île-de-France;11;21;21;50 à 99 salariés;99;N;PME;4;1983-12-21;42.53251197809719;49.008814048;2.2831729777;False;7210;[];[];84.11Z;2026-06-15T15:56:35.014927;75;CHAUDE;49500;9900
21950426300019;219504263;COMMUNE DE MONTLIGNON;MAIRIE;;84.11Z;PUB_MAIRIE;PUBLIC;Administration publique générale;10 RUE DE PARIS 95680 MONTLIGNON;95680;MONTLIGNON;95;Île-de-France;11;21;21;50 à 99 salariés;99;O;PME;4;1983-03-01;43.34017796030116;49.013101816;2.2925050051;True;7210;[];[];84.11Z;2026-06-15T15:56:35.014927;75;CHAUDE;54450;10890
21950257200015;219502572;COMMUNE DE LA FRETTE SUR SEINE;MAIRIE;;84.11Z;PUB_MAIRIE;PUBLIC;Administration publique générale;55 B QUAI DE SEINE 95530 FRETTE SUR SEINE (LA);95530;FRETTE SUR SEINE (LA);95;Île-de-France;11;21;21;50 à 99 salariés;99;O;PME;5;1983-03-01;43.34017796030116;48.973848904;2.1784872894;True;7210;[];[];84.11Z;2026-06-15T15:56:35.014927;75;CHAUDE;54450;10890
20005638000021;200056380;COMMUNAUTE D'AGGLOMERATION PLAINE VALLEE (CAPV);PEPINIERES ENTREPRISES;CAPV;84.13Z;PUB_MAIRIE;PUBLIC;Administration publique;1 AVENUE FOCH 95160 MONTMORENCY;95160;MONTMORENCY;95;Île-de-France;11;32;32;250 à 499 salariés;499;O;ETI;4;2016-01-01;10.50239561943874;48.989235174;2.3208755137;False;7348;[];[];84.11Z;2026-06-15T15:56:34.671030;75;CHAUDE;274450;54890
20005638000013;200056380;COMMUNAUTE D'AGGLOMERATION PLAINE VALLEE (CAPV);;CAPV;84.11Z;PUB_MAIRIE;PUBLIC;Administration publique générale;1 AVENUE FOCH 95160 MONTMORENCY;95160;MONTMORENCY;95;Île-de-France;11;32;32;250 à 499 salariés;499;O;ETI;4;2016-01-01;10.50239561943874;48.989235174;2.3208755137;True;7348;[];[];84.11Z;2026-06-15T15:56:34.671030;75;CHAUDE;274450;54890
21940018100018;219400181;COMMUNE DE CHARENTON LE PONT;MAIRIE;;84.11Z;PUB_MAIRIE;PUBLIC;Administration publique générale;48 RUE DE PARIS 94220 CHARENTON-LE-PONT;94220;CHARENTON-LE-PONT;94;Île-de-France;11;41;41;500 à 999 salariés;999;O;ETI;32;1983-03-01;43.34017796030116;48.819652079;2.4161701061;True;7210;[];[];84.11Z;2026-06-15T15:56:30.570675;75;CHAUDE;549450;109890
21940054600038;219400546;COMMUNE D ORLY;ECOLE PRIMAIRE PUBLIQUE PAUL ELUARD B;;85.20Z;PUB_ECOLE;PUBLIC;Enseignement primaire;1 RUE AMUNDSEN 94310 ORLY;94310;ORLY;94;Île-de-France;11;42;42;1000 à 1999 salariés;1999;N;ETI;40;1983-12-21;42.53251197809719;48.749130982;2.4167827663;False;7210;[];[];84.11Z;2026-06-15T15:56:30.569676;75;CHAUDE;999500;199900
21940054600269;219400546;COMMUNE D ORLY;MAIRIE;;84.11Z;PUB_MAIRIE;PUBLIC;Administration publique générale;7 AVENUE ADRIEN RAYNAL 94310 ORLY;94310;ORLY;94;Île-de-France;11;41;41;500 à 999 salariés;999;O;ETI;40;1997-08-19;28.870636550308006;48.743726609;2.4023698344;True;7210;"[""940027204""]";[];84.11Z;2026-06-15T15:56:30.569676;75;CHAUDE;549450;109890
21940034800161;219400348;COMMUNE DE FRESNES;COMMUNE DE FRESNES GEOTHERMIE;;84.11Z;PUB_MAIRIE;PUBLIC;Administration publique générale;1 PL PIERRE CURIE 94260 FRESNES;94260;FRESNES;94;Île-de-France;11;41;41;500 à 999 salariés;999;N;ETI;37;1985-10-01;40.75290896646133;48.755050236;2.3222548672;False;7210;[];[];84.11Z;2026-06-15T15:56:30.569676;75;CHAUDE;549450;109890
21940034800013;219400348;COMMUNE DE FRESNES;MAIRIE;;84.11Z;PUB_MAIRIE;PUBLIC;Administration publique générale;1 PL PIERRE CURIE 94260 FRESNES;94260;FRESNES;94;Île-de-France;11;41;41;500 à 999 salariés;999;O;ETI;37;1983-03-01;43.34017796030116;48.755050236;2.3222548672;True;7210;[];[];84.11Z;2026-06-15T15:56:30.569676;75;CHAUDE;549450;109890
21940078500081;219400785;COMMUNE DE VILLENEUVE SAINT GEORGES;ECOLE PRIMAIRE PUBLIQUE BERTHELOT A;;85.20Z;PUB_ECOLE;PUBLIC;Enseignement primaire;RUE CURIE 94190 VILLENEUVE-SAINT-GEORGES;94190;VILLENEUVE-SAINT-GEORGES;94;Île-de-France;11;42;42;1000 à 1999 salariés;1999;N;ETI;34;1983-12-21;42.53251197809719;48.736917688;2.4519884508;False;7210;[];[];84.11Z;2026-06-15T15:56:30.569676;75;CHAUDE;999500;199900
21940078500016;219400785;COMMUNE DE VILLENEUVE SAINT GEORGES;MAIRIE;;84.11Z;PUB_MAIRIE;PUBLIC;Administration publique générale;PLACE PIERRE SEMARD 94190 VILLENEUVE-SAINT-GEORGES;94190;VILLENEUVE-SAINT-GEORGES;94;Île-de-France;11;42;42;1000 à 1999 salariés;1999;O;ETI;34;1983-03-01;43.34017796030116;48.73060453;2.4472312568;True;7210;[];[];84.11Z;2026-06-15T15:56:30.569676;75;CHAUDE;1099450;219890
87895290200012;878952902;CENTRE DE SANTE HYGIE;;;86.21Z;PRIV_SANTE_CABINET;PRIVE;Pratique médicale générale;92 RUE DE LA HAIE COQ 93300 AUBERVILLIERS;93300;AUBERVILLIERS;93;Île-de-France;11;22;22;100 à 199 salariés;199;O;PME;1;2019-11-15;6.631074606433949;48.905276039;2.3724530169;True;9220;[];[];86.21Z;2026-06-15T16:01:56.971910;75;CHAUDE;179100;35820
78547552600022;785475526;POLYCLINIQUE D AUBERVILLIERS;CLINIQUE DENTAIRE DI CMS;;86.23Z;PRIV_SANTE_CABINET;PRIVE;Pratique médicale;55 RUE HENRI BARBUSSE 93300 AUBERVILLIERS;93300;AUBERVILLIERS;93;Île-de-France;11;22;22;100 à 199 salariés;199;N;ETI;2;1996-12-25;29.51950718685832;48.9052980665796;2.38931132461476;False;9220;[];[];86.21Z;2026-06-15T16:01:31.782303;75;CHAUDE;179100;35820
78547552600014;785475526;POLYCLINIQUE D AUBERVILLIERS;;;86.21Z;PRIV_SANTE_CABINET;PRIVE;Pratique médicale générale;55 RUE HENRI BARBUSSE 93300 AUBERVILLIERS;93300;AUBERVILLIERS;93;Île-de-France;11;22;22;100 à 199 salariés;199;O;ETI;2;1989-06-22;37.02943189596167;48.905633455;2.3893185422;True;9220;"[""930010020""]";[];86.21Z;2026-06-15T16:01:31.782303;75;CHAUDE;179100;35820
84116362900063;841163629;MEDIKSANTE;;;86.21Z;PRIV_SANTE_CABINET;PRIVE;Pratique médicale générale;STATION DE METRO GALLIENI AVENUE DU GENERAL DE GAULLE 93170 BAGNOLET;93170;BAGNOLET;93;Île-de-France;11;32;32;250 à 499 salariés;499;O;PME;7;2023-03-01;3.340177960301164;48.864255256;2.4159124803;False;9220;[];[];86.21Z;2026-06-15T16:01:29.119580;75;CHAUDE;449100;89820
84116362900055;841163629;MEDIKSANTE;;;86.21Z;PRIV_SANTE_CABINET;PRIVE;Pratique médicale générale;STATION DE METRO MAIRIE DE ST OUEN PLACE DE LA REPUBLIQUE 93400 SAINT-OUEN-SUR-SEINE;93400;SAINT-OUEN-SUR-SEINE;93;Île-de-France;11;32;32;250 à 499 salariés;499;N;PME;7;2023-03-01;3.340177960301164;48.912388396;2.3335089637;False;9220;[];[];86.21Z;2026-06-15T16:01:29.119580;75;CHAUDE;449100;89820
78556599500079;785565995;ASS POUR PREVENTION ET MEDECINE TRAVAIL (AMET);;AMET;86.21Z;PRIV_SANTE_CABINET;PRIVE;Pratique médicale générale;30 RUE DU BAILLY 93210 SAINT-DENIS;93210;SAINT-DENIS;93;Île-de-France;11;22;22;100 à 199 salariés;199;N;PME;13;2000-01-01;26.50239561943874;48.913167034;2.3560884966;False;9220;[];[];86.21Z;2026-06-15T16:01:29.119580;75;CHAUDE;179100;35820
78556599500046;785565995;ASS POUR PREVENTION ET MEDECINE TRAVAIL (AMET);;AMET;86.21Z;PRIV_SANTE_CABINET;PRIVE;Pratique médicale générale;31 RUE DE L'AVENIR 93800 EPINAY-SUR-SEINE;93800;EPINAY-SUR-SEINE;93;Île-de-France;11;22;22;100 à 199 salariés;199;N;PME;13;2000-01-01;26.50239561943874;48.956358704;2.3290138376;False;9220;[];[];86.21Z;2026-06-15T16:01:29.119580;75;CHAUDE;179100;35820
78475422800012;784754228;OGEC  SAINTE MARIE;;;85.10Z;PUB_ECOLE;PUBLIC;Enseignement pré-primaire;50 RUE STEPHENSON 75018 PARIS;75018;PARIS;75;Île-de-France;11;11;11;10 à 19 salariés;19;O;PME;1;1900-01-01;126.4996577686516;48.888265371;2.3566247323;True;9220;[];[];85.10Z;2026-06-15T15:56:36.831998;75;CHAUDE;9500;1900
77566673800031;775666738;ASSOC JARDIN D ENFANT L O N U;;;85.10Z;PUB_ECOLE;PUBLIC;Enseignement pré-primaire;40 RUE PIERRE GUERIN 75016 PARIS;75016;PARIS;75;Île-de-France;11;11;11;10 à 19 salariés;19;O;PME;2;1900-01-01;126.4996577686516;48.850609251;2.2649426612;True;9220;[];"[""0753072G""]";85.10Z;2026-06-15T15:56:36.831998;75;CHAUDE;9500;1900
88870816100037;888708161;CUBE SCHOOL SAINT-GERMAIN-EN-LAYE;;;85.10Z;PUB_ECOLE;PUBLIC;Enseignement pré-primaire;14 RUE HUMBLOT 75015 PARIS;75015;PARIS;75;Île-de-France;11;11;11;10 à 19 salariés;19;N;ETI;3;2024-03-04;2.329911019849418;48.850958616266;2.29415117626315;True;5710;[];[];85.10Z;2026-06-15T15:56:36.830996;75;CHAUDE;9500;1900
51022755600063;510227556;ICPC SETAEL;ICPC FLOREAL;;86.21Z;PRIV_SANTE_CABINET;PRIVE;Pratique médicale générale;40 RUE FLOREAL 93170 BAGNOLET;93170;BAGNOLET;93;Île-de-France;11;21;21;50 à 99 salariés;99;O;PME;17;2019-02-28;7.342915811088296;48.8781724881437;2.4308587144036;False;5785;[];[];86.21Z;2026-06-15T16:01:29.118579;75;CHAUDE;89100;17820
77568193500448;775681935;APST BTP RP (APMT-BTP-RP);APAS MT;APMT-BTP-RP;86.21Z;PRIV_SANTE_CABINET;PRIVE;Pratique médicale générale;13 RUE DE L'INDUSTRIE 93200 SAINT-DENIS;93200;SAINT-DENIS;93;Île-de-France;11;22;22;100 à 199 salariés;199;O;PME;40;1989-05-27;37.100616016427104;48.924203894;2.3460791136;False;9220;[];[];86.21Z;2026-06-15T16:01:29.118579;75;CHAUDE;179100;35820
77574052500560;775740525;ASS DE PREVENTION SOINS ET INSERTION (APSI);;APSI;86.21Z;PRIV_SANTE_CABINET;PRIVE;Pratique médicale générale;35 RUE FORMAGNE 93500 PANTIN;93500;PANTIN;93;Île-de-France;11;32;32;250 à 499 salariés;499;N;ETI;57;2022-01-01;4.501026694045175;48.892659967;2.4222119943;False;9220;[];[];86.21Z;2026-06-15T16:01:29.118579;75;CHAUDE;449100;89820
78420129500044;784201295;THALIE SANTE;;;86.21Z;PRIV_SANTE_CABINET;PRIVE;Pratique médicale générale;62 B AVENUE ANDRE MORIZET 92100 BOULOGNE-BILLANCOURT;92100;BOULOGNE-BILLANCOURT;92;Île-de-France;11;22;22;100 à 199 salariés;199;O;PME;7;2024-02-01;2.417522245037645;48.837501117;2.2356839397;False;9220;[];[];86.21Z;2026-06-15T16:00:29.932131;75;CHAUDE;179100;35820
84116362900071;841163629;MEDIKSANTE;;;86.21Z;PRIV_SANTE_CABINET;PRIVE;Pratique médicale générale;GARE DE NANTERRE PREFECTURE RUE DES TROIS FONTANOT 92000 NANTERRE;92000;NANTERRE;92;Île-de-France;11;32;32;250 à 499 salariés;499;N;PME;7;2023-03-01;3.340177960301164;48.893755476;2.2259982242;False;9220;[];[];86.21Z;2026-06-15T16:00:29.930655;75;CHAUDE;449100;89820
84116362900048;841163629;MEDIKSANTE;;;86.21Z;PRIV_SANTE_CABINET;PRIVE;Pratique médicale générale;GALERIE COMMERCIALE GARE RER DE LA DEF AV PERRONET 92800 PUTEAUX;92800;PUTEAUX;92;Île-de-France;11;32;32;250 à 499 salariés;499;N;PME;7;2022-09-12;3.805612594113621;48.892510129;2.2387022763;False;9220;[];[];86.21Z;2026-06-15T16:00:29.930655;75;CHAUDE;449100;89820
51022755600204;510227556;ICPC SETAEL;ICPC VAL D'OR;;86.21Z;PRIV_SANTE_CABINET;PRIVE;Pratique médicale générale;16 RUE PASTEUR 92210 SAINT-CLOUD;92210;SAINT-CLOUD;92;Île-de-France;11;21;21;50 à 99 salariés;99;N;PME;17;2023-07-12;2.976043805612594;48.84216203283857;2.204505018178037;False;5785;[];[];86.21Z;2026-06-15T16:00:29.930655;75;CHAUDE;89100;17820
47813594000219;478135940;RESEAU D'IMAGERIE PARIS-NORD;;;86.22A;PRIV_SANTE_CABINET;PRIVE;Pratique médicale;87 RUE DES MOURINOUX 92600 ASNIERES-SUR-SEINE;92600;ASNIERES-SUR-SEINE;92;Île-de-France;11;22;22;100 à 199 salariés;199;N;PME;22;2025-06-01;1.0869267624914445;48.9313872760081;2.27559865581279;False;5485;[];[];86.21Z;2026-06-15T16:00:29.930655;75;CHAUDE;179100;35820
21780498800012;217804988;COMMUNE DE POISSY;MAIRIE;;84.11Z;PUB_MAIRIE;PUBLIC;Administration publique générale;PLACE DE LA REPUBLIQUE 78300 POISSY;78300;POISSY;78;Île-de-France;11;41;41;500 à 999 salariés;999;O;ETI;38;1983-03-01;43.34017796030116;48.927501935;2.0428128945;True;7210;[];[];84.11Z;2026-06-15T15:56:17.249248;75;CHAUDE;549450;109890
22780646000019;227806460;DEPARTEMENT DES YVELINES;;;84.11Z;PUB_MAIRIE;PUBLIC;Administration publique générale;2 PLACE ANDRE MIGNOT 78000 VERSAILLES;78000;VERSAILLES;78;Île-de-France;11;51;51;2000 à 4999 salariés;4999;O;ETI;55;1983-03-01;43.34017796030116;48.802608873;2.1314159924;True;7220;"[""780006789"", ""780006979"", ""780007068"", ""780007779"", ""780007878"", ""780007928"", ""780007969"", ""780009148"", ""780018636"", ""780019303"", ""780019311"", ""780019873"", ""780020228"", ""780028924"", ""780029005"", ""780029013"", ""780029021"", ""780029039"", ""780029047"", ""780029054"", ""780029062"", ""780029070"", ""780060075"", ""780060208"", ""780060257"", ""780060273"", ""780060281"", ""780060406"", ""780060448"", ""780060547"", ""780060620"", ""780060653"", ""780060687"", ""780060703"", ""780060711"", ""780060729"", ""780060752"", ""780060810"", ""780060836"", ""780060851"", ""780060869"", ""780060877"", ""780060885"", ""780060927"", ""780807996"", ""780808051"", ""780810156"", ""780824397""]";[];84.11Z;2026-06-15T15:56:17.248249;75;CHAUDE;2749450;549890
20008692400038;200086924;COMMUNE DE SAINT-GERMAIN-EN-LAYE;COMMUNE DELEGUEE DE FOURQUEUX;;84.11Z;PUB_MAIRIE;PUBLIC;Administration publique générale;1 PL DE LA GRILLE 78100 SAINT-GERMAIN-EN-LAYE;78100;SAINT-GERMAIN-EN-LAYE;78;Île-de-France;11;42;42;1000 à 1999 salariés;1999;N;ETI;48;2019-01-01;7.501711156741957;48.889898855;2.0637589351;False;7210;[];[];84.11Z;2026-06-15T15:56:17.248249;75;CHAUDE;1099450;219890
20008692400012;200086924;COMMUNE DE SAINT-GERMAIN-EN-LAYE;MAIRIE;;84.11Z;PUB_MAIRIE;PUBLIC;Administration publique générale;16 RUE DE PONTOISE 78100 SAINT-GERMAIN-EN-LAYE;78100;SAINT-GERMAIN-EN-LAYE;78;Île-de-France;11;41;41;500 à 999 salariés;999;O;ETI;48;2019-01-01;7.501711156741957;48.89902572;2.0938726541;True;7210;[];[];84.11Z;2026-06-15T15:56:17.248249;75;CHAUDE;549450;109890
21940021500014;219400215;COMMUNE DE CHEVILLY LARUE;MAIRIE;;84.11Z;PUB_MAIRIE;PUBLIC;Administration publique générale;A L'ATTENTION DE MME LA MAIRE 88 AVENUE DU GENERAL DE GAULLE 94550 CHEVILLY-LARUE;94550;CHEVILLY-LARUE;94;Île-de-France;11;41;41;500 à 999 salariés;999;O;ETI;52;1983-03-01;43.34017796030116;48.771296435;2.3477507722;True;7210;[];[];84.11Z;2026-06-15T15:56:30.568676;75;CHAUDE;549450;109890
84534819200046;845348192;MA PETITE ECOLE MONTESSORI;MA PETITE ECOLE MONTESSORI;;85.20Z;PUB_ECOLE;PUBLIC;Enseignement primaire;48 RUE DE DANTZIG 75015 PARIS;75015;PARIS;75;Île-de-France;11;11;11;10 à 19 salariés;19;N;PME;4;2023-08-31;2.839151266255989;48.832763817;2.2974914701;False;5710;[];[];85.20Z;2026-06-15T15:56:37.592682;75;CHAUDE;9500;1900
84534819200038;845348192;MA PETITE ECOLE MONTESSORI;;;85.20Z;PUB_ECOLE;PUBLIC;Enseignement primaire;55 RUE DES MORILLONS 75015 PARIS;75015;PARIS;75;Île-de-France;11;11;11;10 à 19 salariés;19;O;PME;4;2021-08-20;4.867898699520876;48.832612413;2.3013540298;False;5710;[];[];85.20Z;2026-06-15T15:56:37.592682;75;CHAUDE;9500;1900
75246935300011;752469353;123 MON ECOLE PARIS XV;;;85.20Z;PUB_ECOLE;PUBLIC;Enseignement primaire;28 RUE FREMICOURT 75015 PARIS;75015;PARIS;75;Île-de-France;11;11;11;10 à 19 salariés;19;O;PME;3;2012-04-02;14.250513347022586;48.847475312;2.2993410188;True;5710;[];[];85.20Z;2026-06-15T15:56:37.591683;75;CHAUDE;9500;1900
77566400600019;775664006;O.G.E.C. NOTRE DAME DE SION SAINTE MARIE;;;85.20Z;PUB_ECOLE;PUBLIC;Enseignement primaire;93 RUE NOTRE-DAME DES CHAMPS 75006 PARIS;75006;PARIS;75;Île-de-France;11;11;11;10 à 19 salariés;19;O;PME;3;1990-01-01;36.50102669404517;48.841859986;2.3323249787;True;9220;[];"[""0750168A""]";85.20Z;2026-06-15T15:56:37.591683;75;CHAUDE;9500;1900
90146809000013;901468090;GROUPE SOS EDUCATION;DIRECTION GENERALE PETITE ENFANCE;;85.20Z;PUB_ECOLE;PUBLIC;Enseignement primaire;102 C RUE AMELOT 75011 PARIS;75011;PARIS;75;Île-de-France;11;11;11;10 à 19 salariés;19;O;PME;3;2021-06-15;5.048596851471594;48.8624847921907;2.3678552801695;True;9220;[];[];85.20Z;2026-06-15T15:56:37.591683;75;CHAUDE;9500;1900
33957543300042;339575433;AEP DE L ECOLE ST BERNARD;ECOLE SECONDAIRE PRIVEE ST BERNARD;;85.20Z;PUB_ECOLE;PUBLIC;Enseignement primaire;10 RUE DU PETIT MUSC 75004 PARIS;75004;PARIS;75;Île-de-France;11;12;12;20 à 49 salariés;49;O;PME;7;1987-04-08;39.23613963039014;48.85303016;2.3653656013;False;9220;[];[];85.20Z;2026-06-15T15:56:37.591683;75;CHAUDE;24500;4900
33957543300034;339575433;AEP DE L ECOLE ST BERNARD;ECOLE PRIMAIRE PRIVEE ST BERNARD;;85.20Z;PUB_ECOLE;PUBLIC;Enseignement primaire;10 RUE DU PETIT MUSC 75004 PARIS;75004;PARIS;75;Île-de-France;11;12;12;20 à 49 salariés;49;O;PME;7;1987-04-02;39.252566735112936;48.85303016;2.3653656013;False;9220;[];[];85.20Z;2026-06-15T15:56:37.591683;75;CHAUDE;24500;4900
33957543300067;339575433;AEP DE L ECOLE ST BERNARD;;;85.20Z;PUB_ECOLE;PUBLIC;Enseignement primaire;11 RUE CLUSERET 92150 SURESNES;92150;SURESNES;92;Île-de-France;11;12;12;20 à 49 salariés;49;N;PME;7;2001-01-02;25.49760438056126;48.867944695;2.2203650461;True;9220;[];[];85.20Z;2026-06-15T15:56:37.591683;75;CHAUDE;24500;4900
88011727000061;880117270;PENRITH;;;85.20Z;PUB_ECOLE;PUBLIC;Enseignement primaire;2 VILLA SEURAT 75014 PARIS;75014;PARIS;75;Île-de-France;11;12;12;20 à 49 salariés;49;N;PME;6;2024-12-19;1.5359342915811087;48.8262820990526;2.33212132053509;True;5710;[];[];85.20Z;2026-06-15T15:56:37.591683;75;CHAUDE;24500;4900
77567829500137;775678295;ASS EDUCATION ET FORMATION DES JEUNES  X (AEFJ);ECOLE MATERNEL PRIV EC BENJAMINS DU 11;AEFJ;85.10Z;PUB_ECOLE;PUBLIC;Enseignement pré-primaire;3 RUE MORAND 75011 PARIS;75011;PARIS;75;Île-de-France;11;12;12;20 à 49 salariés;49;N;PME;11;1987-02-24;39.35386721423682;48.868088111;2.376834897;False;9220;[];[];85.20Z;2026-06-15T15:56:37.591683;75;CHAUDE;24500;4900
33482155000012;334821550;A E P STE MARTHE;;;85.20Z;PUB_ECOLE;PUBLIC;Enseignement primaire;5 B RUE LACAILLE 75017 PARIS;75017;PARIS;75;Île-de-France;11;11;11;10 à 19 salariés;19;N;PME;1;1986-02-20;40.36413415468857;48.8929585;2.3249340271;True;9220;[];"[""0750314J""]";85.20Z;2026-06-15T15:56:37.932085;75;CHAUDE;9500;1900
78480870100014;784808701;OGEC  SAINTE LOUISE;;;85.20Z;PUB_ECOLE;PUBLIC;Enseignement primaire;73 RUE DE LA MARE 75020 PARIS;75020;PARIS;75;Île-de-France;11;12;12;20 à 49 salariés;49;N;PME;2;1900-01-01;126.4996577686516;48.873002577;2.388719373;True;9220;[];"[""0750366R""]";85.20Z;2026-06-15T15:56:37.592682;75;CHAUDE;24500;4900
21940033000045;219400330;COMMUNE DE FONTENAY SOUS BOIS;ECOLE MATERNELLE PUBLIQ PAUL LANGEVIN 2;;85.10Z;PUB_ECOLE;PUBLIC;Enseignement pré-primaire;RUE AIME ET EUGENIE COTTON 94120 FONTENAY-SOUS-BOIS;94120;FONTENAY-SOUS-BOIS;94;Île-de-France;11;42;42;1000 à 1999 salariés;1999;O;ETI;47;1983-12-21;42.53251197809719;48.854308532;2.4793280897;False;7210;[];[];84.11Z;2026-06-15T15:56:30.569676;75;CHAUDE;999500;199900
21940033000011;219400330;COMMUNE DE FONTENAY SOUS BOIS;MAIRIE;;84.11Z;PUB_MAIRIE;PUBLIC;Administration publique générale;4 ESPLANADE LOUIS BAYEURTE 94120 FONTENAY-SOUS-BOIS;94120;FONTENAY-SOUS-BOIS;94;Île-de-France;11;42;42;1000 à 1999 salariés;1999;O;ETI;47;1983-03-01;43.34017796030116;48.849036954;2.47482615;True;7210;[];[];84.11Z;2026-06-15T15:56:30.569676;75;CHAUDE;1099450;219890
21940017300015;219400173;COMMUNE DE CHAMPIGNY SUR MARNE;MAIRIE;;84.11Z;PUB_MAIRIE;PUBLIC;Administration publique générale;14 RUE LOUIS TALAMONI 94500 CHAMPIGNY-SUR-MARNE;94500;CHAMPIGNY-SUR-MARNE;94;Île-de-France;11;51;51;2000 à 4999 salariés;4999;O;ETI;47;1983-03-01;43.34017796030116;48.813445688;2.5109719001;True;7210;"[""940010069"", ""940010077""]";[];84.11Z;2026-06-15T15:56:30.569676;75;CHAUDE;2749450;549890
21940068600081;219400686;COMMUNE DE SAINT MAUR DES FOSSES;ECOLE MATERNELLE PUBLIQUE LES CHALETS;;85.10Z;PUB_ECOLE;PUBLIC;Enseignement pré-primaire;11 VILLA JARLET 94100 SAINT-MAUR-DES-FOSSES;94100;SAINT-MAUR-DES-FOSSES;94;Île-de-France;11;42;42;1000 à 1999 salariés;1999;N;ETI;50;1983-12-21;42.53251197809719;48.801999029;2.4737187923;False;7210;[];[];84.11Z;2026-06-15T15:56:30.568676;75;CHAUDE;999500;199900
21940068600065;219400686;COMMUNE DE SAINT MAUR DES FOSSES;ECOLE PRIMAIRE PUBLIQ CARNOT ADAMVILLE B;;85.20Z;PUB_ECOLE;PUBLIC;Enseignement primaire;91 AVENUE CARNOT 94100 SAINT-MAUR-DES-FOSSES;94100;SAINT-MAUR-DES-FOSSES;94;Île-de-France;11;42;42;1000 à 1999 salariés;1999;N;ETI;50;1983-12-21;42.53251197809719;48.795867439;2.4870576836;False;7210;[];[];84.11Z;2026-06-15T15:56:30.568676;75;CHAUDE;999500;199900
21940068600016;219400686;COMMUNE DE SAINT MAUR DES FOSSES;MAIRIE;;84.11Z;PUB_MAIRIE;PUBLIC;Administration publique générale;PL CHARLES DE GAULLE 94100 ST MAUR DES FOSSES;94100;ST MAUR DES FOSSES;94;Île-de-France;11;42;42;1000 à 1999 salariés;1999;O;ETI;50;1983-03-01;43.34017796030116;48.803055835;2.4853339773;True;7210;[];[];84.11Z;2026-06-15T15:56:30.568676;75;CHAUDE;1099450;219890
21780586000012;217805860;COMMUNE DE SARTROUVILLE;MAIRIE;;84.11Z;PUB_MAIRIE;PUBLIC;Administration publique générale;2 RUE BUFFON 78500 SARTROUVILLE;78500;SARTROUVILLE;78;Île-de-France;11;41;41;500 à 999 salariés;999;O;ETI;46;1983-03-01;43.34017796030116;48.941044334222;2.15837651478781;True;7210;[];[];84.11Z;2026-06-15T15:56:17.247250;75;CHAUDE;549450;109890
21780297400063;217802974;COMMUNE DE GUYANCOURT;ECOLE MATERNELLE FRANCINE FROMONT;;85.10Z;PUB_ECOLE;PUBLIC;Enseignement pré-primaire;1 RUE YOURI GAGARINE 78280 GUYANCOURT;78280;GUYANCOURT;78;Île-de-France;11;42;42;1000 à 1999 salariés;1999;N;ETI;52;1983-12-21;42.53251197809719;48.771959993;2.0781200214;False;7210;[];"[""0780670E""]";84.11Z;2026-06-15T15:56:17.247250;75;CHAUDE;999500;199900
21780646200016;217806462;COMMUNE DE VERSAILLES;MAIRIE;;84.11Z;PUB_MAIRIE;PUBLIC;Administration publique générale;4 AVENUE DE PARIS 78000 VERSAILLES;78000;VERSAILLES;78;Île-de-France;11;51;51;2000 à 4999 salariés;4999;O;ETI;71;1983-03-01;43.34017796030116;48.801567588;2.130459566;True;7210;[];[];84.11Z;2026-06-15T15:56:17.246250;75;CHAUDE;2749450;549890
91257609700048;912576097;ASSOCIATION POUR LE DEPLOIEMENT DE PARCOURS DE SANTE TERRITORIAUX ET PHYGITAUX (ADP STP);;ADP STP;86.21Z;PRIV_SANTE_CABINET;PRIVE;Pratique médicale générale;13 IMPASSE MICHAEL WINBURN 92400 COURBEVOIE;92400;COURBEVOIE;92;Île-de-France;11;12;12;20 à 49 salariés;49;O;PME;7;2025-06-30;1.0075290896646132;48.8995123765006;2.26077693131723;True;9220;"[""710019167""]";[];86.21Z;2026-06-15T15:59:30.668295;75;CHAUDE;44100;8820
34903368800038;349033688;DENIS KHALESSI ROMEO (DKR);;DKR;86.21Z;PRIV_SANTE_CABINET;PRIVE;Pratique médicale générale;29 RUE DU COLISEE 75008 PARIS;75008;PARIS;75;Île-de-France;11;12;12;20 à 49 salariés;49;O;PME;3;2008-07-01;18.0041067761807;48.871180039;2.3093220401;True;5785;[];[];86.21Z;2026-06-15T15:58:34.518978;75;CHAUDE;44100;8820
30297874700012;302978747;CTRE MEDICAL ENTR TRAVAILLANT EXTERIEUR;;;86.21Z;PRIV_SANTE_CABINET;PRIVE;Pratique médicale générale;10 RUE DU COLONEL DRIANT 75001 PARIS;75001;PARIS;75;Île-de-France;11;12;12;20 à 49 salariés;49;O;PME;2;1900-01-01;126.4996577686516;48.863588308;2.3402325651;True;9220;"[""750037491"", ""750056228""]";[];86.21Z;2026-06-15T15:58:17.245916;75;CHAUDE;44100;8820
84432522500010;844325225;COOPERATIVE DE SANTE RICHERAND;CENTRE DE SANTE RICHERAND;;86.21Z;PRIV_SANTE_CABINET;PRIVE;Pratique médicale générale;4 AVENUE RICHERAND 75010 PARIS;75010;PARIS;75;Île-de-France;11;12;12;20 à 49 salariés;49;N;PME;1;2018-11-28;7.594798083504449;48.871576056;2.3660193924;True;5460;[];[];86.21Z;2026-06-15T15:58:09.537975;75;CHAUDE;44100;8820
81773687900013;817736879;ASSOCIATION DENTAIRE ET MEDICALE POUR LE DEVELOPPEMENT DE LA MEDECINE SOCIAL (A.D.M.D.);;A.D.M.D.;86.21Z;PRIV_SANTE_CABINET;PRIVE;Pratique médicale générale;22 RUE MYRHA 75018 PARIS;75018;PARIS;75;Île-de-France;11;12;12;20 à 49 salariés;49;O;PME;1;2016-01-05;10.491444216290212;48.887226815;2.3544329546;True;9220;"[""750050064""]";[];86.21Z;2026-06-15T15:58:04.933362;75;CHAUDE;44100;8820
81531491900011;815314919;ASSOCIATION POUR LA SANTE MEDICO DENTAIRE DU 18EME (ASMD18);;ASMD18;86.21Z;PRIV_SANTE_CABINET;PRIVE;Pratique médicale générale;23 BOULEVARD BARBES 75018 PARIS;75018;PARIS;75;Île-de-France;11;12;12;20 à 49 salariés;49;O;PME;1;2015-12-15;10.548939082819986;48.88621348;2.349320709;True;9220;[];[];86.21Z;2026-06-15T15:58:04.933362;75;CHAUDE;44100;8820
81431236900022;814312369;CENTRE MEDICALE ET DENTAIRE SAINT MARTIN (CSM);CDS SAINT MARTIN;CSM;86.21Z;PRIV_SANTE_CABINET;PRIVE;Pratique médicale générale;12 RUE DU FAUBOURG SAINT-MARTIN 75010 PARIS;75010;PARIS;75;Île-de-France;11;12;12;20 à 49 salariés;49;O;PME;4;2016-01-07;10.485968514715948;48.869634732;2.3560606043;True;9220;"[""750058190""]";[];86.21Z;2026-06-15T15:58:00.832481;75;CHAUDE;44100;8820
81411864200010;814118642;ASSOCIATION SANTE POUR TOUS (AST);;AST;86.21Z;PRIV_SANTE_CABINET;PRIVE;Pratique médicale générale;49 BOULEVARD BARBES 75018 PARIS;75018;PARIS;75;Île-de-France;11;12;12;20 à 49 salariés;49;O;PME;1;2015-10-13;10.72142368240931;48.888919842;2.3493077552;True;9220;[];[];86.21Z;2026-06-15T15:58:00.832481;75;CHAUDE;44100;8820
13000846900095;130008469;DIRECTION DEPARTEMENTALE FINANCES PUBLIQUES VAL DE MARNE (DDFIP);SERVICE DE PUBLICITE FONCIERE DU VAL-DE-MARNE;DDFIP;84.11Z;PUB_MAIRIE;PUBLIC;Administration publique générale;CENTRE DES FINANCES PUBLIQUES 1 PLACE DU GENERAL PIERRE BILLOTTE 94000 CRETEIL;94000;CRETEIL;94;Île-de-France;11;42;42;1000 à 1999 salariés;1999;N;ETI;128;2010-01-18;16.45448323066393;48.7772828510076;2.45598679157886;False;7172;[];[];84.11Z;2026-06-15T15:56:30.568676;75;CHAUDE;1099450;219890
13000846900012;130008469;DIRECTION DEPARTEMENTALE FINANCES PUBLIQUES VAL DE MARNE (DDFIP);;DDFIP;84.11Z;PUB_MAIRIE;PUBLIC;Administration publique générale;1 PLACE DU GENERAL PIERRE BILLOTTE 94000 CRETEIL;94000;CRETEIL;94;Île-de-France;11;32;32;250 à 499 salariés;499;O;ETI;128;2009-12-21;16.531143052703626;48.77694143;2.4557483938;True;7172;[];[];84.11Z;2026-06-15T15:56:30.568676;75;CHAUDE;274450;54890
21940041300080;219400413;COMMUNE D IVRY SUR SEINE;ECOLE ELEMENTAIRE MAKARENKO;;85.20Z;PUB_ECOLE;PUBLIC;Enseignement primaire;4 RUE JEAN PERRIN 94200 IVRY-SUR-SEINE;94200;IVRY-SUR-SEINE;94;Île-de-France;11;12;12;20 à 49 salariés;49;N;ETI;62;1983-12-21;42.53251197809719;48.81204211;2.3770947413;False;7210;[];"[""0940771C""]";84.11Z;2026-06-15T15:56:30.568676;75;CHAUDE;24500;4900
78454449600028;784544496;OGEC ST MARCEL ORGAN GESTION ECOL CATHOL;;;85.20Z;PUB_ECOLE;PUBLIC;Enseignement primaire;16 RUE PIRANDELLO 75013 PARIS;75013;PARIS;75;Île-de-France;11;12;12;20 à 49 salariés;49;O;PME;1;1900-01-01;126.4996577686516;48.836638323;2.3555048858;True;9220;[];"[""0750245J""]";85.20Z;2026-06-15T15:56:38.700201;75;CHAUDE;24500;4900
78452119700037;784521197;OGEC DE L'ECOLE DU SAINT ESPRIT;;;85.20Z;PUB_ECOLE;PUBLIC;Enseignement primaire;54 RUE DES MEUNIERS 75012 PARIS;75012;PARIS;75;Île-de-France;11;12;12;20 à 49 salariés;49;O;PME;1;1985-05-30;41.09240246406571;48.835390575;2.3952785943;True;9220;[];"[""0750243G""]";85.20Z;2026-06-15T15:56:38.700201;75;CHAUDE;24500;4900
78444838300017;784448383;ECOLE PAROISSIALE ST VINCENT DE PAUL;;;85.20Z;PUB_ECOLE;PUBLIC;Enseignement primaire;6 RUE DE ROCROY 75010 PARIS;75010;PARIS;75;Île-de-France;11;11;11;10 à 19 salariés;19;O;PME;1;1900-01-01;126.4996577686516;48.878947224;2.3509228142;True;9220;[];"[""0750219F""]";85.20Z;2026-06-15T15:56:38.700201;75;CHAUDE;9500;1900
80358169300014;803581693;LA CANOPEE (LA CANOPEE);LA CANOPEE;;85.20Z;PUB_ECOLE;PUBLIC;Enseignement primaire;21 PASSAGE DUBAIL 75010 PARIS;75010;PARIS;75;Île-de-France;11;11;11;10 à 19 salariés;19;O;PME;1;2014-07-15;11.967145790554415;48.873768673;2.3600260124;True;5710;[];[];85.20Z;2026-06-15T15:56:38.700201;75;CHAUDE;9500;1900
38314411000012;383144110;ECOLE PRIMAIRE SINAI;;;85.20Z;PUB_ECOLE;PUBLIC;Enseignement primaire;CITE DE L EDUCATION SINAI 2 RUE TRISTAN TZARA 75018 PARIS;75018;PARIS;75;Île-de-France;11;12;12;20 à 49 salariés;49;O;PME;1;1991-09-01;34.836413415468854;48.894494896;2.36600164;True;9220;[];"[""0750148D""]";85.20Z;2026-06-15T15:56:38.209772;75;CHAUDE;24500;4900
50844193800018;508441938;BIGOUDI;;;85.20Z;PUB_ECOLE;PUBLIC;Enseignement primaire;27 RUE DU GENERAL BRUNET 75019 PARIS;75019;PARIS;75;Île-de-France;11;12;12;20 à 49 salariés;49;O;PME;1;2008-09-01;17.83436002737851;48.881096548;2.3916130342;True;9220;[];[];85.20Z;2026-06-15T15:56:38.209772;75;CHAUDE;24500;4900
78425928500012;784259285;ASS MAISON STE GENEVIEVE;;;85.20Z;PUB_ECOLE;PUBLIC;Enseignement primaire;65 RUE DU CARDINAL LEMOINE 75005 PARIS;75005;PARIS;75;Île-de-France;11;11;11;10 à 19 salariés;19;O;PME;1;1900-01-01;126.4996577686516;48.845861716;2.3506434845;True;9220;[];"[""0750150F""]";85.20Z;2026-06-15T15:56:38.209772;75;CHAUDE;9500;1900
30424747100010;304247471;ASS ECOLE SCHOOL FOR TODAY;;;85.20Z;PUB_ECOLE;PUBLIC;Enseignement primaire;24 BOULEVARD EDGAR QUINET 75014 PARIS;75014;PARIS;75;Île-de-France;11;11;11;10 à 19 salariés;19;O;PME;1;1900-01-01;126.4996577686516;48.840256557;2.3281093484;True;9220;[];"[""0752370U""]";85.20Z;2026-06-15T15:56:37.932085;75;CHAUDE;9500;1900
30918143600036;309181436;ASS OGEC NOTRE DAME DE LA CROIX (OGEC NDC);;OGEC NDC;85.20Z;PUB_ECOLE;PUBLIC;Enseignement primaire;13 RUE DU RETRAIT 75020 PARIS;75020;PARIS;75;Île-de-France;11;12;12;20 à 49 salariés;49;O;PME;1;1981-09-15;44.79671457905544;48.867774149;2.3942650901;True;9220;[];"[""0750598T""]";85.20Z;2026-06-15T15:56:37.932085;75;CHAUDE;24500;4900
33482295400015;334822954;AEP ENSEIGNEMENT LIBRE DE SAINT ROCH;;;85.20Z;PUB_ECOLE;PUBLIC;Enseignement primaire;37 RUE SAINT-ROCH 75001 PARIS;75001;PARIS;75;Île-de-France;11;11;11;10 à 19 salariés;19;N;PME;1;1986-01-01;40.50102669404517;48.866201859;2.3327312569;True;9220;[];"[""0750132L""]";85.20Z;2026-06-15T15:56:37.932085;75;CHAUDE;9500;1900
78480869300013;784808693;ASS GESTION ST JEAN DE BOSCO;;;85.20Z;PUB_ECOLE;PUBLIC;Enseignement primaire;9 PASSAGE DE LA PROVIDENCE 75020 PARIS;75020;PARIS;75;Île-de-France;11;12;12;20 à 49 salariés;49;O;PME;1;1900-01-01;126.4996577686516;48.854063662;2.4037393407;True;9220;[];"[""0750358G""]";85.20Z;2026-06-15T15:56:38.701336;75;CHAUDE;24500;4900
78475408700020;784754087;OGEC ST BERNARD DE LA CHAPELLE;;;85.20Z;PUB_ECOLE;PUBLIC;Enseignement primaire;11 RUE SAINT-BRUNO 75018 PARIS;75018;PARIS;75;Île-de-France;11;11;11;10 à 19 salariés;19;N;PME;2;1996-02-26;30.349075975359344;48.885679125;2.3547261076;True;9220;[];[];85.20Z;2026-06-15T15:56:38.701336;75;CHAUDE;9500;1900
21940028000042;219400280;COMMUNE DE CRETEIL;EC MATERNELLE PUBLI APPLIC JM DE HEREDIA;;85.10Z;PUB_ECOLE;PUBLIC;Enseignement pré-primaire;4 ALLEE TRISTAN BERNARD 94000 CRETEIL;94000;CRETEIL;94;Île-de-France;11;51;51;2000 à 4999 salariés;4999;N;ETI;57;1983-12-21;42.53251197809719;48.787599443;2.44810358;False;7210;[];[];84.11Z;2026-06-15T15:56:30.568676;75;CHAUDE;2499500;499900
21940028000018;219400280;COMMUNE DE CRETEIL;MAIRIE;;84.11Z;PUB_MAIRIE;PUBLIC;Administration publique générale;PLACE SALVADOR ALLENDE 94000 CRETEIL;94000;CRETEIL;94;Île-de-France;11;51;51;2000 à 4999 salariés;4999;O;ETI;57;1983-03-01;43.34017796030116;48.777829949;2.4535014642;True;7210;[];[];84.11Z;2026-06-15T15:56:30.568676;75;CHAUDE;2749450;549890
13000846900111;130008469;DIRECTION DEPARTEMENTALE FINANCES PUBLIQUES VAL DE MARNE (DDFIP);SERVICE PUBLICITE FONCIERE CRETEIL 4;DDFIP;84.11Z;PUB_MAIRIE;PUBLIC;Administration publique générale;CENTRE DES FINANCES PUBLIQUES 1 PLACE DU GENERAL PIERRE BILLOTTE 94000 CRETEIL;94000;CRETEIL;94;Île-de-France;11;42;42;1000 à 1999 salariés;1999;N;ETI;128;2010-01-18;16.45448323066393;48.7772828510076;2.45598679157886;False;7172;[];[];84.11Z;2026-06-15T15:56:30.568676;75;CHAUDE;1099450;219890
13000846900103;130008469;DIRECTION DEPARTEMENTALE FINANCES PUBLIQUES VAL DE MARNE (DDFIP);SERVICE PUBLICITE FONCIERE CRETEIL 3;DDFIP;84.11Z;PUB_MAIRIE;PUBLIC;Administration publique générale;CENTRE DES FINANCES PUBLIQUES 1 PLACE DU GENERAL PIERRE BILLOTTE 94000 CRETEIL;94000;CRETEIL;94;Île-de-France;11;42;42;1000 à 1999 salariés;1999;N;ETI;128;2010-01-18;16.45448323066393;48.7772828510076;2.45598679157886;False;7172;[];[];84.11Z;2026-06-15T15:56:30.568676;75;CHAUDE;1099450;219890
43310862800010;433108628;IMAGERIE 114;;;86.21Z;PRIV_SANTE_CABINET;PRIVE;Pratique médicale générale;CHEZ SCI DE L'ODEON 114 BOULEVARD SAINT-GERMAIN 75006 PARIS;75006;PARIS;75;Île-de-France;11;12;12;20 à 49 salariés;49;O;PME;3;2000-10-05;25.741273100616016;48.852032582;2.3411699919;True;5785;[];[];86.21Z;2026-06-15T15:57:15.193684;75;CHAUDE;44100;8820
43305971400041;433059714;DOKEVER;;;86.21Z;PRIV_SANTE_CABINET;PRIVE;Pratique médicale générale;5 RUE ROYALE 75008 PARIS;75008;PARIS;75;Île-de-France;11;12;12;20 à 49 salariés;49;O;PME;4;2010-02-01;16.416153319644078;48.867496582;2.3221408571;False;5499;[];[];86.21Z;2026-06-15T15:57:15.193684;75;CHAUDE;44100;8820
41158475800048;411584758;INSTITUT DE VICTIMOLOGIE;;;86.21Z;PRIV_SANTE_CABINET;PRIVE;Pratique médicale générale;2 AVENUE RICHERAND 75010 PARIS;75010;PARIS;75;Île-de-France;11;12;12;20 à 49 salariés;49;O;PME;4;2019-11-20;6.617385352498289;48.871692964;2.3655769341;True;9220;[];[];86.21Z;2026-06-15T15:57:10.885951;75;CHAUDE;44100;8820
77566722300066;775667223;ASSOCIATION DES OEUVRES SOCIALES DU MINISTERE DES AFFAIRES ETRANGERES (ADOS DU MAE);;ADOS DU MAE;86.21Z;PRIV_SANTE_CABINET;PRIVE;Pratique médicale générale;BUREAU 258 57 BOULEVARD DES INVALIDES 75007 PARIS;75007;PARIS;75;Île-de-France;11;12;12;20 à 49 salariés;49;O;PME;7;2008-09-15;17.796030116358658;48.84904817;2.3163415866;True;9220;[];[];86.21Z;2026-06-15T15:57:03.998760;75;CHAUDE;44100;8820
31170262500055;311702625;S.C.M.G.U. SOS MEDECINS (SCMGU);;SCMGU;86.21Z;PRIV_SANTE_CABINET;PRIVE;Pratique médicale générale;2 RUE FRANCIS GARNIER 75017 PARIS;75017;PARIS;75;Île-de-France;11;12;12;20 à 49 salariés;49;N;PME;5;2019-11-25;6.6036960985626285;48.8978435920436;2.32655882080933;False;6599;[];[];86.21Z;2026-06-15T15:57:01.744350;75;CHAUDE;44100;8820
31170262500014;311702625;S.C.M.G.U. SOS MEDECINS (SCMGU);;SCMGU;86.21Z;PRIV_SANTE_CABINET;PRIVE;Pratique médicale générale;87 BOULEVARD DE PORT-ROYAL 75013 PARIS;75013;PARIS;75;Île-de-France;11;12;12;20 à 49 salariés;49;O;PME;5;1900-01-01;126.4996577686516;48.838014901;2.3427627579;True;6599;[];[];86.21Z;2026-06-15T15:57:01.744350;75;CHAUDE;44100;8820
43164315400054;431643154;IMAGERIE DUROC;;;86.21Z;PRIV_SANTE_CABINET;PRIVE;Pratique médicale générale;139 BOULEVARD SAINT-MICHEL 75005 PARIS;75005;PARIS;75;Île-de-France;11;12;12;20 à 49 salariés;49;O;PME;5;2025-04-11;1.2265571526351813;48.8415314531252;2.33787595001203;False;5785;[];[];86.21Z;2026-06-15T15:57:00.463734;75;CHAUDE;44100;8820
43164315400047;431643154;IMAGERIE DUROC;;;86.21Z;PRIV_SANTE_CABINET;PRIVE;Pratique médicale générale;13 RUE D'ASSAS 104 RUE DE RENNES 75006 PARIS;75006;PARIS;75;Île-de-France;11;12;12;20 à 49 salariés;49;N;PME;5;2023-06-01;3.0882956878850103;48.84925494;2.3287959841;False;5785;[];[];86.21Z;2026-06-15T15:57:00.463734;75;CHAUDE;44100;8820
43164315400021;431643154;IMAGERIE DUROC;;;86.21Z;PRIV_SANTE_CABINET;PRIVE;Pratique médicale générale;5 BOULEVARD DU MONTPARNASSE 75006 PARIS;75006;PARIS;75;Île-de-France;11;12;12;20 à 49 salariés;49;O;PME;5;2008-06-01;18.086242299794662;48.846627362;2.3174133382;False;5785;[];[];86.21Z;2026-06-15T15:57:00.463734;75;CHAUDE;44100;8820
43164315400013;431643154;IMAGERIE DUROC;;;86.21Z;PRIV_SANTE_CABINET;PRIVE;Pratique médicale générale;9 T BOULEVARD DU MONTPARNASSE 75006 PARIS;75006;PARIS;75;Île-de-France;11;12;12;20 à 49 salariés;49;O;PME;5;2000-05-01;26.17111567419576;48.84628172;2.3180885698;True;5785;[];[];86.21Z;2026-06-15T15:57:00.463734;75;CHAUDE;44100;8820
77572670600044;775726706;ASSOCIATION MARIE THERESE;CDS MARIE-THERESE PARIS 20;;86.21Z;PRIV_SANTE_CABINET;PRIVE;Pratique médicale générale;1 B ALLEE ALQUIER-DEBROUSSE 75020 PARIS;75020;PARIS;75;Île-de-France;11;22;22;100 à 199 salariés;199;O;PME;6;2024-10-29;1.675564681724846;48.861208482758;2.40659179596071;False;9230;[];[];86.21Z;2026-06-15T15:57:00.463734;75;CHAUDE;179100;35820
77572670600010;775726706;ASSOCIATION MARIE THERESE;;;86.21Z;PRIV_SANTE_CABINET;PRIVE;Pratique médicale générale;51 RUE GAMBETTA 92240 MALAKOFF;92240;MALAKOFF;92;Île-de-France;11;22;22;100 à 199 salariés;199;O;PME;6;1900-01-01;126.4996577686516;48.821703857;2.3092531235;True;9230;"[""750057424"", ""750063190"", ""750066771"", ""920010451""]";[];86.21Z;2026-06-15T15:57:00.463165;75;CHAUDE;179100;35820
78420129500036;784201295;THALIE SANTE;;;86.21Z;PRIV_SANTE_CABINET;PRIVE;Pratique médicale générale;50 AVENUE DAUMESNIL 75012 PARIS;75012;PARIS;75;Île-de-France;11;22;22;100 à 199 salariés;199;O;PME;7;2024-02-01;2.417522245037645;48.845522361;2.3785446286;False;9220;[];[];86.21Z;2026-06-15T15:57:00.061051;75;CHAUDE;179100;35820
21780358400010;217803584;COMMUNE DE MAISONS LAFFITTE;MAIRIE;;84.11Z;PUB_MAIRIE;PUBLIC;Administration publique générale;48 AVENUE LONGUEIL 78600 MAISONS-LAFFITTE;78600;MAISONS-LAFFITTE;78;Île-de-France;11;41;41;500 à 999 salariés;999;O;ETI;29;1983-03-01;43.34017796030116;48.945982711;2.1452034849;True;7210;[];[];84.11Z;2026-06-15T15:56:17.690193;75;CHAUDE;549450;109890
21780005100047;217800051;COMMUNE D ACHERES;ECOLE MATERNELLE PUBLIQUE LOUIS JOUVET;;85.10Z;PUB_ECOLE;PUBLIC;Enseignement pré-primaire;6 RUE DES CHAMPS 78260 ACHERES;78260;ACHERES;78;Île-de-France;11;41;41;500 à 999 salariés;999;N;ETI;27;1983-12-21;42.53251197809719;48.958204862;2.0659853566;False;7210;[];[];84.11Z;2026-06-15T15:56:17.690193;75;CHAUDE;499500;99900
21780005100179;217800051;COMMUNE D ACHERES;MAIRIE;;84.11Z;PUB_MAIRIE;PUBLIC;Administration publique générale;8 RUE DESCHAMPS GUERIN 78260 ACHERES;78260;ACHERES;78;Île-de-France;11;41;41;500 à 999 salariés;999;O;ETI;27;1995-06-19;31.039014373716636;48.960445132;2.0699339189;True;7210;[];[];84.11Z;2026-06-15T15:56:17.689183;75;CHAUDE;549450;109890
21780126500018;217801265;COMMUNE DE LA CELLE SAINT CLOUD;MAIRIE;;84.11Z;PUB_MAIRIE;PUBLIC;Administration publique générale;8 AVENUE CHARLES DE GAULLE 78170 LA CELLE-SAINT-CLOUD;78170;LA CELLE-SAINT-CLOUD;78;Île-de-France;11;32;32;250 à 499 salariés;499;O;ETI;31;1983-03-01;43.34017796030116;48.848163279;2.1360302969;True;7210;[];[];84.11Z;2026-06-15T15:56:17.689183;75;CHAUDE;274450;54890
38332051200015;383320512;OGEC ST LAURENT;;;85.20Z;PUB_ECOLE;PUBLIC;Enseignement primaire;184 RUE LA FAYETTE 75010 PARIS;75010;PARIS;75;Île-de-France;11;11;11;10 à 19 salariés;19;O;PME;1;1989-12-02;36.58316221765914;48.880521581;2.363194973;True;9220;[];"[""0750215B""]";85.20Z;2026-06-15T15:56:39.403995;75;CHAUDE;9500;1900
13000495500527;130004955;DIRECTION GENERALE DES FINANCES PUBLIQUES (DGFIP);RECETTE FINANCES COMPTABLE SPECIALISE DOMAINE;DGFIP;84.11Z;PUB_MAIRIE;PUBLIC;Administration publique générale;LES ELLIPSES 3 AVENUE DU CHEMIN DE PRESLES 94410 SAINT-MAURICE;94410;SAINT-MAURICE;94;Île-de-France;11;51;51;2000 à 4999 salariés;4999;N;ETI;83;2010-09-01;15.835728952772074;48.816548477;2.461961743;False;7120;[];[];84.11Z;2026-06-15T15:56:30.567682;75;CHAUDE;2749450;549890
21940081900575;219400819;COMMUNE DE VITRY SUR SEINE;MAIRIE;;84.11Z;PUB_MAIRIE;PUBLIC;Administration publique générale;2 AVENUE YOURI GAGARINE 94400 VITRY-SUR-SEINE;94400;VITRY-SUR-SEINE;94;Île-de-France;11;51;51;2000 à 4999 salariés;4999;O;ETI;88;1985-11-15;40.629705681040384;48.788586586;2.388544103;True;7210;[];[];84.11Z;2026-06-15T15:56:30.567682;75;CHAUDE;2749450;549890
13000454200010;130004542;BUREAU D'ENQUETES ET D'ANALYSES POUR LA SECURITE DE L'AVIATION CIVILE (BEA AC);;BEA AC;84.11Z;PUB_MAIRIE;PUBLIC;Administration publique générale;ZONE SUD BAT 153 - 200 RUE DE PARIS AEROPORT DE PARIS LE BOURG 93350 LE BOURGET;93350;LE BOURGET;93;Île-de-France;11;22;22;100 à 199 salariés;199;N;PME;1;2001-11-08;24.648870636550303;48.945020219;2.4341897114;True;7160;[];[];84.11Z;2026-06-15T15:56:30.087536;75;CHAUDE;109450;21890
17930001700037;179300017;PREFECTURE DE DEPARTEMENT SEINE-SAINT-DENIS;SOUS-PREFECTURE DU RAINCY;;84.11Z;PUB_MAIRIE;PUBLIC;Administration publique générale;6 ALLEE DE L'EGLISE 93340 LE RAINCY;93340;LE RAINCY;93;Île-de-France;11;21;21;50 à 99 salariés;99;N;ETI;2;2001-12-25;24.520191649555095;48.899333588;2.5202263467;False;7172;[];[];84.11Z;2026-06-15T15:56:29.795007;75;CHAUDE;54450;10890
17930001700011;179300017;PREFECTURE DE DEPARTEMENT SEINE-SAINT-DENIS;;;84.11Z;PUB_MAIRIE;PUBLIC;Administration publique générale;124 RUE CARNOT 93000 BOBIGNY;93000;BOBIGNY;93;Île-de-France;11;41;41;500 à 999 salariés;999;N;ETI;2;1983-03-01;43.34017796030116;48.90542078;2.4500561966;True;7172;[];[];84.11Z;2026-06-15T15:56:29.795007;75;CHAUDE;549450;109890
32072068300012;320720683;OGEC ECOLE NOUV ST THOMAS D AQUIN;;;85.20Z;PUB_ECOLE;PUBLIC;Enseignement primaire;7 RUE PERRONET 75007 PARIS;75007;PARIS;75;Île-de-France;11;11;11;10 à 19 salariés;19;O;PME;1;1980-09-01;45.83436002737851;48.855279688;2.3302325564;True;9220;[];"[""0750175H""]";85.20Z;2026-06-15T15:56:39.403995;75;CHAUDE;9500;1900
30499332200011;304993322;OGEC SAINTE MARGUERITE;;;85.20Z;PUB_ECOLE;PUBLIC;Enseignement primaire;16 RUE BASFROI 75011 PARIS;75011;PARIS;75;Île-de-France;11;12;12;20 à 49 salariés;49;O;PME;1;1900-01-01;126.4996577686516;48.854537429;2.3797295209;True;9220;[];"[""0750223K""]";85.20Z;2026-06-15T15:56:39.403995;75;CHAUDE;24500;4900
21780146300126;217801463;COMMUNE DE CHATOU;ECOL PRIM MARCEL PAGNOL;;85.20Z;PUB_ECOLE;PUBLIC;Enseignement primaire;9 RUE DES SABINETTES 78400 CHATOU;78400;CHATOU;78;Île-de-France;11;41;41;500 à 999 salariés;999;N;ETI;28;1983-12-21;42.53251197809719;48.900928105;2.1431277709;False;7210;[];[];84.11Z;2026-06-15T15:56:17.688103;75;CHAUDE;499500;99900
21780146300019;217801463;COMMUNE DE CHATOU;MAIRIE;;84.11Z;PUB_MAIRIE;PUBLIC;Administration publique générale;11 PLACE DU GENERAL DE GAULLE 78400 CHATOU;78400;CHATOU;78;Île-de-France;11;41;41;500 à 999 salariés;999;O;ETI;28;1983-03-01;43.34017796030116;48.889883682;2.157530923;True;7210;[];[];84.11Z;2026-06-15T15:56:17.688103;75;CHAUDE;549450;109890
21780640500072;217806405;COMMUNE DE VELIZY VILLACOUBLAY;ECOL MATE MARCEL PAGNOL;;85.10Z;PUB_ECOLE;PUBLIC;Enseignement pré-primaire;17 RUE DU GEN EXELMANS 78140 VELIZY VILLACOUBLAY;78140;VELIZY VILLACOUBLAY;78;Île-de-France;11;41;41;500 à 999 salariés;999;N;ETI;36;1983-12-21;42.53251197809719;48.781420923;2.2016519634;False;7210;[];[];84.11Z;2026-06-15T15:56:17.688103;75;CHAUDE;499500;99900
21780640500015;217806405;COMMUNE DE VELIZY VILLACOUBLAY;MAIRIE;;84.11Z;PUB_MAIRIE;PUBLIC;Administration publique générale;2 PLACE DE L’HOTEL DE VILLE 78140 VELIZY-VILLACOUBLAY;78140;VELIZY-VILLACOUBLAY;78;Île-de-France;11;41;41;500 à 999 salariés;999;O;ETI;36;1983-03-01;43.34017796030116;48.782785216;2.1904431679;True;7210;[];[];84.11Z;2026-06-15T15:56:17.688103;75;CHAUDE;549450;109890
21780481400093;217804814;COMMUNE DE LE PECQ;ECOL MATE MARECHAL LECLERC;;85.10Z;PUB_ECOLE;PUBLIC;Enseignement pré-primaire;2 ALLEE DE NORMANDIE 78230 LE PECQ;78230;LE PECQ;78;Île-de-France;11;32;32;250 à 499 salariés;499;N;ETI;31;1983-12-21;42.53251197809719;48.888166835;2.0996611182;False;7210;[];[];84.11Z;2026-06-15T15:56:17.250248;75;CHAUDE;249500;49900
21780481400085;217804814;COMMUNE DE LE PECQ;ECOL MATE JEAN MOULIN;;85.10Z;PUB_ECOLE;PUBLIC;Enseignement pré-primaire;19 AVENUE CHARLES DE GAULLE 78230 LE PECQ;78230;LE PECQ;78;Île-de-France;11;32;32;250 à 499 salariés;499;N;ETI;31;1983-12-21;42.53251197809719;48.8898430285694;2.10410676869003;False;7210;[];[];84.11Z;2026-06-15T15:56:17.250248;75;CHAUDE;249500;49900
21780481400010;217804814;COMMUNE DE LE PECQ;MAIRIE;;84.11Z;PUB_MAIRIE;PUBLIC;Administration publique générale;13 B QUAI MAURICE BERTEAUX 78230 LE PECQ;78230;LE PECQ;78;Île-de-France;11;32;32;250 à 499 salariés;499;O;ETI;31;1983-03-01;43.34017796030116;48.897473815;2.1063809406;True;7210;[];[];84.11Z;2026-06-15T15:56:17.250248;75;CHAUDE;274450;54890
21780311300018;217803113;COMMUNE DE HOUILLES;MAIRIE;;84.11Z;PUB_MAIRIE;PUBLIC;Administration publique générale;16 RUE GAMBETTA 78800 HOUILLES;78800;HOUILLES;78;Île-de-France;11;41;41;500 à 999 salariés;999;O;ETI;34;1983-03-01;43.34017796030116;48.923170931;2.1866509499;True;7210;[];[];84.11Z;2026-06-15T15:56:17.250248;75;CHAUDE;549450;109890
21780498800137;217804988;COMMUNE DE POISSY;ECOL PRIM LA FONTAINE;;85.20Z;PUB_ECOLE;PUBLIC;Enseignement primaire;61 RUE CHARLES MARECHAL 78300 POISSY;78300;POISSY;78;Île-de-France;11;42;42;1000 à 1999 salariés;1999;N;ETI;38;1983-12-21;42.53251197809719;48.931784842;2.0521073695;False;7210;[];[];84.11Z;2026-06-15T15:56:17.249248;75;CHAUDE;999500;199900
77572412300234;775724123;ASSOCIATION HORIZON SANTE TRAVAIL;;;86.21Z;PRIV_SANTE_CABINET;PRIVE;Pratique médicale générale;17 AVENUE DU MARECHAL JOFFRE 92000 NANTERRE;92000;NANTERRE;92;Île-de-France;11;21;21;50 à 99 salariés;99;O;PME;36;2014-07-01;12.005475701574264;48.885462978;2.1979888556;True;9220;"[""920041217""]";[];86.21Z;2026-06-15T15:56:59.735941;75;CHAUDE;89100;17820
78515055800019;785150558;ASSOC FAMILIALE SCOLAIRE CHATAIGNIERS;;;85.20Z;PUB_ECOLE;PUBLIC;Enseignement primaire;11 B AVENUE JEAN JAURES 78000 VERSAILLES;78000;VERSAILLES;78;Île-de-France;11;21;21;50 à 99 salariés;99;O;PME;2;1900-01-01;126.4996577686516;48.817247143;2.1441956893;True;9220;[];"[""0782100J"", ""0780142F"", ""0783838Y"", ""0783293F""]";85.20Z;2026-06-15T15:56:42.008501;75;CHAUDE;49500;9900
77568115800033;775681158;ORGANISME GESTION ECOLE CATHO SAINT ELOI;;;85.20Z;PUB_ECOLE;PUBLIC;Enseignement primaire;99 T RUE DE REUILLY 75012 PARIS;75012;PARIS;75;Île-de-France;11;12;12;20 à 49 salariés;49;O;PME;1;1990-06-27;36.016427104722794;48.843744895;2.3910363886;True;9220;[];"[""0750239C""]";85.20Z;2026-06-15T15:56:40.262582;75;CHAUDE;24500;4900
78435343500018;784353435;ASS ECOLE DE CHAILLOT;;;85.20Z;PUB_ECOLE;PUBLIC;Enseignement primaire;28 AVENUE GEORGE V 75008 PARIS;75008;PARIS;75;Île-de-France;11;11;11;10 à 19 salariés;19;O;PME;1;1900-01-01;126.4996577686516;48.867971755;2.3014563125;True;9220;"[""750690190"", ""750712895""]";"[""0752267G""]";85.20Z;2026-06-15T15:56:40.262582;75;CHAUDE;9500;1900
45074292900018;450742929;L.P.C.R LE PETIT COURS DU ROCHER;;;85.20Z;PUB_ECOLE;PUBLIC;Enseignement primaire;53 RUE DU ROCHER 75008 PARIS;75008;PARIS;75;Île-de-France;11;11;11;10 à 19 salariés;19;O;PME;1;2003-11-07;22.652977412731005;48.878598935;2.3192550136;True;5499;[];[];85.20Z;2026-06-15T15:56:39.916071;75;CHAUDE;9500;1900
77567539000071;775675390;ASS MEDICALE INTERENTREPRISES (AMI);;AMI;86.21Z;PRIV_SANTE_CABINET;PRIVE;Pratique médicale générale;2 RUE DE CHATEAUDUN 75009 PARIS;75009;PARIS;75;Île-de-France;11;12;12;20 à 49 salariés;49;O;PME;14;1974-04-08;52.23545516769336;48.875801932;2.3429022054;True;9220;"[""750072688""]";[];86.21Z;2026-06-15T15:56:59.735941;75;CHAUDE;44100;8820
51022755600196;510227556;ICPC SETAEL;ICPC MONT LOUIS;;86.21Z;PRIV_SANTE_CABINET;PRIVE;Pratique médicale générale;8 RUE DE LA FOLIE-REGNAULT 75011 PARIS;75011;PARIS;75;Île-de-France;11;21;21;50 à 99 salariés;99;N;PME;17;2009-09-14;16.799452429842574;48.85719700348879;2.385940954400486;False;5785;[];[];86.21Z;2026-06-15T15:56:59.734938;75;CHAUDE;89100;17820
21780418600013;217804186;COMMUNE DE MONTESSON;MAIRIE;;84.11Z;PUB_MAIRIE;PUBLIC;Administration publique générale;PLACE ROLAND GAUTHIER 78360 MONTESSON;78360;MONTESSON;78;Île-de-France;11;32;32;250 à 499 salariés;499;O;ETI;21;1983-03-01;43.34017796030116;48.9084430069653;2.14981311402048;True;7210;[];[];84.11Z;2026-06-15T15:56:17.692690;75;CHAUDE;274450;54890
21780242000059;217802420;COMMUNE DE FONTENAY LE FLEURY;ECOLE MATERNELLE PUBLIQUE HECTOR BERLIOZ;;85.10Z;PUB_ECOLE;PUBLIC;Enseignement pré-primaire;21 RUE GEORGES BIZET 78330 FONTENAY-LE-FLEURY;78330;FONTENAY-LE-FLEURY;78;Île-de-France;11;32;32;250 à 499 salariés;499;N;PME;19;1983-12-21;42.53251197809719;48.808299019;2.0520872135;False;7210;[];[];84.11Z;2026-06-15T15:56:17.691693;75;CHAUDE;249500;49900
21780242000034;217802420;COMMUNE DE FONTENAY LE FLEURY;ECOL PRIM HECTOR BERLIOZ;;85.20Z;PUB_ECOLE;PUBLIC;Enseignement primaire;RUE HECTOR BERLIOZ 78330 FONTENAY-LE-FLEURY;78330;FONTENAY-LE-FLEURY;78;Île-de-France;11;32;32;250 à 499 salariés;499;N;PME;19;1983-12-21;42.53251197809719;48.808299019;2.0520872135;False;7210;[];[];84.11Z;2026-06-15T15:56:17.691693;75;CHAUDE;249500;49900
21780242000018;217802420;COMMUNE DE FONTENAY LE FLEURY;MAIRIE;;84.11Z;PUB_MAIRIE;PUBLIC;Administration publique générale;PL DU HUIT MAI 1945 78330 FONTENAY LE FLEURY;78330;FONTENAY LE FLEURY;78;Île-de-France;11;31;31;200 à 249 salariés;249;O;PME;19;1983-03-01;43.34017796030116;48.8109912494649;2.04555151639859;True;7210;[];[];84.11Z;2026-06-15T15:56:17.691693;75;CHAUDE;136950;27390
21780372500084;217803725;COMMUNE DE MARLY LE ROI;ECOLE MATERNELLE CESAR GEOFFRAY;;85.10Z;PUB_ECOLE;PUBLIC;Enseignement pré-primaire;16 CHEMIN DES MAIGRETS 78160 MARLY-LE-ROI;78160;MARLY-LE-ROI;78;Île-de-France;11;32;32;250 à 499 salariés;499;N;ETI;23;1983-12-21;42.53251197809719;48.875940642;2.090198984;False;7210;[];[];84.11Z;2026-06-15T15:56:17.691693;75;CHAUDE;249500;49900
21780372500019;217803725;COMMUNE DE MARLY LE ROI;MAIRIE;;84.11Z;PUB_MAIRIE;PUBLIC;Administration publique générale;PLACE DU GENERAL DE GAULLE 78160 MARLY-LE-ROI;78160;MARLY-LE-ROI;78;Île-de-France;11;32;32;250 à 499 salariés;499;O;ETI;23;1983-03-01;43.34017796030116;48.8679443192328;2.09687921670855;True;7210;[];[];84.11Z;2026-06-15T15:56:17.691693;75;CHAUDE;274450;54890
20008547000025;200085470;COMMUNE DE LE CHESNAY-ROCQUENCOURT;COMMUNE DELEGUEE DE LE CHESNAY;;84.11Z;PUB_MAIRIE;PUBLIC;Administration publique générale;9 RUE POTTIER 78150 LE CHESNAY-ROCQUENCOURT;78150;LE CHESNAY-ROCQUENCOURT;78;Île-de-France;11;41;41;500 à 999 salariés;999;N;ETI;26;2019-01-01;7.501711156741957;48.826504059;2.1259043949;False;7210;[];[];84.11Z;2026-06-15T15:56:17.691693;75;CHAUDE;549450;109890
20008547000017;200085470;COMMUNE DE LE CHESNAY-ROCQUENCOURT;MAIRIE;;84.11Z;PUB_MAIRIE;PUBLIC;Administration publique générale;9 RUE POTTIER 78150 LE CHESNAY-ROCQUENCOURT;78150;LE CHESNAY-ROCQUENCOURT;78;Île-de-France;11;41;41;500 à 999 salariés;999;O;ETI;26;2019-01-01;7.501711156741957;48.826515843;2.125351015;True;7210;[];[];84.11Z;2026-06-15T15:56:17.691693;75;CHAUDE;549450;109890
21780545600092;217805456;COMMUNE DE SAINT CYR L ECOLE;ECOL PRIM ROMAIN ROLLAND;;85.20Z;PUB_ECOLE;PUBLIC;Enseignement primaire;12 RUE DE L’AEROSTATION MARITIME 78210 SAINT-CYR-L'ECOLE;78210;SAINT-CYR-L'ECOLE;78;Île-de-France;11;32;32;250 à 499 salariés;499;N;ETI;21;1983-12-21;42.53251197809719;48.806864921;2.0551363522;False;7210;[];[];84.11Z;2026-06-15T15:56:17.691693;75;CHAUDE;249500;49900
78435330200028;784353302;ECOLE INTERNATIONALE BILINGUE MONCEAU (EIB MONCEAU);;;85.20Z;PUB_ECOLE;PUBLIC;Enseignement primaire;RUE HENRI ETLIN 92360 MEUDON;92360;MEUDON;92;Île-de-France;11;32;32;250 à 499 salariés;499;N;ETI;7;1900-01-01;126.4996577686516;48.794283586;2.2211620751;False;5202;[];[];85.20Z;2026-06-15T15:56:43.124294;75;CHAUDE;249500;49900
53383432100036;533834321;ASSOCIATION EDUCATIVE DES LYS (A.E.L.);;A.E.L.;85.20Z;PUB_ECOLE;PUBLIC;Enseignement primaire;38 RUE REMILLY 78000 VERSAILLES;78000;VERSAILLES;78;Île-de-France;11;21;21;50 à 99 salariés;99;O;PME;3;2013-07-18;12.958247775496236;48.811233318;2.1395060875;True;9220;[];"[""0783609Z""]";85.20Z;2026-06-15T15:56:42.572482;75;CHAUDE;49500;9900
21780545600043;217805456;COMMUNE DE SAINT CYR L ECOLE;GROUPE SCOLAIRE D' ORMESSON BIZET;;85.10Z;PUB_ECOLE;PUBLIC;Enseignement pré-primaire;11 RUE JEAN FOREST 78210 SAINT-CYR-L'ECOLE;78210;SAINT-CYR-L'ECOLE;78;Île-de-France;11;32;32;250 à 499 salariés;499;N;ETI;21;1983-12-21;42.53251197809719;48.795940692;2.0705603516;False;7210;[];[];84.11Z;2026-06-15T15:56:17.691693;75;CHAUDE;249500;49900
21780545600019;217805456;COMMUNE DE SAINT CYR L ECOLE;MAIRIE;;84.11Z;PUB_MAIRIE;PUBLIC;Administration publique générale;SQUARE DE L’HOTEL DE VILLE 78210 SAINT-CYR-L'ECOLE;78210;SAINT-CYR-L'ECOLE;78;Île-de-France;11;32;32;250 à 499 salariés;499;O;ETI;21;1983-03-01;43.34017796030116;48.799556854;2.0669358944;True;7210;[];[];84.11Z;2026-06-15T15:56:17.690193;75;CHAUDE;274450;54890
21780650400015;217806504;COMMUNE DU VESINET;MAIRIE;;84.11Z;PUB_MAIRIE;PUBLIC;Administration publique générale;60 BOULEVARD CARNOT 78110 LE VESINET;78110;LE VESINET;78;Île-de-France;11;32;32;250 à 499 salariés;499;O;ETI;22;1983-03-01;43.34017796030116;48.894119984;2.1345951151;True;7210;[];[];84.11Z;2026-06-15T15:56:17.690193;75;CHAUDE;274450;54890
21780358400127;217803584;COMMUNE DE MAISONS LAFFITTE;ECOLE MATERNELLE PUBLIQUE DU CLOS LAINE;;85.10Z;PUB_ECOLE;PUBLIC;Enseignement pré-primaire;26 RUE DE SOLFERINO 78600 MAISONS-LAFFITTE;78600;MAISONS-LAFFITTE;78;Île-de-France;11;41;41;500 à 999 salariés;999;N;ETI;29;1987-09-01;38.83641341546885;48.944749883;2.147391257;False;7210;[];"[""0782219N""]";84.11Z;2026-06-15T15:56:17.690193;75;CHAUDE;499500;99900
51022755600048;510227556;ICPC SETAEL;ICPC PELLEPORT;;86.21Z;PRIV_SANTE_CABINET;PRIVE;Pratique médicale générale;104 B RUE PELLEPORT 75020 PARIS;75020;PARIS;75;Île-de-France;11;21;21;50 à 99 salariés;99;O;PME;17;2024-01-01;2.5023956194387407;48.8691359876494;2.40081682764093;False;5785;[];[];86.21Z;2026-06-15T15:56:59.734938;75;CHAUDE;89100;17820
47813594000193;478135940;RESEAU D'IMAGERIE PARIS-NORD;;;86.22A;PRIV_SANTE_CABINET;PRIVE;Pratique médicale;44 RUE BOURET 75019 PARIS;75019;PARIS;75;Île-de-France;11;22;22;100 à 199 salariés;199;N;PME;22;2023-07-12;2.976043805612594;48.8822183172369;2.37302108343306;False;5485;[];[];86.21Z;2026-06-15T15:56:59.734938;75;CHAUDE;179100;35820
78434698300207;784346983;CENTRE INTER MEDECINE TRAVAIL;;;86.21Z;PRIV_SANTE_CABINET;PRIVE;Pratique médicale générale;1 RUE SAINT-GEORGES 75009 PARIS;75009;PARIS;75;Île-de-France;11;12;12;20 à 49 salariés;49;O;ETI;54;2015-03-09;11.318275154004109;48.874386474;2.337064403;False;9220;[];[];86.21Z;2026-06-15T15:56:59.733938;75;CHAUDE;44100;8820
78434698300017;784346983;CENTRE INTER MEDECINE TRAVAIL;;;86.21Z;PRIV_SANTE_CABINET;PRIVE;Pratique médicale générale;26 RUE MARBEUF 75008 PARIS;75008;PARIS;75;Île-de-France;11;12;12;20 à 49 salariés;49;O;ETI;54;1900-01-01;126.4996577686516;48.868984241;2.3044215997;True;9220;"[""750072704""]";[];86.21Z;2026-06-15T15:56:59.733938;75;CHAUDE;44100;8820
79072425600223;790724256;SELAS POINTGYN;;;86.21Z;PRIV_SANTE_CABINET;PRIVE;Pratique médicale générale;6 PLACE DE L'ABBE GEORGES HENOCQUE 75013 PARIS;75013;PARIS;75;Île-de-France;11;21;21;50 à 99 salariés;99;N;PME;31;2024-09-04;1.8261464750171117;48.82395497768;2.35284952548581;False;5785;[];[];86.21Z;2026-06-15T15:56:59.733938;75;CHAUDE;89100;17820
21930039900041;219300399;COMMUNE DE L ILE ST DENIS;ECOLE PRIMAIRE JEAN LURCAT;;85.20Z;PUB_ECOLE;PUBLIC;Enseignement primaire;9 RUE JEAN LURCAT 93450 L'ILE-SAINT-DENIS;93450;L'ILE-SAINT-DENIS;93;Île-de-France;11;12;12;20 à 49 salariés;49;N;PME;10;1983-12-21;42.53251197809719;48.920251403;2.3275756745;False;7210;[];"[""0930990W""]";84.11Z;2026-06-15T15:56:29.794009;75;CHAUDE;24500;4900
38488670100018;384886701;YAGUEL YAACOU APEJ;;;85.20Z;PUB_ECOLE;PUBLIC;Enseignement primaire;90 RUE GABRIEL PERI 92120 MONTROUGE;92120;MONTROUGE;92;Île-de-France;11;12;12;20 à 49 salariés;49;O;PME;1;1991-09-01;34.836413415468854;48.819933449;2.3122071469;True;9220;[];"[""0922236F""]";85.20Z;2026-06-15T15:56:43.676204;75;CHAUDE;24500;4900
78541491300026;785414913;OGEC ENSEIGNEMENT SAINT GENEVIEVE;;;85.20Z;PUB_ECOLE;PUBLIC;Enseignement primaire;72 RUE VOLANT 92000 NANTERRE;92000;NANTERRE;92;Île-de-France;11;12;12;20 à 49 salariés;49;O;PME;2;1999-06-28;27.014373716632445;48.893211665;2.1967898193;True;9220;[];"[""0921121U""]";85.20Z;2026-06-15T15:56:43.396054;75;CHAUDE;24500;4900
78536398700013;785363987;OGEC SAINTE GENEVIEVE;;;85.20Z;PUB_ECOLE;PUBLIC;Enseignement primaire;23 RUE D 'ESTIENNE D 'ORVES 92250 LA GARENNE-COLOMBES;92250;LA GARENNE-COLOMBES;92;Île-de-France;11;12;12;20 à 49 salariés;49;O;PME;1;1900-01-01;126.4996577686516;48.909123114;2.2482993276;True;9220;[];"[""0921090K""]";85.20Z;2026-06-15T15:56:43.396054;75;CHAUDE;24500;4900
78535792200026;785357922;ECOLE SAINT VINCENT DE PAUL (OGEC);;OGEC;85.20Z;PUB_ECOLE;PUBLIC;Enseignement primaire;5 RUELLE DE LA DEMI LUNE 92260 FONTENAY-AUX-ROSES;92260;FONTENAY-AUX-ROSES;92;Île-de-France;11;12;12;20 à 49 salariés;49;O;PME;2;1998-01-22;28.4435318275154;48.791309732;2.2883228385;True;9220;[];"[""0921084D""]";85.20Z;2026-06-15T15:56:43.396054;75;CHAUDE;24500;4900
78530708300010;785307083;OGEC FRANCOIS D'ASSISE;;;85.20Z;PUB_ECOLE;PUBLIC;Enseignement primaire;054 A 056 R ANCIENNE MAIRI 54 RUE DE L'ANCIENNE MAIRIE 92100 BOULOGNE-BILLANCOURT;92100;BOULOGNE-BILLANCOURT;92;Île-de-France;11;12;12;20 à 49 salariés;49;O;PME;1;1900-01-01;126.4996577686516;48.83781803;2.2341469357;True;9220;[];"[""0921383D""]";85.20Z;2026-06-15T15:56:43.395052;75;CHAUDE;24500;4900
44067932200014;440679322;ORGA GESTION ETAB CATHO ENSEIGNE GARCHES (OGEC GARCHES);;OGEC GARCHES;85.20Z;PUB_ECOLE;PUBLIC;Enseignement primaire;24 RUE DE MARNES 92380 GARCHES;92380;GARCHES;92;Île-de-France;11;12;12;20 à 49 salariés;49;O;PME;1;2002-01-01;24.501026694045173;48.840933007;2.1818459562;True;9220;[];[];85.20Z;2026-06-15T15:56:43.395052;75;CHAUDE;24500;4900
52489655200014;524896552;ECOLE ALEF;;;85.20Z;PUB_ECOLE;PUBLIC;Enseignement primaire;27 RUE GARNIER 92200 NEUILLY-SUR-SEINE;92200;NEUILLY-SUR-SEINE;92;Île-de-France;11;11;11;10 à 19 salariés;19;O;PME;1;2010-09-01;15.835728952772074;48.886729023;2.2584499567;True;9220;[];[];85.20Z;2026-06-15T15:56:43.395052;75;CHAUDE;9500;1900
33908957500015;339089575;OGEC SAINT JOSEPH DE BELLEVUE;;;85.20Z;PUB_ECOLE;PUBLIC;Enseignement primaire;29 RUE HENRI SAVIGNAC 92190 MEUDON;92190;MEUDON;92;Île-de-France;11;12;12;20 à 49 salariés;49;O;PME;1;1986-09-01;39.83572895277207;48.817967494;2.2328982742;True;9220;[];"[""0921103Z""]";85.20Z;2026-06-15T15:56:43.395052;75;CHAUDE;24500;4900
16000001400029;160000014;SERVICE DE LA DOCUMENTATION NATIONALE DU CADASTRE (SDNC);AUTRES FONCTIONS EXCENTREES    PARIS;SDNC;84.11Z;PUB_MAIRIE;PUBLIC;Administration publique générale;82 RUE DU MAL LYAUTEY 78100 SAINT-GERMAIN-EN-LAYE;78100;SAINT-GERMAIN-EN-LAYE;78;Île-de-France;11;31;31;200 à 249 salariés;249;N;PME;18;1989-04-20;37.20191649555099;48.894818765;2.0964809594;False;7160;[];[];84.11Z;2026-06-15T15:56:18.299161;75;CHAUDE;136950;27390
16000001400011;160000014;SERVICE DE LA DOCUMENTATION NATIONALE DU CADASTRE (SDNC);SERVICE DE LA DIRECTION;SDNC;84.11Z;PUB_MAIRIE;PUBLIC;Administration publique générale;82 RUE DU MAL LYAUTEY 78100 SAINT-GERMAIN-EN-LAYE;78100;SAINT-GERMAIN-EN-LAYE;78;Île-de-France;11;22;22;100 à 199 salariés;199;O;PME;18;1949-01-01;77.5003422313484;48.894818765;2.0964809594;True;7160;[];[];84.11Z;2026-06-15T15:56:18.299161;75;CHAUDE;109450;21890
21780686800105;217806868;COMMUNE DE VIROFLAY;SCE DEVELOPPEMENT ECONOMIQUE ET EMPLOI;;84.13Z;PUB_MAIRIE;PUBLIC;Administration publique;2 PLACE DU GENERAL DE GAULLE 78220 VIROFLAY;78220;VIROFLAY;78;Île-de-France;11;32;32;250 à 499 salariés;499;N;ETI;10;2005-07-18;20.95824777549624;48.7997134254897;2.17326197474302;False;7210;[];[];84.11Z;2026-06-15T15:56:18.299161;75;CHAUDE;274450;54890
21780686800014;217806868;COMMUNE DE VIROFLAY;MAIRIE;;84.11Z;PUB_MAIRIE;PUBLIC;Administration publique générale;2 PLACE DU GENERAL DE GAULLE 78220 VIROFLAY;78220;VIROFLAY;78;Île-de-France;11;32;32;250 à 499 salariés;499;O;ETI;10;1983-03-01;43.34017796030116;48.799657389;2.1731834891;True;7210;[];[];84.11Z;2026-06-15T15:56:18.299161;75;CHAUDE;274450;54890
13001522500100;130015225;DISI ILE DE FRANCE (DISI);CENTRE INFORMATIQUE DEPARTEMENTAL;DISI;84.11Z;PUB_MAIRIE;PUBLIC;Administration publique générale;82 RUE DU MAL LYAUTEY 78100 SAINT-GERMAIN-EN-LAYE;78100;SAINT-GERMAIN-EN-LAYE;78;Île-de-France;11;41;41;500 à 999 salariés;999;N;ETI;15;2013-02-07;13.399041752224504;48.894818765;2.0964809594;False;7160;[];[];84.11Z;2026-06-15T15:56:18.299161;75;CHAUDE;549450;109890
13001522500084;130015225;DISI ILE DE FRANCE (DISI);ESI VERSAILLES;DISI;84.11Z;PUB_MAIRIE;PUBLIC;Administration publique générale;16 AVENUE DE SAINT-CLOUD 78000 VERSAILLES;78000;VERSAILLES;78;Île-de-France;11;22;22;100 à 199 salariés;199;N;ETI;15;2011-09-01;14.836413415468858;48.804375749;2.1303355468;False;7160;[];[];84.11Z;2026-06-15T15:56:18.299161;75;CHAUDE;109450;21890
21780124000177;217801240;COMMUNE DE CARRIERES-SUR-SEINE;ASSAINISSEMENT PRESTATIONS DE SERVICE;;84.12Z;PUB_MAIRIE;PUBLIC;Administration publique;1 RUE VICTOR HUGO 78420 CARRIERES-SUR-SEINE;78420;CARRIERES-SUR-SEINE;78;Île-de-France;11;22;22;100 à 199 salariés;199;N;ETI;16;2020-01-01;6.50239561943874;48.906131726659;2.17632765146297;False;7210;[];[];84.11Z;2026-06-15T15:56:18.298147;75;CHAUDE;109450;21890
21780124000011;217801240;COMMUNE DE CARRIERES-SUR-SEINE;MAIRIE;;84.11Z;PUB_MAIRIE;PUBLIC;Administration publique générale;1 RUE VICTOR HUGO 78420 CARRIERES-SUR-SEINE;78420;CARRIERES-SUR-SEINE;78;Île-de-France;11;22;22;100 à 199 salariés;199;O;ETI;16;1983-03-01;43.34017796030116;48.906132444;2.1763272991;True;7210;[];[];84.11Z;2026-06-15T15:56:18.298147;75;CHAUDE;109450;21890
21780322000011;217803220;COMMUNE DE JOUY EN JOSAS;MAIRIE;;84.11Z;PUB_MAIRIE;PUBLIC;Administration publique générale;19 AVENUE JEAN JAURES 78350 JOUY-EN-JOSAS;78350;JOUY-EN-JOSAS;78;Île-de-France;11;22;22;100 à 199 salariés;199;O;PME;14;1983-03-01;43.34017796030116;48.764766549;2.1663922506;True;7210;[];[];84.11Z;2026-06-15T15:56:18.298147;75;CHAUDE;109450;21890
17780231100031;177802311;DIRECTION REGIONALE DES DOUANES PARIS-OUEST (DRD);DIVISION DOUANES MARLY;DRD;84.11Z;PUB_MAIRIE;PUBLIC;Administration publique générale;30 AV DE L'AMIRAL LEMONNIER 78160 MARLY-LE-ROI;78160;MARLY-LE-ROI;78;Île-de-France;11;22;22;100 à 199 salariés;199;N;PME;27;1988-09-29;37.75770020533881;48.878580673;2.1021638295;False;7172;[];[];84.11Z;2026-06-15T15:56:17.694689;75;CHAUDE;109450;21890
17780231100015;177802311;DIRECTION REGIONALE DES DOUANES PARIS-OUEST (DRD);;DRD;84.11Z;PUB_MAIRIE;PUBLIC;Administration publique générale;5 RUE VOLTA 78100 SAINT-GERMAIN-EN-LAYE;78100;SAINT-GERMAIN-EN-LAYE;78;Île-de-France;11;21;21;50 à 99 salariés;99;N;PME;27;1983-03-01;43.34017796030116;48.900929422;2.0766535677;True;7172;[];[];84.11Z;2026-06-15T15:56:17.694689;75;CHAUDE;54450;10890
21780418600112;217804186;COMMUNE DE MONTESSON;ECOL PRIM JEAN ZAY;;85.20Z;PUB_ECOLE;PUBLIC;Enseignement primaire;17 BOULEVARD DE LA REPUBLIQUE 78360 MONTESSON;78360;MONTESSON;78;Île-de-France;11;32;32;250 à 499 salariés;499;N;ETI;21;1983-12-21;42.53251197809719;48.907151865;2.1468193994;False;7210;[];[];84.11Z;2026-06-15T15:56:17.692690;75;CHAUDE;249500;49900
79140706700010;791407067;ECOLE MONTESSORI BILINGUE DE RUEIL MALMAISON;;;85.20Z;PUB_ECOLE;PUBLIC;Enseignement primaire;4 B AV IMPERATRICE JOSEPHINE 92500 RUEIL-MALMAISON;92500;RUEIL-MALMAISON;92;Île-de-France;11;12;12;20 à 49 salariés;49;O;ETI;1;2013-02-14;13.379876796714578;48.874926596;2.1748352332;True;5710;[];[];85.20Z;2026-06-15T15:56:43.677206;75;CHAUDE;24500;4900
78544309400012;785443094;ASSOCIATION DES ECOLES CHARLES PEGUY;;;85.20Z;PUB_ECOLE;PUBLIC;Enseignement primaire;53 RUE DU GAL CARREY DE BELLEMARE 92500 RUEIL-MALMAISON;92500;RUEIL-MALMAISON;92;Île-de-France;11;12;12;20 à 49 salariés;49;O;PME;1;1900-01-01;126.4996577686516;48.865006771;2.189140656;True;9220;[];"[""0921135J""]";85.20Z;2026-06-15T15:56:43.677206;75;CHAUDE;24500;4900
78537635100025;785376351;OGEC ST ETIENNE;ECOLE SAINTE CLOTILDE;;85.20Z;PUB_ECOLE;PUBLIC;Enseignement primaire;8 RUE DE L'ABBE GREGOIRE 92130 ISSY-LES-MOULINEAUX;92130;ISSY-LES-MOULINEAUX;92;Île-de-France;11;12;12;20 à 49 salariés;49;O;PME;2;1987-03-06;39.3264887063655;48.822306031;2.2752959349;True;9220;[];"[""0921093N""]";85.20Z;2026-06-15T15:56:43.676204;75;CHAUDE;24500;4900
78530710900013;785307109;OGEC DE L ECOLE ST ALEXANDRE;;;85.20Z;PUB_ECOLE;PUBLIC;Enseignement primaire;23 BOULEVARD JEAN JAURES 92100 BOULOGNE-BILLANCOURT;92100;BOULOGNE-BILLANCOURT;92;Île-de-France;11;12;12;20 à 49 salariés;49;O;PME;1;1900-01-01;126.4996577686516;48.83598966;2.2434993583;True;9220;[];"[""0921063F""]";85.20Z;2026-06-15T15:56:43.676204;75;CHAUDE;24500;4900
13002348400012;130023484;SERVICE D'APPUI AUX RESSOURCES HUMAINES;;;84.11Z;PUB_MAIRIE;PUBLIC;Administration publique générale;10 RUE DU CENTRE 93160 NOISY-LE-GRAND;93160;NOISY-LE-GRAND;93;Île-de-France;11;22;22;100 à 199 salariés;199;O;PME;2;2017-09-04;8.826830937713895;48.838256315;2.5451158248;True;7160;[];[];84.11Z;2026-06-15T15:56:29.795007;75;CHAUDE;109450;21890
20005879000037;200058790;GRAND PARIS GRAND EST;ACTIVITES ECONOMIQUES;;84.13Z;PUB_MAIRIE;PUBLIC;Administration publique;PLACE DE LA LIBERATION 93160 NOISY-LE-GRAND;93160;NOISY-LE-GRAND;93;Île-de-France;11;31;31;200 à 249 salariés;249;N;PME;5;2016-01-01;10.50239561943874;48.849554656;2.5523502883;False;7345;[];[];84.11Z;2026-06-15T15:56:29.795007;75;CHAUDE;136950;27390
20005879000011;200058790;GRAND PARIS GRAND EST;;;84.11Z;PUB_MAIRIE;PUBLIC;Administration publique générale;PLACE DE LA LIBERATION 93160 NOISY-LE-GRAND;93160;NOISY-LE-GRAND;93;Île-de-France;11;31;31;200 à 249 salariés;249;O;PME;5;2016-01-01;10.50239561943874;48.8435639552251;2.54451316360527;True;7345;[];[];84.11Z;2026-06-15T15:56:29.795007;75;CHAUDE;136950;27390
20005809700011;200058097;PARIS TERRES D'ENVOL;;;84.11Z;PUB_MAIRIE;PUBLIC;Administration publique générale;BOULEVARD DE L'HOTEL DE VILLE 93600 AULNAY-SOUS-BOIS;93600;AULNAY-SOUS-BOIS;93;Île-de-France;11;22;22;100 à 199 salariés;199;O;PME;6;2016-01-01;10.50239561943874;48.934133272;2.5000115116;True;7345;[];[];84.11Z;2026-06-15T15:56:29.794009;75;CHAUDE;109450;21890
21930033200018;219300332;COMMUNE DE GOURNAY-SUR-MARNE;MAIRIE;;84.11Z;PUB_MAIRIE;PUBLIC;Administration publique générale;10 PARC DE LA MAIRIE 93460 GOURNAY-SUR-MARNE;93460;GOURNAY-SUR-MARNE;93;Île-de-France;11;22;22;100 à 199 salariés;199;O;PME;7;1983-03-01;43.34017796030116;48.863861318;2.5728080648;True;7210;[];[];84.11Z;2026-06-15T15:56:29.794009;75;CHAUDE;109450;21890
17950230700046;179502307;DIRECTION INTERREGIONALE DES DOUANES PARIS-AEROPORTS (DID);RECETTE CENTRALE DU BOURGET;DID;84.11Z;PUB_MAIRIE;PUBLIC;Administration publique générale;BAT 48 AEROPORT DE PARIS LE BOURG 93350 LE BOURGET;93350;LE BOURGET;93;Île-de-France;11;42;42;1000 à 1999 salariés;1999;N;ETI;6;1988-10-10;37.72758384668035;48.945020219;2.4341897114;False;7172;[];[];84.11Z;2026-06-15T15:56:29.794009;75;CHAUDE;1099450;219890
21930039900090;219300399;COMMUNE DE L ILE ST DENIS;CENTRE DE PMI MUNICIPAL;;86.22C;PRIV_SANTE_CABINET;PRIVE;Pratique médicale;1 RUE DE LA COMMUNE DE PARIS 93450 L'ILE-SAINT-DENIS;93450;L'ILE-SAINT-DENIS;93;Île-de-France;11;32;32;250 à 499 salariés;499;N;PME;10;1998-01-01;28.501026694045173;48.9422734440163;2.33620621261938;False;7210;[];[];84.11Z;2026-06-15T15:56:29.794009;75;CHAUDE;449100;89820
21930039900082;219300399;COMMUNE DE L ILE ST DENIS;BIBLIOTHEQUE MUNICIPALE;;91.01Z;PUB_MUSEE;PUBLIC;Gestion des bibliothèques;MAIRIE 1 RUE MECHIN 93450 L'ILE-SAINT-DENIS;93450;L'ILE-SAINT-DENIS;93;Île-de-France;11;32;32;250 à 499 salariés;499;N;PME;10;1970-08-07;55.90417522245038;48.9354697107892;2.33999811606145;False;7210;[];[];84.11Z;2026-06-15T15:56:29.794009;75;CHAUDE;324350;64870
78552945400015;785529454;ASSOCIATION FAMILIALE GESTION;;;85.20Z;PUB_ECOLE;PUBLIC;Enseignement primaire;10 RUE DE LA CHEVRETTE 93800 EPINAY-SUR-SEINE;93800;EPINAY-SUR-SEINE;93;Île-de-France;11;12;12;20 à 49 salariés;49;O;PME;1;1900-01-01;126.4996577686516;48.955358184;2.317575466;True;9220;[];"[""0931121N""]";85.20Z;2026-06-15T15:56:44.230696;75;CHAUDE;24500;4900
38939165700019;389391657;OGEC STE MARTHE (OGECSM);;OGECSM;85.20Z;PUB_ECOLE;PUBLIC;Enseignement primaire;33 T RUE GABRIELLE JOSSERAND 93500 PANTIN;93500;PANTIN;93;Île-de-France;11;12;12;20 à 49 salariés;49;O;PME;1;1987-01-13;39.46885694729637;48.905293714;2.3953846264;True;9220;[];"[""0931105W""]";85.20Z;2026-06-15T15:56:44.230696;75;CHAUDE;24500;4900
77568193500257;775681935;APST BTP RP (APMT-BTP-RP);;APMT-BTP-RP;86.21Z;PRIV_SANTE_CABINET;PRIVE;Pratique médicale générale;49 RUE DE LA FONTAINE AU ROI 75011 PARIS;75011;PARIS;75;Île-de-France;11;22;22;100 à 199 salariés;199;N;PME;40;1900-01-01;126.4996577686516;48.86817071;2.3731913562;False;9220;[];[];86.21Z;2026-06-15T15:56:59.733938;75;CHAUDE;179100;35820
77572822300469;775728223;ASS INT CTRE MED SOCIAUX REG ILE FRANCE (ACMS);A.C.M.S;ACMS;86.21Z;PRIV_SANTE_CABINET;PRIVE;Pratique médicale générale;29 RUE DU LOUVRE 75002 PARIS;75002;PARIS;75;Île-de-France;11;12;12;20 à 49 salariés;49;O;ETI;189;1984-04-09;42.23134839151266;48.865911114;2.3432532538;False;9220;[];[];86.21Z;2026-06-15T15:56:59.733938;75;CHAUDE;44100;8820
77572822300261;775728223;ASS INT CTRE MED SOCIAUX REG ILE FRANCE (ACMS);A.C.M.S;ACMS;86.21Z;PRIV_SANTE_CABINET;PRIVE;Pratique médicale générale;16 RUE MONTGOLFIER 75003 PARIS;75003;PARIS;75;Île-de-France;11;12;12;20 à 49 salariés;49;N;ETI;189;1900-01-01;126.4996577686516;48.866574813;2.35749979;False;9220;[];[];86.21Z;2026-06-15T15:56:59.733938;75;CHAUDE;44100;8820
77572822301053;775728223;ASS INT CTRE MED SOCIAUX REG ILE FRANCE (ACMS);;ACMS;86.21Z;PRIV_SANTE_CABINET;PRIVE;Pratique médicale générale;55 RUE ROUGET DE LISLE 92150 SURESNES;92150;SURESNES;92;Île-de-France;11;22;22;100 à 199 salariés;199;O;ETI;189;1992-01-01;34.502395619438744;48.878394497;2.2319497586;True;9220;"[""920041175""]";[];86.21Z;2026-06-15T15:56:59.733938;75;CHAUDE;179100;35820
77568531603862;775685316;CAISSE AUTONOME NATIONALE SECURITE SOCIALE MINES (CANSSM);;CANSSM;82.11Z;PRIV_BUREAU;PRIVE;Services administratifs combinés;136 AVENUE DE SUFFREN 75015 PARIS;75015;PARIS;75;Île-de-France;11;51;51;2000 à 4999 salariés;4999;N;ETI;448;2019-01-01;7.501711156741957;48.847493998;2.3063909703;False;8120;[];[];86.21Z;2026-06-15T15:56:59.733938;75;CHAUDE;2999400;599880
17780001800067;177800018;PREFECTURE DE DEPARTEMENT YVELINES;;;84.11Z;PUB_MAIRIE;PUBLIC;Administration publique générale;1 RUE JEAN HOUDON 78000 VERSAILLES;78000;VERSAILLES;78;Île-de-France;11;32;32;250 à 499 salariés;499;N;ETI;7;1986-01-01;40.50102669404517;48.802910018;2.1303053868;True;7172;[];[];84.11Z;2026-06-15T15:56:18.717423;75;CHAUDE;274450;54890
21780133100083;217801331;COMMUNE DE CHAMBOURCY;REGIE DOMAINE DU DESERT DE RETZ;;84.13Z;PUB_MAIRIE;PUBLIC;Administration publique;MAIRIE PLACE DE LA MAIRIE 78240 CHAMBOURCY;78240;CHAMBOURCY;78;Île-de-France;11;22;22;100 à 199 salariés;199;N;PME;10;2009-02-12;17.385352498288842;48.905890387;2.0389143562;False;7210;[];[];84.11Z;2026-06-15T15:56:18.714423;75;CHAUDE;109450;21890
21780133100067;217801331;COMMUNE DE CHAMBOURCY;ECOLE MATERNELLE PUBLIQUE NOUVELLE;;85.20Z;PUB_ECOLE;PUBLIC;Enseignement primaire;CHEMIN DU JEU DE BOULES 78240 CHAMBOURCY;78240;CHAMBOURCY;78;Île-de-France;11;22;22;100 à 199 salariés;199;N;PME;10;2005-09-01;20.83504449007529;48.903159838;2.0348721543;False;7210;[];[];84.11Z;2026-06-15T15:56:18.714423;75;CHAUDE;99500;19900
21780133100018;217801331;COMMUNE DE CHAMBOURCY;MAIRIE;;84.11Z;PUB_MAIRIE;PUBLIC;Administration publique générale;PLACE DE LA MAIRIE 78240 CHAMBOURCY;78240;CHAMBOURCY;78;Île-de-France;11;22;22;100 à 199 salariés;199;O;PME;10;1983-03-01;43.34017796030116;48.906035006;2.0398231617;True;7210;[];[];84.11Z;2026-06-15T15:56:18.714423;75;CHAUDE;109450;21890
21780092900069;217800929;COMMUNE DE BOUGIVAL;ECOLE MATERNELLE PUBLIQUE CLAUDE MONET;;85.10Z;PUB_ECOLE;PUBLIC;Enseignement pré-primaire;CHEMIN DU BAS DES GRANDS PRES 78380 BOUGIVAL;78380;BOUGIVAL;78;Île-de-France;11;22;22;100 à 199 salariés;199;N;PME;8;1983-12-21;42.53251197809719;48.854452506;2.1269177122;False;7210;[];[];84.11Z;2026-06-15T15:56:18.714423;75;CHAUDE;99500;19900
21780092900010;217800929;COMMUNE DE BOUGIVAL;MAIRIE;;84.11Z;PUB_MAIRIE;PUBLIC;Administration publique générale;126 RUE DU MARECHAL JOFFRE 78380 BOUGIVAL;78380;BOUGIVAL;78;Île-de-France;11;22;22;100 à 199 salariés;199;O;PME;8;1983-03-01;43.34017796030116;48.860573401;2.1396983422;True;7210;[];[];84.11Z;2026-06-15T15:56:18.714423;75;CHAUDE;109450;21890
21780455800039;217804558;COMMUNE DE NOISY-LE-ROI;ECOL MATE LE BOURBLANC;;85.10Z;PUB_ECOLE;PUBLIC;Enseignement pré-primaire;1 AVENUE CHARLES DE GAULLE 78590 NOISY-LE-ROI;78590;NOISY-LE-ROI;78;Île-de-France;11;22;22;100 à 199 salariés;199;N;PME;9;1983-12-21;42.53251197809719;48.8433320375159;2.06371197232446;False;7210;[];[];84.11Z;2026-06-15T15:56:18.714423;75;CHAUDE;99500;19900
21780455800021;217804558;COMMUNE DE NOISY-LE-ROI;ECOL MATE L ABREUVOIR;;85.10Z;PUB_ECOLE;PUBLIC;Enseignement pré-primaire;17 CHEMIN DE L'ABREUVOIR 78590 NOISY-LE-ROI;78590;NOISY-LE-ROI;78;Île-de-France;11;22;22;100 à 199 salariés;199;N;PME;9;1983-12-21;42.53251197809719;48.843788851;2.0605470586;False;7210;[];[];84.11Z;2026-06-15T15:56:18.714423;75;CHAUDE;99500;19900
21780455800013;217804558;COMMUNE DE NOISY-LE-ROI;MAIRIE;;84.11Z;PUB_MAIRIE;PUBLIC;Administration publique générale;37 RUE ANDRE LE BOURBLANC 78590 NOISY-LE-ROI;78590;NOISY-LE-ROI;78;Île-de-France;11;22;22;100 à 199 salariés;199;O;PME;9;1983-03-01;43.34017796030116;48.843543604;2.0644399089;True;7210;[];[];84.11Z;2026-06-15T15:56:18.714423;75;CHAUDE;109450;21890
21780350100014;217803501;COMMUNE DE LOUVECIENNES;MAIRIE;;84.11Z;PUB_MAIRIE;PUBLIC;Administration publique générale;30 RUE DU GENERAL LECLERC 78430 LOUVECIENNES;78430;LOUVECIENNES;78;Île-de-France;11;22;22;100 à 199 salariés;199;O;PME;12;1983-03-01;43.34017796030116;48.861434722;2.1144464124;True;7210;[];[];84.11Z;2026-06-15T15:56:18.301161;75;CHAUDE;109450;21890
21780190100109;217801901;COMMUNE DE CROISSY SUR SEINE;MAIRIE;;84.11Z;PUB_MAIRIE;PUBLIC;Administration publique générale;8 AVENUE DE VERDUN 78290 CROISSY-SUR-SEINE;78290;CROISSY-SUR-SEINE;78;Île-de-France;11;22;22;100 à 199 salariés;199;O;PME;14;2000-10-30;25.67282683093772;48.880494065;2.1475371723;True;7210;[];[];84.11Z;2026-06-15T15:56:18.300161;75;CHAUDE;109450;21890
78592384800010;785923848;ECOLE SAINT DIDIER ENSEIGNEMENT;;;85.20Z;PUB_ECOLE;PUBLIC;Enseignement primaire;1 RUE GAMBETTA 95400 VILLIERS-LE-BEL;95400;VILLIERS-LE-BEL;95;Île-de-France;11;21;21;50 à 99 salariés;99;O;PME;2;1900-01-01;126.4996577686516;49.008649875;2.3900379836;True;9220;[];"[""0950863X""]";85.20Z;2026-06-15T15:56:45.203003;75;CHAUDE;49500;9900
78572144000010;785721440;OGEC ND DE L'ESPERANCE;;;85.20Z;PUB_ECOLE;PUBLIC;Enseignement primaire;13 RUE PAUL BERT 94200 IVRY-SUR-SEINE;94200;IVRY-SUR-SEINE;94;Île-de-France;11;12;12;20 à 49 salariés;49;O;PME;1;1900-01-01;126.4996577686516;48.817877963;2.371942629;True;9220;[];"[""0940979D""]";85.20Z;2026-06-15T15:56:44.998661;75;CHAUDE;24500;4900
77573870100017;775738701;OGEC JEAN XXIII;;;85.20Z;PUB_ECOLE;PUBLIC;Enseignement primaire;207 AVENUE MAURICE THOREZ 94200 IVRY-SUR-SEINE;94200;IVRY-SUR-SEINE;94;Île-de-France;11;12;12;20 à 49 salariés;49;O;PME;1;1900-01-01;126.4996577686516;48.811699285;2.3824382734;True;9220;[];"[""0940980E""]";85.20Z;2026-06-15T15:56:44.743580;75;CHAUDE;24500;4900
78575868100023;785758681;O.G.E.C. DE SAINT MANDE (OGECSM);ECOLE PRIMAIRE PRIVEE NOTRE DAME;OGECSM;85.20Z;PUB_ECOLE;PUBLIC;Enseignement primaire;22 AU 24 24 RUE GUYNEMER 94160 SAINT-MANDE;94160;SAINT-MANDE;94;Île-de-France;11;12;12;20 à 49 salariés;49;O;PME;2;1987-02-20;39.36481861738535;48.838750616;2.4170217592;True;9220;[];"[""0940996X"", ""0942466V""]";85.20Z;2026-06-15T15:56:44.743580;75;CHAUDE;24500;4900
20005851900097;200058519;CA SAINT GERMAIN BOUCLES DE SEINE;EAU POTABLE GEST DELEGUEE TRANSFERT DROIT;;84.12Z;PUB_MAIRIE;PUBLIC;Administration publique;PARC DES ERABLES - BATIMENT 4 - 3 66 ROUTE DE SARTROUVILLE 78230 LE PECQ;78230;LE PECQ;78;Île-de-France;11;21;21;50 à 99 salariés;99;N;PME;14;2019-12-12;6.557152635181383;48.9033222042706;2.11712029595593;False;7348;[];[];84.11Z;2026-06-15T15:56:18.299161;75;CHAUDE;54450;10890
20005851900071;200058519;CA SAINT GERMAIN BOUCLES DE SEINE;;;84.11Z;PUB_MAIRIE;PUBLIC;Administration publique générale;PARC DES ERABLES - BATIMENT 4 - 3 66 ROUTE DE SARTROUVILLE 78230 LE PECQ;78230;LE PECQ;78;Île-de-France;11;21;21;50 à 99 salariés;99;O;PME;14;2019-04-20;7.203285420944559;48.9033222042706;2.11712029595593;True;7348;[];[];84.11Z;2026-06-15T15:56:18.299161;75;CHAUDE;54450;10890
16000001400144;160000014;SERVICE DE LA DOCUMENTATION NATIONALE DU CADASTRE (SDNC);BRIG NAT INTERV PUB FONCIERE;SDNC;84.11Z;PUB_MAIRIE;PUBLIC;Administration publique générale;82 RUE DU MAL LYAUTEY 78100 SAINT-GERMAIN-EN-LAYE;78100;SAINT-GERMAIN-EN-LAYE;78;Île-de-France;11;21;21;50 à 99 salariés;99;N;PME;18;2017-06-01;9.086926762491444;48.894818765;2.0964809594;False;7160;[];[];84.11Z;2026-06-15T15:56:18.299161;75;CHAUDE;54450;10890
28780054400010;287800544;CENTRE INTERDEPARTEMENTAL DE GESTION DE LA GRANDE COURONNE DE LA REGION D'ILE-DE-FRANCE (CIG);;CIG;84.11Z;PUB_MAIRIE;PUBLIC;Administration publique générale;15 RUE BOILEAU 78000 VERSAILLES;78000;VERSAILLES;78;Île-de-France;11;32;32;250 à 499 salariés;499;O;ETI;1;1995-08-25;30.855578370978783;48.795350938;2.1471443564;True;7379;[];[];84.11Z;2026-06-15T15:56:22.194669;75;CHAUDE;274450;54890
24780058400036;247800584;COMMUNAUTE AGGLOMERATION VERSAILLES GRAND PARC (CAVGP);;CAVGP;84.11Z;PUB_MAIRIE;PUBLIC;Administration publique générale;6 AVENUE DE PARIS 78000 VERSAILLES;78000;VERSAILLES;78;Île-de-France;11;32;32;250 à 499 salariés;499;O;PME;4;2015-08-14;10.885694729637237;48.801370909;2.1308834198;True;7348;[];[];84.11Z;2026-06-15T15:56:21.435963;75;CHAUDE;274450;54890
21780043200015;217800432;COMMUNE DE BAILLY;MAIRIE;;84.11Z;PUB_MAIRIE;PUBLIC;Administration publique générale;RUE DES CHENES 78870 BAILLY;78870;BAILLY;78;Île-de-France;11;21;21;50 à 99 salariés;99;O;PME;4;1983-03-01;43.34017796030116;48.839619945;2.0789207875;True;7210;[];[];84.11Z;2026-06-15T15:56:20.033954;75;CHAUDE;54450;10890
21780502700018;217805027;COMMUNE DE LE PORT MARLY;MAIRIE;;84.11Z;PUB_MAIRIE;PUBLIC;Administration publique générale;13 AVENUE SIMON VOUET 78560 LE PORT-MARLY;78560;LE PORT-MARLY;78;Île-de-France;11;21;21;50 à 99 salariés;99;O;PME;10;1983-03-01;43.34017796030116;48.878456511;2.1116203787;True;7210;[];[];84.11Z;2026-06-15T15:56:19.454244;75;CHAUDE;54450;10890
21780396400014;217803964;COMMUNE DE MESNIL LE ROI;MAIRIE;;84.11Z;PUB_MAIRIE;PUBLIC;Administration publique générale;1 RUE DU GENERAL LECLERC 78600 LE MESNIL-LE-ROI;78600;LE MESNIL-LE-ROI;78;Île-de-France;11;21;21;50 à 99 salariés;99;O;PME;8;1983-03-01;43.34017796030116;48.928172666;2.1223889126;True;7210;[];[];84.11Z;2026-06-15T15:56:19.454244;75;CHAUDE;54450;10890
25782547100051;257825471;SYND INTERCOM POUR MAINTIEN A DOMICILE (SIMAD);BUREAUX ADMINISTRATIFS;SIMAD;86.90D;PRIV_SANTE_CENTRE;PRIVE;Autres activités santé;IMMEUBLE LE MONTREAL-1ER ETAGE 54 ROUTE DE SARTROUVILLE 78230 LE PECQ;78230;LE PECQ;78;Île-de-France;11;21;21;50 à 99 salariés;99;O;PME;6;2011-11-21;14.614647501711156;48.9023754135562;2.11617376233215;False;7353;"[""780804100""]";[];84.11Z;2026-06-15T15:56:19.116270;75;CHAUDE;94050;18810
25782547100036;257825471;SYND INTERCOM POUR MAINTIEN A DOMICILE (SIMAD);SSIAD PA DU PECQ;SIMAD;86.90D;PRIV_SANTE_CENTRE;PRIVE;Autres activités santé;IMMEUBLE SULLY 131 BOULEVARD CARNOT 78110 LE VESINET;78110;LE VESINET;78;Île-de-France;11;21;21;50 à 99 salariés;99;O;PME;6;1998-01-19;28.4517453798768;48.8977985438469;2.1132377683641;False;7353;"[""780016846"", ""780802344"", ""780825485""]";[];84.11Z;2026-06-15T15:56:19.116270;75;CHAUDE;94050;18810
17750230900103;177502309;DIRECTION INTERREGIONALE DES DOUANES ILE-DE-FRANCE (DID);BRIGADE SURVEILLANCE AERIENNE;DID;84.11Z;PUB_MAIRIE;PUBLIC;Administration publique générale;BASE AERO NAVALE RUE S ET J LORENZI 93440 DUGNY;93440;DUGNY;93;Île-de-France;11;31;31;200 à 249 salariés;249;O;PME;18;2004-05-14;22.13552361396304;48.956220097;2.4223381981;False;7172;[];[];84.11Z;2026-06-15T15:56:29.794009;75;CHAUDE;136950;27390
17750225900506;177502259;DIRECTION DES IMPOTS DES NON-RESIDENTS (DINR);SIE DINR;DINR;84.11Z;PUB_MAIRIE;PUBLIC;Administration publique générale;10 RUE DU CENTRE 93160 NOISY-LE-GRAND;93160;NOISY-LE-GRAND;93;Île-de-France;11;41;41;500 à 999 salariés;999;N;ETI;39;2017-10-02;8.750171115674195;48.838256315;2.5451158248;False;7160;[];[];84.11Z;2026-06-15T15:56:29.794009;75;CHAUDE;549450;109890
17750225900480;177502259;DIRECTION DES IMPOTS DES NON-RESIDENTS (DINR);SERVICE COMPTABLE DE LA DRESG;DINR;84.11Z;PUB_MAIRIE;PUBLIC;Administration publique générale;10 RUE DU CENTRE 93160 NOISY-LE-GRAND;93160;NOISY-LE-GRAND;93;Île-de-France;11;41;41;500 à 999 salariés;999;N;ETI;39;2011-01-01;15.501711156741958;48.838256315;2.5451158248;False;7160;[];[];84.11Z;2026-06-15T15:56:29.794009;75;CHAUDE;549450;109890
17750225900472;177502259;DIRECTION DES IMPOTS DES NON-RESIDENTS (DINR);BRIGADE  CONTROLE EXTERNE NOISY LE GRAND;DINR;84.11Z;PUB_MAIRIE;PUBLIC;Administration publique générale;10 RUE DU CENTRE 93160 NOISY-LE-GRAND;93160;NOISY-LE-GRAND;93;Île-de-France;11;41;41;500 à 999 salariés;999;N;ETI;39;2011-01-01;15.501711156741958;48.838256315;2.5451158248;False;7160;[];[];84.11Z;2026-06-15T15:56:29.794009;75;CHAUDE;549450;109890
17750225900324;177502259;DIRECTION DES IMPOTS DES NON-RESIDENTS (DINR);BRIGADE CONTROLE ET RECHERCHES;DINR;84.11Z;PUB_MAIRIE;PUBLIC;Administration publique générale;10 RUE DU CENTRE 93160 NOISY-LE-GRAND;93160;NOISY-LE-GRAND;93;Île-de-France;11;41;41;500 à 999 salariés;999;N;ETI;39;1995-12-01;30.587268993839835;48.838256315;2.5451158248;False;7160;[];[];84.11Z;2026-06-15T15:56:29.794009;75;CHAUDE;549450;109890
17750225900274;177502259;DIRECTION DES IMPOTS DES NON-RESIDENTS (DINR);BRIG NAT INTERV PUB FONCIERE;DINR;84.11Z;PUB_MAIRIE;PUBLIC;Administration publique générale;10 RUE DU CENTRE 93160 NOISY-LE-GRAND;93160;NOISY-LE-GRAND;93;Île-de-France;11;41;41;500 à 999 salariés;999;N;ETI;39;1989-09-01;36.83504449007529;48.838256315;2.5451158248;False;7160;[];[];84.11Z;2026-06-15T15:56:29.794009;75;CHAUDE;549450;109890
17750225900183;177502259;DIRECTION DES IMPOTS DES NON-RESIDENTS (DINR);SERVICE IMPOTS ENTR NOISY LE GRAND;DINR;84.11Z;PUB_MAIRIE;PUBLIC;Administration publique générale;DRESG 10 RUE DU CENTRE 93160 NOISY-LE-GRAND;93160;NOISY-LE-GRAND;93;Île-de-France;11;41;41;500 à 999 salariés;999;N;ETI;39;1983-04-01;43.25530458590007;48.838256315;2.5451158248;False;7160;[];[];84.11Z;2026-06-15T15:56:29.794009;75;CHAUDE;549450;109890
17750225900076;177502259;DIRECTION DES IMPOTS DES NON-RESIDENTS (DINR);CENTRE DEPARTEMENTAL ASSIETTE PARIS;DINR;84.11Z;PUB_MAIRIE;PUBLIC;Administration publique générale;DRESG 10 RUE DU CENTRE 93160 NOISY-LE-GRAND;93160;NOISY-LE-GRAND;93;Île-de-France;11;41;41;500 à 999 salariés;999;N;ETI;39;1983-04-01;43.25530458590007;48.838256315;2.5451158248;False;7160;[];[];84.11Z;2026-06-15T15:56:29.794009;75;CHAUDE;549450;109890
17750225900068;177502259;DIRECTION DES IMPOTS DES NON-RESIDENTS (DINR);RECETTE NON RESIDENTS NOISY-LE- GD;DINR;84.11Z;PUB_MAIRIE;PUBLIC;Administration publique générale;DRESG 10 RUE DU CENTRE 93160 NOISY-LE-GRAND;93160;NOISY-LE-GRAND;93;Île-de-France;11;21;21;50 à 99 salariés;99;N;ETI;39;1983-04-01;43.25530458590007;48.838256315;2.5451158248;False;7160;[];[];84.11Z;2026-06-15T15:56:29.793007;75;CHAUDE;54450;10890
21930062100014;219300621;COMMUNE LE RAINCY;MAIRIE;;84.11Z;PUB_MAIRIE;PUBLIC;Administration publique générale;121 AVENUE DE LA RESISTANCE 93340 LE RAINCY;93340;LE RAINCY;93;Île-de-France;11;22;22;100 à 199 salariés;199;O;PME;12;1983-03-01;43.34017796030116;48.898452364;2.5161586804;True;7210;[];[];84.11Z;2026-06-15T15:56:29.793007;75;CHAUDE;109450;21890
21930079500107;219300795;COMMUNE DE VILLETANEUSE;ECOLE MATERNELLE JULES VERNE;;85.10Z;PUB_ECOLE;PUBLIC;Enseignement pré-primaire;105 RUE MAURICE GRANDCOING 93430 VILLETANEUSE;93430;VILLETANEUSE;93;Île-de-France;11;32;32;250 à 499 salariés;499;N;ETI;13;1987-08-07;38.90485968514716;48.9665235668722;2.34460877586241;False;7210;[];[];84.11Z;2026-06-15T15:56:29.340511;75;CHAUDE;249500;49900
21930079500099;219300795;COMMUNE DE VILLETANEUSE;ECOLE PRIMAIRE J B CLEMENT 2;;85.20Z;PUB_ECOLE;PUBLIC;Enseignement primaire;4 PLACE JEAN-BAPTISTE CLEMENT 93430 VILLETANEUSE;93430;VILLETANEUSE;93;Île-de-France;11;32;32;250 à 499 salariés;499;N;ETI;13;1987-08-07;38.90485968514716;48.962199508;2.3426458699;False;7210;[];[];84.11Z;2026-06-15T15:56:29.340511;75;CHAUDE;249500;49900
21930057100029;219300571;COMMUNE DE PAVILLONS SOUS BOIS;MAIRIE;;84.11Z;PUB_MAIRIE;PUBLIC;Administration publique générale;5 ALLEE JULES AUFFRET 93320 LES PAVILLONS-SOUS-BOIS;93320;LES PAVILLONS-SOUS-BOIS;93;Île-de-France;11;41;41;500 à 999 salariés;999;N;ETI;25;1983-03-16;43.29911019849418;48.905249549;2.506176236;False;7210;[];[];84.11Z;2026-06-15T15:56:29.339515;75;CHAUDE;549450;109890
77567634900076;775676349;FONDATION L ELAN RETROUVE;;;86.10Z;PUB_HOPITAL;PUBLIC;Activités hospitalières;55 RUE DE LA FOLIE-REGNAULT 75011 PARIS;75011;PARIS;75;Île-de-France;11;11;11;10 à 19 salariés;19;O;ETI;51;1991-01-01;35.501711156741955;48.860485154;2.385828187;False;9300;"[""750830176""]";[];86.10Z;2026-06-15T15:56:46.015524;75;CHAUDE;19000;3800
21930079500123;219300795;COMMUNE DE VILLETANEUSE;MAIRIE;;84.11Z;PUB_MAIRIE;PUBLIC;Administration publique générale;1 PLACE DE L’HOTEL DE VILLE 93430 VILLETANEUSE;93430;VILLETANEUSE;93;Île-de-France;11;32;32;250 à 499 salariés;499;O;ETI;13;1993-08-30;32.84052019164955;48.961260906733;2.34398544665536;True;7210;[];[];84.11Z;2026-06-15T15:56:29.340511;75;CHAUDE;274450;54890
21930061300094;219300613;COMMUNE DE PRE SAINT GERVAIS;BIBLIOTHEQUE MUNICIPALE;;91.01Z;PUB_MUSEE;PUBLIC;Gestion des bibliothèques;RUE PIERRE BROSSOLETTE 93310 LE PRE-SAINT-GERVAIS;93310;LE PRE-SAINT-GERVAIS;93;Île-de-France;11;32;32;250 à 499 salariés;499;N;ETI;14;1970-08-07;55.90417522245038;48.884230336;2.4073730561;False;7210;[];[];84.11Z;2026-06-15T15:56:29.340511;75;CHAUDE;324350;64870
21930030800018;219300308;COMMUNE DE DUGNY;MAIRIE;;84.11Z;PUB_MAIRIE;PUBLIC;Administration publique générale;1 RUE DE LA RESISTANCE 93440 DUGNY;93440;DUGNY;93;Île-de-France;11;32;32;250 à 499 salariés;499;O;ETI;18;1983-03-01;43.34017796030116;48.955302032;2.417540986;True;7210;[];[];84.11Z;2026-06-15T15:56:29.340511;75;CHAUDE;274450;54890
25782547100010;257825471;SYND INTERCOM POUR MAINTIEN A DOMICILE (SIMAD);;SIMAD;84.11Z;PUB_MAIRIE;PUBLIC;Administration publique générale;MAIRIE 13 QUAI MAURICE BERTEAUX 78230 LE PECQ;78230;LE PECQ;78;Île-de-France;11;21;21;50 à 99 salariés;99;O;PME;6;1997-07-23;28.944558521560573;48.897423427;2.1063655735;True;7353;[];[];84.11Z;2026-06-15T15:56:19.116270;75;CHAUDE;54450;10890
21780224800013;217802248;COMMUNE DE L ETANG LA VILLE;MAIRIE;;84.11Z;PUB_MAIRIE;PUBLIC;Administration publique générale;RUE DE FONTON 78620 L'ETANG-LA-VILLE;78620;L'ETANG-LA-VILLE;78;Île-de-France;11;21;21;50 à 99 salariés;99;O;PME;9;1983-03-01;43.34017796030116;48.871248488;2.0726814527;True;7210;[];[];84.11Z;2026-06-15T15:56:19.114268;75;CHAUDE;54450;10890
21780117400038;217801174;COMMUNE DE BUC;ECOLE MATERNELLE LOUIS BLERIOT;;85.10Z;PUB_ECOLE;PUBLIC;Enseignement pré-primaire;12 RUE COLLIN MAMET 78530 BUC;78530;BUC;78;Île-de-France;11;22;22;100 à 199 salariés;199;N;PME;8;1983-12-21;42.53251197809719;48.771627256;2.1230324384;False;7210;[];"[""0781178G""]";84.11Z;2026-06-15T15:56:19.114268;75;CHAUDE;99500;19900
21780117400012;217801174;COMMUNE DE BUC;MAIRIE;;84.11Z;PUB_MAIRIE;PUBLIC;Administration publique générale;3 RUE DES FRERES ROBIN 78530 BUC;78530;BUC;78;Île-de-France;11;22;22;100 à 199 salariés;199;O;PME;8;1983-03-01;43.34017796030116;48.7750820851511;2.12317660409302;True;7210;[];[];84.11Z;2026-06-15T15:56:19.114268;75;CHAUDE;109450;21890
17780001800091;177800018;PREFECTURE DE DEPARTEMENT YVELINES;ANNEXE PREFECTURE YVELINES;;84.11Z;PUB_MAIRIE;PUBLIC;Administration publique générale;1 AVENUE DE L’EUROPE 78000 VERSAILLES;78000;VERSAILLES;78;Île-de-France;11;41;41;500 à 999 salariés;999;N;ETI;7;1983-03-01;43.34017796030116;48.802965492;2.1309085888;False;7172;[];[];84.11Z;2026-06-15T15:56:18.717423;75;CHAUDE;549450;109890
17780001800034;177800018;PREFECTURE DE DEPARTEMENT YVELINES;SOUS-PREFECTURE DE SAINT-GERMAIN-EN-LAYE;;84.11Z;PUB_MAIRIE;PUBLIC;Administration publique générale;1 RUE DU PANORAMA 78100 SAINT-GERMAIN-EN-LAYE;78100;SAINT-GERMAIN-EN-LAYE;78;Île-de-France;11;21;21;50 à 99 salariés;99;N;ETI;7;1962-01-01;64.50102669404518;48.89301202;2.0798341848;False;7172;[];[];84.11Z;2026-06-15T15:56:18.717423;75;CHAUDE;54450;10890
77568300600248;775683006;FONDATION  SANTE DES ETUDIANTS DE FRANCE (FSEF);LABORATOIRE ABM JACQUES ARNAUD;FSEF;86.90B;PRIV_SANTE_CENTRE;PRIVE;Autres activités santé;5 RUE PASTEUR 95570 BOUFFEMONT;95570;BOUFFEMONT;95;Île-de-France;11;51;51;2000 à 4999 salariés;4999;N;ETI;36;1950-04-04;76.24640657084188;49.0477681569353;2.29630392320867;False;9300;[];[];86.10Z;2026-06-15T15:56:58.773958;75;CHAUDE;4749050;949810
21910161500025;219101615;COMMUNE DE CHILLY MAZARIN;COMMIS GESTION SALLE MUNICIPAL;;84.11Z;PUB_MAIRIE;PUBLIC;Administration publique générale;2 RUE DE L'ECOLE 91380 CHILLY-MAZARIN;91380;CHILLY-MAZARIN;91;Île-de-France;11;41;41;500 à 999 salariés;999;N;ETI;26;1983-03-16;43.29911019849418;48.703414778;2.315057165;False;7210;[];[];84.11Z;2026-06-15T15:56:23.573822;75;CHAUDE;549450;109890
21910161500017;219101615;COMMUNE DE CHILLY MAZARIN;MAIRIE;;84.11Z;PUB_MAIRIE;PUBLIC;Administration publique générale;PLACE DU 8 MAI 1945 91380 CHILLY-MAZARIN;91380;CHILLY-MAZARIN;91;Île-de-France;11;41;41;500 à 999 salariés;999;O;ETI;26;1983-03-01;43.34017796030116;48.702480047;2.3125559611;True;7210;[];[];84.11Z;2026-06-15T15:56:23.573822;75;CHAUDE;549450;109890
21910345400225;219103454;COMMUNE DE LONGJUMEAU;MAIRIE;;84.11Z;PUB_MAIRIE;PUBLIC;Administration publique générale;ESPACE ARAGON 6 B RUE LEONTINE SOHIER 91160 LONGJUMEAU;91160;LONGJUMEAU;91;Île-de-France;11;32;32;250 à 499 salariés;499;O;ETI;30;1997-09-01;28.83504449007529;48.694223307;2.2957713669;True;7210;"[""910805803""]";[];84.11Z;2026-06-15T15:56:23.572825;75;CHAUDE;274450;54890
21910027800015;219100278;COMMUNE D ATHIS MONS;MAIRIE;;84.11Z;PUB_MAIRIE;PUBLIC;Administration publique générale;PLACE DU GENERAL DE GAULLE 91200 ATHIS-MONS;91200;ATHIS-MONS;91;Île-de-France;11;41;41;500 à 999 salariés;999;O;ETI;29;1983-03-01;43.34017796030116;48.70766509;2.3890080841;True;7210;[];[];84.11Z;2026-06-15T15:56:23.165666;75;CHAUDE;549450;109890
21910477500057;219104775;COMMUNE DE PALAISEAU;ECOL MATE JOSEPH BARA;;85.10Z;PUB_ECOLE;PUBLIC;Enseignement pré-primaire;4 RUE DES ECOLES 91120 PALAISEAU;91120;PALAISEAU;91;Île-de-France;11;42;42;1000 à 1999 salariés;1999;N;ETI;36;1983-12-21;42.53251197809719;48.7120431580865;2.24129911004529;False;7210;[];[];84.11Z;2026-06-15T15:56:23.164665;75;CHAUDE;999500;199900
21910477500016;219104775;COMMUNE DE PALAISEAU;MAIRIE;;84.11Z;PUB_MAIRIE;PUBLIC;Administration publique générale;91 RUE DE PARIS 91120 PALAISEAU;91120;PALAISEAU;91;Île-de-France;11;41;41;500 à 999 salariés;999;O;ETI;36;1983-03-01;43.34017796030116;48.714552974;2.2457270995;True;7210;[];[];84.11Z;2026-06-15T15:56:23.164665;75;CHAUDE;549450;109890
21910377700039;219103777;COMMUNE DE MASSY;ECOL PRIM VICTOR HUGO;;85.20Z;PUB_ECOLE;PUBLIC;Enseignement primaire;PLACE D'ALLEMAGNE 91300 MASSY;91300;MASSY;91;Île-de-France;11;42;42;1000 à 1999 salariés;1999;N;ETI;42;1983-12-21;42.53251197809719;48.728267886;2.2879851605;False;7210;[];[];84.11Z;2026-06-15T15:56:23.164665;75;CHAUDE;999500;199900
21910377700013;219103777;COMMUNE DE MASSY;MAIRIE;;84.11Z;PUB_MAIRIE;PUBLIC;Administration publique générale;1 AVENUE DU GENERAL DE GAULLE 91300 MASSY;91300;MASSY;91;Île-de-France;11;42;42;1000 à 1999 salariés;1999;O;ETI;42;1983-03-01;43.34017796030116;48.730934365;2.2716822132;True;7210;[];[];84.11Z;2026-06-15T15:56:23.164665;75;CHAUDE;1099450;219890
13000845101083;130008451;DIRECTION DEPARTEMENTALE FINANCES PUBLIQUES ESSONNE (DDFIP);POLE DPTAL DE PROGRAMMATION DE L'ESSONNE;DDFIP;84.11Z;PUB_MAIRIE;PUBLIC;Administration publique générale;8 AVENUE DE FRANCE 91300 MASSY;91300;MASSY;91;Île-de-France;11;42;42;1000 à 1999 salariés;1999;N;ETI;109;2025-09-01;0.8350444900752909;48.7320163486148;2.29107848216684;False;7172;[];[];84.11Z;2026-06-15T15:56:23.163666;75;CHAUDE;1099450;219890
22940028800010;229400288;DEPARTEMENT DU VAL DE MARNE;;;84.11Z;PUB_MAIRIE;PUBLIC;Administration publique générale;HOTEL DU DEPARTEMENT - 21/29 21 AVENUE DU GENERAL DE GAULLE 94000 CRETEIL;94000;CRETEIL;94;Île-de-France;11;52;52;5000 à 9999 salariés;9999;O;GE;212;1983-03-01;43.34017796030116;48.781787127;2.4511035117;True;7220;[];[];84.11Z;2026-06-15T15:56:23.163666;75;CHAUDE;5499450;1099890
13002745100017;130027451;SECRETARIAT GENERAL COMMUN DEPARTEMENTAL YVELINES (SGCD);;SGCD;84.11Z;PUB_MAIRIE;PUBLIC;Administration publique générale;1 RUE JEAN HOUDON 78000 VERSAILLES;78000;VERSAILLES;78;Île-de-France;11;21;21;50 à 99 salariés;99;N;PME;1;2021-01-01;5.500342231348392;48.802908671344;2.13030571559596;True;7172;[];[];84.11Z;2026-06-15T15:56:22.485613;75;CHAUDE;54450;10890
77569483900298;775694839;ASS POUR UTILISATION REIN ARTIFICIEL;;;86.10Z;PUB_HOPITAL;PUBLIC;Activités hospitalières;93 RUE PELLEPORT 75020 PARIS;75020;PARIS;75;Île-de-France;11;11;11;10 à 19 salariés;19;O;ETI;38;1999-02-15;27.378507871321013;48.869822237;2.3998406367;False;9220;"[""750000184""]";[];86.10Z;2026-06-15T15:56:46.016524;75;CHAUDE;19000;3800
21930057100011;219300571;COMMUNE DE PAVILLONS SOUS BOIS;MAIRIE;;84.11Z;PUB_MAIRIE;PUBLIC;Administration publique générale;144 AVENUE JEAN JAURES 93320 LES PAVILLONS-SOUS-BOIS;93320;LES PAVILLONS-SOUS-BOIS;93;Île-de-France;11;41;41;500 à 999 salariés;999;O;ETI;25;1983-03-01;43.34017796030116;48.902781701;2.5068118647;True;7210;[];[];84.11Z;2026-06-15T15:56:29.339515;75;CHAUDE;549450;109890
21930063900057;219300639;COMMUNE DE ROMAINVILLE;ECOLE ELEMENTAIRE PUB MARCEL CACHIN;;85.20Z;PUB_ECOLE;PUBLIC;Enseignement primaire;35 RUE MADELEINE ODRU 93230 ROMAINVILLE;93230;ROMAINVILLE;93;Île-de-France;11;12;12;20 à 49 salariés;49;N;ETI;29;1983-12-21;42.53251197809719;48.879428154;2.4311859399;False;7210;[];"[""0930539F""]";84.11Z;2026-06-15T15:56:29.339515;75;CHAUDE;24500;4900
21930013400018;219300134;COMMUNE DU BOURGET;MAIRIE;;84.11Z;PUB_MAIRIE;PUBLIC;Administration publique générale;65 AVENUE DE LA DIVISION LECLERC 93350 LE BOURGET;93350;LE BOURGET;93;Île-de-France;11;32;32;250 à 499 salariés;499;O;ETI;25;1983-03-01;43.34017796030116;48.934529602;2.4251696193;True;7210;[];[];84.11Z;2026-06-15T15:56:29.340511;75;CHAUDE;274450;54890
21930049800017;219300498;COMMUNE DE NEUILLY PLAISANCE;MAIRIE;;84.11Z;PUB_MAIRIE;PUBLIC;Administration publique générale;6 RUE DU GENERAL DE GAULLE 93360 NEUILLY-PLAISANCE;93360;NEUILLY-PLAISANCE;93;Île-de-France;11;41;41;500 à 999 salariés;999;O;ETI;22;1983-03-01;43.34017796030116;48.860819117;2.506232496;True;7210;[];[];84.11Z;2026-06-15T15:56:29.340511;75;CHAUDE;549450;109890
21930045600064;219300456;COMMUNE DES LILAS;ECOLE ELEMENTAIRE PUB PAUL LANGEVIN;;85.20Z;PUB_ECOLE;PUBLIC;Enseignement primaire;2 RUE PAUL LANGEVIN 93260 LES LILAS;93260;LES LILAS;93;Île-de-France;11;12;12;20 à 49 salariés;49;N;ETI;22;1983-12-21;42.53251197809719;48.8838020660662;2.42313281926886;False;7210;[];"[""0930382K""]";84.11Z;2026-06-15T15:56:29.340511;75;CHAUDE;24500;4900
17770232100122;177702321;DIRECTION REGIONALE DES DOUANES PARIS-EST (DRD);VILLEPINTE GR ET CRD;DRD;84.11Z;PUB_MAIRIE;PUBLIC;Administration publique générale;87 AVENUE DU BOIS DE LA PIE 93290 TREMBLAY-EN-FRANCE;93290;TREMBLAY-EN-FRANCE;93;Île-de-France;11;31;31;200 à 249 salariés;249;N;PME;26;1988-10-03;37.74674880219028;48.980012903;2.508681964;False;7172;[];[];84.11Z;2026-06-15T15:56:29.339515;75;CHAUDE;136950;27390
17770232100049;177702321;DIRECTION REGIONALE DES DOUANES PARIS-EST (DRD);DIVISION SEINE ST DENIS 2;DRD;84.11Z;PUB_MAIRIE;PUBLIC;Administration publique générale;GARONOR 93600 AULNAY-SOUS-BOIS;93600;AULNAY-SOUS-BOIS;93;Île-de-France;11;31;31;200 à 249 salariés;249;N;PME;26;1988-10-03;37.74674880219028;48.955888839;2.4658094275;False;7172;[];[];84.11Z;2026-06-15T15:56:29.339515;75;CHAUDE;136950;27390
78566327900046;785663279;CTRE ETUD RECHERCH PEDAGOG PSYCHANALYTIQ;SCE PLACEMENT FAMILIAL ADULTES;;86.10Z;PUB_HOPITAL;PUBLIC;Activités hospitalières;63 RUE PASTEUR 94380 BONNEUIL-SUR-MARNE;94380;BONNEUIL-SUR-MARNE;94;Île-de-France;11;12;12;20 à 49 salariés;49;N;PME;3;1995-09-01;30.836413415468854;48.775813839;2.4775454428;False;9220;"[""940001993""]";[];86.10Z;2026-06-15T15:56:57.424952;75;CHAUDE;49000;9800
78566327900012;785663279;CTRE ETUD RECHERCH PEDAGOG PSYCHANALYTIQ;;;86.10Z;PUB_HOPITAL;PUBLIC;Activités hospitalières;63 RUE PASTEUR 94380 BONNEUIL-SUR-MARNE;94380;BONNEUIL-SUR-MARNE;94;Île-de-France;11;12;12;20 à 49 salariés;49;O;PME;3;1975-03-17;51.29637234770705;48.775813839;2.4775454428;True;9220;"[""940170095""]";[];86.10Z;2026-06-15T15:56:57.424952;75;CHAUDE;49000;9800
18000702300054;180007023;INSTITUTION NATIONALE DES INVALIDES;ANTENNE CERAH;;84.11Z;PUB_MAIRIE;PUBLIC;Administration publique générale;47 RUE DE L’ECHAT 94000 CRETEIL;94000;CRETEIL;94;Île-de-France;11;32;32;250 à 499 salariés;499;N;ETI;5;2010-01-01;16.501026694045173;48.799229977;2.4481287874;False;7389;[];[];86.10Z;2026-06-15T15:56:57.424952;75;CHAUDE;274450;54890
21910064100014;219100641;COMMUNE DE BIEVRES;MAIRIE;;84.11Z;PUB_MAIRIE;PUBLIC;Administration publique générale;PLACE DE MAIRIE 91570 BIEVRES;91570;BIEVRES;91;Île-de-France;11;22;22;100 à 199 salariés;199;O;PME;9;1983-03-01;43.34017796030116;48.754270828;2.2150931888;True;7210;[];[];84.11Z;2026-06-15T15:56:24.061276;75;CHAUDE;109450;21890
21910645700068;219106457;COMMUNE DE VERRIERES LE BUISSON;ECOLE ELEMENTAIRE PUBLIQUE DAVID REGNIER;;85.20Z;PUB_ECOLE;PUBLIC;Enseignement primaire;3 RUE FABRE 91370 VERRIERES-LE-BUISSON;91370;VERRIERES-LE-BUISSON;91;Île-de-France;11;32;32;250 à 499 salariés;499;N;ETI;11;1983-12-21;42.53251197809719;48.743931793;2.2638155623;False;7210;[];[];84.11Z;2026-06-15T15:56:24.060276;75;CHAUDE;249500;49900
21910645700019;219106457;COMMUNE DE VERRIERES LE BUISSON;MAIRIE;;84.11Z;PUB_MAIRIE;PUBLIC;Administration publique générale;PLACE CHARLES DE GAULLE 91370 VERRIERES-LE-BUISSON;91370;VERRIERES-LE-BUISSON;91;Île-de-France;11;32;32;250 à 499 salariés;499;O;ETI;11;1983-03-01;43.34017796030116;48.746482879;2.2674976202;True;7210;[];[];84.11Z;2026-06-15T15:56:24.060276;75;CHAUDE;274450;54890
21910689500069;219106895;COMMUNE DE WISSOUS;ECOLE MATERNELLE VICTOR BALOCHE GROUP;;85.20Z;PUB_ECOLE;PUBLIC;Enseignement primaire;5 RUE CHARLES LEGROS 91320 WISSOUS;91320;WISSOUS;91;Île-de-France;11;31;31;200 à 249 salariés;249;N;PME;12;1983-12-21;42.53251197809719;48.73218036;2.3263558867;False;7210;[];[];84.11Z;2026-06-15T15:56:23.576821;75;CHAUDE;124500;24900
21910689500010;219106895;COMMUNE DE WISSOUS;MAIRIE;;84.11Z;PUB_MAIRIE;PUBLIC;Administration publique générale;PL DE LA LIBERATION 91320 WISSOUS;91320;WISSOUS;91;Île-de-France;11;22;22;100 à 199 salariés;199;O;PME;12;1983-03-01;43.34017796030116;48.7318767739759;2.32711768781984;True;7210;[];[];84.11Z;2026-06-15T15:56:23.576821;75;CHAUDE;109450;21890
21910432000060;219104320;COMMUNE DE MORANGIS;ECOLE ELEMENTAIRE LOUIS MOREAU;;85.20Z;PUB_ECOLE;PUBLIC;Enseignement primaire;4 AVENUE CHARLES DE GAULLE 91420 MORANGIS;91420;MORANGIS;91;Île-de-France;11;32;32;250 à 499 salariés;499;N;ETI;12;1983-12-21;42.53251197809719;48.7051903908938;2.33658510566393;False;7210;[];[];84.11Z;2026-06-15T15:56:23.575822;75;CHAUDE;249500;49900
21910432000037;219104320;COMMUNE DE MORANGIS;MAIRIE DE MORANGIS;;84.11Z;PUB_MAIRIE;PUBLIC;Administration publique générale;4 AVENUE CHARLES DE GAULLE 91420 MORANGIS;91420;MORANGIS;91;Île-de-France;11;32;32;250 à 499 salariés;499;N;ETI;12;1983-03-16;43.29911019849418;48.7051903908938;2.33658510566393;False;7210;[];[];84.11Z;2026-06-15T15:56:23.575822;75;CHAUDE;274450;54890
21910432000011;219104320;COMMUNE DE MORANGIS;MAIRIE;;84.11Z;PUB_MAIRIE;PUBLIC;Administration publique générale;12 AVENUE DE LA REPUBLIQUE 91420 MORANGIS;91420;MORANGIS;91;Île-de-France;11;32;32;250 à 499 salariés;499;O;ETI;12;1983-03-01;43.34017796030116;48.70539682;2.3327145269;True;7210;[];[];84.11Z;2026-06-15T15:56:23.575822;75;CHAUDE;274450;54890
78444843300044;784448433;CEREP;;;86.10Z;PUB_HOPITAL;PUBLIC;Activités hospitalières;31 RUE DU FAUBOURG POISSONNIERE 75009 PARIS;75009;PARIS;75;Île-de-France;11;3;3;6 à 9 salariés;9;O;PME;15;1994-05-27;32.101300479123886;48.873210758;2.3478021144;True;9230;[];[];86.10Z;2026-06-15T15:56:46.016524;75;CHAUDE;9000;1800
48841184400019;488411844;BTP RESIDENCES MEDICO SOCIALES;;;86.10Z;PUB_HOPITAL;PUBLIC;Activités hospitalières;7 RUE DU REGARD 75006 PARIS;75006;PARIS;75;Île-de-France;11;3;3;6 à 9 salariés;9;O;ETI;20;2006-01-01;20.501026694045173;48.848698974;2.3271339394;True;9220;[];[];86.10Z;2026-06-15T15:56:46.016524;75;CHAUDE;9000;1800
21930077900200;219300779;COMMUNE DE VILLEMOMBLE;MAIRIE;;84.11Z;PUB_MAIRIE;PUBLIC;Administration publique générale;13 B RUE D AVRON 93250 VILLEMOMBLE;93250;VILLEMOMBLE;93;Île-de-France;11;41;41;500 à 999 salariés;999;O;ETI;34;1984-04-09;42.23134839151266;48.882104668;2.5076139321;True;7210;[];[];84.11Z;2026-06-15T15:56:29.339515;75;CHAUDE;549450;109890
21930078700013;219300787;COMMUNE DE VILLEPINTE;MAIRIE;;84.11Z;PUB_MAIRIE;PUBLIC;Administration publique générale;PLACE DE MAIRIE 93420 VILLEPINTE;93420;VILLEPINTE;93;Île-de-France;11;42;42;1000 à 1999 salariés;1999;O;ETI;33;1983-03-01;43.34017796030116;48.963651441;2.5346987421;True;7210;[];[];84.11Z;2026-06-15T15:56:29.338511;75;CHAUDE;1099450;219890
21930032400072;219300324;COMMUNE DE GAGNY;ECOLE PRIMAIRE JULES FERRY;;85.20Z;PUB_ECOLE;PUBLIC;Enseignement primaire;RUE ALBERT CAMUS 93220 GAGNY;93220;GAGNY;93;Île-de-France;11;42;42;1000 à 1999 salariés;1999;N;ETI;36;1983-12-21;42.53251197809719;48.869073367;2.5676995518;False;7210;[];[];84.11Z;2026-06-15T15:56:29.338511;75;CHAUDE;999500;199900
21930032400015;219300324;COMMUNE DE GAGNY;MAIRIE;;84.11Z;PUB_MAIRIE;PUBLIC;Administration publique générale;1 ESP MICHEL TEULET 93220 GAGNY;93220;GAGNY;93;Île-de-France;11;41;41;500 à 999 salariés;999;O;ETI;36;1983-03-01;43.34017796030116;48.884880678;2.5366123026;True;7210;[];[];84.11Z;2026-06-15T15:56:29.338511;75;CHAUDE;549450;109890
21930064700100;219300647;COMMUNE DE ROSNY-SOUS-BOIS;ECOLE PRIMAIRE ERCKMANN CHATRIAN;;85.20Z;PUB_ECOLE;PUBLIC;Enseignement primaire;8-14 8 RUE HENRI MONDOR 93110 ROSNY-SOUS-BOIS;93110;ROSNY-SOUS-BOIS;93;Île-de-France;11;42;42;1000 à 1999 salariés;1999;N;ETI;36;1983-12-21;42.53251197809719;48.869014668;2.49626875;False;7210;[];[];84.11Z;2026-06-15T15:56:29.338511;75;CHAUDE;999500;199900
21930064700050;219300647;COMMUNE DE ROSNY-SOUS-BOIS;ECOLE ELEMENTAIRE JEAN MERMOZ;;85.20Z;PUB_ECOLE;PUBLIC;Enseignement primaire;50 RUE PHILIBERT HOFFMANN 93110 ROSNY-SOUS-BOIS;93110;ROSNY-SOUS-BOIS;93;Île-de-France;11;42;42;1000 à 1999 salariés;1999;N;ETI;36;1983-12-21;42.53251197809719;48.880664;2.486851116;False;7210;[];"[""0930341R""]";84.11Z;2026-06-15T15:56:29.337511;75;CHAUDE;999500;199900
21930064700019;219300647;COMMUNE DE ROSNY-SOUS-BOIS;MAIRIE;;84.11Z;PUB_MAIRIE;PUBLIC;Administration publique générale;20 RUE CLAUDE PERNES 93110 ROSNY-SOUS-BOIS;93110;ROSNY-SOUS-BOIS;93;Île-de-France;11;42;42;1000 à 1999 salariés;1999;O;ETI;36;1983-03-01;43.34017796030116;48.872132509;2.4883297061;True;7210;[];[];84.11Z;2026-06-15T15:56:29.337511;75;CHAUDE;1099450;219890
21930053000108;219300530;COMMUNE DE NOISY LE SEC;ECOLE PRIMAIRE BAUDIN;;85.20Z;PUB_ECOLE;PUBLIC;Enseignement primaire;18 RUE BAUDIN 93130 NOISY-LE-SEC;93130;NOISY-LE-SEC;93;Île-de-France;11;42;42;1000 à 1999 salariés;1999;N;ETI;34;1983-12-21;42.53251197809719;48.900035755;2.4668050197;False;7210;[];[];84.11Z;2026-06-15T15:56:29.337511;75;CHAUDE;999500;199900
21930053000017;219300530;COMMUNE DE NOISY LE SEC;MAIRIE;;84.11Z;PUB_MAIRIE;PUBLIC;Administration publique générale;1 PLACE MARECHAL FOCH 93130 NOISY-LE-SEC;93130;NOISY-LE-SEC;93;Île-de-France;11;42;42;1000 à 1999 salariés;1999;O;ETI;34;1983-03-01;43.34017796030116;48.889945097;2.4516816338;True;7210;[];[];84.11Z;2026-06-15T15:56:29.337511;75;CHAUDE;1099450;219890
21930047200079;219300472;COMMUNE DE MONTFERMEIL;ECOLE PRIMAIRE EUGENE POTTIER;;85.20Z;PUB_ECOLE;PUBLIC;Enseignement primaire;9 AV DU BOIS DE CLICHY 93370 MONTFERMEIL;93370;MONTFERMEIL;93;Île-de-France;11;41;41;500 à 999 salariés;999;N;ETI;36;1983-12-21;42.53251197809719;48.900201534;2.5554720885;False;7210;[];[];84.11Z;2026-06-15T15:56:29.336511;75;CHAUDE;499500;99900
21930047200038;219300472;COMMUNE DE MONTFERMEIL;ECOLE PRIMAIRE JEAN MOULIN;;85.20Z;PUB_ECOLE;PUBLIC;Enseignement primaire;60 BOULEVARD BARGUE 93370 MONTFERMEIL;93370;MONTFERMEIL;93;Île-de-France;11;41;41;500 à 999 salariés;999;N;ETI;36;1983-12-21;42.53251197809719;48.9015693464011;2.5583592235466;False;7210;[];[];84.11Z;2026-06-15T15:56:29.336511;75;CHAUDE;499500;99900
21930047200194;219300472;COMMUNE DE MONTFERMEIL;MAIRIE;;84.11Z;PUB_MAIRIE;PUBLIC;Administration publique générale;7 PLACE JEAN MERMOZ 93370 MONTFERMEIL;93370;MONTFERMEIL;93;Île-de-France;11;41;41;500 à 999 salariés;999;O;ETI;36;1986-06-01;40.08761122518823;48.902202467;2.5709820078;True;7210;[];[];84.11Z;2026-06-15T15:56:29.336511;75;CHAUDE;549450;109890
21930046400019;219300464;COMMUNE DE LIVRY GARGAN;MAIRIE;;84.11Z;PUB_MAIRIE;PUBLIC;Administration publique générale;4 PLACE FRANCOIS MITTERRAND 93190 LIVRY-GARGAN;93190;LIVRY-GARGAN;93;Île-de-France;11;42;42;1000 à 1999 salariés;1999;O;ETI;43;1983-03-01;43.34017796030116;48.919177585;2.5366743758;True;7210;[];[];84.11Z;2026-06-15T15:56:29.336511;75;CHAUDE;1099450;219890
21930031600037;219300316;COMMUNE D EPINAY SUR SEINE;ECOLE ELEMENTAIRE PUB R ROLLAND;;85.20Z;PUB_ECOLE;PUBLIC;Enseignement primaire;45 RUE DE L'AVENIR 93800 EPINAY-SUR-SEINE;93800;EPINAY-SUR-SEINE;93;Île-de-France;11;12;12;20 à 49 salariés;49;N;ETI;36;1983-12-21;42.53251197809719;48.95403213;2.3301437586;False;7210;[];"[""0931409B""]";84.11Z;2026-06-15T15:56:29.336511;75;CHAUDE;24500;4900
21930014200011;219300142;COMMUNE DE CLICHY-SOUS-BOIS;MAIRIE;;84.11Z;PUB_MAIRIE;PUBLIC;Administration publique générale;PL DU 11 NOVEMBRE 1918 93390 CLICHY SOUS BOIS;93390;CLICHY SOUS BOIS;93;Île-de-France;11;41;41;500 à 999 salariés;999;O;ETI;39;1983-03-01;43.34017796030116;48.9109379712812;2.54593513186589;True;7210;[];[];84.11Z;2026-06-15T15:56:29.335496;75;CHAUDE;549450;109890
21930006800117;219300068;COMMUNE DE BAGNOLET;ECOLE ELEMENTAIRE PUB JULES FERRY;;85.20Z;PUB_ECOLE;PUBLIC;Enseignement primaire;36 RUE JULES FERRY 93170 BAGNOLET;93170;BAGNOLET;93;Île-de-France;11;12;12;20 à 49 salariés;49;N;ETI;39;1983-12-21;42.53251197809719;48.858012115;2.4174067615;False;7210;[];"[""0930207V""]";84.11Z;2026-06-15T15:56:29.335496;75;CHAUDE;24500;4900
78444843300127;784448433;CEREP;;;86.10Z;PUB_HOPITAL;PUBLIC;Activités hospitalières;68 RUE DES PLANTES 75014 PARIS;75014;PARIS;75;Île-de-France;11;3;3;6 à 9 salariés;9;N;PME;15;2019-01-01;7.501711156741957;48.827102158673;2.31876089309281;False;9230;"[""750008419""]";[];86.10Z;2026-06-15T15:56:46.016524;75;CHAUDE;9000;1800
21910661400080;219106614;COMMUNE DE VILLEBON SUR YVETTE;ECOLE ELEMENTAIRE PUB CHRISTIAN ANDERSEN;;85.20Z;PUB_ECOLE;PUBLIC;Enseignement primaire;24 RUE JEAN DE LA FONTAINE 91140 VILLEBON-SUR-YVETTE;91140;VILLEBON-SUR-YVETTE;91;Île-de-France;11;32;32;250 à 499 salariés;499;N;ETI;14;1987-09-08;38.81724845995893;48.700850008;2.2292867752;False;7210;[];[];84.11Z;2026-06-15T15:56:23.575822;75;CHAUDE;249500;49900
21910661400049;219106614;COMMUNE DE VILLEBON SUR YVETTE;ECOLE MATERNELLE PUBLIQUE LA ROCHE;;85.10Z;PUB_ECOLE;PUBLIC;Enseignement pré-primaire;PL DU HUIT MAI 1945 91140 VILLEBON SUR YVETTE;91140;VILLEBON SUR YVETTE;91;Île-de-France;11;32;32;250 à 499 salariés;499;N;ETI;14;1983-12-21;42.53251197809719;48.699596859;2.2438210844;False;7210;[];[];84.11Z;2026-06-15T15:56:23.574822;75;CHAUDE;249500;49900
21910661400031;219106614;COMMUNE DE VILLEBON SUR YVETTE;ECOLE MATERNELLE PUBLIQUE LES CASSEAUX;;85.10Z;PUB_ECOLE;PUBLIC;Enseignement pré-primaire;15 RUE DES BOULEAUX 91140 VILLEBON-SUR-YVETTE;91140;VILLEBON-SUR-YVETTE;91;Île-de-France;11;32;32;250 à 499 salariés;499;N;ETI;14;1983-12-21;42.53251197809719;48.699661891;2.2205127524;False;7210;[];[];84.11Z;2026-06-15T15:56:23.574822;75;CHAUDE;249500;49900
21910661400072;219106614;COMMUNE DE VILLEBON SUR YVETTE;MAIRIE;;84.11Z;PUB_MAIRIE;PUBLIC;Administration publique générale;PLACE GERARD NEVERS 91140 VILLEBON-SUR-YVETTE;91140;VILLEBON-SUR-YVETTE;91;Île-de-France;11;32;32;250 à 499 salariés;499;O;ETI;14;1987-12-01;38.58726899383984;48.700043356;2.2277858424;True;7210;[];[];84.11Z;2026-06-15T15:56:23.574822;75;CHAUDE;274450;54890
80248592000101;802485920;FONDATION SANTE SERVICE;;;86.90D;PRIV_SANTE_CENTRE;PRIVE;Autres activités santé;40-48 PARC ICADE BAT MIAMI 4E ETAGE 40 RUE D'ARCUEIL 94150 RUNGIS;94150;RUNGIS;94;Île-de-France;11;42;42;1000 à 1999 salariés;1999;O;ETI;24;2024-05-01;2.1711156741957565;48.7464819259189;2.35742648738005;False;9300;[];[];86.10Z;2026-06-15T15:56:57.423917;75;CHAUDE;1899050;379810
77567634900183;775676349;FONDATION L ELAN RETROUVE;;;86.10Z;PUB_HOPITAL;PUBLIC;Activités hospitalières;50 RUE DU LIEUTENANT PETIT LEROY 94550 CHEVILLY-LARUE;94550;CHEVILLY-LARUE;94;Île-de-France;11;12;12;20 à 49 salariés;49;O;ETI;51;2008-07-01;18.0041067761807;48.76763395;2.3586894305;False;9300;"[""940170137""]";[];86.10Z;2026-06-15T15:56:57.423917;75;CHAUDE;49000;9800
26940106300418;269401063;GROUPE HOSPITALIER FONDATION VALLEE - PAUL GUIRAUD;CTRE MEDICO PSYCHOLOGIQUE 94G10;;86.10Z;PUB_HOPITAL;PUBLIC;Activités hospitalières;1 AVENUE PABLO PICASSO 94600 CHOISY-LE-ROI;94600;CHOISY-LE-ROI;94;Île-de-France;11;12;12;20 à 49 salariés;49;O;ETI;95;1982-09-01;43.83572895277207;48.7663630903655;2.40946902389491;False;7364;"[""940000391""]";[];86.10Z;2026-06-15T15:56:57.423917;75;CHAUDE;49000;9800
26940106300335;269401063;GROUPE HOSPITALIER FONDATION VALLEE - PAUL GUIRAUD;CENTRE MEDICO PSYCHOLIGIQUE 94G15;;86.10Z;PUB_HOPITAL;PUBLIC;Activités hospitalières;43 AVENUE CARNOT 94230 CACHAN;94230;CACHAN;94;Île-de-France;11;11;11;10 à 19 salariés;19;O;ETI;95;1994-07-08;31.98631074606434;48.798492015;2.3267730366;False;7364;"[""940000110""]";[];86.10Z;2026-06-15T15:56:57.423917;75;CHAUDE;19000;3800
21930006800083;219300068;COMMUNE DE BAGNOLET;ECOLE ELEMENTAIRE PUBLIQUE E COTTON;;85.20Z;PUB_ECOLE;PUBLIC;Enseignement primaire;115-123 115 RUE PIERRE ET MARIE CURIE 93170 BAGNOLET;93170;BAGNOLET;93;Île-de-France;11;12;12;20 à 49 salariés;49;N;ETI;39;1983-12-21;42.53251197809719;48.874415367;2.4250065957;False;7210;[];"[""0931245Y""]";84.11Z;2026-06-15T15:56:29.335496;75;CHAUDE;24500;4900
21930006800026;219300068;COMMUNE DE BAGNOLET;MAIRIE;;86.21Z;PRIV_SANTE_CABINET;PRIVE;Pratique médicale générale;13 RUE SADI CARNOT 93170 BAGNOLET;93170;BAGNOLET;93;Île-de-France;11;42;42;1000 à 1999 salariés;1999;N;ETI;39;1983-03-16;43.29911019849418;48.867338142;2.4175641962;False;7210;[];[];84.11Z;2026-06-15T15:56:29.335496;75;CHAUDE;1799100;359820
21930072000014;219300720;COMMUNE DE STAINS;MAIRIE;;84.11Z;PUB_MAIRIE;PUBLIC;Administration publique générale;6 AVENUE PAUL VAILLANT COUTURIER 93240 STAINS;93240;STAINS;93;Île-de-France;11;42;42;1000 à 1999 salariés;1999;O;ETI;36;1983-03-01;43.34017796030116;48.955481855;2.3824045115;True;7210;[];[];84.11Z;2026-06-15T15:56:29.335496;75;CHAUDE;1099450;219890
21930010000126;219300100;COMMUNE DE BONDY;ECOLE PRIMAIRE MAINGUY;;85.20Z;PUB_ECOLE;PUBLIC;Enseignement primaire;19 RUE PAUL VAILLANT-COUTURIER 93140 BONDY;93140;BONDY;93;Île-de-France;11;42;42;1000 à 1999 salariés;1999;N;ETI;42;1983-12-21;42.53251197809719;48.901926473;2.476472146;False;7210;[];[];84.11Z;2026-06-15T15:56:28.721861;75;CHAUDE;999500;199900
21930010000019;219300100;COMMUNE DE BONDY;MAIRIE;;84.11Z;PUB_MAIRIE;PUBLIC;Administration publique générale;ESPLANADE CLAUDE FUZIER 93140 BONDY;93140;BONDY;93;Île-de-France;11;42;42;1000 à 1999 salariés;1999;O;ETI;42;1983-03-01;43.34017796030116;48.901922864;2.48132702;True;7210;[];[];84.11Z;2026-06-15T15:56:28.720861;75;CHAUDE;1099450;219890
21930055500071;219300555;COMMUNE DE PANTIN;ECOLE ELEMENTAIRE PUB SADI CARNOT;;85.20Z;PUB_ECOLE;PUBLIC;Enseignement primaire;2 RUE SADI CARNOT 93500 PANTIN;93500;PANTIN;93;Île-de-France;11;12;12;20 à 49 salariés;49;N;ETI;58;1983-12-21;42.53251197809719;48.8972284511325;2.4021251796551;False;7210;[];"[""0930374B""]";84.11Z;2026-06-15T15:56:28.720861;75;CHAUDE;24500;4900
38353855000112;383538550;DIAVERUM SAINT-DENIS;;;86.10Z;PUB_HOPITAL;PUBLIC;Activités hospitalières;31 RUE BOURET 75019 PARIS;75019;PARIS;75;Île-de-France;11;11;11;10 à 19 salariés;19;O;ETI;12;2023-03-20;3.288158795345653;48.88228444;2.3725960371;False;5710;"[""750066813""]";[];86.10Z;2026-06-15T15:56:46.017528;75;CHAUDE;19000;3800
48509481700015;485094817;CENTRE DE DIALYSE DE L'ESTREE;;;86.10Z;PUB_HOPITAL;PUBLIC;Activités hospitalières;35 RUE D''AMIENS 93240 STAINS;93240;STAINS;93;Île-de-France;11;12;12;20 à 49 salariés;49;O;GE;1;2005-10-10;20.72826830937714;48.954798224;2.368402994;True;5710;"[""930014428""]";[];86.10Z;2026-06-15T15:56:56.950053;75;CHAUDE;49000;9800
20005952500028;200059525;SM AMENAGEMENT HYDRAULIQUE DE LA VALLEE DE L'YVETTE (SIAHVY);COMMISSION LOCALE DE L'EAU;SIAHVY;84.12Z;PUB_MAIRIE;PUBLIC;Administration publique;12 AVENUE SALVADOR ALLENDE 91160 SAULX-LES-CHARTREUX;91160;SAULX-LES-CHARTREUX;91;Île-de-France;11;21;21;50 à 99 salariés;99;N;PME;5;2015-12-21;10.532511978097194;48.694629522;2.2763871829;False;7354;[];[];84.11Z;2026-06-15T15:56:24.477679;75;CHAUDE;54450;10890
20005952500010;200059525;SM AMENAGEMENT HYDRAULIQUE DE LA VALLEE DE L'YVETTE (SIAHVY);;SIAHVY;84.11Z;PUB_MAIRIE;PUBLIC;Administration publique générale;12 AVENUE SALVADOR ALLENDE 91160 SAULX-LES-CHARTREUX;91160;SAULX-LES-CHARTREUX;91;Île-de-France;11;21;21;50 à 99 salariés;99;O;PME;5;2015-12-21;10.532511978097194;48.694629522;2.2763871829;True;7354;[];[];84.11Z;2026-06-15T15:56:24.477679;75;CHAUDE;54450;10890
21910534300012;219105343;COMMUNE DE SACLAY;MAIRIE;;84.11Z;PUB_MAIRIE;PUBLIC;Administration publique générale;12 PLACE DE LA MAIRIE 91400 SACLAY;91400;SACLAY;91;Île-de-France;11;22;22;100 à 199 salariés;199;O;PME;7;1983-03-01;43.34017796030116;48.7309786141273;2.17261047005919;True;7210;[];[];84.11Z;2026-06-15T15:56:24.476589;75;CHAUDE;109450;21890
21910136700064;219101367;COMMUNE DE CHAMPLAN;ECOLE MATERNELLE LES SAULES;;85.10Z;PUB_ECOLE;PUBLIC;Enseignement pré-primaire;7 RUE JEAN JAURES 91160 CHAMPLAN;91160;CHAMPLAN;91;Île-de-France;11;22;22;100 à 199 salariés;199;N;PME;7;1994-05-31;32.09034907597536;48.700041949;2.290743059;False;7210;[];"[""0911241E""]";84.11Z;2026-06-15T15:56:24.476589;75;CHAUDE;99500;19900
21910136700049;219101367;COMMUNE DE CHAMPLAN;ECOLE MATERNELLE PUBLIQUE LA BUTTE;;85.10Z;PUB_ECOLE;PUBLIC;Enseignement pré-primaire;176 ROUTE DE VERSAILLES 91160 CHAMPLAN;91160;CHAMPLAN;91;Île-de-France;11;22;22;100 à 199 salariés;199;N;PME;7;1983-12-21;42.53251197809719;48.710477723;2.2672924588;False;7210;[];[];84.11Z;2026-06-15T15:56:24.476589;75;CHAUDE;99500;19900
21910136700015;219101367;COMMUNE DE CHAMPLAN;MAIRIE;;84.11Z;PUB_MAIRIE;PUBLIC;Administration publique générale;PLACE DE LA MAIRIE 91160 CHAMPLAN;91160;CHAMPLAN;91;Île-de-France;11;21;21;50 à 99 salariés;99;O;PME;7;1983-03-01;43.34017796030116;48.7084798143119;2.27369251919675;True;7210;[];[];84.11Z;2026-06-15T15:56:24.476045;75;CHAUDE;54450;10890
21910479100096;219104791;COMMUNE DE PARAY VIEILLE POSTE;ECOLE ELEMENTAIRE PAUL BERT;;85.20Z;PUB_ECOLE;PUBLIC;Enseignement primaire;RUE DE KRUFT 91550 PARAY-VIEILLE-POSTE;91550;PARAY-VIEILLE-POSTE;91;Île-de-France;11;32;32;250 à 499 salariés;499;N;ETI;9;2026-01-19;0.4517453798767967;48.7129083363059;2.36731475333271;False;7210;[];"[""0910502B""]";84.11Z;2026-06-15T15:56:24.064276;75;CHAUDE;249500;49900
21910479100088;219104791;COMMUNE DE PARAY VIEILLE POSTE;ECOLE MATERNELLE PAUL BERT;;85.10Z;PUB_ECOLE;PUBLIC;Enseignement pré-primaire;RUE DE KRUFT 91550 PARAY-VIEILLE-POSTE;91550;PARAY-VIEILLE-POSTE;91;Île-de-France;11;32;32;250 à 499 salariés;499;N;ETI;9;2026-01-19;0.4517453798767967;48.71380774143;2.3673038631993;False;7210;[];"[""0911732N""]";84.11Z;2026-06-15T15:56:24.064276;75;CHAUDE;249500;49900
21910479100013;219104791;COMMUNE DE PARAY VIEILLE POSTE;MAIRIE;;84.11Z;PUB_MAIRIE;PUBLIC;Administration publique générale;PLACE HENRI BARBUSSE 91550 PARAY-VIEILLE-POSTE;91550;PARAY-VIEILLE-POSTE;91;Île-de-France;11;32;32;250 à 499 salariés;499;O;ETI;9;1983-03-01;43.34017796030116;48.712839165;2.3636946007;True;7210;[];[];84.11Z;2026-06-15T15:56:24.064276;75;CHAUDE;274450;54890
21910312400075;219103124;COMMUNE D IGNY;ECOLE MATERNELLE PUB JEAN-BAPTISTE COROT;;85.10Z;PUB_ECOLE;PUBLIC;Enseignement pré-primaire;5 RUE DE L'EGLISE 91430 IGNY;91430;IGNY;91;Île-de-France;11;32;32;250 à 499 salariés;499;N;ETI;9;1983-12-21;42.53251197809719;48.7412618520881;2.22554267128457;False;7210;[];[];84.11Z;2026-06-15T15:56:24.061276;75;CHAUDE;249500;49900
21910312400059;219103124;COMMUNE D IGNY;ECOLE PRIMAIRE PUBLIQUE LANGEVIN WALLON;;85.20Z;PUB_ECOLE;PUBLIC;Enseignement primaire;3 RUE DE L'EGLISE 91430 IGNY;91430;IGNY;91;Île-de-France;11;32;32;250 à 499 salariés;499;N;ETI;9;1983-12-21;42.53251197809719;48.7419209596306;2.22481993886881;False;7210;[];[];84.11Z;2026-06-15T15:56:24.061276;75;CHAUDE;249500;49900
21910312400018;219103124;COMMUNE D IGNY;MAIRIE;;84.11Z;PUB_MAIRIE;PUBLIC;Administration publique générale;25 AVENUE DE LA DIVISION LECLERC 91430 IGNY;91430;IGNY;91;Île-de-France;11;31;31;200 à 249 salariés;249;O;ETI;9;1983-03-01;43.34017796030116;48.742199124;2.2259787841;True;7210;[];[];84.11Z;2026-06-15T15:56:24.061276;75;CHAUDE;136950;27390
21930070400109;219300704;COMMUNE DE ST OUEN-SUR-SEINE;ECOLE ELEMENTAIRE IRENE JOLIOT-CURIE;;85.20Z;PUB_ECOLE;PUBLIC;Enseignement primaire;2 RUE PIERRE CURIE 93400 SAINT-OUEN-SUR-SEINE;93400;SAINT-OUEN-SUR-SEINE;93;Île-de-France;11;11;11;10 à 19 salariés;19;N;ETI;56;1983-12-21;42.53251197809719;48.904183715;2.3392714046;False;7210;[];"[""0930354E""]";84.11Z;2026-06-15T15:56:28.720861;75;CHAUDE;9500;1900
21930070400083;219300704;COMMUNE DE ST OUEN-SUR-SEINE;ECOLE ELEMENTAIRE PUBLIQUE MICHELET;;85.20Z;PUB_ECOLE;PUBLIC;Enseignement primaire;143 RUE DU DOCTEUR BAUER 93400 SAINT-OUEN-SUR-SEINE;93400;SAINT-OUEN-SUR-SEINE;93;Île-de-France;11;11;11;10 à 19 salariés;19;N;ETI;56;1983-12-21;42.53251197809719;48.904151722;2.3460925622;False;7210;[];"[""0930297T""]";84.11Z;2026-06-15T15:56:28.720861;75;CHAUDE;9500;1900
21930070400034;219300704;COMMUNE DE ST OUEN-SUR-SEINE;ECOLE MATERNELLE PUB VICTOR HUGO;;85.10Z;PUB_ECOLE;PUBLIC;Enseignement pré-primaire;8 RUE ARAGO 93400 SAINT-OUEN-SUR-SEINE;93400;SAINT-OUEN-SUR-SEINE;93;Île-de-France;11;11;11;10 à 19 salariés;19;N;ETI;56;1983-12-21;42.53251197809719;48.905454524;2.3251232519;False;7210;[];"[""0930409P""]";84.11Z;2026-06-15T15:56:28.720861;75;CHAUDE;9500;1900
21930027400145;219300274;COMMUNE DE LA COURNEUVE;ECOLE ELEMENTAIRE PUB  JOLIOT-CURIE;;85.20Z;PUB_ECOLE;PUBLIC;Enseignement primaire;30 RUE DE GENEVE 93120 LA COURNEUVE;93120;LA COURNEUVE;93;Île-de-France;11;12;12;20 à 49 salariés;49;N;ETI;42;1983-12-21;42.53251197809719;48.9239868562837;2.37973071028069;False;7210;[];"[""0930871S""]";84.11Z;2026-06-15T15:56:28.720861;75;CHAUDE;24500;4900
21930027400137;219300274;COMMUNE DE LA COURNEUVE;ECOLE ELEMENTAIRE PUB A FRANCE;;85.20Z;PUB_ECOLE;PUBLIC;Enseignement primaire;68 RUE ANATOLE FRANCE 93120 LA COURNEUVE;93120;LA COURNEUVE;93;Île-de-France;11;12;12;20 à 49 salariés;49;N;ETI;42;1983-12-21;42.53251197809719;48.921776721;2.4033849914;False;7210;[];"[""0930145C""]";84.11Z;2026-06-15T15:56:28.720861;75;CHAUDE;24500;4900
21930027400103;219300274;COMMUNE DE LA COURNEUVE;ECOLE ELEMENTAIRE PUB PAUL DOUMER;;85.20Z;PUB_ECOLE;PUBLIC;Enseignement primaire;4 RUE PAUL DOUMER 93120 LA COURNEUVE;93120;LA COURNEUVE;93;Île-de-France;11;12;12;20 à 49 salariés;49;N;ETI;42;1983-12-21;42.53251197809719;48.92270104;2.4089790322;False;7210;[];"[""0930233Y""]";84.11Z;2026-06-15T15:56:28.720861;75;CHAUDE;24500;4900
32916676300113;329166763;CTE ORGANIS ASSIST RESPIRAT ILE FRANCE (CARDIF);;CARDIF;86.10Z;PUB_HOPITAL;PUBLIC;Activités hospitalières;106 RUE DE CHARENTON 75012 PARIS;75012;PARIS;75;Île-de-France;11;11;11;10 à 19 salariés;19;N;PME;8;2017-09-01;8.83504449007529;48.847363597;2.3775378585;False;9220;[];[];86.10Z;2026-06-15T15:56:46.385931;75;CHAUDE;19000;3800
32916676300105;329166763;CTE ORGANIS ASSIST RESPIRAT ILE FRANCE (CARDIF);;CARDIF;86.10Z;PUB_HOPITAL;PUBLIC;Activités hospitalières;CTAR 18 RUE LECOURBE 75015 PARIS;75015;PARIS;75;Île-de-France;11;3;3;6 à 9 salariés;9;O;PME;8;2012-01-01;14.50239561943874;48.8447137732664;2.30946567651755;False;9220;[];[];86.10Z;2026-06-15T15:56:46.385931;75;CHAUDE;9000;1800
21930001900144;219300019;COMMUNE D'AUBERVILLIERS;ECOLE ELEMENTAIRE BABEUF;;85.20Z;PUB_ECOLE;PUBLIC;Enseignement primaire;RUE ADRIEN HUZARD 93300 AUBERVILLIERS;93300;AUBERVILLIERS;93;Île-de-France;11;12;12;20 à 49 salariés;49;N;ETI;63;1983-12-21;42.53251197809719;48.9189882059443;2.39073611463183;False;7210;[];"[""0930357H""]";84.11Z;2026-06-15T15:56:28.719863;75;CHAUDE;24500;4900
82935897700025;829358977;HOSPITALISATION PRIVEE D'ADDICTOLOGIE - CLINIQUE AMBULATOIRE SSR D'ADDICTOLOGIE DE PARIS 15;;;86.10Z;PUB_HOPITAL;PUBLIC;Activités hospitalières;37 B RUE SEBASTIEN MERCIER 75015 PARIS;75015;PARIS;75;Île-de-France;11;3;3;6 à 9 salariés;9;O;PME;2;2022-03-15;4.301163586584531;48.84402989;2.2798119222;False;5710;"[""750064479""]";[];86.10Z;2026-06-15T15:56:46.691031;75;CHAUDE;9000;1800
82935897700017;829358977;HOSPITALISATION PRIVEE D'ADDICTOLOGIE - CLINIQUE AMBULATOIRE SSR D'ADDICTOLOGIE DE PARIS 15;;;86.10Z;PUB_HOPITAL;PUBLIC;Activités hospitalières;31 BOULEVARD DE LA TOUR-MAUBOURG 75007 PARIS;75007;PARIS;75;Île-de-France;11;3;3;6 à 9 salariés;9;N;PME;2;2017-04-28;9.180013689253936;48.859508684;2.3103245591;True;5710;[];[];86.10Z;2026-06-15T15:56:46.691031;75;CHAUDE;9000;1800
44305571000034;443055710;CLINIQUE DU CANAL DE L'OURCQ;;;86.10Z;PUB_HOPITAL;PUBLIC;Activités hospitalières;44 RUE ALPHONSE PENAUD 75020 PARIS;75020;PARIS;75;Île-de-France;11;11;11;10 à 19 salariés;19;N;GE;4;2021-01-15;5.462012320328542;48.869028701;2.4063040842;False;5710;"[""750066441""]";[];86.10Z;2026-06-15T15:56:46.386940;75;CHAUDE;19000;3800
21930050600124;219300506;COMMUNE DE NEUILLY S-MARNE;ECOLE PRIMAIRE FLORIAN;;85.20Z;PUB_ECOLE;PUBLIC;Enseignement primaire;4 AVENUE WINSTON CHURCHILL 93330 NEUILLY-SUR-MARNE;93330;NEUILLY-SUR-MARNE;93;Île-de-France;11;42;42;1000 à 1999 salariés;1999;N;ETI;47;1983-12-21;42.53251197809719;48.8706462556477;2.53607869841692;False;7210;[];[];84.11Z;2026-06-15T15:56:28.720861;75;CHAUDE;999500;199900
21930050600074;219300506;COMMUNE DE NEUILLY S-MARNE;ECOLE MATERNELLE JULES VERNE;;85.10Z;PUB_ECOLE;PUBLIC;Enseignement pré-primaire;10 BOULEVARD FERDINAND BUISSON 93330 NEUILLY-SUR-MARNE;93330;NEUILLY-SUR-MARNE;93;Île-de-France;11;42;42;1000 à 1999 salariés;1999;N;ETI;47;1983-12-21;42.53251197809719;48.854507097;2.516513054;False;7210;[];[];84.11Z;2026-06-15T15:56:28.720861;75;CHAUDE;999500;199900
21930050600017;219300506;COMMUNE DE NEUILLY S-MARNE;MAIRIE;;84.11Z;PUB_MAIRIE;PUBLIC;Administration publique générale;1 PLACE FRANCOIS MITTERRAND 93330 NEUILLY-SUR-MARNE;93330;NEUILLY-SUR-MARNE;93;Île-de-France;11;41;41;500 à 999 salariés;999;O;ETI;47;1983-03-01;43.34017796030116;48.856689225;2.5286332221;True;7210;[];[];84.11Z;2026-06-15T15:56:28.720861;75;CHAUDE;549450;109890
21930070400117;219300704;COMMUNE DE ST OUEN-SUR-SEINE;ECOLE MATERNELLE PUB JOLIOT-CURIE;;85.10Z;PUB_ECOLE;PUBLIC;Enseignement pré-primaire;3 RUE MARIE CURIE 93400 SAINT-OUEN-SUR-SEINE;93400;SAINT-OUEN-SUR-SEINE;93;Île-de-France;11;11;11;10 à 19 salariés;19;N;ETI;56;1983-12-21;42.53251197809719;48.9041134357175;2.34007920733935;False;7210;[];"[""0930487Z""]";84.11Z;2026-06-15T15:56:28.720861;75;CHAUDE;9500;1900
21910064100022;219100641;COMMUNE DE BIEVRES;ECOL PRIM LES EAUX VIVES;;85.20Z;PUB_ECOLE;PUBLIC;Enseignement primaire;ALLEE DES CASTORS 91570 BIEVRES;91570;BIEVRES;91;Île-de-France;11;22;22;100 à 199 salariés;199;N;PME;9;1983-12-21;42.53251197809719;48.755209715;2.2198904739;False;7210;[];[];84.11Z;2026-06-15T15:56:24.061276;75;CHAUDE;99500;19900
49318115000035;493181150;CLINIQUE DES PLATANES;CENTRE MEDIPSY MONTREUIL;;86.10Z;PUB_HOPITAL;PUBLIC;Activités hospitalières;11 RUE DE STALINGRAD 93100 MONTREUIL;93100;MONTREUIL;93;Île-de-France;11;12;12;20 à 49 salariés;49;O;GE;3;2023-10-01;2.754277891854894;48.8602984803102;2.44359229524632;False;5710;"[""930031398""]";[];86.10Z;2026-06-15T15:56:56.425370;75;CHAUDE;49000;9800
32780710300038;327807103;SOCIETE D'EXPLOITATION DU CENTRE CARDIOLOGIQUE DU NORD (CCN CARDIO);CCN-PORTE DE PARIS;;86.22B;PRIV_SANTE_CABINET;PRIVE;Pratique médicale;10 BOULEVARD ANATOLE FRANCE 93200 SAINT-DENIS;93200;SAINT-DENIS;93;Île-de-France;11;21;21;50 à 99 salariés;99;O;ETI;3;2022-02-15;4.37782340862423;48.9296861199184;2.35528133381004;False;5699;"[""930300546""]";[];86.10Z;2026-06-15T15:56:56.425370;75;CHAUDE;89100;17820
32780710300020;327807103;SOCIETE D'EXPLOITATION DU CENTRE CARDIOLOGIQUE DU NORD (CCN CARDIO);;;86.10Z;PUB_HOPITAL;PUBLIC;Activités hospitalières;3 RUE ELSA TRIOLET 93200 SAINT-DENIS;93200;SAINT-DENIS;93;Île-de-France;11;11;11;10 à 19 salariés;19;N;ETI;3;2019-01-01;7.501711156741957;48.939917697;2.347080413;False;5699;[];[];86.10Z;2026-06-15T15:56:56.425370;75;CHAUDE;19000;3800
38353855000070;383538550;DIAVERUM SAINT-DENIS;;;86.10Z;PUB_HOPITAL;PUBLIC;Activités hospitalières;104-106 104 AVENUE DE LATTRE DE TASSIGNY 93800 EPINAY-SUR-SEINE;93800;EPINAY-SUR-SEINE;93;Île-de-France;11;11;11;10 à 19 salariés;19;O;ETI;12;2020-06-27;6.015058179329227;48.9595321121316;2.30011033401006;False;5710;"[""930817606""]";[];86.10Z;2026-06-15T15:56:56.425370;75;CHAUDE;19000;3800
21920026800114;219200268;COMMUNE DE COURBEVOIE;ECOLE ELEMENTAIRE GUYNEMER;;85.20Z;PUB_ECOLE;PUBLIC;Enseignement primaire;24 RUE CARNOT 92400 COURBEVOIE;92400;COURBEVOIE;92;Île-de-France;11;11;11;10 à 19 salariés;19;N;ETI;73;1983-12-21;42.53251197809719;48.894171975;2.2464180151;False;7210;[];"[""0921922P""]";84.11Z;2026-06-15T15:56:27.200921;75;CHAUDE;9500;1900
21920050800089;219200508;COMMUNE DE NANTERRE;ECOLE ELEMENTAIRE HONORE DE BALZAC;;85.20Z;PUB_ECOLE;PUBLIC;Enseignement primaire;14 BOULEVARD HONORE DE BALZAC 92000 NANTERRE;92000;NANTERRE;92;Île-de-France;11;12;12;20 à 49 salariés;49;N;ETI;72;1983-12-21;42.53251197809719;48.895929231;2.20839782;False;7210;[];"[""0921686H""]";84.11Z;2026-06-15T15:56:27.199917;75;CHAUDE;24500;4900
21920050800030;219200508;COMMUNE DE NANTERRE;ECOLE ELEMENTAIRE LA FONTAINE;;85.20Z;PUB_ECOLE;PUBLIC;Enseignement primaire;5 A 9 5 RUE DE L'AGRICULTURE 92000 NANTERRE;92000;NANTERRE;92;Île-de-France;11;12;12;20 à 49 salariés;49;N;ETI;72;1983-12-21;42.53251197809719;48.911254579;2.2234976713;False;7210;[];"[""0922051E""]";84.11Z;2026-06-15T15:56:27.199917;75;CHAUDE;24500;4900
17940231800044;179402318;DIRECTION REGIONALE DES DOUANES ORLY (DRD);;DRD;84.11Z;PUB_MAIRIE;PUBLIC;Administration publique générale;ORLYTECH 7 RUE DU COMMANDANT MOUCHOTTE 91550 PARAY-VIEILLE-POSTE;91550;PARAY-VIEILLE-POSTE;91;Île-de-France;11;31;31;200 à 249 salariés;249;N;PME;5;1994-01-01;32.50102669404517;48.7418039170487;2.36184943568785;True;7172;[];[];84.11Z;2026-06-15T15:56:25.851069;75;CHAUDE;136950;27390
21930051400011;219300514;COMMUNE DE NOISY LE GRAND;MAIRIE;;84.11Z;PUB_MAIRIE;PUBLIC;Administration publique générale;PLACE DE LA LIBERATION 93160 NOISY-LE-GRAND;93160;NOISY-LE-GRAND;93;Île-de-France;11;51;51;2000 à 4999 salariés;4999;O;ETI;65;1983-03-01;43.34017796030116;48.849227799;2.5525328381;True;7210;[];[];84.11Z;2026-06-15T15:56:28.719863;75;CHAUDE;2749450;549890
87941101500016;879411015;HOSPITALISATION PRIVEE D'ADDICTOLOGIE - CLINIQUE AMBULATOIRE SSR D'ADDICTOLOGIE DE PARIS 13 (HPA RUE DE REIMS);HPA RUE DE REIMS;;86.10Z;PUB_HOPITAL;PUBLIC;Activités hospitalières;31 BOULEVARD DE LA TOUR-MAUBOURG 75007 PARIS;75007;PARIS;75;Île-de-France;11;3;3;6 à 9 salariés;9;N;PME;2;2019-11-25;6.6036960985626285;48.859508684;2.3103245591;True;5499;[];[];86.10Z;2026-06-15T15:56:47.379938;75;CHAUDE;9000;1800
79382833600024;793828336;GALAC;;;86.10Z;PUB_HOPITAL;PUBLIC;Activités hospitalières;1 AVENUE HENRI BARBUSSE 93700 DRANCY;93700;DRANCY;93;Île-de-France;11;12;12;20 à 49 salariés;49;O;ETI;3;2015-09-14;10.80082135523614;48.9153307458889;2.44155283398037;True;5710;"[""930025127""]";[];86.10Z;2026-06-15T15:56:47.099596;75;CHAUDE;49000;9800
83182741500017;831827415;ASSOCIATION DE LA VALLEE DE LA VESUBIE;;;86.10Z;PUB_HOPITAL;PUBLIC;Activités hospitalières;61 AVENUE VICTOR HUGO 75016 PARIS;75016;PARIS;75;Île-de-France;11;3;3;6 à 9 salariés;9;N;PME;2;1997-01-28;29.426420260095824;48.870769722;2.2882534369;True;9220;[];[];86.10Z;2026-06-15T15:56:47.099596;75;CHAUDE;9000;1800
21930071200037;219300712;COMMUNE DE SEVRAN;ECOLE PRIMAIRE NOBEL;;85.20Z;PUB_ECOLE;PUBLIC;Enseignement primaire;2 RUE PIERRE BROSSOLETTE 93270 SEVRAN;93270;SEVRAN;93;Île-de-France;11;42;42;1000 à 1999 salariés;1999;N;ETI;58;1983-12-21;42.53251197809719;48.9350843931236;2.51292971003388;False;7210;[];[];84.11Z;2026-06-15T15:56:28.719863;75;CHAUDE;999500;199900
21930071200524;219300712;COMMUNE DE SEVRAN;MAIRIE;;84.11Z;PUB_MAIRIE;PUBLIC;Administration publique générale;28 AVENUE DU GENERAL LECLERC 93270 SEVRAN;93270;SEVRAN;93;Île-de-France;11;42;42;1000 à 1999 salariés;1999;O;ETI;58;2013-05-27;13.100616016427104;48.939447071;2.5258808833;True;7210;[];[];84.11Z;2026-06-15T15:56:28.719863;75;CHAUDE;1099450;219890
21930008400015;219300084;COMMUNE DE BOBIGNY;MAIRIE;;84.11Z;PUB_MAIRIE;PUBLIC;Administration publique générale;31 AV DU PDT SALVADOR ALLENDE 93000 BOBIGNY;93000;BOBIGNY;93;Île-de-France;11;42;42;1000 à 1999 salariés;1999;O;ETI;59;1983-03-01;43.34017796030116;48.906203569;2.4453247324;True;7210;[];[];84.11Z;2026-06-15T15:56:28.719863;75;CHAUDE;1099450;219890
21930029000018;219300290;COMMUNE DE DRANCY;MAIRIE;;84.11Z;PUB_MAIRIE;PUBLIC;Administration publique générale;908 PLACE DE L’HOTEL DE VILLE 93700 DRANCY;93700;DRANCY;93;Île-de-France;11;42;42;1000 à 1999 salariés;1999;O;ETI;58;1983-03-01;43.34017796030116;48.923262531;2.4451596728;True;7210;[];[];84.11Z;2026-06-15T15:56:28.719863;75;CHAUDE;1099450;219890
21930007600011;219300076;COMMUNE DE BLANC MESNIL;MAIRIE;;84.11Z;PUB_MAIRIE;PUBLIC;Administration publique générale;HOTEL DE VILLE PLACE GABRIEL PERI 93150 LE BLANC-MESNIL;93150;LE BLANC-MESNIL;93;Île-de-France;11;42;42;1000 à 1999 salariés;1999;O;ETI;65;1983-03-01;43.34017796030116;48.938901707;2.4640809652;True;7210;[];[];84.11Z;2026-06-15T15:56:28.719863;75;CHAUDE;1099450;219890
80248592000218;802485920;FONDATION SANTE SERVICE;;;86.90D;PRIV_SANTE_CENTRE;PRIVE;Autres activités santé;18 PLACE DES NYMPHEAS 93420 VILLEPINTE;93420;VILLEPINTE;93;Île-de-France;11;42;42;1000 à 1999 salariés;1999;O;ETI;24;2025-03-01;1.3388090349075976;48.973587703;2.5106939946;False;9300;[];[];86.10Z;2026-06-15T15:56:56.425370;75;CHAUDE;1899050;379810
21920004500124;219200045;COMMUNE D ASNIERES SUR SEINE;ECOLE MATERNELLE PUB FONTAINE;;85.10Z;PUB_ECOLE;PUBLIC;Enseignement pré-primaire;4 B RUE HECTOR G FONTAINE 92600 ASNIERES-SUR-SEINE;92600;ASNIERES-SUR-SEINE;92;Île-de-France;11;11;11;10 à 19 salariés;19;N;ETI;71;1983-12-21;42.53251197809719;48.91179173;2.2885574718;False;7210;[];"[""0920503X""]";84.11Z;2026-06-15T15:56:27.200921;75;CHAUDE;9500;1900
21920004500090;219200045;COMMUNE D ASNIERES SUR SEINE;ECOLE ELEMENTAIRE PUB VOLTAIRE;;85.20Z;PUB_ECOLE;PUBLIC;Enseignement primaire;60 RUE DE LA COMETE 92600 ASNIERES-SUR-SEINE;92600;ASNIERES-SUR-SEINE;92;Île-de-France;11;12;12;20 à 49 salariés;49;N;ETI;71;1983-12-21;42.53251197809719;48.914823576;2.2913644826;False;7210;[];"[""0921572J""]";84.11Z;2026-06-15T15:56:27.200921;75;CHAUDE;24500;4900
21920026800163;219200268;COMMUNE DE COURBEVOIE;ECOLE MATERNELLE THEOPHILE GAUTIER;;85.10Z;PUB_ECOLE;PUBLIC;Enseignement pré-primaire;182 BOULEVARD SAINT-DENIS 92400 COURBEVOIE;92400;COURBEVOIE;92;Île-de-France;11;11;11;10 à 19 salariés;19;N;ETI;73;1983-12-21;42.53251197809719;48.901244634;2.2716652369;False;7210;[];"[""0920567S""]";84.11Z;2026-06-15T15:56:27.200921;75;CHAUDE;9500;1900
21920026800130;219200268;COMMUNE DE COURBEVOIE;ECOLE ELEMENTAIRE LOGIE-CAYLA;;85.20Z;PUB_ECOLE;PUBLIC;Enseignement primaire;12 RUE DU CAYLA 92400 COURBEVOIE;92400;COURBEVOIE;92;Île-de-France;11;11;11;10 à 19 salariés;19;N;ETI;73;1983-12-21;42.53251197809719;48.900578717;2.265808126;False;7210;[];"[""0920198R""]";84.11Z;2026-06-15T15:56:27.200921;75;CHAUDE;9500;1900
48026601400533;480266014;VYV3 ILE-DE-FRANCE;HOPITAL LA BOISSIERE;;86.10Z;PUB_HOPITAL;PUBLIC;Activités hospitalières;13 BOULEVARD DE LA BOISSIERE 93130 NOISY-LE-SEC;93130;NOISY-LE-SEC;93;Île-de-France;11;12;12;20 à 49 salariés;49;O;GE;61;2021-12-01;4.58590006844627;48.8787130691381;2.44992371626739;False;8210;"[""930700018""]";[];86.10Z;2026-06-15T15:56:56.424370;75;CHAUDE;49000;9800
40109605200030;401096052;INSTITUT DE RADIOTHERAPIE DE HAUTES ENERGIES;INSTITUT RADIOTHERAPIE HAUTES ENERGIES;;86.10Z;PUB_HOPITAL;PUBLIC;Activités hospitalières;RUE LAUTREAMONT 93000 BOBIGNY;93000;BOBIGNY;93;Île-de-France;11;12;12;20 à 49 salariés;49;O;GE;4;2004-01-01;22.50239561943874;48.913325182;2.4242931977;True;5710;"[""930015458""]";[];86.10Z;2026-06-15T15:56:48.001474;75;CHAUDE;49000;9800
50267895600033;502678956;RESEAU ILE DE FRANCE HEMATO ONCOLOGIE PEDIATRIQUE (RIFHOP);;RIFHOP;86.10Z;PUB_HOPITAL;PUBLIC;Activités hospitalières;194 RUE DE TOLBIAC 75013 PARIS;75013;PARIS;75;Île-de-France;11;11;11;10 à 19 salariés;19;O;PME;3;2022-03-22;4.281998631074607;48.825845397;2.3491574423;True;9220;[];[];86.10Z;2026-06-15T15:56:47.685810;75;CHAUDE;19000;3800
52173057200026;521730572;RENIF RESEAU DE NEPHROLOGIE D ILE DE FRANCE;;;86.10Z;PUB_HOPITAL;PUBLIC;Activités hospitalières;55 RUE DE TURBIGO 75003 PARIS;75003;PARIS;75;Île-de-France;11;3;3;6 à 9 salariés;9;O;PME;2;2022-01-01;4.501026694045175;48.865632541;2.3562054976;True;9220;[];[];86.10Z;2026-06-15T15:56:47.685810;75;CHAUDE;9000;1800
21930001900060;219300019;COMMUNE D'AUBERVILLIERS;ECOLE ELEMENTAIRE PUB JEAN MACE;;85.20Z;PUB_ECOLE;PUBLIC;Enseignement primaire;44 RUE HENRI BARBUSSE 93300 AUBERVILLIERS;93300;AUBERVILLIERS;93;Île-de-France;11;12;12;20 à 49 salariés;49;N;ETI;63;1983-12-21;42.53251197809719;48.904629055;2.3893258239;False;7210;[];"[""0930194F""]";84.11Z;2026-06-15T15:56:28.719863;75;CHAUDE;24500;4900
21930001900052;219300019;COMMUNE D'AUBERVILLIERS;ECOLE ELEMENTAIRE CONDORCET;;85.20Z;PUB_ECOLE;PUBLIC;Enseignement primaire;44 RUE HENRI BARBUSSE 93300 AUBERVILLIERS;93300;AUBERVILLIERS;93;Île-de-France;11;12;12;20 à 49 salariés;49;N;ETI;63;1983-12-21;42.53251197809719;48.904629055;2.3893258239;False;7210;[];"[""0930315M""]";84.11Z;2026-06-15T15:56:28.719863;75;CHAUDE;24500;4900
13000495500766;130004955;DIRECTION GENERALE DES FINANCES PUBLIQUES (DGFIP);AGENCE COMPTABLE SERVICES INDUSTRIELS ARMEMENT;DGFIP;84.11Z;PUB_MAIRIE;PUBLIC;Administration publique générale;11 BOULEVARD DU REMPART 93160 NOISY-LE-GRAND;93160;NOISY-LE-GRAND;93;Île-de-France;11;51;51;2000 à 4999 salariés;4999;N;ETI;83;2021-04-13;5.221081451060917;48.8376792073005;2.54630139229329;False;7120;[];[];84.11Z;2026-06-15T15:56:28.719863;75;CHAUDE;2749450;549890
13000495500758;130004955;DIRECTION GENERALE DES FINANCES PUBLIQUES (DGFIP);PAIERIE GENERALE AUX ARMEES;DGFIP;84.11Z;PUB_MAIRIE;PUBLIC;Administration publique générale;11 BOULEVARD DU REMPART 93160 NOISY-LE-GRAND;93160;NOISY-LE-GRAND;93;Île-de-France;11;51;51;2000 à 4999 salariés;4999;N;ETI;83;2021-04-13;5.221081451060917;48.8376792073005;2.54630139229329;False;7120;[];[];84.11Z;2026-06-15T15:56:28.719863;75;CHAUDE;2749450;549890
13000495500733;130004955;DIRECTION GENERALE DES FINANCES PUBLIQUES (DGFIP);DELEGATION A LA TRANSFORMATION DU NUMERIQUE;DGFIP;84.11Z;PUB_MAIRIE;PUBLIC;Administration publique générale;IMMEUBLE LE MONTAIGNE 4 AVENUE MONTAIGNE 93160 NOISY-LE-GRAND;93160;NOISY-LE-GRAND;93;Île-de-France;11;51;51;2000 à 4999 salariés;4999;N;ETI;83;2020-12-01;5.585215605749487;48.8425426210283;2.54625496828576;False;7120;[];[];84.11Z;2026-06-15T15:56:28.719863;75;CHAUDE;2749450;549890
13000495500667;130004955;DIRECTION GENERALE DES FINANCES PUBLIQUES (DGFIP);BUREAU SI1E-APPLI FISC PARTICU;DGFIP;84.11Z;PUB_MAIRIE;PUBLIC;Administration publique générale;10 RUE AUGUSTE BLANQUI 93100 MONTREUIL;93100;MONTREUIL;93;Île-de-France;11;12;12;20 à 49 salariés;49;N;ETI;83;2019-09-01;6.836413415468857;48.850129607;2.4207971111;False;7120;[];[];84.11Z;2026-06-15T15:56:28.719863;75;CHAUDE;26950;5390
13000495500568;130004955;DIRECTION GENERALE DES FINANCES PUBLIQUES (DGFIP);S/1F-BUR APPL SECT PUB LOC;DGFIP;84.11Z;PUB_MAIRIE;PUBLIC;Administration publique générale;IMMEUBLE LE MONTAIGNE 4 AVENUE MONTAIGNE 93160 NOISY-LE-GRAND;93160;NOISY-LE-GRAND;93;Île-de-France;11;51;51;2000 à 4999 salariés;4999;N;ETI;83;2013-05-24;13.1088295687885;48.842542621;2.5462549683;False;7120;[];[];84.11Z;2026-06-15T15:56:28.719863;75;CHAUDE;2749450;549890
13000495500154;130004955;DIRECTION GENERALE DES FINANCES PUBLIQUES (DGFIP);BUREAUX DGFIP;DGFIP;84.11Z;PUB_MAIRIE;PUBLIC;Administration publique générale;10 RUE DU CENTRE 93160 NOISY-LE-GRAND;93160;NOISY-LE-GRAND;93;Île-de-France;11;31;31;200 à 249 salariés;249;N;ETI;83;2008-04-03;18.24777549623545;48.838256315;2.5451158248;False;7120;[];[];84.11Z;2026-06-15T15:56:28.719863;75;CHAUDE;136950;27390
13000495500139;130004955;DIRECTION GENERALE DES FINANCES PUBLIQUES (DGFIP);MOA GEST FI LOC ET HOSP;DGFIP;84.11Z;PUB_MAIRIE;PUBLIC;Administration publique générale;IMMEUBLE MAILLE NORD III 7 PORTE DE NEUILLY 93160 NOISY-LE-GRAND;93160;NOISY-LE-GRAND;93;Île-de-France;11;51;51;2000 à 4999 salariés;4999;N;ETI;83;2008-04-03;18.24777549623545;48.842612255;2.5445100356;False;7120;[];[];84.11Z;2026-06-15T15:56:28.719863;75;CHAUDE;2749450;549890
13000495500121;130004955;DIRECTION GENERALE DES FINANCES PUBLIQUES (DGFIP);BUREAUX DGFIP;DGFIP;84.11Z;PUB_MAIRIE;PUBLIC;Administration publique générale;IMMEUBLE LE MONTAIGNE 4 AVENUE MONTAIGNE 93160 NOISY-LE-GRAND;93160;NOISY-LE-GRAND;93;Île-de-France;11;42;42;1000 à 1999 salariés;1999;N;ETI;83;2008-04-03;18.24777549623545;48.8425426210283;2.54625496828576;False;7120;[];[];84.11Z;2026-06-15T15:56:28.719863;75;CHAUDE;1099450;219890
21920063100030;219200631;COMMUNE DE RUEIL MALMAISON;ECOLE MATERNELLE PUBLIQUE LA MALMAISON;;85.10Z;PUB_ECOLE;PUBLIC;Enseignement pré-primaire;280 B AVENUE NAPOLEON BONAPARTE 92500 RUEIL-MALMAISON;92500;RUEIL-MALMAISON;92;Île-de-France;11;51;51;2000 à 4999 salariés;4999;N;ETI;55;1983-12-21;42.53251197809719;48.873586467;2.1648887456;False;7210;[];[];84.11Z;2026-06-15T15:56:27.201921;75;CHAUDE;2499500;499900
21920040900098;219200409;COMMUNE D ISSY LES MOULINEAUX;ECOLE PRIMAIRE PUBLIQUE LA FONTAINE;;85.20Z;PUB_ECOLE;PUBLIC;Enseignement primaire;17 RUE DE L'ABBE DERRY 92130 ISSY-LES-MOULINEAUX;92130;ISSY-LES-MOULINEAUX;92;Île-de-France;11;12;12;20 à 49 salariés;49;N;ETI;58;1983-12-21;42.53251197809719;48.821758054;2.2782433608;False;7210;[];"[""0921651V""]";84.11Z;2026-06-15T15:56:27.201921;75;CHAUDE;24500;4900
21920040900080;219200409;COMMUNE D ISSY LES MOULINEAUX;ECOLE ELEMENTAIRE PUB VOLTAIRE;;85.20Z;PUB_ECOLE;PUBLIC;Enseignement primaire;1 RUE MAURICE CHAMPEAU 92130 ISSY-LES-MOULINEAUX;92130;ISSY-LES-MOULINEAUX;92;Île-de-France;11;11;11;10 à 19 salariés;19;O;ETI;58;1983-12-21;42.53251197809719;48.830020332;2.2782292309;False;7210;[];"[""0920293U""]";84.11Z;2026-06-15T15:56:27.201921;75;CHAUDE;9500;1900
13000729700521;130007297;DIRECTION DEPARTEMENTALE DES FINANCES PUBLIQUES DES HAUTS DE SEINE (DDFIP);SIP DE COLOMBES;DDFIP;84.11Z;PUB_MAIRIE;PUBLIC;Administration publique générale;CENTRE DES FINANCES PUBLIQUES 5 RUE DU BOURNARD 92700 COLOMBES;92700;COLOMBES;92;Île-de-France;11;12;12;20 à 49 salariés;49;N;ETI;196;2009-12-21;16.531143052703626;48.92334449;2.253348227;False;7172;[];[];84.11Z;2026-06-15T15:56:27.201921;75;CHAUDE;26950;5390
13000729700414;130007297;DIRECTION DEPARTEMENTALE DES FINANCES PUBLIQUES DES HAUTS DE SEINE (DDFIP);SIE D'ISSY-LES-MOULINEAUX;DDFIP;84.11Z;PUB_MAIRIE;PUBLIC;Administration publique générale;CENTRE DES FINANCES PUBLIQUES 1 PL D ALEMBERT 92130 ISSY LES MOULINEAUX;92130;ISSY LES MOULINEAUX;92;Île-de-France;11;12;12;20 à 49 salariés;49;N;ETI;196;2010-01-18;16.45448323066393;48.821642943;2.2765632575;False;7172;[];[];84.11Z;2026-06-15T15:56:27.201921;75;CHAUDE;26950;5390
22920050600231;229200506;DEPARTEMENT DES HAUTS-DE-SEINE;CTRE DEP PROTECTION MATERNELLE INFANTILE;;86.22C;PRIV_SANTE_CABINET;PRIVE;Pratique médicale;103 RUE DE PARIS 92100 BOULOGNE-BILLANCOURT;92100;BOULOGNE-BILLANCOURT;92;Île-de-France;11;52;52;5000 à 9999 salariés;9999;N;ETI;57;1995-01-01;31.50171115674196;48.841496869;2.2380808012;False;7220;"[""920060159""]";[];84.11Z;2026-06-15T15:56:27.201921;75;CHAUDE;8999100;1799820
22920050600165;229200506;DEPARTEMENT DES HAUTS-DE-SEINE;AIDE SOCIALE A L'ENFANCE;;84.11Z;PUB_MAIRIE;PUBLIC;Administration publique générale;GROUPE 9 21 AVENUE DU GENERAL LECLERC 92350 LE PLESSIS-ROBINSON;92350;LE PLESSIS-ROBINSON;92;Île-de-France;11;52;52;5000 à 9999 salariés;9999;N;ETI;57;1986-09-04;39.82751540041068;48.783420068;2.2639573362;False;7220;[];[];84.11Z;2026-06-15T15:56:27.201921;75;CHAUDE;5499450;1099890
21930005000016;219300050;COMMUNE D'AULNAY SOUS BOIS;MAIRIE;;84.11Z;PUB_MAIRIE;PUBLIC;Administration publique générale;PLACE DE L'HOTEL DE VILLE 93600 AULNAY-SOUS-BOIS;93600;AULNAY-SOUS-BOIS;93;Île-de-France;11;51;51;2000 à 4999 salariés;4999;O;ETI;104;1983-03-01;43.34017796030116;48.934165619;2.5000480542;True;7210;[];[];84.11Z;2026-06-15T15:56:28.718863;75;CHAUDE;2749450;549890
13003085100013;130030851;AGENCE DES COMMUNICATIONS MOBILES OPERATIONNELLES DE SECURITE ET DE SECOURS (ACMOSS);;ACMOSS;84.11Z;PUB_MAIRIE;PUBLIC;Administration publique générale;LIBERTY TOWER 17 PLACE DES REFLETS 92400 COURBEVOIE;92400;COURBEVOIE;92;Île-de-France;11;11;11;10 à 19 salariés;19;O;PME;1;2023-04-01;3.2553045859000687;48.8905509538116;2.24741293591056;True;7389;[];[];84.11Z;2026-06-15T15:56:28.241045;75;CHAUDE;10450;2090
13001107500350;130011075;DIRECTION DEPARTEMENTALE FINANCES PUBLIQUES SEINE ST DENIS (DDFIP);SD-FDL-AGRI BOBIGNY;DDFIP;84.11Z;PUB_MAIRIE;PUBLIC;Administration publique générale;7 RUE ERIK SATIE 93000 BOBIGNY;93000;BOBIGNY;93;Île-de-France;11;42;42;1000 à 1999 salariés;1999;N;ETI;171;2010-03-01;16.33949349760438;48.907842697;2.4502146461;False;7172;[];[];84.11Z;2026-06-15T15:56:28.718863;75;CHAUDE;1099450;219890
13001107500152;130011075;DIRECTION DEPARTEMENTALE FINANCES PUBLIQUES SEINE ST DENIS (DDFIP);TRESORERIE DE GAGNY;DDFIP;84.11Z;PUB_MAIRIE;PUBLIC;Administration publique générale;CENTRE DES FINANCES PUBLIQUES 21 RUE DU GENERAL LECLERC 93220 GAGNY;93220;GAGNY;93;Île-de-France;11;42;42;1000 à 1999 salariés;1999;N;ETI;171;2010-03-01;16.33949349760438;48.8859140996842;2.53534143325665;False;7172;[];[];84.11Z;2026-06-15T15:56:28.718863;75;CHAUDE;1099450;219890
13001107500145;130011075;DIRECTION DEPARTEMENTALE FINANCES PUBLIQUES SEINE ST DENIS (DDFIP);SIE MONTREUIL;DDFIP;84.11Z;PUB_MAIRIE;PUBLIC;Administration publique générale;CENTRE DES FINANCES PUBLIQUES 33 RUE PARMENTIER 93100 MONTREUIL;93100;MONTREUIL;93;Île-de-France;11;12;12;20 à 49 salariés;49;N;ETI;171;2010-03-01;16.33949349760438;48.8595627822611;2.43374854389095;False;7172;[];[];84.11Z;2026-06-15T15:56:28.718863;75;CHAUDE;26950;5390
13001107501366;130011075;DIRECTION DEPARTEMENTALE FINANCES PUBLIQUES SEINE ST DENIS (DDFIP);;DDFIP;84.11Z;PUB_MAIRIE;PUBLIC;Administration publique générale;7 RUE HECTOR BERLIOZ 93000 BOBIGNY;93000;BOBIGNY;93;Île-de-France;11;41;41;500 à 999 salariés;999;O;ETI;171;2021-02-01;5.415468856947296;48.906651885;2.4535845908;True;7172;[];[];84.11Z;2026-06-15T15:56:28.718863;75;CHAUDE;549450;109890
89444999000015;894449990;CLINALLIANCE PARIS 13;;;86.10Z;PUB_HOPITAL;PUBLIC;Activités hospitalières;16-22 16 RUE DU CHEVALERET 75013 PARIS;75013;PARIS;75;Île-de-France;11;11;11;10 à 19 salariés;19;O;ETI;1;2021-02-09;5.393566050650239;48.826972896;2.3778067885;True;5710;"[""750064495""]";[];86.10Z;2026-06-15T15:56:48.001474;75;CHAUDE;19000;3800
21920002900102;219200029;COMMUNE D ANTONY;ECOLE MATERNELLE ANATOLE FRANCE;;85.10Z;PUB_ECOLE;PUBLIC;Enseignement pré-primaire;24 RUE ANATOLE FRANCE 92160 ANTONY;92160;ANTONY;92;Île-de-France;11;42;42;1000 à 1999 salariés;1999;N;ETI;49;1983-12-21;42.53251197809719;48.737186259;2.2897367367;False;7210;[];[];84.11Z;2026-06-15T15:56:27.201921;75;CHAUDE;999500;199900
21920002900078;219200029;COMMUNE D ANTONY;ECOLE PRIMAIRE PUBLIQUE CROIX-DE-BERNY;;85.20Z;PUB_ECOLE;PUBLIC;Enseignement primaire;1 RUE DE L ARTOIS 92160 ANTONY;92160;ANTONY;92;Île-de-France;11;42;42;1000 à 1999 salariés;1999;N;ETI;49;1983-12-21;42.53251197809719;48.764194194;2.3066438592;False;7210;[];[];84.11Z;2026-06-15T15:56:27.201921;75;CHAUDE;999500;199900
21920002900011;219200029;COMMUNE D ANTONY;MAIRIE;;84.11Z;PUB_MAIRIE;PUBLIC;Administration publique générale;PLACE DE L'HOTEL DE VILLE 92160 ANTONY;92160;ANTONY;92;Île-de-France;11;42;42;1000 à 1999 salariés;1999;O;ETI;49;1983-03-01;43.34017796030116;48.75356354;2.2959175966;True;7210;"[""920032638""]";[];84.11Z;2026-06-15T15:56:27.201921;75;CHAUDE;1099450;219890
21920063100139;219200631;COMMUNE DE RUEIL MALMAISON;ECOLE PRIMAIRE PUBLIQUE GEORGE SAND;;85.20Z;PUB_ECOLE;PUBLIC;Enseignement primaire;44 RUE EUGENE LABICHE 92500 RUEIL-MALMAISON;92500;RUEIL-MALMAISON;92;Île-de-France;11;12;12;20 à 49 salariés;49;N;ETI;55;1983-12-21;42.53251197809719;48.870316886;2.1794189335;False;7210;[];"[""0921645N""]";84.11Z;2026-06-15T15:56:27.201921;75;CHAUDE;24500;4900
21920036700049;219200367;COMMUNE DE GENNEVILLIERS;ECOLE ELEMENTAIRE PUB P LANGEVIN A;;85.20Z;PUB_ECOLE;PUBLIC;Enseignement primaire;3 RUE HECTOR BERLIOZ 92230 GENNEVILLIERS;92230;GENNEVILLIERS;92;Île-de-France;11;12;12;20 à 49 salariés;49;N;ETI;49;1983-12-21;42.53251197809719;48.929200065;2.2869750543;False;7210;[];"[""0920225V""]";84.11Z;2026-06-15T15:56:27.202924;75;CHAUDE;24500;4900
21920024300125;219200243;COMMUNE DE CLICHY;ECOLE ELEMENTAIRE LOUIS PASTEUR A;;85.20Z;PUB_ECOLE;PUBLIC;Enseignement primaire;4 RUE FERDINAND BUISSON 92110 CLICHY;92110;CLICHY;92;Île-de-France;11;11;11;10 à 19 salariés;19;N;ETI;47;1983-12-21;42.53251197809719;48.901858137;2.2994329881;False;7210;[];"[""0920213G""]";84.11Z;2026-06-15T15:56:27.202924;75;CHAUDE;9500;1900
17920001900091;179200019;PREFECTURE DE DEPARTEMENT HAUTS-DE-SEINE;SOUS PREFECTURE DE BOULOGNE BILLANCOURT;;84.11Z;PUB_MAIRIE;PUBLIC;Administration publique générale;2 RUE DAMIENS 92100 BOULOGNE-BILLANCOURT;92100;BOULOGNE-BILLANCOURT;92;Île-de-France;11;12;12;20 à 49 salariés;49;N;ETI;5;2021-12-13;4.553045859000685;48.826008314;2.2447664661;False;7172;[];[];84.11Z;2026-06-15T15:56:27.986723;75;CHAUDE;26950;5390
21920077100067;219200771;COMMUNE DE VILLE D AVRAY;ECOLE PRIMAIRE PUBLIQUE JEAN ROSTAND;;85.20Z;PUB_ECOLE;PUBLIC;Enseignement primaire;1 RUE DE LA RONCE 92410 VILLE-D'AVRAY;92410;VILLE-D'AVRAY;92;Île-de-France;11;12;12;20 à 49 salariés;49;N;PME;11;1983-12-21;42.53251197809719;48.824095848;2.1892843982;False;7210;[];"[""0920757Y""]";84.11Z;2026-06-15T15:56:27.689307;75;CHAUDE;24500;4900
21920077100059;219200771;COMMUNE DE VILLE D AVRAY;ECOLE PRIMAIRE PUBLIQUE LA RONCE;;85.20Z;PUB_ECOLE;PUBLIC;Enseignement primaire;15 RUE DE LA RONCE 92410 VILLE-D'AVRAY;92410;VILLE-D'AVRAY;92;Île-de-France;11;12;12;20 à 49 salariés;49;N;PME;11;1983-12-21;42.53251197809719;48.822519008;2.1897856402;False;7210;[];"[""0920756X""]";84.11Z;2026-06-15T15:56:27.689307;75;CHAUDE;24500;4900
13001522500035;130015225;DISI ILE DE FRANCE (DISI);ESI NANTERRE;DISI;84.11Z;PUB_MAIRIE;PUBLIC;Administration publique générale;CENTRE ADMINISTRATIF 167-177 167 AVENUE FREDERIC ET IRENE JOLIOT CURIE 92000 NANTERRE;92000;NANTERRE;92;Île-de-France;11;12;12;20 à 49 salariés;49;O;ETI;15;2011-09-01;14.836413415468858;48.897979468;2.2154678189;False;7160;[];[];84.11Z;2026-06-15T15:56:27.689307;75;CHAUDE;26950;5390
38368439600013;383684396;SCANNER DU 13E CTRE CHIRURGI PEUPLIERS;;;86.10Z;PUB_HOPITAL;PUBLIC;Activités hospitalières;8 PLACE DE L'ABBE GEORGES HENOCQUE 75013 PARIS;75013;PARIS;75;Île-de-France;11;11;11;10 à 19 salariés;19;O;PME;1;1992-01-01;34.502395619438744;48.823615649;2.3529005925;True;6220;[];[];86.10Z;2026-06-15T15:56:48.648737;75;CHAUDE;19000;3800
21930005000065;219300050;COMMUNE D'AULNAY SOUS BOIS;ECOLE MATERNELLE PUB P ELUARD 2;;85.10Z;PUB_ECOLE;PUBLIC;Enseignement pré-primaire;2 RUE DE BOUGAINVILLE 93600 AULNAY-SOUS-BOIS;93600;AULNAY-SOUS-BOIS;93;Île-de-France;11;51;51;2000 à 4999 salariés;4999;N;ETI;104;1983-12-21;42.53251197809719;48.954992654;2.4988253386;False;7210;[];[];84.11Z;2026-06-15T15:56:28.718863;75;CHAUDE;2499500;499900
21920024300117;219200243;COMMUNE DE CLICHY;ECOLE MATERNELLE PUBLIQUE PASTEUR;;85.10Z;PUB_ECOLE;PUBLIC;Enseignement pré-primaire;6 RUE FERDINAND BUISSON 92110 CLICHY;92110;CLICHY;92;Île-de-France;11;11;11;10 à 19 salariés;19;N;ETI;47;1983-12-21;42.53251197809719;48.902101121;2.2991541637;False;7210;[];"[""0920489G""]";84.11Z;2026-06-15T15:56:27.202924;75;CHAUDE;9500;1900
21920024300109;219200243;COMMUNE DE CLICHY;ECOLE ELEMENTAIRE LOUIS PASTEUR B;;85.20Z;PUB_ECOLE;PUBLIC;Enseignement primaire;2 RUE FERDINAND BUISSON 92110 CLICHY;92110;CLICHY;92;Île-de-France;11;11;11;10 à 19 salariés;19;N;ETI;47;1983-12-21;42.53251197809719;48.902048638;2.2997141631;False;7210;[];"[""0920337S""]";84.11Z;2026-06-15T15:56:27.202924;75;CHAUDE;9500;1900
21920024300067;219200243;COMMUNE DE CLICHY;ECOLE ELEMENTAIRE VICTOR HUGO B;;85.20Z;PUB_ECOLE;PUBLIC;Enseignement primaire;21 RUE D'ALSACE 92110 CLICHY;92110;CLICHY;92;Île-de-France;11;11;11;10 à 19 salariés;19;N;ETI;47;1983-12-21;42.53251197809719;48.902088036;2.3124123093;False;7210;[];"[""0920301C""]";84.11Z;2026-06-15T15:56:27.201921;75;CHAUDE;9500;1900
21920024300059;219200243;COMMUNE DE CLICHY;ECOLE ELEMENTAIRE VICTOR HUGO A;;85.20Z;PUB_ECOLE;PUBLIC;Enseignement primaire;17 RUE D'ALSACE 92110 CLICHY;92110;CLICHY;92;Île-de-France;11;11;11;10 à 19 salariés;19;N;ETI;47;1983-12-21;42.53251197809719;48.901315373;2.3133269184;False;7210;[];"[""0920177T""]";84.11Z;2026-06-15T15:56:27.201921;75;CHAUDE;9500;1900
22920050600264;229200506;DEPARTEMENT DES HAUTS-DE-SEINE;CTRE DEP DE PROTECTION INFANTILE;;86.22C;PRIV_SANTE_CABINET;PRIVE;Pratique médicale;56 RUE DU CAPITAINE GUYNEMER 92400 COURBEVOIE;92400;COURBEVOIE;92;Île-de-France;11;52;52;5000 à 9999 salariés;9999;N;ETI;57;1961-04-21;65.19917864476386;48.896390685;2.2452426039;False;7220;"[""920060357""]";[];84.11Z;2026-06-15T15:56:27.201921;75;CHAUDE;8999100;1799820
22920050600256;229200506;DEPARTEMENT DES HAUTS-DE-SEINE;CTRE DEP PREVENTION MED SOC;;86.21Z;PRIV_SANTE_CABINET;PRIVE;Pratique médicale générale;4 BD EDGAR QUINET 92700 COLOMBES;92700;COLOMBES;92;Île-de-France;11;52;52;5000 à 9999 salariés;9999;N;ETI;57;1995-01-01;31.50171115674196;48.923409037;2.2499894652;False;7220;"[""920060324""]";[];84.11Z;2026-06-15T15:56:27.201921;75;CHAUDE;8999100;1799820
22920050600249;229200506;DEPARTEMENT DES HAUTS-DE-SEINE;CTRE DEP DE PROTECTION INFANTILE;;86.22C;PRIV_SANTE_CABINET;PRIVE;Pratique médicale;47 AVENUE DU GENERAL LECLERC 92340 BOURG-LA-REINE;92340;BOURG-LA-REINE;92;Île-de-France;11;52;52;5000 à 9999 salariés;9999;N;ETI;57;1995-01-01;31.50171115674196;48.783552919;2.3171904747;False;7220;"[""920060183""]";[];84.11Z;2026-06-15T15:56:27.201921;75;CHAUDE;8999100;1799820
21920044100224;219200441;COMMUNE DE LEVALLOIS PERRET;ECOLE MATERNELLE CHARLES PERRAULT;;85.10Z;PUB_ECOLE;PUBLIC;Enseignement pré-primaire;17 RUE CHAPTAL 92300 LEVALLOIS-PERRET;92300;LEVALLOIS-PERRET;92;Île-de-France;11;11;11;10 à 19 salariés;19;N;ETI;57;1993-09-10;32.8104038329911;48.887266222;2.2853713795;False;7210;[];"[""0922286K""]";84.11Z;2026-06-15T15:56:27.202924;75;CHAUDE;9500;1900
21920044100190;219200441;COMMUNE DE LEVALLOIS PERRET;ECOLE ELEMENTAIRE ALFRED DE MUSSET;;85.20Z;PUB_ECOLE;PUBLIC;Enseignement primaire;28 RUE ERNEST COGNACQ 92300 LEVALLOIS-PERRET;92300;LEVALLOIS-PERRET;92;Île-de-France;11;11;11;10 à 19 salariés;19;N;ETI;57;1992-02-24;34.35455167693361;48.896166523;2.2772194733;False;7210;[];"[""0922360R""]";84.11Z;2026-06-15T15:56:27.202924;75;CHAUDE;9500;1900
21920044100117;219200441;COMMUNE DE LEVALLOIS PERRET;ECOLE MATERNELLE JULES FERRY;;85.10Z;PUB_ECOLE;PUBLIC;Enseignement pré-primaire;7 RUE JULES FERRY 92300 LEVALLOIS-PERRET;92300;LEVALLOIS-PERRET;92;Île-de-France;11;11;11;10 à 19 salariés;19;N;ETI;57;1983-12-21;42.53251197809719;48.893916675;2.2929155787;False;7210;[];"[""0920515K""]";84.11Z;2026-06-15T15:56:27.202924;75;CHAUDE;9500;1900
21920048200087;219200482;COMMUNE DE MEUDON;ECOLE MATERNELLE PIERRE ET MARIE CURIE;;85.10Z;PUB_ECOLE;PUBLIC;Enseignement pré-primaire;2 RUE PIERRE ET MARIE CURIE 92360 MEUDON;92360;MEUDON;92;Île-de-France;11;42;42;1000 à 1999 salariés;1999;N;ETI;51;1983-12-21;42.53251197809719;48.789245962;2.2286930667;False;7210;[];[];84.11Z;2026-06-15T15:56:27.202924;75;CHAUDE;999500;199900
21920048200038;219200482;COMMUNE DE MEUDON;BIBLIOTHEQUE MUNICIPALE MEUDON;;91.01Z;PUB_MUSEE;PUBLIC;Gestion des bibliothèques;2 RUE DE L'EGLISE 92190 MEUDON;92190;MEUDON;92;Île-de-France;11;42;42;1000 à 1999 salariés;1999;N;ETI;51;1983-03-16;43.29911019849418;48.807490712;2.2369943935;False;7210;[];[];84.11Z;2026-06-15T15:56:27.202924;75;CHAUDE;1299350;259870
21920064900107;219200649;COMMUNE DE SAINT CLOUD;ECOLE ELEMENTAIRE PUB MONTRETOUT;;85.20Z;PUB_ECOLE;PUBLIC;Enseignement primaire;3 RUE RENE WEILL 92210 SAINT-CLOUD;92210;SAINT-CLOUD;92;Île-de-France;11;12;12;20 à 49 salariés;49;N;ETI;15;1983-12-21;42.53251197809719;48.848053227;2.2107399293;False;7210;[];"[""0921250J""]";84.11Z;2026-06-15T15:56:27.688305;75;CHAUDE;24500;4900
21920036700106;219200367;COMMUNE DE GENNEVILLIERS;ECOLE ELEMENTAIRE PUBLIQUE ANATOLE FRANCE A;;85.20Z;PUB_ECOLE;PUBLIC;Enseignement primaire;36 RUE DU PUITS GUYON 92230 GENNEVILLIERS;92230;GENNEVILLIERS;92;Île-de-France;11;12;12;20 à 49 salariés;49;N;ETI;49;1983-12-21;42.53251197809719;48.925427829;2.2986106858;False;7210;[];"[""0922885L""]";84.11Z;2026-06-15T15:56:27.202924;75;CHAUDE;24500;4900
32916676300071;329166763;CTE ORGANIS ASSIST RESPIRAT ILE FRANCE (CARDIF);;CARDIF;86.10Z;PUB_HOPITAL;PUBLIC;Activités hospitalières;62 RUE BLANCHARD 92260 FONTENAY-AUX-ROSES;92260;FONTENAY-AUX-ROSES;92;Île-de-France;11;11;11;10 à 19 salariés;19;O;PME;8;1983-11-01;42.6694045174538;48.795704053;2.2930955441;False;9220;[];[];86.10Z;2026-06-15T15:56:54.502403;75;CHAUDE;19000;3800
21920062300110;219200623;COMMUNE DE PUTEAUX;ECOLE ELEMENTAIRE MARIUS JACOTOT;;85.20Z;PUB_ECOLE;PUBLIC;Enseignement primaire;6 A 8 6 RUE CHARLES LORILLEUX 92800 PUTEAUX;92800;PUTEAUX;92;Île-de-France;11;12;12;20 à 49 salariés;49;N;ETI;44;1983-12-21;42.53251197809719;48.884732681;2.2335876105;False;7210;[];"[""0921802J""]";84.11Z;2026-06-15T15:56:27.202924;75;CHAUDE;24500;4900
21920062300094;219200623;COMMUNE DE PUTEAUX;ECOLE ELEMENTAIRE PUB JEAN JAURES;;85.20Z;PUB_ECOLE;PUBLIC;Enseignement primaire;48 RUE EUGENE EICHENBERGER 92800 PUTEAUX;92800;PUTEAUX;92;Île-de-France;11;11;11;10 à 19 salariés;19;N;ETI;44;1983-12-21;42.53251197809719;48.882010645;2.2382803226;False;7210;[];"[""0920334N""]";84.11Z;2026-06-15T15:56:27.202924;75;CHAUDE;9500;1900
21920051600082;219200516;COMMUNE DE NEUILLY SUR SEINE;ECOLE ELEMENTAIRE M.MICHELIS A;;85.20Z;PUB_ECOLE;PUBLIC;Enseignement primaire;56 RUE MADELEINE MICHELIS 92200 NEUILLY-SUR-SEINE;92200;NEUILLY-SUR-SEINE;92;Île-de-France;11;11;11;10 à 19 salariés;19;N;ETI;35;1983-12-21;42.53251197809719;48.885440965;2.2787770456;False;7210;[];"[""0922882H""]";84.11Z;2026-06-15T15:56:27.203922;75;CHAUDE;9500;1900
21920051600074;219200516;COMMUNE DE NEUILLY SUR SEINE;ECOLE PRIMAIRE MADELEINE MICHELIS B;;85.20Z;PUB_ECOLE;PUBLIC;Enseignement primaire;56 RUE MADELEINE MICHELIS 92200 NEUILLY-SUR-SEINE;92200;NEUILLY-SUR-SEINE;92;Île-de-France;11;11;11;10 à 19 salariés;19;N;ETI;35;1983-12-21;42.53251197809719;48.885440965;2.2787770456;False;7210;[];"[""0922881G""]";84.11Z;2026-06-15T15:56:27.203922;75;CHAUDE;9500;1900
21920051600058;219200516;COMMUNE DE NEUILLY SUR SEINE;ECOLE PRIMAIRE PUBLIQUE CHARCOT B;;85.20Z;PUB_ECOLE;PUBLIC;Enseignement primaire;15 RUE DE LA FERME 92200 NEUILLY-SUR-SEINE;92200;NEUILLY-SUR-SEINE;92;Île-de-France;11;11;11;10 à 19 salariés;19;O;ETI;35;1983-12-21;42.53251197809719;48.877332939;2.2536661843;False;7210;[];"[""0920338T""]";84.11Z;2026-06-15T15:56:27.203922;75;CHAUDE;9500;1900
21920051600041;219200516;COMMUNE DE NEUILLY SUR SEINE;ECOLE ELEMENTAIRE PUB CHARCOT A;;85.20Z;PUB_ECOLE;PUBLIC;Enseignement primaire;15 RUE DE LA FERME 92200 NEUILLY-SUR-SEINE;92200;NEUILLY-SUR-SEINE;92;Île-de-France;11;11;11;10 à 19 salariés;19;N;ETI;35;1983-12-21;42.53251197809719;48.877332939;2.2536661843;False;7210;[];"[""0920214H""]";84.11Z;2026-06-15T15:56:27.203922;75;CHAUDE;9500;1900
21920062300151;219200623;COMMUNE DE PUTEAUX;ECOLE MATERNELLE PUBLIQUE REPUBLIQUE;;85.10Z;PUB_ECOLE;PUBLIC;Enseignement pré-primaire;78 RUE DE LA REPUBLIQUE 92800 PUTEAUX;92800;PUTEAUX;92;Île-de-France;11;11;11;10 à 19 salariés;19;N;ETI;44;1983-12-21;42.53251197809719;48.885995746;2.2413310322;False;7210;[];"[""0920564N""]";84.11Z;2026-06-15T15:56:27.203922;75;CHAUDE;9500;1900
39407390200154;394073902;NEPHROCARE ILE DE FRANCE (NEPHROCARE) (ANPHUSA);NEPHROCARE ILE DE FRANCE SURESNES;ANPHUSA;86.10Z;PUB_HOPITAL;PUBLIC;Activités hospitalières;12 PROMENADE SAINT-LEUFROY 92150 SURESNES;92150;SURESNES;92;Île-de-France;11;11;11;10 à 19 salariés;19;O;ETI;25;2007-01-02;19.498973305954827;48.868394159;2.2258883828;False;5710;"[""920811775""]";[];86.10Z;2026-06-15T15:56:53.809421;75;CHAUDE;19000;3800
21920020100057;219200201;COMMUNE DE CHATILLON;ECOLE ELEMENTAIRE PUBLIQUE LANGEVIN-WALLON;;85.20Z;PUB_ECOLE;PUBLIC;Enseignement primaire;8 RUE HENRI GATINOT 92320 CHATILLON;92320;CHATILLON;92;Île-de-France;11;12;12;20 à 49 salariés;49;N;ETI;32;1983-12-21;42.53251197809719;48.804898598;2.2933773623;False;7210;[];"[""0920436Z""]";84.11Z;2026-06-15T15:56:27.686304;75;CHAUDE;24500;4900
21920022700011;219200227;COMMUNE DE CHAVILLE;MAIRIE;;84.11Z;PUB_MAIRIE;PUBLIC;Administration publique générale;1456 AVENUE ROGER SALENGRO 92370 CHAVILLE;92370;CHAVILLE;92;Île-de-France;11;32;32;250 à 499 salariés;499;O;ETI;16;1983-03-01;43.34017796030116;48.809440776;2.1887183303;True;7210;[];[];84.11Z;2026-06-15T15:56:27.688305;75;CHAUDE;274450;54890
39390213500036;393902135;INSTITUT DE READAPTATION DE ACHERES;CENTRE DE SANTE ACHERES;;86.10Z;PUB_HOPITAL;PUBLIC;Activités hospitalières;1ER ETAGE 7 PLACE SIMONE VEIL 78260 ACHERES;78260;ACHERES;78;Île-de-France;11;12;12;20 à 49 salariés;49;O;GE;3;2020-12-15;5.546885694729637;48.9717047275288;2.07989072951999;False;5710;"[""780023891""]";[];86.10Z;2026-06-15T15:56:51.520124;75;CHAUDE;49000;9800
34101891900058;341018919;ASSOCIATION DIALYSE A DOMICILE YVELINES (ADDY);;ADDY;86.10Z;PUB_HOPITAL;PUBLIC;Activités hospitalières;78 AVENUE DU GENERAL LECLERC 78220 VIROFLAY;78220;VIROFLAY;78;Île-de-France;11;12;12;20 à 49 salariés;49;N;PME;6;2014-07-01;12.005475701574264;48.804124246;2.175163368;False;9220;"[""780001558""]";[];86.10Z;2026-06-15T15:56:51.237499;75;CHAUDE;49000;9800
34101891900041;341018919;ASSOCIATION DIALYSE A DOMICILE YVELINES (ADDY);UNITE AUTODIALYSE IMPRESSIONNISTES;ADDY;86.10Z;PUB_HOPITAL;PUBLIC;Activités hospitalières;45 ROUTE DE MAISONS 78400 CHATOU;78400;CHATOU;78;Île-de-France;11;12;12;20 à 49 salariés;49;N;PME;6;1992-11-23;33.607118412046546;48.898134966;2.1542014229;False;9220;"[""780826152""]";[];86.10Z;2026-06-15T15:56:51.237499;75;CHAUDE;49000;9800
34101891900033;341018919;ASSOCIATION DIALYSE A DOMICILE YVELINES (ADDY);CENTRE AUTODIALYSE BEAUREGARD;ADDY;86.10Z;PUB_HOPITAL;PUBLIC;Activités hospitalières;DOMAINE DE BEAUREGARD 2 AVENUE DE ROCQUENCOURT 78170 LA CELLE-SAINT-CLOUD;78170;LA CELLE-SAINT-CLOUD;78;Île-de-France;11;12;12;20 à 49 salariés;49;N;PME;6;1989-01-01;37.50034223134839;48.836148419;2.1213071217;False;9220;"[""780823134""]";[];86.10Z;2026-06-15T15:56:51.237499;75;CHAUDE;49000;9800
34101891900017;341018919;ASSOCIATION DIALYSE A DOMICILE YVELINES (ADDY);;ADDY;86.10Z;PUB_HOPITAL;PUBLIC;Activités hospitalières;9 B RUE DE SAINT GERMAIN 78560 LE PORT-MARLY;78560;LE PORT-MARLY;78;Île-de-France;11;12;12;20 à 49 salariés;49;O;PME;6;1987-02-06;39.4031485284052;48.880308606;2.1070568844;True;9220;"[""780808234""]";[];86.10Z;2026-06-15T15:56:51.237499;75;CHAUDE;49000;9800
26780271800044;267802718;CENTRE HOSPITALIER DE VERSAILLES;CTRE DE TRANSFUSION SANGUINE;;86.90C;PRIV_SANTE_CENTRE;PRIVE;Autres activités santé;2 RUE JEAN LOUIS FORAIN 78150 LE CHESNAY-ROCQUENCOURT;78150;LE CHESNAY-ROCQUENCOURT;78;Île-de-France;11;51;51;2000 à 4999 salariés;4999;N;ETI;21;1994-05-25;32.106776180698155;48.832277885;2.1242147381;False;7364;[];[];86.10Z;2026-06-15T15:56:51.236498;75;CHAUDE;4749050;949810
21920007800034;219200078;COMMUNE DE BAGNEUX;ECOLE ELEMENTAIRE PUBLIQUE PAUL VAILLANT-COUTURIER;;85.20Z;PUB_ECOLE;PUBLIC;Enseignement primaire;26 AVENUE PAUL VAILLANT COUTURIER 92220 BAGNEUX;92220;BAGNEUX;92;Île-de-France;11;12;12;20 à 49 salariés;49;N;ETI;36;1983-12-21;42.53251197809719;48.793248776;2.314402268;False;7210;[];"[""0921642K""]";84.11Z;2026-06-15T15:56:27.203922;75;CHAUDE;24500;4900
26920141400159;269201414;ETABLISSEMENT PUBLIC DE SANTE ERASME;HDJ CMP CATTP 92G20;;86.10Z;PUB_HOPITAL;PUBLIC;Activités hospitalières;11 RUE DES VALLEES 92290 CHATENAY-MALABRY;92290;CHATENAY-MALABRY;92;Île-de-France;11;12;12;20 à 49 salariés;49;N;ETI;36;1991-06-01;35.08829568788501;48.764471342;2.2796724804;False;7364;"[""920813995""]";[];86.10Z;2026-06-15T15:56:53.808422;75;CHAUDE;49000;9800
26920141400068;269201414;ETABLISSEMENT PUBLIC DE SANTE ERASME;CMP 92I06 ENFANTS;;86.10Z;PUB_HOPITAL;PUBLIC;Activités hospitalières;24 AVENUE DU DOCTEUR CALMETTE 92140 CLAMART;92140;CLAMART;92;Île-de-France;11;11;11;10 à 19 salariés;19;N;ETI;36;1995-12-25;30.521560574948666;48.813083508;2.2707111623;False;7364;"[""920810629""]";[];86.10Z;2026-06-15T15:56:53.808422;75;CHAUDE;19000;3800
26920141400035;269201414;ETABLISSEMENT PUBLIC DE SANTE ERASME;HDJ CMP CATTP 92G21;;86.10Z;PUB_HOPITAL;PUBLIC;Activités hospitalières;79 RUE PROSPER LEGOUTE 92160 ANTONY;92160;ANTONY;92;Île-de-France;11;12;12;20 à 49 salariés;49;N;ETI;36;1977-09-01;48.83504449007529;48.744832646;2.2969383703;False;7364;"[""920140043""]";[];86.10Z;2026-06-15T15:56:53.808422;75;CHAUDE;49000;9800
26950008800100;269500088;CTRE HOSPITALIER SPECIALISE ROGER PREVOT;CTRE MEDICO PSYCH ANTONIN ARTHAUD;;86.10Z;PUB_HOPITAL;PUBLIC;Activités hospitalières;2 RUE DANTON 92230 GENNEVILLIERS;92230;GENNEVILLIERS;92;Île-de-France;11;11;11;10 à 19 salariés;19;N;ETI;32;1986-01-01;40.50102669404517;48.917200038;2.2977399398;False;7364;"[""920810488""]";[];86.10Z;2026-06-15T15:56:53.808422;75;CHAUDE;19000;3800
20005796600018;200057966;VALLEE SUD-GRAND PARIS;;;84.11Z;PUB_MAIRIE;PUBLIC;Administration publique générale;HOTEL DE VILLE D'ANTONY PLACE DE L'HOTEL DE VILLE 92160 ANTONY;92160;ANTONY;92;Île-de-France;11;42;42;1000 à 1999 salariés;1999;O;ETI;27;2016-01-01;10.50239561943874;48.753585302;2.2959167591;True;7345;"[""920044138""]";[];84.11Z;2026-06-15T15:56:27.687304;75;CHAUDE;1099450;219890
21920075500094;219200755;COMMUNE DE VANVES;ECOLE PRIMAIRE LEON GAMBETTA;;85.20Z;PUB_ECOLE;PUBLIC;Enseignement primaire;5 A 7 5 RUE GAMBETTA 92170 VANVES;92170;VANVES;92;Île-de-France;11;12;12;20 à 49 salariés;49;N;ETI;31;1983-12-21;42.53251197809719;48.823698522;2.2960385088;False;7210;[];"[""0920345A""]";84.11Z;2026-06-15T15:56:27.686304;75;CHAUDE;24500;4900
21920019300023;219200193;COMMUNE DE CHATENAY MALABRY;MAIRIE BUREAU DE BIENFAISANC;;84.11Z;PUB_MAIRIE;PUBLIC;Administration publique générale;94 RUE JEAN LONGUET 92290 CHATENAY-MALABRY;92290;CHATENAY-MALABRY;92;Île-de-France;11;42;42;1000 à 1999 salariés;1999;N;ETI;29;1983-03-16;43.29911019849418;48.767773661;2.279637792;False;7210;[];[];84.11Z;2026-06-15T15:56:27.686304;75;CHAUDE;1099450;219890
21920019300015;219200193;COMMUNE DE CHATENAY MALABRY;MAIRIE;;84.11Z;PUB_MAIRIE;PUBLIC;Administration publique générale;26 RUE DU DOCTEUR LE SAVOUREUX 92290 CHATENAY-MALABRY;92290;CHATENAY-MALABRY;92;Île-de-France;11;41;41;500 à 999 salariés;999;O;ETI;29;1983-03-01;43.34017796030116;48.767268733;2.2776291534;True;7210;[];[];84.11Z;2026-06-15T15:56:27.686304;75;CHAUDE;549450;109890
26950008800043;269500088;CTRE HOSPITALIER SPECIALISE ROGER PREVOT;HOPITAL DE JOUR DANTON;;86.10Z;PUB_HOPITAL;PUBLIC;Activités hospitalières;6 RUE DANTON 92230 GENNEVILLIERS;92230;GENNEVILLIERS;92;Île-de-France;11;11;11;10 à 19 salariés;19;N;ETI;32;1972-04-01;54.25325119780972;48.917511677;2.2982206898;False;7364;"[""920810496""]";[];86.10Z;2026-06-15T15:56:53.808422;75;CHAUDE;19000;3800
26950008800035;269500088;CTRE HOSPITALIER SPECIALISE ROGER PREVOT;HOPITAL JOUR G01 GENNEVILLIERS;;86.10Z;PUB_HOPITAL;PUBLIC;Activités hospitalières;4 RUE DANTON 92230 GENNEVILLIERS;92230;GENNEVILLIERS;92;Île-de-France;11;11;11;10 à 19 salariés;19;N;ETI;32;1972-04-10;54.22861054072553;48.91752672;2.2982555555;False;7364;"[""920140035""]";[];86.10Z;2026-06-15T15:56:53.808422;75;CHAUDE;19000;3800
26780244500325;267802445;CENTRE HOSPITALIER THEOPHILE ROUSSEL;HOPITAL JOUR SURESNES;;86.21Z;PRIV_SANTE_CABINET;PRIVE;Pratique médicale générale;3 B RUE CHEVREUL 92150 SURESNES;92150;SURESNES;92;Île-de-France;11;41;41;500 à 999 salariés;999;N;ETI;53;2005-12-25;20.520191649555095;48.866530874;2.2237221203;False;7364;[];[];86.10Z;2026-06-15T15:56:53.808422;75;CHAUDE;899100;179820
50119296700021;501192967;ONCOLOGIE 78;;;86.10Z;PUB_HOPITAL;PUBLIC;Activités hospitalières;7 B RUE PORTE DE BUC 78000 VERSAILLES;78000;VERSAILLES;78;Île-de-France;11;12;12;20 à 49 salariés;49;O;PME;2;2016-11-21;9.612594113620808;48.795001702;2.1384554916;True;5710;"[""780028676""]";[];86.10Z;2026-06-15T15:56:51.520124;75;CHAUDE;49000;9800
17780231100114;177802311;DIRECTION REGIONALE DES DOUANES PARIS-OUEST (DRD);C R D GENNEVILLIERS GARE ROUTIERE;DRD;84.11Z;PUB_MAIRIE;PUBLIC;Administration publique générale;60 ROUTE PRINCIPALE DU PORT 92230 GENNEVILLIERS;92230;GENNEVILLIERS;92;Île-de-France;11;12;12;20 à 49 salariés;49;N;PME;27;1988-09-29;37.75770020533881;48.936251925;2.2654040262;False;7172;[];[];84.11Z;2026-06-15T15:56:27.688305;75;CHAUDE;26950;5390
21920071400018;219200714;COMMUNE DE SCEAUX;MAIRIE;;84.11Z;PUB_MAIRIE;PUBLIC;Administration publique générale;122 RUE HOUDAN 92330 SCEAUX;92330;SCEAUX;92;Île-de-France;11;41;41;500 à 999 salariés;999;O;ETI;16;1983-03-01;43.34017796030116;48.778971227;2.2886590454;True;7210;[];[];84.11Z;2026-06-15T15:56:27.688305;75;CHAUDE;549450;109890
21920076300015;219200763;COMMUNE DE VAUCRESSON;MAIRIE;;84.11Z;PUB_MAIRIE;PUBLIC;Administration publique générale;8 GRANDE RUE 92420 VAUCRESSON;92420;VAUCRESSON;92;Île-de-France;11;22;22;100 à 199 salariés;199;O;PME;16;1983-03-01;43.34017796030116;48.839311672;2.1579448019;True;7210;[];[];84.11Z;2026-06-15T15:56:27.688305;75;CHAUDE;109450;21890
77567634900282;775676349;FONDATION L ELAN RETROUVE;;;86.10Z;PUB_HOPITAL;PUBLIC;Activités hospitalières;HOPITAL JOUR 41 AVENUE GABRIEL PERI 92260 FONTENAY-AUX-ROSES;92260;FONTENAY-AUX-ROSES;92;Île-de-France;11;11;11;10 à 19 salariés;19;O;ETI;51;2015-02-23;11.356605065023956;48.78941087;2.2988470133;False;9300;"[""920710951""]";[];86.10Z;2026-06-15T15:56:53.808422;75;CHAUDE;19000;3800
21920060700105;219200607;COMMUNE DU PLESSIS ROBINSON;ECOLE MATERNELLE APPLICATION F PEATRICK;;85.10Z;PUB_ECOLE;PUBLIC;Enseignement pré-primaire;4 A ALLEE FRANCOIS PEATRIK 92350 LE PLESSIS-ROBINSON;92350;LE PLESSIS-ROBINSON;92;Île-de-France;11;41;41;500 à 999 salariés;999;N;ETI;27;1983-12-21;42.53251197809719;48.781636947;2.2706713261;False;7210;[];[];84.11Z;2026-06-15T15:56:27.687304;75;CHAUDE;499500;99900
21920060700014;219200607;COMMUNE DU PLESSIS ROBINSON;MAIRIE;;84.11Z;PUB_MAIRIE;PUBLIC;Administration publique générale;3 RUE DE LA MAIRIE 92350 LE PLESSIS-ROBINSON;92350;LE PLESSIS-ROBINSON;92;Île-de-France;11;41;41;500 à 999 salariés;999;O;ETI;27;1983-03-01;43.34017796030116;48.782331261;2.2622996113;True;7210;[];[];84.11Z;2026-06-15T15:56:27.687304;75;CHAUDE;549450;109890
16002206700237;160022067;DIRECTION NATIONALE D'ENQUETES FISCALES (DNEF);BRIGADE NAT. ENQU. ECONOMIQUES;DNEF;84.11Z;PUB_MAIRIE;PUBLIC;Administration publique générale;101 RUE DES TROIS FONTANOT 92000 NANTERRE;92000;NANTERRE;92;Île-de-France;11;12;12;20 à 49 salariés;49;N;ETI;40;2017-07-01;9.00479123887748;48.8949619193346;2.22495336658073;False;7160;[];[];84.11Z;2026-06-15T15:56:27.687304;75;CHAUDE;26950;5390
21920078900127;219200789;COMMUNE DE VILLENEUVE LA GARENNE;ECOLE ELEMENTAIRE PUBLIQUE JULES VERNE A;;85.20Z;PUB_ECOLE;PUBLIC;Enseignement primaire;VOIE PROMENADE 92390 VILLENEUVE-LA-GARENNE;92390;VILLENEUVE-LA-GARENNE;92;Île-de-France;11;12;12;20 à 49 salariés;49;N;ETI;29;1983-12-21;42.53251197809719;48.932602466;2.3301678603;False;7210;[];"[""0920217L""]";84.11Z;2026-06-15T15:56:27.687304;75;CHAUDE;24500;4900
21920078900119;219200789;COMMUNE DE VILLENEUVE LA GARENNE;ECOLE ELEMENTAIRE J VERNE B;;85.20Z;PUB_ECOLE;PUBLIC;Enseignement primaire;VOIE PROMENADE 92390 VILLENEUVE-LA-GARENNE;92390;VILLENEUVE-LA-GARENNE;92;Île-de-France;11;12;12;20 à 49 salariés;49;N;ETI;29;1983-12-21;42.53251197809719;48.932595674;2.3301594852;False;7210;[];"[""0920340V""]";84.11Z;2026-06-15T15:56:27.687304;75;CHAUDE;24500;4900
21920078900044;219200789;COMMUNE DE VILLENEUVE LA GARENNE;ECOLE ELEMENTAIRE PUBLIQUE PIERRE DE COUBERTIN B;;85.20Z;PUB_ECOLE;PUBLIC;Enseignement primaire;AVENUE PIERRE DE COUBERTIN 92390 VILLENEUVE-LA-GARENNE;92390;VILLENEUVE-LA-GARENNE;92;Île-de-France;11;12;12;20 à 49 salariés;49;N;ETI;29;1983-12-21;42.53251197809719;48.939405278;2.32768846;False;7210;[];"[""0921272H""]";84.11Z;2026-06-15T15:56:27.687304;75;CHAUDE;24500;4900
77567634900142;775676349;FONDATION L ELAN RETROUVE;;;86.10Z;PUB_HOPITAL;PUBLIC;Activités hospitalières;240 RUE GABRIEL PERI 92700 COLOMBES;92700;COLOMBES;92;Île-de-France;11;11;11;10 à 19 salariés;19;O;ETI;51;2005-09-14;20.79945242984257;48.918535414;2.2384702791;False;9300;"[""920170081""]";[];86.10Z;2026-06-15T15:56:53.808422;75;CHAUDE;19000;3800
77567634900134;775676349;FONDATION L ELAN RETROUVE;;;86.10Z;PUB_HOPITAL;PUBLIC;Activités hospitalières;DE 1 A 5 1 ALLEE JACQUES BREL 92240 MALAKOFF;92240;MALAKOFF;92;Île-de-France;11;11;11;10 à 19 salariés;19;O;ETI;51;2005-07-01;21.00479123887748;48.813432713;2.2807126192;False;9300;"[""920815123""]";[];86.10Z;2026-06-15T15:56:53.807423;75;CHAUDE;19000;3800
48026601400236;480266014;VYV3 ILE-DE-FRANCE;RELAIS COLOMBES;;86.10Z;PUB_HOPITAL;PUBLIC;Activités hospitalières;7 AVENUE AUDRA 92700 COLOMBES;92700;COLOMBES;92;Île-de-France;11;11;11;10 à 19 salariés;19;O;GE;61;2016-08-01;9.919233401779604;48.9277782045294;2.25286614870709;False;8210;"[""920804572""]";[];86.10Z;2026-06-15T15:56:53.807423;75;CHAUDE;19000;3800
26940106300194;269401063;GROUPE HOSPITALIER FONDATION VALLEE - PAUL GUIRAUD;HOPITAL DE JOUR 92G15 LEONARD DE VINCI;;86.10Z;PUB_HOPITAL;PUBLIC;Activités hospitalières;50 RUE DES ABONDANCES 92100 BOULOGNE-BILLANCOURT;92100;BOULOGNE-BILLANCOURT;92;Île-de-France;11;11;11;10 à 19 salariés;19;O;ETI;95;1904-04-04;122.24503764544832;48.845849025;2.2302130344;False;7364;"[""920000320""]";[];86.10Z;2026-06-15T15:56:53.807423;75;CHAUDE;19000;3800
26940106300145;269401063;GROUPE HOSPITALIER FONDATION VALLEE - PAUL GUIRAUD;CTRE MEDICO.PSYCHOLOGIQUE 92G16;;86.10Z;PUB_HOPITAL;PUBLIC;Activités hospitalières;58 A 60 60 ROUTE DU PAVE BLANC 92140 CLAMART;92140;CLAMART;92;Île-de-France;11;12;12;20 à 49 salariés;49;O;ETI;95;1904-04-04;122.24503764544832;48.784166967;2.2382029957;False;7364;"[""920000270""]";[];86.10Z;2026-06-15T15:56:53.807423;75;CHAUDE;49000;9800
26940106300061;269401063;GROUPE HOSPITALIER FONDATION VALLEE - PAUL GUIRAUD;CENTRE MEDICO PSYCHOLOGIQUE 92 G 17;;86.10Z;PUB_HOPITAL;PUBLIC;Activités hospitalières;58 A 62 58 ROUTE DU PAVE BLANC 92140 CLAMART;92140;CLAMART;92;Île-de-France;11;12;12;20 à 49 salariés;49;O;ETI;95;1972-01-01;54.50239561943874;48.784166532;2.238459153;False;7364;"[""920801800""]";[];86.10Z;2026-06-15T15:56:53.807423;75;CHAUDE;49000;9800
26750045201571;267500452;ASSISTANCE PUBLIQUE HOPITAUX DE PARIS (AP-HP);C.M.P.ADULTES 92G12 (A.P.-H.P.);AP-HP;86.21Z;PRIV_SANTE_CABINET;PRIVE;Pratique médicale générale;10 AVENUE VICTOR CRESSON 92130 ISSY-LES-MOULINEAUX;92130;ISSY-LES-MOULINEAUX;92;Île-de-France;11;53;53;10000 salariés et plus;10000;N;GE;177;1980-08-24;45.856262833675565;48.823630125;2.2714800479;False;7364;[];[];86.10Z;2026-06-15T15:56:53.807423;75;CHAUDE;9000000;1800000
44240132900010;442401329;CENTRE DE DIALYSE D'ATHIS MONS;;;86.10Z;PUB_HOPITAL;PUBLIC;Activités hospitalières;38 AVENUE JULES VALLES 91200 ATHIS-MONS;91200;ATHIS-MONS;91;Île-de-France;11;12;12;20 à 49 salariés;49;O;ETI;1;2002-07-01;24.005475701574262;48.700013401;2.3765779608;True;5710;[];[];86.10Z;2026-06-15T15:56:53.117538;75;CHAUDE;49000;9800
21920014400018;219200144;COMMUNE DE BOURG LA REINE;MAIRIE;;84.11Z;PUB_MAIRIE;PUBLIC;Administration publique générale;6 BOULEVARD CARNOT 92340 BOURG-LA-REINE;92340;BOURG-LA-REINE;92;Île-de-France;11;32;32;250 à 499 salariés;499;O;ETI;17;1983-03-01;43.34017796030116;48.779048219;2.3159044285;True;7210;[];[];84.11Z;2026-06-15T15:56:27.687304;75;CHAUDE;274450;54890
21920009400122;219200094;COMMUNE DE BOIS COLOMBES;CENTRE MUNICIPAL DE SANTE;;86.21Z;PRIV_SANTE_CABINET;PRIVE;Pratique médicale générale;86 RUE VICTOR HUGO 92270 BOIS-COLOMBES;92270;BOIS-COLOMBES;92;Île-de-France;11;41;41;500 à 999 salariés;999;N;ETI;26;1983-03-01;43.34017796030116;48.918025122;2.2705079418;False;7210;[];[];84.11Z;2026-06-15T15:56:27.687304;75;CHAUDE;899100;179820
21920009400080;219200094;COMMUNE DE BOIS COLOMBES;ECOLE PRIMAIRE PUBLIQUE PIERRE JOIGNEAUX;;85.20Z;PUB_ECOLE;PUBLIC;Enseignement primaire;110 RUE PIERRE JOIGNEAUX 92270 BOIS-COLOMBES;92270;BOIS-COLOMBES;92;Île-de-France;11;12;12;20 à 49 salariés;49;N;ETI;26;1983-12-21;42.53251197809719;48.910504592;2.2616222464;False;7210;[];"[""0920639V""]";84.11Z;2026-06-15T15:56:27.687304;75;CHAUDE;24500;4900
31121005800104;311210058;ASSOCIATION JEAN LACHENAUD;;;86.90E;PRIV_SANTE_CENTRE;PRIVE;Autres activités santé;ETS DE SANTE LA MARTINIERE CHE MARTINIERE 91400 SACLAY;91400;SACLAY;91;Île-de-France;11;41;41;500 à 999 salariés;999;N;ETI;14;2016-10-01;9.752224503764545;48.7180807664869;2.18238329121033;False;9220;"[""910022045""]";[];86.10Z;2026-06-15T15:56:52.514673;75;CHAUDE;949050;189810
26910214100075;269102141;GROUPE HOSPITALIER NORD ESSONNE;GROUPEMENT HOSPITALIER TERRITOIRE NORD ESSONNE;;84.12Z;PUB_MAIRIE;PUBLIC;Administration publique;159 RUE PDT FRANCOIS MITTERRAND 91160 LONGJUMEAU;91160;LONGJUMEAU;91;Île-de-France;11;51;51;2000 à 4999 salariés;4999;N;ETI;25;2017-01-01;9.500342231348393;48.6925704735785;2.2911958496911;False;7364;[];[];86.10Z;2026-06-15T15:56:52.514673;75;CHAUDE;2749450;549890
90510270300022;905102703;D1STREE DURVAL;CARREFOUR MARKET;;47.11D;PRIV_COMMERCE;PRIVE;Centres commerciaux;12, 14, 16, 18 A 30 18 RUE BAUDIN 92400 COURBEVOIE;92400;COURBEVOIE;92;Île-de-France;11;21;21;50 à 99 salariés;99;O;PME;2;2021-12-01;4.58590006844627;48.89579353;2.2513460385;True;5710;[];[];47.11D;2026-06-15T18:18:13.417377;75;CHAUDE;49500;9900
21750001600126;217500016;VILLE DE PARIS;ECOLE MATERNELLE;;85.10Z;PUB_ECOLE;PUBLIC;Enseignement pré-primaire;3 PLACE DU CARDINAL AMETTE 75015 PARIS;75015;PARIS;75;Île-de-France;11;11;11;10 à 19 salariés;19;O;GE;3027;1983-12-21;42.53251197809719;48.850937346;2.2971071888;False;7229;[];"[""0751272A""]";84.11Z;2026-06-15T15:56:04.038424;75;CHAUDE;9500;1900
21750001600084;217500016;VILLE DE PARIS;ECOLE MATERNELLE;;85.10Z;PUB_ECOLE;PUBLIC;Enseignement pré-primaire;3 B RUE D'ALESIA 75014 PARIS;75014;PARIS;75;Île-de-France;11;12;12;20 à 49 salariés;49;O;GE;3027;1983-12-21;42.53251197809719;48.826631191;2.3397090305;False;7229;[];"[""0751244V""]";84.11Z;2026-06-15T15:56:04.038424;75;CHAUDE;24500;4900
21750001600027;217500016;VILLE DE PARIS;ECOLE ELEMENTAIRE;;85.20Z;PUB_ECOLE;PUBLIC;Enseignement primaire;3 RUE D'ALESIA 75014 PARIS;75014;PARIS;75;Île-de-France;11;12;12;20 à 49 salariés;49;O;GE;3027;1983-12-21;42.53251197809719;48.826631191;2.3397090305;False;7229;[];"[""0751023E""]";84.11Z;2026-06-15T15:56:04.038424;75;CHAUDE;24500;4900
44454870500060;444548705;HADOM;HAD SANTE YVELINES;;86.10Z;PUB_HOPITAL;PUBLIC;Activités hospitalières;BATIMENT 2 3 BOULEVARD JEAN MOULIN 78990 ELANCOURT;78990;ELANCOURT;78;Île-de-France;11;21;21;50 à 99 salariés;99;N;GE;6;2022-01-11;4.473648186173854;48.7955031322286;1.96646245003946;True;5710;"[""780004529""]";[];86.10Z;2026-06-15T15:56:51.237499;72;CHAUDE;99000;19800
26950015300060;269500153;HOPITAL NOVO;CENTRE MEDICO-PSY;;86.10Z;PUB_HOPITAL;PUBLIC;Activités hospitalières;PARVIS DE LA PREFECTURE 95000 CERGY;95000;CERGY;95;Île-de-France;11;52;52;5000 à 9999 salariés;9999;N;GE;49;1904-04-04;122.24503764544832;49.035910094;2.0769886006;False;7364;"[""950005488""]";[];86.10Z;2026-06-15T15:56:58.773958;72;CHAUDE;9999000;1999800
26780580200092;267805802;CENTRE HOSPITALIER INTERCOMMUNAL DE POISSY SAINT GERMAIN;CENTRE MEDICO PSYCHOLOGIQUE;;86.10Z;PUB_HOPITAL;PUBLIC;Activités hospitalières;19 AVENUE DU MARECHAL FOCH 78700 CONFLANS-SAINTE-HONORINE;78700;CONFLANS-SAINTE-HONORINE;78;Île-de-France;11;51;51;2000 à 4999 salariés;4999;N;ETI;32;1998-01-01;28.501026694045173;48.998642033;2.0979841093;False;7364;[];[];86.10Z;2026-06-15T15:56:51.236498;72;CHAUDE;4999000;999800
26950015300102;269500153;HOPITAL NOVO;CENTRE LES P'TITS LOUPS;;86.10Z;PUB_HOPITAL;PUBLIC;Activités hospitalières;87 RUE DU BRULOIR 95000 CERGY;95000;CERGY;95;Île-de-France;11;52;52;5000 à 9999 salariés;9999;N;GE;49;1999-01-01;27.50171115674196;49.02944461;2.0711716659;False;7364;"[""950005538""]";[];86.10Z;2026-06-15T15:56:58.773958;72;CHAUDE;9999000;1999800
26780577800029;267805778;CTRE HOSPITA INTERCOM MEULAN LES MUREAUX (CHIMM);CENTRE HOSPITALIER BECHEVILLE;CHIMM;86.10Z;PUB_HOPITAL;PUBLIC;Activités hospitalières;1 RUE BAPTISTE MARCET 78130 LES MUREAUX;78130;LES MUREAUX;78;Île-de-France;11;41;41;500 à 999 salariés;999;O;ETI;32;1997-01-01;29.50034223134839;48.986410981;1.9358130045;False;7364;"[""780000428""]";"[""0783753F"", ""0783390L"", ""0783752E"", ""0783754G""]";86.10Z;2026-06-15T15:56:51.236498;72;CHAUDE;999000;199800
26950015300128;269500153;HOPITAL NOVO;CMP;;86.10Z;PUB_HOPITAL;PUBLIC;Activités hospitalières;7 RUE DE ROUEN 95300 PONTOISE;95300;PONTOISE;95;Île-de-France;11;52;52;5000 à 9999 salariés;9999;N;GE;49;2007-03-01;19.34017796030116;49.049567136;2.0909315153;False;7364;[];[];86.10Z;2026-06-15T15:56:58.773958;72;CHAUDE;9999000;1999800
26780249400042;267802494;HOPITAL GERONTOLOGIQUE DE CHEVREUSE;LONG SEJOUR DE L'HOPITAL LOCAL;;86.10Z;PUB_HOPITAL;PUBLIC;Activités hospitalières;1 RUE JEAN MERMOZ 78460 CHEVREUSE;78460;CHEVREUSE;78;Île-de-France;11;31;31;200 à 249 salariés;249;O;PME;6;1991-10-24;34.691307323750856;48.707592381;2.034918172;False;7364;[];[];86.10Z;2026-06-15T15:56:51.237499;72;CHAUDE;249000;49800
20003030200018;200030302;CENTRE HOSPITALIER DE LA MAULDRE;;;86.10Z;PUB_HOPITAL;PUBLIC;Activités hospitalières;23 RUE SAINT-LOUIS 78760 JOUARS-PONTCHARTRAIN;78760;JOUARS-PONTCHARTRAIN;78;Île-de-France;11;21;21;50 à 99 salariés;99;O;ETI;3;2012-01-01;14.50239561943874;48.805167896;1.9042526599;True;7364;"[""780000386"", ""780800363"", ""780804043""]";[];86.10Z;2026-06-15T15:56:51.237499;72;CHAUDE;99000;19800
48443411300342;484434113;LNA ES;LES JARDINS D'ENNERY;;86.10Z;PUB_HOPITAL;PUBLIC;Activités hospitalières;ROUTE DE LIVILLIERS 95300 ENNERY;95300;ENNERY;95;Île-de-France;11;51;51;2000 à 4999 salariés;4999;O;GE;47;2023-10-05;2.7433264887063653;49.084449467;2.1040540719;False;5710;[];[];86.10Z;2026-06-15T15:56:58.773958;72;CHAUDE;4999000;999800
48443411300367;484434113;LNA ES;INSTITUT DE READAPTATION D'ENNERY;;86.10Z;PUB_HOPITAL;PUBLIC;Activités hospitalières;2 ROUTE DE LIVILLIERS 95300 ENNERY;95300;ENNERY;95;Île-de-France;11;51;51;2000 à 4999 salariés;4999;O;GE;47;2023-10-05;2.7433264887063653;49.080187963;2.107634944;False;5710;"[""950150011""]";[];86.10Z;2026-06-15T15:56:58.773958;72;CHAUDE;4999000;999800
78587795200057;785877952;FONDATION CHANTEPIE MANCIER;;;86.10Z;PUB_HOPITAL;PUBLIC;Activités hospitalières;6 RUE PETIT DE COUPRAY 95300 PONTOISE;95300;PONTOISE;95;Île-de-France;11;31;31;200 à 249 salariés;249;O;PME;5;2024-01-01;2.5023956194387407;49.051164198;2.1042374287;False;9300;[];[];86.10Z;2026-06-15T15:56:58.774956;72;CHAUDE;249000;49800
48423523900023;484235239;PSYSTORS;;;86.10Z;PUB_HOPITAL;PUBLIC;Activités hospitalières;3 RUE XAVIER BICHAT 95520 OSNY;95520;OSNY;95;Île-de-France;11;21;21;50 à 99 salariés;99;O;GE;2;2008-12-16;17.544147843942504;49.074913542;2.0754752908;True;5710;"[""950310029""]";[];86.10Z;2026-06-15T15:56:59.387414;72;CHAUDE;99000;19800
26780580200076;267805802;CENTRE HOSPITALIER INTERCOMMUNAL DE POISSY SAINT GERMAIN;LONG SEJOUR LES MAISONNEES;;86.10Z;PUB_HOPITAL;PUBLIC;Activités hospitalières;LES MAISONNEES 10 RUE DU CHAMP GAILLARD 78300 POISSY;78300;POISSY;78;Île-de-France;11;51;51;2000 à 4999 salariés;4999;N;ETI;32;1998-01-01;28.501026694045173;48.919299865;2.0223552657;False;7364;"[""780800892""]";[];86.10Z;2026-06-15T15:56:51.236498;72;CHAUDE;4999000;999800
20001803400013;200018034;GROUPEMENT HOSPITALIER DE TERRITOIRE GRAND PARIS NORD-EST (GHT GPNE);;GHT GPNE;86.10Z;PUB_HOPITAL;PUBLIC;Activités hospitalières;10 RUE DU GENERAL LECLERC 93370 MONTFERMEIL;93370;MONTFERMEIL;93;Île-de-France;11;51;51;2000 à 4999 salariés;4999;O;ETI;25;2009-01-01;17.50034223134839;48.899062317;2.5720684087;True;7364;"[""930000286"", ""930000294""]";[];86.10Z;2026-06-15T15:56:56.424370;72;CHAUDE;4999000;999800
58820344800026;588203448;CLINIQUE CONTI;CLINIQUE CONTI;;86.10Z;PUB_HOPITAL;PUBLIC;Activités hospitalières;3 CHE DES TROIS SOURCES 95290 ISLE ADAM;95290;ISLE ADAM;95;Île-de-France;11;22;22;100 à 199 salariés;199;O;GE;2;2009-02-16;17.374401095140314;49.126039254;2.2357705545;True;5599;"[""950300202""]";[];86.10Z;2026-06-15T15:56:59.050394;72;CHAUDE;199000;39800
58820042800021;588200428;CLINIQUE DU PARC;;;86.10Z;PUB_HOPITAL;PUBLIC;Activités hospitalières;23 RUE DES FRERES CAPUCINS 95310 SAINT-OUEN-L'AUMONE;95310;SAINT-OUEN-L'AUMONE;95;Île-de-France;11;22;22;100 à 199 salariés;199;O;PME;1;1984-12-27;41.51403148528405;49.041844479;2.1101009014;True;5710;"[""950300301""]";[];86.10Z;2026-06-15T15:56:59.387414;72;CHAUDE;199000;39800
31184448400023;311844484;ASSOCIATION LA CHATAIGNERAIE;;;86.10Z;PUB_HOPITAL;PUBLIC;Activités hospitalières;BOIS DE L'ORIENT 95180 MENUCOURT;95180;MENUCOURT;95;Île-de-France;11;22;22;100 à 199 salariés;199;O;PME;3;1988-01-01;38.50239561943874;49.034108924;1.9803121657;True;9220;"[""950700021""]";[];86.10Z;2026-06-15T15:56:46.386940;72;CHAUDE;199000;39800
79058606900045;790586069;CHP SAINTE MARIE OSNY;;;86.10Z;PUB_HOPITAL;PUBLIC;Activités hospitalières;1 RUE CHRISTIAN BARNARD 95520 OSNY;95520;OSNY;95;Île-de-France;11;31;31;200 à 249 salariés;249;N;GE;4;2020-03-24;6.275154004106776;49.0740235322671;2.07675260658137;True;5710;[];[];86.10Z;2026-06-15T15:56:59.387414;72;CHAUDE;249000;49800
38096983200019;380969832;CLINIQUE DIETETIQUE DE VILLECRESNES (CDV);;CDV;86.10Z;PUB_HOPITAL;PUBLIC;Activités hospitalières;8 BOULEVARD RICHERAND 94440 VILLECRESNES;94440;VILLECRESNES;94;Île-de-France;11;21;21;50 à 99 salariés;99;O;ETI;6;1991-02-01;35.41683778234086;48.721987309125;2.53210385210765;True;5710;"[""940300452""]";[];86.10Z;2026-06-15T15:56:46.690025;72;CHAUDE;99000;19800
77567089600072;775670896;LES AILES DEPLOYEES;;;86.10Z;PUB_HOPITAL;PUBLIC;Activités hospitalières;MAISON HOSPITALIERE DE CERGY 1 PLACE DES PINETS 95000 CERGY;95000;CERGY;95;Île-de-France;11;22;22;100 à 199 salariés;199;O;ETI;9;2011-07-11;14.978781656399724;49.045919269;2.0097677539;False;9220;"[""950049551""]";[];86.10Z;2026-06-15T15:56:58.774956;72;CHAUDE;199000;39800
78587795200016;785877952;FONDATION CHANTEPIE MANCIER;;;86.10Z;PUB_HOPITAL;PUBLIC;Activités hospitalières;9 RUE CHANTEPIE MANCIER 95290 L'ISLE-ADAM;95290;L'ISLE-ADAM;95;Île-de-France;11;22;22;100 à 199 salariés;199;O;PME;5;1954-01-01;72.50102669404518;49.113578467;2.2234081773;True;9300;"[""950000406"", ""950808824""]";[];86.10Z;2026-06-15T15:56:58.774956;72;CHAUDE;199000;39800
31022767300020;310227673;HOPITAL PRIVE DE L'OUEST PARISIEN (HPOP);;HPOP;86.10Z;PUB_HOPITAL;PUBLIC;Activités hospitalières;14 RUE CASTIGLIONE DEL LAGO 78190 TRAPPES;78190;TRAPPES;78;Île-de-France;11;32;32;250 à 499 salariés;499;O;GE;3;1900-01-01;126.4996577686516;48.778249811;1.9900523763;True;5710;"[""780300422""]";[];86.10Z;2026-06-15T15:56:51.520124;72;CHAUDE;499000;99800
44451678500037;444516785;MAISON DE FAMILLE L'OASIS;;;86.10Z;PUB_HOPITAL;PUBLIC;Activités hospitalières;RUE LAMARTINE 78470 SAINT-REMY-LES-CHEVREUSE;78470;SAINT-REMY-LES-CHEVREUSE;78;Île-de-France;11;21;21;50 à 99 salariés;99;O;GE;3;2010-05-03;16.16700889801506;48.710048889;2.0683406511;True;5202;"[""780420048""]";[];86.10Z;2026-06-15T15:56:51.520124;72;CHAUDE;99000;19800
59980363200026;599803632;CLINIQUE SAINT LOUIS;;;86.10Z;PUB_HOPITAL;PUBLIC;Activités hospitalières;1 RUE BASSET 78300 POISSY;78300;POISSY;78;Île-de-France;11;22;22;100 à 199 salariés;199;O;GE;2;2002-12-13;23.55373032169747;48.9307670273348;2.03791564899402;True;5599;"[""780300208""]";[];86.10Z;2026-06-15T15:56:51.913507;72;CHAUDE;199000;39800
26950008800019;269500088;CTRE HOSPITALIER SPECIALISE ROGER PREVOT;;;86.10Z;PUB_HOPITAL;PUBLIC;Activités hospitalières;52 RUE DE PARIS 95570 MOISSELLES;95570;MOISSELLES;95;Île-de-France;11;32;32;250 à 499 salariés;499;O;ETI;32;1983-03-01;43.34017796030116;49.050185844;2.3373704155;True;7364;"[""950000398""]";[];86.10Z;2026-06-15T15:56:53.808422;72;CHAUDE;499000;99800
26950008800340;269500088;CTRE HOSPITALIER SPECIALISE ROGER PREVOT;SERVICE TOXICOLOGIE;;86.10Z;PUB_HOPITAL;PUBLIC;Activités hospitalières;52 RUE DE PARIS 95570 MOISSELLES;95570;MOISSELLES;95;Île-de-France;11;41;41;500 à 999 salariés;999;N;ETI;32;2003-01-28;23.42778918548939;49.050185844231;2.33737041550412;False;7364;[];[];86.10Z;2026-06-15T15:56:58.773958;72;CHAUDE;999000;199800
20001803400054;200018034;GROUPEMENT HOSPITALIER DE TERRITOIRE GRAND PARIS NORD-EST (GHT GPNE);CTRE LONG SEJOUR LES ORMES;GHT GPNE;86.10Z;PUB_HOPITAL;PUBLIC;Activités hospitalières;13 PLACE JEAN MERMOZ 93370 MONTFERMEIL;93370;MONTFERMEIL;93;Île-de-France;11;51;51;2000 à 4999 salariés;4999;N;ETI;25;2009-01-01;17.50034223134839;48.903702823;2.5709986985;False;7364;[];[];86.10Z;2026-06-15T15:56:56.424370;72;CHAUDE;4999000;999800
20001803400062;200018034;GROUPEMENT HOSPITALIER DE TERRITOIRE GRAND PARIS NORD-EST (GHT GPNE);CTRE MOYEN SEJOUR LES ORMES;GHT GPNE;86.10Z;PUB_HOPITAL;PUBLIC;Activités hospitalières;13 PLACE JEAN MERMOZ 93370 MONTFERMEIL;93370;MONTFERMEIL;93;Île-de-France;11;51;51;2000 à 4999 salariés;4999;N;ETI;25;2009-01-01;17.50034223134839;48.903702823;2.5709986985;False;7364;[];[];86.10Z;2026-06-15T15:56:56.424370;72;CHAUDE;4999000;999800
26910214100125;269102141;GROUPE HOSPITALIER NORD ESSONNE;CTRE MEDICO-PSYCHO LA HACQUINIERE;;86.10Z;PUB_HOPITAL;PUBLIC;Activités hospitalières;LA HACQUINIERE 2 B RUE DE LA HACQUINIERE 91440 BURES-SUR-YVETTE;91440;BURES-SUR-YVETTE;91;Île-de-France;11;51;51;2000 à 4999 salariés;4999;N;ETI;25;2018-01-01;8.501026694045175;48.696108534;2.1546015454;False;7364;[];[];86.10Z;2026-06-15T15:56:52.514673;72;CHAUDE;4999000;999800
26910214100133;269102141;GROUPE HOSPITALIER NORD ESSONNE;HOPITAL DE JOUR 91G16;;86.10Z;PUB_HOPITAL;PUBLIC;Activités hospitalières;44 RUE DE PARIS 91400 ORSAY;91400;ORSAY;91;Île-de-France;11;51;51;2000 à 4999 salariés;4999;N;ETI;25;2018-01-01;8.501026694045175;48.69640509;2.1891398681;False;7364;[];[];86.10Z;2026-06-15T15:56:52.514673;72;CHAUDE;4999000;999800
77569139700027;775691397;HOPITAL PRIVE DU VERT GALANT (CLVG);HOPITAL PRIVE DU VERT GALANT (ENSEIGNE S;CLVG;86.10Z;PUB_HOPITAL;PUBLIC;Activités hospitalières;38 RUE DU DOCTEUR GEORGES ASSANT 93290 TREMBLAY-EN-FRANCE;93290;TREMBLAY-EN-FRANCE;93;Île-de-France;11;32;32;250 à 499 salariés;499;O;GE;1;1900-01-01;126.4996577686516;48.940930468;2.5726989327;True;5710;"[""930300595""]";[];86.10Z;2026-06-15T15:56:57.208392;72;CHAUDE;499000;99800
78425716400094;784257164;INSTITUT CURIE;;;86.10Z;PUB_HOPITAL;PUBLIC;Activités hospitalières;CAMPUS UNIVERSITAIRE BAT 101 15 RUE GEORGES CLEMENCEAU 91400 ORSAY;91400;ORSAY;91;Île-de-France;11;21;21;50 à 99 salariés;99;O;ETI;16;2018-01-01;8.501026694045175;48.6988155048516;2.17865459752281;False;9300;[];[];86.10Z;2026-06-15T15:56:52.514673;72;CHAUDE;99000;19800
77567088800038;775670888;GROUPE HOSPITALIER LES CHEMINOTS;;;86.10Z;PUB_HOPITAL;PUBLIC;Activités hospitalières;55 RUE ALBERT REMY 91130 RIS-ORANGIS;91130;RIS-ORANGIS;91;Île-de-France;11;22;22;100 à 199 salariés;199;O;PME;4;1900-01-01;126.4996577686516;48.657012251;2.4073781606;False;9220;"[""910500040""]";[];86.10Z;2026-06-15T15:56:52.515672;72;CHAUDE;199000;39800
77567088800061;775670888;GROUPE HOSPITALIER LES CHEMINOTS;;;86.10Z;PUB_HOPITAL;PUBLIC;Activités hospitalières;29 RUE ALPHONSE DAUDET 91210 DRAVEIL;91210;DRAVEIL;91;Île-de-France;11;32;32;250 à 499 salariés;499;N;PME;4;1900-01-01;126.4996577686516;48.6627249526438;2.4242960531342;False;9220;[];[];86.10Z;2026-06-15T15:56:52.515672;72;CHAUDE;499000;99800
31723531500049;317235315;HOPITAL PRIVE CLAUDE GALIEN;;;86.10Z;PUB_HOPITAL;PUBLIC;Activités hospitalières;20 ROUTE DE BOUSSY-SAINT-ANTOINE 91480 QUINCY-SOUS-SENART;91480;QUINCY-SOUS-SENART;91;Île-de-France;11;32;32;250 à 499 salariés;499;O;GE;6;1995-11-20;30.61738535249829;48.681640438;2.5395817007;True;5710;"[""910025592"", ""910803543""]";[];86.10Z;2026-06-15T15:56:52.515672;72;CHAUDE;499000;99800
78467063000028;784670630;CENTRE HOSPITALIER DE BLIGNY;CENTRE HOSPITALIER DE BLIGNY;;86.10Z;PUB_HOPITAL;PUBLIC;Activités hospitalières;RUE DE BLIGNY 91640 BRIIS-SOUS-FORGES;91640;BRIIS-SOUS-FORGES;91;Île-de-France;11;41;41;500 à 999 salariés;999;O;ETI;3;1900-01-01;126.4996577686516;48.625064587;2.1483584391;False;9230;"[""910027317"", ""910150028""]";[];86.10Z;2026-06-15T15:56:52.515672;72;CHAUDE;999000;199800
78516501000048;785165010;GESTION HOPITAL PRIV GERIAT MAGNOLIAS (HPGM);;HPGM;86.10Z;PUB_HOPITAL;PUBLIC;Activités hospitalières;77 RUE DU PERRAY 91160 BALLAINVILLIERS;91160;BALLAINVILLIERS;91;Île-de-France;11;32;32;250 à 499 salariés;499;O;ETI;4;2005-12-26;20.517453798767967;48.660150277;2.2843429137;True;9220;"[""910022193""]";[];86.10Z;2026-06-15T15:56:52.515672;72;CHAUDE;499000;99800
78516501000022;785165010;GESTION HOPITAL PRIV GERIAT MAGNOLIAS (HPGM);CENTRE DE GERIATRIE LES MAGNOLIAS;HPGM;86.10Z;PUB_HOPITAL;PUBLIC;Activités hospitalières;RUE DU CLOS A LA CAILLE 91160 BALLAINVILLIERS;91160;BALLAINVILLIERS;91;Île-de-France;11;32;32;250 à 499 salariés;499;N;ETI;4;1974-04-04;52.24640657084189;48.660150277;2.2843429137;False;9220;"[""910015809"", ""910815992""]";[];86.10Z;2026-06-15T15:56:52.515672;72;CHAUDE;499000;99800
32620619000018;326206190;SOCIETE D EXPLOITATION DE LA CLINIQUE MEDICALE SAINT COME A JUVISY;CLINIQUE L'OBSERVATOIRE;;86.10Z;PUB_HOPITAL;PUBLIC;Activités hospitalières;35 AVENUE DE LA COUR DE FRANCE 91260 JUVISY-SUR-ORGE;91260;JUVISY-SUR-ORGE;91;Île-de-France;11;22;22;100 à 199 salariés;199;O;GE;2;1982-12-28;43.51266255989049;48.692615005;2.3706458676;False;5710;"[""910300151""]";[];86.10Z;2026-06-15T15:56:52.515672;72;CHAUDE;199000;39800
44454870500052;444548705;HADOM;HADOM;;86.10Z;PUB_HOPITAL;PUBLIC;Activités hospitalières;9 RUE CAMILLE FLAMMARION 91260 JUVISY-SUR-ORGE;91260;JUVISY-SUR-ORGE;91;Île-de-France;11;21;21;50 à 99 salariés;99;O;GE;6;2020-04-01;6.253251197809719;48.691729831;2.3738590864;False;5710;"[""910025410""]";[];86.10Z;2026-06-15T15:56:52.831464;72;CHAUDE;99000;19800
77568194300020;775681943;ASSOCIATION DE SANTE MENTALE DU 13EME ARRONDISSEMENT DE PARIS (ASM 13);HOPITAL PYCHIATRIQUE L'EAU VIVE FAM YVONNESCHWARTZ;ASM 13;86.10Z;PUB_HOPITAL;PUBLIC;Activités hospitalières;6 AVENUE DU GENERAL DE GAULLE 91450 SOISY-SUR-SEINE;91450;SOISY-SUR-SEINE;91;Île-de-France;11;32;32;250 à 499 salariés;499;O;ETI;3;1900-01-01;126.4996577686516;48.642655574;2.455268908;False;9230;"[""910007178"", ""910026285"", ""910140037""]";[];86.10Z;2026-06-15T15:56:52.832464;72;CHAUDE;499000;99800
26770005200116;267700052;GROUPE HOSPITALIER DU SUD ILE DE FRANCE;CMP PETIT DE BEAUVERGER;;86.10Z;PUB_HOPITAL;PUBLIC;Activités hospitalières;CENTRE HOSPITALIER 17 RUE PETIT DE BEAUVERGER 77170 BRIE-COMTE-ROBERT;77170;BRIE-COMTE-ROBERT;77;Île-de-France;11;51;51;2000 à 4999 salariés;4999;N;ETI;35;1996-12-25;29.51950718685832;48.693769432;2.6060087121;False;7364;"[""770803088""]";[];86.10Z;2026-06-15T15:56:50.258540;72;CHAUDE;4999000;999800
48841184400092;488411844;BTP RESIDENCES MEDICO SOCIALES;;;86.10Z;PUB_HOPITAL;PUBLIC;Activités hospitalières;RESIDENCE LE PARC RUE DES BERCHERES 77340 PONTAULT-COMBAULT;77340;PONTAULT-COMBAULT;77;Île-de-France;11;32;32;250 à 499 salariés;499;O;ETI;20;2006-01-01;20.501026694045173;48.78410608;2.6072889439;False;9220;"[""770150043"", ""770700144""]";[];86.10Z;2026-06-15T15:56:50.258540;72;CHAUDE;499000;99800
77567088800046;775670888;GROUPE HOSPITALIER LES CHEMINOTS;;;86.10Z;PUB_HOPITAL;PUBLIC;Activités hospitalières;14 RUE ALPHONSE DAUDET 91210 DRAVEIL;91210;DRAVEIL;91;Île-de-France;11;22;22;100 à 199 salariés;199;O;PME;4;1900-01-01;126.4996577686516;48.664016283;2.4216045979;True;9220;"[""910150085""]";[];86.10Z;2026-06-15T15:56:46.385931;72;CHAUDE;199000;39800
20002709200135;200027092;HOPITAUX PARIS EST VAL-DE-MARNE;USLD (UNITE DE SOIN LONGUE DUREE) NADJA;;86.10Z;PUB_HOPITAL;PUBLIC;Activités hospitalières;17 RUE DU GENERAL LECLERC 94510 LA QUEUE-EN-BRIE;94510;LA QUEUE-EN-BRIE;94;Île-de-France;11;51;51;2000 à 4999 salariés;4999;N;ETI;68;2024-01-01;2.5023956194387407;48.7872014176012;2.58171280499287;False;7364;"[""940807480""]";[];86.10Z;2026-06-15T15:56:57.423917;72;CHAUDE;4999000;999800
40324936000039;403249360;CLINIQUE MEDICALE LES JARDINS DE BRUNOY;;;86.10Z;PUB_HOPITAL;PUBLIC;Activités hospitalières;38 ROUTE DE BRIE 91800 BRUNOY;91800;BRUNOY;91;Île-de-France;11;22;22;100 à 199 salariés;199;O;GE;3;1999-03-31;27.2580424366872;48.7022546038855;2.5108869635574;True;5710;"[""910300045""]";[];86.10Z;2026-06-15T15:56:47.379938;72;CHAUDE;199000;39800
26950004700064;269500047;CENTRE HOSPITALIER GENERAL;CENTRE MEDICO-PSYCHOLOGIQUE;;86.10Z;PUB_HOPITAL;PUBLIC;Activités hospitalières;155 RUE DE PARIS 95380 LOUVRES;95380;LOUVRES;95;Île-de-France;11;51;51;2000 à 4999 salariés;4999;N;ETI;14;1983-03-01;43.34017796030116;49.048387761;2.5114283449;False;7364;"[""950805812""]";[];86.10Z;2026-06-15T15:56:58.774956;72;CHAUDE;4999000;999800
30116075000933;301160750;CLINEA;;;86.10Z;PUB_HOPITAL;PUBLIC;Activités hospitalières;3 VOIE DE L’ORCHIDEE SAUVAGE 93420 VILLEPINTE;93420;VILLEPINTE;93;Île-de-France;11;22;22;100 à 199 salariés;199;O;GE;133;2015-03-01;11.340177960301164;48.960408411;2.5390121538;False;5710;"[""930020920""]";[];86.10Z;2026-06-15T15:56:56.423370;72;CHAUDE;199000;39800
74695129200018;746951292;HOPITAL PRIVE DE MARNE CHANTEREINE (HPMC);;HPMC;86.10Z;PUB_HOPITAL;PUBLIC;Activités hospitalières;RUE MARIE CURIE 77177 BROU-SUR-CHANTEREINE;77177;BROU-SUR-CHANTEREINE;77;Île-de-France;11;31;31;200 à 249 salariés;249;O;GE;4;1969-01-01;57.50034223134839;48.885420122;2.6297216646;True;5499;"[""770300010""]";[];86.10Z;2026-06-15T15:56:50.578684;72;CHAUDE;249000;49800
30116075000438;301160750;CLINEA;;;86.10Z;PUB_HOPITAL;PUBLIC;Activités hospitalières;66 CHEMIN DE LA CHAPELLE 78470 SAINT-REMY-LES-CHEVREUSE;78470;SAINT-REMY-LES-CHEVREUSE;78;Île-de-France;11;21;21;50 à 99 salariés;99;O;GE;133;2008-02-01;18.417522245037645;48.713436417;2.0737151931;False;5710;"[""780008298""]";[];86.10Z;2026-06-15T15:56:51.235474;72;CHAUDE;99000;19800
20007630500016;200076305;CENTRE HOSPITALIER DE PLAISIR;;;86.10Z;PUB_HOPITAL;PUBLIC;Activités hospitalières;220 RUE MANSART 78370 PLAISIR;78370;PLAISIR;78;Île-de-France;11;41;41;500 à 999 salariés;999;O;ETI;40;2018-01-01;8.501026694045175;48.825163806;1.9393554644;True;7364;"[""780000303"", ""780000402"", ""780002531"", ""780018529"", ""780022448""]";[];86.10Z;2026-06-15T15:56:51.235474;72;CHAUDE;999000;199800
26950004700072;269500047;CENTRE HOSPITALIER GENERAL;CENTRE MEDICO-PSYCHOLOGIQUE;;86.10Z;PUB_HOPITAL;PUBLIC;Activités hospitalières;AVENUE DU MESNIL 95470 FOSSES;95470;FOSSES;95;Île-de-France;11;51;51;2000 à 4999 salariés;4999;N;ETI;14;1983-03-01;43.34017796030116;49.0976034;2.5159779723;False;7364;"[""950805820""]";[];86.10Z;2026-06-15T15:56:58.774956;72;CHAUDE;4999000;999800
78587795200032;785877952;FONDATION CHANTEPIE MANCIER;LONG SEJOUR HOPITAL L'ISLE ADAM;;86.10Z;PUB_HOPITAL;PUBLIC;Activités hospitalières;9 RUE CHANTEPIE MANCIER 95290 L'ISLE-ADAM;95290;L'ISLE-ADAM;95;Île-de-France;11;31;31;200 à 249 salariés;249;N;PME;5;1904-04-04;122.24503764544832;49.113578467;2.2234081773;False;9300;"[""950807370""]";[];86.10Z;2026-06-15T15:56:58.774956;72;CHAUDE;249000;49800
96520104900016;965201049;CLINIQUE MEDICALE DE VILLIERS SUR ORGE (CLINALLIANCE DE VILLIERS SUR ORGE);CLINALLIANCE DE VILLIERS SUR ORGE;;86.10Z;PUB_HOPITAL;PUBLIC;Activités hospitalières;CHEMIN DES MULETS 43 RUE DE VERDUN 91700 VILLIERS-SUR-ORGE;91700;VILLIERS-SUR-ORGE;91;Île-de-France;11;32;32;250 à 499 salariés;499;O;ETI;2;1965-01-01;61.50034223134839;48.652893102;2.2908308044;True;5710;"[""910300276""]";[];86.10Z;2026-06-15T15:56:52.832464;72;CHAUDE;499000;99800
30116075000651;301160750;CLINEA;CLINIQUE DE L'OSERAIE;;86.10Z;PUB_HOPITAL;PUBLIC;Activités hospitalières;4 RUE ALEXANDER FLEMING 95520 OSNY;95520;OSNY;95;Île-de-France;11;21;21;50 à 99 salariés;99;O;GE;133;2011-06-01;15.08829568788501;49.075668727;2.0738801218;False;5710;"[""950420042""]";[];86.10Z;2026-06-15T15:56:58.773958;72;CHAUDE;99000;19800
30116075000040;301160750;CLINEA;L'ABBAYE;;86.10Z;PUB_HOPITAL;PUBLIC;Activités hospitalières;2 RUE HORACE DE CHOISEUL 91170 VIRY-CHATILLON;91170;VIRY-CHATILLON;91;Île-de-France;11;21;21;50 à 99 salariés;99;O;GE;133;2000-12-31;25.50308008213552;48.669419885;2.3757874923;False;5710;"[""910310036""]";[];86.10Z;2026-06-15T15:56:52.513670;72;CHAUDE;99000;19800
30116075000099;301160750;CLINEA;MOULIN DE VIRY;;86.10Z;PUB_HOPITAL;PUBLIC;Activités hospitalières;2 RUE HORACE DE CHOISEUL 91170 VIRY-CHATILLON;91170;VIRY-CHATILLON;91;Île-de-France;11;31;31;200 à 249 salariés;249;O;GE;133;2002-06-01;24.087611225188223;48.6670957625114;2.37352348726266;False;5710;"[""910015965""]";[];86.10Z;2026-06-15T15:56:52.513670;72;CHAUDE;249000;49800
30116075000180;301160750;CLINEA;CLINIQUE GERIATRIQUE BRUNOY LES VALLEES;;86.10Z;PUB_HOPITAL;PUBLIC;Activités hospitalières;86 RUE DU ROLE 91800 BRUNOY;91800;BRUNOY;91;Île-de-France;11;21;21;50 à 99 salariés;99;O;GE;133;2003-12-31;22.50513347022587;48.702850855;2.5190722305;False;5710;"[""910300060""]";[];86.10Z;2026-06-15T15:56:52.513670;72;CHAUDE;99000;19800
30116075000297;301160750;CLINEA;CLINIQUE DU CHATEAU DE VILLEBOUZIN;;86.10Z;PUB_HOPITAL;PUBLIC;Activités hospitalières;RUE ANDRE CHERMETTE 91310 LONGPONT-SUR-ORGE;91310;LONGPONT-SUR-ORGE;91;Île-de-France;11;21;21;50 à 99 salariés;99;O;GE;133;2005-12-31;20.503764544832308;48.657099155;2.282327538;False;5710;"[""910310028""]";[];86.10Z;2026-06-15T15:56:52.513670;72;CHAUDE;99000;19800
30116075000735;301160750;CLINEA;CLINIQUE DE L'ISLE LE MOULIN;;86.10Z;PUB_HOPITAL;PUBLIC;Activités hospitalières;2 PLACE BOILEAU 91560 CROSNE;91560;CROSNE;91;Île-de-France;11;22;22;100 à 199 salariés;199;O;GE;133;2013-01-01;13.500342231348393;48.7137974640566;2.4594321372507;False;5710;"[""910310044""]";[];86.10Z;2026-06-15T15:56:52.513670;72;CHAUDE;199000;39800
26910009500034;269100095;ETS PUBLIC DE SANTE BARTHELEMY DURAND;HOPITAL DE JOUR 91Z01 STE-GENEVIEVE;;86.10Z;PUB_HOPITAL;PUBLIC;Activités hospitalières;7 RUE PAUL LANGEVIN 91700 SAINTE-GENEVIEVE-DES-BOIS;91700;SAINTE-GENEVIEVE-DES-BOIS;91;Île-de-France;11;42;42;1000 à 1999 salariés;1999;N;ETI;81;1974-10-01;51.75359342915811;48.627838818;2.333550237;False;7364;"[""910140060""]";[];86.10Z;2026-06-15T15:56:52.513670;72;CHAUDE;1999000;399800
26910009500174;269100095;ETS PUBLIC DE SANTE BARTHELEMY DURAND;UNITE THERAPIE FAMILIALE 91Z01;;86.10Z;PUB_HOPITAL;PUBLIC;Activités hospitalières;7 RUE PAUL LANGEVIN 91700 SAINTE-GENEVIEVE-DES-BOIS;91700;SAINTE-GENEVIEVE-DES-BOIS;91;Île-de-France;11;21;21;50 à 99 salariés;99;N;ETI;81;1983-03-01;43.34017796030116;48.627838818;2.333550237;False;7364;"[""910808096""]";[];86.10Z;2026-06-15T15:56:52.513670;72;CHAUDE;99000;19800
26910009500208;269100095;ETS PUBLIC DE SANTE BARTHELEMY DURAND;CMP 91G08 GRIGNY;;86.10Z;PUB_HOPITAL;PUBLIC;Activités hospitalières;1 PLACE DU QUINCONCE 91350 GRIGNY;91350;GRIGNY;91;Île-de-France;11;42;42;1000 à 1999 salariés;1999;N;ETI;81;1983-03-01;43.34017796030116;48.652624529;2.3720311201;False;7364;"[""910808120""]";[];86.10Z;2026-06-15T15:56:52.513670;72;CHAUDE;1999000;399800
77568300600065;775683006;FONDATION  SANTE DES ETUDIANTS DE FRANCE (FSEF);CLINIQUE FSEF VARENNES JARCY;FSEF;86.10Z;PUB_HOPITAL;PUBLIC;Activités hospitalières;29 RUE DE LA LIBERATION 91480 VARENNES-JARCY;91480;VARENNES-JARCY;91;Île-de-France;11;21;21;50 à 99 salariés;99;O;ETI;36;1900-01-01;126.4996577686516;48.677173292;2.5596336121;False;9300;"[""910150077""]";[];86.10Z;2026-06-15T15:56:52.513670;72;CHAUDE;99000;19800
26910004600037;269100046;CENTRE HOSPITALIER SUD FRANCILIEN;UNITE CLINIQUE CAMILLE CLAUDEL ANNEXE...;;86.10Z;PUB_HOPITAL;PUBLIC;Activités hospitalières;194 AVENUE HENRI BARBUSSE 91270 VIGNEUX-SUR-SEINE;91270;VIGNEUX-SUR-SEINE;91;Île-de-France;11;51;51;2000 à 4999 salariés;4999;N;ETI;32;1987-07-15;38.9678302532512;48.703980408;2.4341948396;False;7364;"[""910812569""]";[];86.10Z;2026-06-15T15:56:52.513670;72;CHAUDE;4999000;999800
26910004600060;269100046;CENTRE HOSPITALIER SUD FRANCILIEN;CENTRE MEDICO PSY 91 G 11;;86.10Z;PUB_HOPITAL;PUBLIC;Activités hospitalières;1 RUE DE CONCY 91330 YERRES;91330;YERRES;91;Île-de-France;11;51;51;2000 à 4999 salariés;4999;N;ETI;32;1983-03-01;43.34017796030116;48.714097191;2.4893734702;False;7364;"[""910808179""]";[];86.10Z;2026-06-15T15:56:52.513670;72;CHAUDE;4999000;999800
26910004600078;269100046;CENTRE HOSPITALIER SUD FRANCILIEN;CENTRE MEDICO PSY 91 G 08;;86.10Z;PUB_HOPITAL;PUBLIC;Activités hospitalières;SECTEUR 8 BRUNOY BAT C RES LES BUISSONS 91800 BOUSSY ST ANTOINE;91800;BOUSSY ST ANTOINE;91;Île-de-France;11;51;51;2000 à 4999 salariés;4999;N;ETI;32;1983-03-01;43.34017796030116;48.68307571;2.5293247972;False;7364;"[""910808187""]";[];86.10Z;2026-06-15T15:56:52.513670;72;CHAUDE;4999000;999800
26910004600102;269100046;CENTRE HOSPITALIER SUD FRANCILIEN;CENTRE MEDICO PSY 91 G 13;;86.10Z;PUB_HOPITAL;PUBLIC;Activités hospitalières;34 ALL JEAN ROSTAND 91000 EVRY-COURCOURONNES;91000;EVRY-COURCOURONNES;91;Île-de-France;11;51;51;2000 à 4999 salariés;4999;N;ETI;32;1983-03-01;43.34017796030116;48.625256416;2.4316456883;False;7364;"[""910808237""]";[];86.10Z;2026-06-15T15:56:52.514673;72;CHAUDE;4999000;999800
26910004600110;269100046;CENTRE HOSPITALIER SUD FRANCILIEN;CENTRE MEDICO PSY 91 G 06;;86.10Z;PUB_HOPITAL;PUBLIC;Activités hospitalières;1 RUE LEON BLUM 91130 RIS-ORANGIS;91130;RIS-ORANGIS;91;Île-de-France;11;51;51;2000 à 4999 salariés;4999;N;ETI;32;1983-03-01;43.34017796030116;48.656037443;2.4108217354;False;7364;"[""910808229""]";[];86.10Z;2026-06-15T15:56:52.514673;72;CHAUDE;4999000;999800
26910214100083;269102141;GROUPE HOSPITALIER NORD ESSONNE;;;86.10Z;PUB_HOPITAL;PUBLIC;Activités hospitalières;4 PLACE DU GENERAL LECLERC 91400 ORSAY;91400;ORSAY;91;Île-de-France;11;51;51;2000 à 4999 salariés;4999;O;ETI;25;2018-01-01;8.501026694045175;48.69863734;2.1870088225;True;7364;"[""910000306""]";[];86.10Z;2026-06-15T15:56:52.514673;72;CHAUDE;4999000;999800
26910214100067;269102141;GROUPE HOSPITALIER NORD ESSONNE;SITE JUVISY SUR ORGE;;86.10Z;PUB_HOPITAL;PUBLIC;Activités hospitalières;9 RUE CAMILLE FLAMMARION 91260 JUVISY-SUR-ORGE;91260;JUVISY-SUR-ORGE;91;Île-de-France;11;51;51;2000 à 4999 salariés;4999;N;ETI;25;2016-01-01;10.50239561943874;48.691729831;2.3738590864;False;7364;"[""910018423""]";[];86.10Z;2026-06-15T15:56:52.514673;72;CHAUDE;4999000;999800
96420200600026;964202006;CLINIQUE DE L YVETTE;;;86.10Z;PUB_HOPITAL;PUBLIC;Activités hospitalières;67-71 67 ROUTE DE CORBEIL 91160 LONGJUMEAU;91160;LONGJUMEAU;91;Île-de-France;11;32;32;250 à 499 salariés;499;O;ETI;2;2007-03-05;19.329226557152637;48.689316116;2.3030524687;True;5599;"[""910300177""]";[];86.10Z;2026-06-15T15:56:53.117538;72;CHAUDE;499000;99800
96620224400036;966202244;CLINIQUE PASTEUR;;;86.10Z;PUB_HOPITAL;PUBLIC;Activités hospitalières;17 AVENUE DE RIGNY 91130 RIS-ORANGIS;91130;RIS-ORANGIS;91;Île-de-France;11;21;21;50 à 99 salariés;99;O;ETI;2;2014-12-15;11.548254620123204;48.657169633;2.4040705823;True;5710;"[""910300326""]";[];86.10Z;2026-06-15T15:56:53.117538;72;CHAUDE;99000;19800
96620298800020;966202988;CLINIQUE DE L ESSONNE;;;86.10Z;PUB_HOPITAL;PUBLIC;Activités hospitalières;1-3 1 BD DES CHAMPS ELYSEES 91000 EVRY-COURCOURONNES;91000;EVRY-COURCOURONNES;91;Île-de-France;11;22;22;100 à 199 salariés;199;O;ETI;1;1990-01-17;36.45722108145106;48.638313225;2.4248270994;True;5710;"[""910805357""]";[];86.10Z;2026-06-15T15:56:53.117538;72;CHAUDE;199000;39800
31984228200042;319842282;HOPITAL PRIVE VAL D YERRES;;;86.10Z;PUB_HOPITAL;PUBLIC;Activités hospitalières;31 AVENUE DE L'ABBAYE 91330 YERRES;91330;YERRES;91;Île-de-France;11;22;22;100 à 199 salariés;199;O;ETI;2;2011-09-02;14.833675564681725;48.7122346482919;2.49589899937676;True;5710;"[""910300300""]";[];86.10Z;2026-06-15T15:56:53.117538;72;CHAUDE;199000;39800
26950015300011;269500153;HOPITAL NOVO;;;86.10Z;PUB_HOPITAL;PUBLIC;Activités hospitalières;6 AVENUE DE L’ILE DE FRANCE 95300 PONTOISE;95300;PONTOISE;95;Île-de-France;11;51;51;2000 à 4999 salariés;4999;O;GE;49;1983-03-01;43.34017796030116;49.063780319;2.0956328755;True;7364;"[""950000364""]";[];86.10Z;2026-06-15T15:56:58.773958;72;CHAUDE;4999000;999800
96920065800017;969200658;CLINIQUE DU MOUSSEAU;;;86.10Z;PUB_HOPITAL;PUBLIC;Activités hospitalières;2 A 4 2 AV DE MOUSSEAU 91000 EVRY-COURCOURONNES;91000;EVRY-COURCOURONNES;91;Île-de-France;11;31;31;200 à 249 salariés;249;O;GE;2;1969-01-01;57.50034223134839;48.629008893;2.4511598861;True;5710;"[""910300144""]";[];86.10Z;2026-06-15T15:56:53.444684;72;CHAUDE;249000;49800
80460673900014;804606739;THE GAME MDB (THE GAME - ESCAPE IF YOU CAN);THE GAME - ESCAPE IF YOU CAN;;93.29Z;PRIV_LOISIRS;PRIVE;Activités récréatives;51 RUE DU CARDINAL LEMOINE 75005 PARIS;75005;PARIS;75;Île-de-France;11;21;21;50 à 99 salariés;99;O;PME;3;2014-09-10;11.811088295687885;48.846786526;2.3526014347;True;5710;[];[];93.29Z;2026-06-15T16:09:29.595462;72;CHAUDE;54450;10890
80460673900022;804606739;THE GAME MDB (THE GAME - ESCAPE IF YOU CAN);THE GAME - ST MICHEL;;93.29Z;PRIV_LOISIRS;PRIVE;Activités récréatives;6-10 6 RUE DE LA HARPE 75005 PARIS;75005;PARIS;75;Île-de-France;11;21;21;50 à 99 salariés;99;N;PME;3;2019-03-29;7.263518138261465;48.852995019;2.3445500638;False;5710;[];[];93.29Z;2026-06-15T16:09:29.595462;72;CHAUDE;54450;10890
32403113700106;324031137;INTERNATIONAL MANAGEMENT GROUP (IMG MODELS) (IMG);IMG MODELS;IMG;93.29Z;PRIV_LOISIRS;PRIVE;Activités récréatives;20 RUE DE LA BAUME 75008 PARIS;75008;PARIS;75;Île-de-France;11;21;21;50 à 99 salariés;99;O;ETI;8;2016-03-10;10.313483915126625;48.874519071;2.3134413317;True;5710;[];[];93.29Z;2026-06-15T16:09:29.905500;72;CHAUDE;54450;10890
78436384800010;784363848;PLANETE SCIENCES;;;93.29Z;PRIV_LOISIRS;PRIVE;Activités récréatives;1 AVENUE FRANKLIN D. ROOSEVELT 75008 PARIS;75008;PARIS;75;Île-de-France;11;21;21;50 à 99 salariés;99;O;PME;4;1900-01-01;126.4996577686516;48.865297343;2.3098860029;True;9220;[];[];93.29Z;2026-06-15T16:09:31.436120;72;CHAUDE;54450;10890
47761296400015;477612964;ASSOCIATION DU JEU DE PAUME;;;93.29Z;PRIV_LOISIRS;PRIVE;Activités récréatives;1 PLACE DE LA CONCORDE 75001 PARIS;75001;PARIS;75;Île-de-France;11;21;21;50 à 99 salariés;99;O;PME;3;2004-05-12;22.140999315537304;48.865822462;2.3240990339;True;9220;[];[];93.29Z;2026-06-15T16:09:33.361520;72;CHAUDE;54450;10890
47761296400031;477612964;ASSOCIATION DU JEU DE PAUME;;;93.29Z;PRIV_LOISIRS;PRIVE;Activités récréatives;21 RUE DU MONT THABOR 75001 PARIS;75001;PARIS;75;Île-de-France;11;21;21;50 à 99 salariés;99;N;PME;3;2022-07-11;3.978097193702943;48.8664763005367;2.32601520926695;False;9220;[];[];93.29Z;2026-06-15T16:09:33.361520;72;CHAUDE;54450;10890
37821304500057;378213045;EOLE LOISIRS (EOLE);;EOLE;93.29Z;PRIV_LOISIRS;PRIVE;Activités récréatives;24-26 24 RUE BICHAT 75010 PARIS;75010;PARIS;75;Île-de-France;11;21;21;50 à 99 salariés;99;N;PME;5;2019-06-01;7.08829568788501;48.870905957;2.3685369809;True;5710;[];[];93.29Z;2026-06-15T16:09:35.391777;72;CHAUDE;54450;10890
78462196300015;784621963;MAISON DES JEUNES ET DE LA CULTURE;;;93.29Z;PRIV_LOISIRS;PRIVE;Activités récréatives;18 AVENUE DE LA PORTE BRANCION 75015 PARIS;75015;PARIS;75;Île-de-France;11;21;21;50 à 99 salariés;99;O;PME;1;1900-01-01;126.4996577686516;48.826737336;2.3004649476;True;9220;[];[];93.29Z;2026-06-15T16:10:00.734899;72;CHAUDE;54450;10890
77568202401414;775682024;SCOUTS ET GUIDES DE FRANCE;;;93.29Z;PRIV_LOISIRS;PRIVE;Activités récréatives;9 RUE DES JARDINS 92600 ASNIERES-SUR-SEINE;92600;ASNIERES-SUR-SEINE;92;Île-de-France;11;22;22;100 à 199 salariés;199;N;PME;178;2019-09-01;6.836413415468857;48.911877017;2.2917500652;False;9220;[];[];93.29Z;2026-06-15T16:12:23.369818;72;CHAUDE;109450;21890
81917199200251;819171992;MASAI (MASAI);HAPIK;;93.29Z;PRIV_LOISIRS;PRIVE;Activités récréatives;6 RUE PAUL DUPONT 92110 CLICHY;92110;CLICHY;92;Île-de-France;11;22;22;100 à 199 salariés;199;O;PME;25;2025-01-28;1.426420260095825;48.9048739674774;2.29356302113945;False;5710;[];[];93.29Z;2026-06-15T16:12:23.369818;72;CHAUDE;109450;21890
40845940200025;408459402;SODIAMPERE;;;47.11D;PRIV_COMMERCE;PRIVE;Centres commerciaux;ET 124 126 AV DE WAGRAM 80 AVENUE DE VILLIERS 75017 PARIS;75017;PARIS;75;Île-de-France;11;12;12;20 à 49 salariés;49;O;PME;2;2011-06-21;15.033538672142368;48.884231812;2.3035224656;True;5710;[];[];47.11D;2026-06-15T18:17:57.959667;70;CHAUDE;24500;4900
52806900800027;528069008;VICTOR HUGO DISTRIBUTION;;;47.11D;PRIV_COMMERCE;PRIVE;Centres commerciaux;5 PLACE VICTOR HUGO 75016 PARIS;75016;PARIS;75;Île-de-France;11;12;12;20 à 49 salariés;49;O;GE;2;2011-09-15;14.798083504449009;48.86910581;2.2858325141;True;5710;[];[];47.11D;2026-06-15T18:17:58.338854;70;CHAUDE;24500;4900
49295758400013;492957584;SDAL;CARREFOUR CITY;;47.11D;PRIV_COMMERCE;PRIVE;Centres commerciaux;8 RUE NOTRE-DAME DE LORETTE 75009 PARIS;75009;PARIS;75;Île-de-France;11;12;12;20 à 49 salariés;49;O;PME;1;2006-12-01;19.586584531143053;48.877308887;2.3387586815;True;5499;[];[];47.11D;2026-06-15T18:17:59.053925;70;CHAUDE;24500;4900
34818814500018;348188145;SUPER CARDINET;FRANPRIX;;47.11D;PRIV_COMMERCE;PRIVE;Centres commerciaux;112 B RUE CARDINET 75017 PARIS;75017;PARIS;75;Île-de-France;11;12;12;20 à 49 salariés;49;O;GE;1;1988-09-27;37.76317590691308;48.885892572;2.3121342744;True;5202;[];[];47.11D;2026-06-15T18:17:59.054933;70;CHAUDE;24500;4900
84271643300011;842716433;MARCADIS;CARREFOUR MARKET;;47.11D;PRIV_COMMERCE;PRIVE;Centres commerciaux;165 RUE MARCADET 75018 PARIS;75018;PARIS;75;Île-de-France;11;12;12;20 à 49 salariés;49;O;PME;1;2018-09-27;7.764544832306639;48.891356259;2.3371032415;True;5710;[];[];47.11D;2026-06-15T18:17:59.546851;70;CHAUDE;24500;4900
34326262209553;343262622;LIDL (LIDL);;;47.11D;PRIV_COMMERCE;PRIVE;Centres commerciaux;89 A 103 89 AVENUE GABRIEL PERI 93400 SAINT-OUEN-SUR-SEINE;93400;SAINT-OUEN-SUR-SEINE;93;Île-de-France;11;12;12;20 à 49 salariés;49;O;GE;2780;2001-01-10;25.475701574264203;48.904713247365;2.33149478328376;False;5202;[];[];47.11D;2026-06-15T18:18:20.256127;70;CHAUDE;24500;4900
41040901502739;410409015;AUCHAN SUPERMARCHE;AUCHAN SUPERMARCHE;;47.11D;PRIV_COMMERCE;PRIVE;Centres commerciaux;53 RUE DE LA COMMUNE DE PARIS 93300 AUBERVILLIERS;93300;AUBERVILLIERS;93;Île-de-France;11;21;21;50 à 99 salariés;99;O;GE;415;2002-06-28;24.01368925393566;48.9105842368609;2.38021583211693;False;5710;[];[];47.11D;2026-06-15T18:18:20.257129;70;CHAUDE;49500;9900
35010868400019;350108684;KREMLIN DISTRIBUTION;;;47.11D;PRIV_COMMERCE;PRIVE;Centres commerciaux;104-108 104 AVENUE DE FONTAINEBLEAU 94270 LE KREMLIN-BICETRE;94270;LE KREMLIN-BICETRE;94;Île-de-France;11;21;21;50 à 99 salariés;99;O;PME;4;1988-10-01;37.75222450376455;48.808977808;2.3615627952;True;5710;[];[];47.11D;2026-06-15T18:18:20.258128;70;CHAUDE;49500;9900
88999156800029;889991568;TRYVIDIS;;;47.11D;PRIV_COMMERCE;PRIVE;Centres commerciaux;5 IMP LAMOUROUX 94400 VITRY SUR SEINE;94400;VITRY SUR SEINE;94;Île-de-France;11;21;21;50 à 99 salariés;99;O;PME;2;2020-11-16;5.626283367556468;48.800023943;2.3816878824;True;5499;[];[];47.11D;2026-06-15T18:18:25.984607;70;CHAUDE;49500;9900
88242413800015;882424138;HD DISTRIBUTION;;;47.11D;PRIV_COMMERCE;PRIVE;Centres commerciaux;22 PROMENEE MARAT 94200 IVRY-SUR-SEINE;94200;IVRY-SUR-SEINE;94;Île-de-France;11;21;21;50 à 99 salariés;99;O;PME;1;2020-03-11;6.310746064339494;48.810621409;2.3844684333;True;5710;[];[];47.11D;2026-06-15T18:18:27.495876;70;CHAUDE;49500;9900
34958744400010;349587444;JAPRE;;;47.11D;PRIV_COMMERCE;PRIVE;Centres commerciaux;75 A 77 75 AVENUE GABRIEL PERI 95870 BEZONS;95870;BEZONS;95;Île-de-France;11;21;21;50 à 99 salariés;99;O;PME;1;1989-02-08;37.39630390143737;48.9314224322396;2.21144475911676;True;5710;[];[];47.11D;2026-06-15T18:18:29.534413;70;CHAUDE;49500;9900
38956872600019;389568726;PARIS LEVALLOIS DISTRIBUTION (PLD);MONOPRIX;PLD;47.11D;PRIV_COMMERCE;PRIVE;Centres commerciaux;12-14 12 PLACE GEORGES POMPIDOU 92300 LEVALLOIS-PERRET;92300;LEVALLOIS-PERRET;92;Île-de-France;11;12;12;20 à 49 salariés;49;O;PME;1;1992-12-16;33.544147843942504;48.898185884;2.2825464854;True;5710;[];[];47.11D;2026-06-15T18:18:17.664223;70;CHAUDE;24500;4900
31611072500017;316110725;SID;;;47.11D;PRIV_COMMERCE;PRIVE;Centres commerciaux;2 A 6 2 RUE ERNEST LAVAL 92170 VANVES;92170;VANVES;92;Île-de-France;11;21;21;50 à 99 salariés;99;O;PME;1;1979-01-01;47.50171115674196;48.820092033;2.2911739732;True;5710;[];[];47.11D;2026-06-15T18:18:17.944969;70;CHAUDE;49500;9900
83885116000013;838851160;JOMAC;INTERMARCHE;;47.11D;PRIV_COMMERCE;PRIVE;Centres commerciaux;19 RUE EUGENE EICHENBERGER 92800 PUTEAUX;92800;PUTEAUX;92;Île-de-France;11;12;12;20 à 49 salariés;49;N;PME;1;2018-04-11;8.227241615331964;48.880368956;2.2362289797;True;5710;[];[];47.11D;2026-06-15T18:18:17.944969;70;CHAUDE;24500;4900
88970405200022;889704052;JV RETAIL;CARREFOUR MARKET;;47.11D;PRIV_COMMERCE;PRIVE;Centres commerciaux;103 RUE DE VERDUN 92150 SURESNES;92150;SURESNES;92;Île-de-France;11;21;21;50 à 99 salariés;99;O;PME;2;2020-11-06;5.653661875427789;48.8759929658241;2.23200494352773;True;5710;[];[];47.11D;2026-06-15T18:18:18.533647;70;CHAUDE;49500;9900
69203172700039;692031727;SOCIETE PAR ACTIONS DE DISTRIBUTION ALIMENTAIRE - S.A.D.A. (SADA);INTERMARCHE;SADA;47.11D;PRIV_COMMERCE;PRIVE;Centres commerciaux;100 BOULEVARD GALLIENI 92130 ISSY-LES-MOULINEAUX;92130;ISSY-LES-MOULINEAUX;92;Île-de-France;11;21;21;50 à 99 salariés;99;O;PME;3;2007-04-13;19.22245037645448;48.824240988;2.2677546198;True;5710;[];[];47.11D;2026-06-15T18:18:18.820368;70;CHAUDE;49500;9900
81764729000029;817647290;MABOX;INTERMARCHE;;47.11D;PRIV_COMMERCE;PRIVE;Centres commerciaux;18 T RUE DE BEZONS 92400 COURBEVOIE;92400;COURBEVOIE;92;Île-de-France;11;12;12;20 à 49 salariés;49;O;PME;2;2017-01-17;9.456536618754278;48.893497615;2.2525962078;True;5710;[];[];47.11D;2026-06-15T18:18:18.821366;70;CHAUDE;24500;4900
39407390200089;394073902;NEPHROCARE ILE DE FRANCE (NEPHROCARE) (ANPHUSA);NEPHROCARE ILE DE FRANCE-BIEVRES;ANPHUSA;86.10Z;PUB_HOPITAL;PUBLIC;Activités hospitalières;1 PARC BUROSPACE 91570 BIEVRES;91570;BIEVRES;91;Île-de-France;11;11;11;10 à 19 salariés;19;O;ETI;25;2004-11-30;21.587953456536617;48.766525726;2.2174374485;False;5710;"[""910813963""]";[];86.10Z;2026-06-15T15:56:52.514673;70;CHAUDE;19000;3800
21920009400072;219200094;COMMUNE DE BOIS COLOMBES;ECOLE PRIMAIRE  PUBLIQUE GRAMME;;85.20Z;PUB_ECOLE;PUBLIC;Enseignement primaire;29 RUE GRAMME 92270 BOIS-COLOMBES;92270;BOIS-COLOMBES;92;Île-de-France;11;11;11;10 à 19 salariés;19;N;ETI;26;1983-12-21;42.53251197809719;48.9230521;2.2739928761;False;7210;[];"[""0922600B""]";84.11Z;2026-06-15T15:56:27.687304;70;CHAUDE;9500;1900
21920009400098;219200094;COMMUNE DE BOIS COLOMBES;ECOLE ELEMENTAIRE PUBLIQUE PAUL BERT;;85.20Z;PUB_ECOLE;PUBLIC;Enseignement primaire;62 RUE PAUL DEROULEDE 92270 BOIS-COLOMBES;92270;BOIS-COLOMBES;92;Île-de-France;11;11;11;10 à 19 salariés;19;N;ETI;26;1983-12-21;42.53251197809719;48.913722908;2.2665458778;False;7210;[];"[""0920313R""]";84.11Z;2026-06-15T15:56:27.687304;70;CHAUDE;9500;1900
21920009400114;219200094;COMMUNE DE BOIS COLOMBES;ECOLE PRIMAIRE PUBLIQUE SAINT-EXUPERY;;85.20Z;PUB_ECOLE;PUBLIC;Enseignement primaire;89 RUE ADOLPHE GUYOT 92270 BOIS-COLOMBES;92270;BOIS-COLOMBES;92;Île-de-France;11;11;11;10 à 19 salariés;19;N;ETI;26;1993-09-02;32.83230663928816;48.92078819;2.2720811008;False;7210;[];"[""0922284H""]";84.11Z;2026-06-15T15:56:27.687304;70;CHAUDE;9500;1900
21920032600060;219200326;COMMUNE DE FONTENAY AUX ROSES;ECOLE ELEMENTAIRE PUBLIQUE LE PARC;;85.20Z;PUB_ECOLE;PUBLIC;Enseignement primaire;4 A 6 4 AVENUE DU PARC 92260 FONTENAY-AUX-ROSES;92260;FONTENAY-AUX-ROSES;92;Île-de-France;11;11;11;10 à 19 salariés;19;N;ETI;22;1983-12-21;42.53251197809719;48.791809957;2.2909056529;False;7210;[];"[""0921688K""]";84.11Z;2026-06-15T15:56:27.687304;70;CHAUDE;9500;1900
21920032600078;219200326;COMMUNE DE FONTENAY AUX ROSES;ECOLE ELEMENTAIRE PUB LA ROUE A;;85.20Z;PUB_ECOLE;PUBLIC;Enseignement primaire;50 AVENUE GABRIEL PERI 92260 FONTENAY-AUX-ROSES;92260;FONTENAY-AUX-ROSES;92;Île-de-France;11;11;11;10 à 19 salariés;19;N;ETI;22;1983-12-21;42.53251197809719;48.788301972;2.2982009384;False;7210;[];"[""0920218M""]";84.11Z;2026-06-15T15:56:27.687304;70;CHAUDE;9500;1900
21920032600086;219200326;COMMUNE DE FONTENAY AUX ROSES;ECOLE MATERNELLE PUBLIQUE LA ROUE;;85.10Z;PUB_ECOLE;PUBLIC;Enseignement pré-primaire;50 AVENUE GABRIEL PERI 92260 FONTENAY-AUX-ROSES;92260;FONTENAY-AUX-ROSES;92;Île-de-France;11;11;11;10 à 19 salariés;19;N;ETI;22;1983-12-21;42.53251197809719;48.788301972;2.2982009384;False;7210;[];"[""0920497R""]";84.11Z;2026-06-15T15:56:27.687304;70;CHAUDE;9500;1900
21920032600094;219200326;COMMUNE DE FONTENAY AUX ROSES;ECOLE ELEMENTAIRE PUB LA ROUE B;;85.20Z;PUB_ECOLE;PUBLIC;Enseignement primaire;50 AVENUE GABRIEL PERI 92260 FONTENAY-AUX-ROSES;92260;FONTENAY-AUX-ROSES;92;Île-de-France;11;11;11;10 à 19 salariés;19;N;ETI;22;1983-12-21;42.53251197809719;48.788301972;2.2982009384;False;7210;[];"[""0920342X""]";84.11Z;2026-06-15T15:56:27.687304;70;CHAUDE;9500;1900
21920032600110;219200326;COMMUNE DE FONTENAY AUX ROSES;ECOLE ELEMENTAIRE  LES PERVENCHES;;85.20Z;PUB_ECOLE;PUBLIC;Enseignement primaire;5 RUE DES PERVENCHES 92260 FONTENAY-AUX-ROSES;92260;FONTENAY-AUX-ROSES;92;Île-de-France;11;11;11;10 à 19 salariés;19;N;ETI;22;1983-12-21;42.53251197809719;48.794575449;2.2788047186;False;7210;[];"[""0920611P""]";84.11Z;2026-06-15T15:56:27.687304;70;CHAUDE;9500;1900
21920014400042;219200144;COMMUNE DE BOURG LA REINE;ECOLE ELEMENTAIRE PUBLIQUE REPUBLIQUE;;85.20Z;PUB_ECOLE;PUBLIC;Enseignement primaire;24 AVENUE DE LA REPUBLIQUE 92340 BOURG-LA-REINE;92340;BOURG-LA-REINE;92;Île-de-France;11;12;12;20 à 49 salariés;49;N;ETI;17;1983-12-21;42.53251197809719;48.778082043;2.3189389405;False;7210;[];"[""0921527K""]";84.11Z;2026-06-15T15:56:27.687304;70;CHAUDE;24500;4900
21920014400067;219200144;COMMUNE DE BOURG LA REINE;ECOLE MATERNELLE PUBLIQUE FAIENCERIE;;85.10Z;PUB_ECOLE;PUBLIC;Enseignement pré-primaire;20 RUE JEAN-ROGER THORELLE 92340 BOURG-LA-REINE;92340;BOURG-LA-REINE;92;Île-de-France;11;11;11;10 à 19 salariés;19;N;ETI;17;1983-12-21;42.53251197809719;48.783627831;2.3191276013;False;7210;[];"[""0920514J""]";84.11Z;2026-06-15T15:56:27.687304;70;CHAUDE;9500;1900
21920014400075;219200144;COMMUNE DE BOURG LA REINE;ECOLE ELEMENTAIRE PUBLIQUE LA FAIENCERIE;;85.20Z;PUB_ECOLE;PUBLIC;Enseignement primaire;20 RUE JEAN-ROGER THORELLE 92340 BOURG-LA-REINE;92340;BOURG-LA-REINE;92;Île-de-France;11;11;11;10 à 19 salariés;19;N;ETI;17;1983-12-21;42.53251197809719;48.783627831;2.3191276013;False;7210;[];"[""0921248G""]";84.11Z;2026-06-15T15:56:27.687304;70;CHAUDE;9500;1900
21920014400109;219200144;COMMUNE DE BOURG LA REINE;ECOLE ELEMENTAIRE PUBLIQUE PIERRE LOTI;;85.20Z;PUB_ECOLE;PUBLIC;Enseignement primaire;38 RUE DE FONTENAY 92340 BOURG-LA-REINE;92340;BOURG-LA-REINE;92;Île-de-France;11;11;11;10 à 19 salariés;19;N;ETI;17;2000-09-01;25.83436002737851;48.784859977;2.3115219654;False;7210;[];"[""0922445H""]";84.11Z;2026-06-15T15:56:27.687304;70;CHAUDE;9500;1900
33461155500015;334611555;DOCTEURS BERT ZIOL COQUET;;;86.10Z;PUB_HOPITAL;PUBLIC;Activités hospitalières;13 ROUTE DE CORBEIL 91160 LONGJUMEAU;91160;LONGJUMEAU;91;Île-de-France;11;11;11;10 à 19 salariés;19;O;PME;1;1985-10-07;40.73648186173853;48.692944061;2.2954974372;True;2210;[];[];86.10Z;2026-06-15T15:56:52.832464;70;CHAUDE;19000;3800
44250191200012;442501912;IMAGERIE MEDICALE JACQUES CARTIER;;;86.10Z;PUB_HOPITAL;PUBLIC;Activités hospitalières;6 AVENUE DU NOYER LAMBERT 91300 MASSY;91300;MASSY;91;Île-de-France;11;11;11;10 à 19 salariés;19;O;GE;1;2002-05-02;24.16974674880219;48.7310681852037;2.29201017794103;True;5710;"[""910008119""]";[];86.10Z;2026-06-15T15:56:53.117538;70;CHAUDE;19000;3800
26940106300079;269401063;GROUPE HOSPITALIER FONDATION VALLEE - PAUL GUIRAUD;HOPITAL DE JOUR POUR ADULTES  92 G 13;;86.10Z;PUB_HOPITAL;PUBLIC;Activités hospitalières;LES CATALPAS 21 RUE DU CALVAIRE 92210 SAINT-CLOUD;92210;SAINT-CLOUD;92;Île-de-France;11;3;3;6 à 9 salariés;9;O;ETI;95;1991-04-04;35.24709103353867;48.847184841;2.2184741765;False;7364;"[""920814019""]";[];86.10Z;2026-06-15T15:56:53.807423;70;CHAUDE;9000;1800
48026601400442;480266014;VYV3 ILE-DE-FRANCE;FAM CICL;;86.10Z;PUB_HOPITAL;PUBLIC;Activités hospitalières;179 AVENUE NAPOLEON BONAPARTE 92500 RUEIL-MALMAISON;92500;RUEIL-MALMAISON;92;Île-de-France;11;3;3;6 à 9 salariés;9;O;GE;61;2020-11-01;5.66735112936345;48.875500551;2.1701497626;False;8210;"[""920815164""]";[];86.10Z;2026-06-15T15:56:53.807423;70;CHAUDE;9000;1800
21920078900051;219200789;COMMUNE DE VILLENEUVE LA GARENNE;ECOLE ELEMENTAIRE PUBLIQUE PIERRE DE COUBERTIN A;;85.20Z;PUB_ECOLE;PUBLIC;Enseignement primaire;1 AVENUE PIERRE DE COUBERTIN 92390 VILLENEUVE-LA-GARENNE;92390;VILLENEUVE-LA-GARENNE;92;Île-de-France;11;11;11;10 à 19 salariés;19;N;ETI;29;1983-12-21;42.53251197809719;48.939969707;2.3271663783;False;7210;[];"[""0921145V""]";84.11Z;2026-06-15T15:56:27.687304;70;CHAUDE;9500;1900
21920078900069;219200789;COMMUNE DE VILLENEUVE LA GARENNE;ECOLE MATERNELLE P. DE COUBERTIN;;85.10Z;PUB_ECOLE;PUBLIC;Enseignement pré-primaire;AVENUE PIERRE DE COUBERTIN 92390 VILLENEUVE-LA-GARENNE;92390;VILLENEUVE-LA-GARENNE;92;Île-de-France;11;11;11;10 à 19 salariés;19;N;ETI;29;1983-12-21;42.53251197809719;48.938679608;2.3277943506;False;7210;[];"[""0920954M""]";84.11Z;2026-06-15T15:56:27.687304;70;CHAUDE;9500;1900
21920078900101;219200789;COMMUNE DE VILLENEUVE LA GARENNE;ECOLE MATERNELLE PUBLIQUE JEAN MOULIN;;85.10Z;PUB_ECOLE;PUBLIC;Enseignement pré-primaire;9 AVENUE PAUL HERBE 92390 VILLENEUVE-LA-GARENNE;92390;VILLENEUVE-LA-GARENNE;92;Île-de-France;11;11;11;10 à 19 salariés;19;N;ETI;29;1983-12-21;42.53251197809719;48.939899208;2.3258708382;False;7210;[];"[""0920630K""]";84.11Z;2026-06-15T15:56:27.687304;70;CHAUDE;9500;1900
21920078900135;219200789;COMMUNE DE VILLENEUVE LA GARENNE;ECOLE MATERNELLE JULES VERNE;;85.10Z;PUB_ECOLE;PUBLIC;Enseignement pré-primaire;VOIE PROMENADE 92390 VILLENEUVE-LA-GARENNE;92390;VILLENEUVE-LA-GARENNE;92;Île-de-France;11;11;11;10 à 19 salariés;19;N;ETI;29;1983-12-21;42.53251197809719;48.931816118;2.3310681757;False;7210;[];"[""0920494M""]";84.11Z;2026-06-15T15:56:27.687304;70;CHAUDE;9500;1900
21920009400031;219200094;COMMUNE DE BOIS COLOMBES;ECOLE MATERNELLE PUBLIQUE JULES FERRY;;85.10Z;PUB_ECOLE;PUBLIC;Enseignement pré-primaire;65 RUE CHARLES CHEFSON 92270 BOIS-COLOMBES;92270;BOIS-COLOMBES;92;Île-de-France;11;11;11;10 à 19 salariés;19;N;ETI;26;1983-12-21;42.53251197809719;48.91920997;2.2723284702;False;7210;[];"[""0920470L""]";84.11Z;2026-06-15T15:56:27.687304;70;CHAUDE;9500;1900
21920009400049;219200094;COMMUNE DE BOIS COLOMBES;ECOLE ELEMENTAIRE PUBLIQUE JULES FERRY;;85.20Z;PUB_ECOLE;PUBLIC;Enseignement primaire;67 RUE CHARLES CHEFSON 92270 BOIS-COLOMBES;92270;BOIS-COLOMBES;92;Île-de-France;11;11;11;10 à 19 salariés;19;N;ETI;26;1983-12-21;42.53251197809719;48.91920997;2.2723284702;False;7210;[];"[""0920323B""]";84.11Z;2026-06-15T15:56:27.687304;70;CHAUDE;9500;1900
21920009400064;219200094;COMMUNE DE BOIS COLOMBES;ECOLE MATERNELLE PUBLIQUE PAUL BERT;;85.10Z;PUB_ECOLE;PUBLIC;Enseignement pré-primaire;25 RUE CHARLES DUFLOS 92270 BOIS-COLOMBES;92270;BOIS-COLOMBES;92;Île-de-France;11;11;11;10 à 19 salariés;19;N;ETI;26;1983-12-21;42.53251197809719;48.914733;2.2671310523;False;7210;[];"[""0920472N""]";84.11Z;2026-06-15T15:56:27.687304;70;CHAUDE;9500;1900
77567634900209;775676349;FONDATION L ELAN RETROUVE;;;86.10Z;PUB_HOPITAL;PUBLIC;Activités hospitalières;37 AVENUE LEON JOUHAUX 92160 ANTONY;92160;ANTONY;92;Île-de-France;11;11;11;10 à 19 salariés;19;O;ETI;51;2008-07-01;18.0041067761807;48.736043647;2.3051197068;False;9300;"[""920170016""]";[];86.10Z;2026-06-15T15:56:53.808422;70;CHAUDE;19000;3800
26780244500317;267802445;CENTRE HOSPITALIER THEOPHILE ROUSSEL;HOPITAL JOUR ADO LE SUD EST;;86.10Z;PUB_HOPITAL;PUBLIC;Activités hospitalières;5 BOULEVARD DU SUD-EST 92000 NANTERRE;92000;NANTERRE;92;Île-de-France;11;3;3;6 à 9 salariés;9;N;ETI;53;2000-12-20;25.533196440793976;48.889072999;2.1977830958;False;7364;"[""920010949""]";[];86.10Z;2026-06-15T15:56:53.808422;70;CHAUDE;9000;1800
21920035900020;219200359;COMMUNE DE LA GARENNE COLOMBES;ECOLE MATERNELLE PUBLIQUE VOLTAIRE;;85.10Z;PUB_ECOLE;PUBLIC;Enseignement pré-primaire;44 RUE DE L'AIGLE 92250 LA GARENNE-COLOMBES;92250;LA GARENNE-COLOMBES;92;Île-de-France;11;11;11;10 à 19 salariés;19;N;ETI;16;1983-12-21;42.53251197809719;48.907593569;2.2488899137;False;7210;[];"[""0920448M""]";84.11Z;2026-06-15T15:56:27.688305;70;CHAUDE;9500;1900
21920035900038;219200359;COMMUNE DE LA GARENNE COLOMBES;ECOLE ELEMENTAIRE  ANDRE MARSAULT;;85.20Z;PUB_ECOLE;PUBLIC;Enseignement primaire;48 RUE DU MOULIN BAILLY 92250 LA GARENNE-COLOMBES;92250;LA GARENNE-COLOMBES;92;Île-de-France;11;11;11;10 à 19 salariés;19;N;ETI;16;1983-12-21;42.53251197809719;48.90789226;2.2577233334;False;7210;[];"[""0920286L""]";84.11Z;2026-06-15T15:56:27.688305;70;CHAUDE;9500;1900
21920035900061;219200359;COMMUNE DE LA GARENNE COLOMBES;ECOLE ELEMENTAIRE PUB RENE GUEST;;85.20Z;PUB_ECOLE;PUBLIC;Enseignement primaire;3 RUE LOUIS JEAN 92250 LA GARENNE-COLOMBES;92250;LA GARENNE-COLOMBES;92;Île-de-France;11;11;11;10 à 19 salariés;19;N;ETI;16;1983-12-21;42.53251197809719;48.906647067;2.234068487;False;7210;[];"[""0921531P""]";84.11Z;2026-06-15T15:56:27.688305;70;CHAUDE;9500;1900
21920035900079;219200359;COMMUNE DE LA GARENNE COLOMBES;ECOLE MATERNELLE RENE GUEST;;85.10Z;PUB_ECOLE;PUBLIC;Enseignement pré-primaire;6 RUE DES CHAMPS PHILIPPE 92250 LA GARENNE-COLOMBES;92250;LA GARENNE-COLOMBES;92;Île-de-France;11;11;11;10 à 19 salariés;19;N;ETI;16;1983-12-21;42.53251197809719;48.906485002;2.2354469963;False;7210;[];"[""0920469K""]";84.11Z;2026-06-15T15:56:27.688305;70;CHAUDE;9500;1900
21920035900087;219200359;COMMUNE DE LA GARENNE COLOMBES;ECOLE ELEMENTAIRE PUB ERNEST RENAN;;85.20Z;PUB_ECOLE;PUBLIC;Enseignement primaire;24 AVENUE CONTE 92250 LA GARENNE-COLOMBES;92250;LA GARENNE-COLOMBES;92;Île-de-France;11;11;11;10 à 19 salariés;19;N;ETI;16;1983-12-21;42.53251197809719;48.907630193;2.2397982062;False;7210;[];"[""0921249H""]";84.11Z;2026-06-15T15:56:27.688305;70;CHAUDE;9500;1900
21920035900095;219200359;COMMUNE DE LA GARENNE COLOMBES;ECOLE ELEMENTAIRE SAGOT VOLTAIRE;;85.20Z;PUB_ECOLE;PUBLIC;Enseignement primaire;39 RUE SARTORIS 92250 LA GARENNE-COLOMBES;92250;LA GARENNE-COLOMBES;92;Île-de-France;11;11;11;10 à 19 salariés;19;N;ETI;16;1983-12-21;42.53251197809719;48.907995971;2.2485388043;False;7210;[];"[""0920411X""]";84.11Z;2026-06-15T15:56:27.688305;70;CHAUDE;9500;1900
21920071400034;219200714;COMMUNE DE SCEAUX;ECOLE ELEMENTAIRE PUB LES BLAGIS;;85.20Z;PUB_ECOLE;PUBLIC;Enseignement primaire;2 PLACE DES AILANTES 92330 SCEAUX;92330;SCEAUX;92;Île-de-France;11;11;11;10 à 19 salariés;19;N;ETI;16;1983-12-21;42.53251197809719;48.783257649;2.3046219019;False;7210;[];"[""0921454F""]";84.11Z;2026-06-15T15:56:27.688305;70;CHAUDE;9500;1900
21920071400059;219200714;COMMUNE DE SCEAUX;ECOLE MATERNELLE CLOS SAINT-MARCEL;;85.10Z;PUB_ECOLE;PUBLIC;Enseignement pré-primaire;46 AVENUE DE LA GARE 92330 SCEAUX;92330;SCEAUX;92;Île-de-France;11;11;11;10 à 19 salariés;19;N;ETI;16;1983-12-21;42.53251197809719;48.782141791;2.2834102853;False;7210;[];"[""0920618X""]";84.11Z;2026-06-15T15:56:27.688305;70;CHAUDE;9500;1900
21920071400067;219200714;COMMUNE DE SCEAUX;ECOLE ELEMENTAIRE PUBLIQUE CLOS SAINT-MARCEL;;85.20Z;PUB_ECOLE;PUBLIC;Enseignement primaire;48 AVENUE DE LA GARE 92330 SCEAUX;92330;SCEAUX;92;Île-de-France;11;11;11;10 à 19 salariés;19;N;ETI;16;1983-12-21;42.53251197809719;48.782691119;2.2831942346;False;7210;[];"[""0921221C""]";84.11Z;2026-06-15T15:56:27.688305;70;CHAUDE;9500;1900
21920020100099;219200201;COMMUNE DE CHATILLON;ECOLE ELEMENTAIRE PUBLIQUE JOLIOT-CURIE;;85.20Z;PUB_ECOLE;PUBLIC;Enseignement primaire;6 RUE JEAN MERMOZ 92320 CHATILLON;92320;CHATILLON;92;Île-de-France;11;11;11;10 à 19 salariés;19;N;ETI;32;1983-12-21;42.53251197809719;48.809611652;2.2920457504;False;7210;[];"[""0922127M""]";84.11Z;2026-06-15T15:56:27.686304;70;CHAUDE;9500;1900
21920020100115;219200201;COMMUNE DE CHATILLON;ECOLE MATERNELLE JOLIOT CURIE;;85.10Z;PUB_ECOLE;PUBLIC;Enseignement pré-primaire;6 RUE JEAN MERMOZ 92320 CHATILLON;92320;CHATILLON;92;Île-de-France;11;11;11;10 à 19 salariés;19;N;ETI;32;1983-12-21;42.53251197809719;48.809611652;2.2920457504;False;7210;[];"[""0920513H""]";84.11Z;2026-06-15T15:56:27.686304;70;CHAUDE;9500;1900
21920020100123;219200201;COMMUNE DE CHATILLON;ECOLE MATERNELLE PUBLIQ LANGEVIN WALLON;;85.10Z;PUB_ECOLE;PUBLIC;Enseignement pré-primaire;39 - 49 39 RUE PIERRE SEMARD 92320 CHATILLON;92320;CHATILLON;92;Île-de-France;11;11;11;10 à 19 salariés;19;N;ETI;32;1983-12-21;42.53251197809719;48.804035992;2.2944292853;False;7210;[];"[""0920512G""]";84.11Z;2026-06-15T15:56:27.686304;70;CHAUDE;9500;1900
21920019300080;219200193;COMMUNE DE CHATENAY MALABRY;ECOLE PRIMAIRE PUBLIQUE PIERRE MENDES FRANCE;;85.20Z;PUB_ECOLE;PUBLIC;Enseignement primaire;37 RUE DES VALLEES 92290 CHATENAY-MALABRY;92290;CHATENAY-MALABRY;92;Île-de-France;11;12;12;20 à 49 salariés;49;N;ETI;29;1983-12-21;42.53251197809719;48.763749364;2.2772897003;False;7210;[];"[""0920438B""]";84.11Z;2026-06-15T15:56:27.686304;70;CHAUDE;24500;4900
21920019300114;219200193;COMMUNE DE CHATENAY MALABRY;ECOLE ELEMENTAIRE PUBLIQUE JULES VERNE;;85.20Z;PUB_ECOLE;PUBLIC;Enseignement primaire;19 RUE JULES VERNE 92290 CHATENAY-MALABRY;92290;CHATENAY-MALABRY;92;Île-de-France;11;12;12;20 à 49 salariés;49;N;ETI;29;1983-12-21;42.53251197809719;48.767018639;2.2685312624;False;7210;[];"[""0921472A""]";84.11Z;2026-06-15T15:56:27.686304;70;CHAUDE;24500;4900
21920075500086;219200755;COMMUNE DE VANVES;ECOLE PRIMAIRE PUBLIQUE JACQUES CABOURG;;85.20Z;PUB_ECOLE;PUBLIC;Enseignement primaire;36 RUE ANTOINE FRATACCI 92170 VANVES;92170;VANVES;92;Île-de-France;11;11;11;10 à 19 salariés;19;N;ETI;31;1983-12-21;42.53251197809719;48.820441973;2.288113988;False;7210;[];"[""0920181X""]";84.11Z;2026-06-15T15:56:27.686304;70;CHAUDE;9500;1900
26950008800068;269500088;CTRE HOSPITALIER SPECIALISE ROGER PREVOT;HOPITAL JOUR 92G05 GARENNE;;86.10Z;PUB_HOPITAL;PUBLIC;Activités hospitalières;23 B RUE DE PLAISANCE 92250 LA GARENNE-COLOMBES;92250;LA GARENNE-COLOMBES;92;Île-de-France;11;3;3;6 à 9 salariés;9;N;ETI;32;1994-04-04;32.24640657084189;48.909859785;2.2511629464;False;7364;"[""920000171"", ""920024650""]";[];86.10Z;2026-06-15T15:56:53.808422;70;CHAUDE;9000;1800
26920141400183;269201414;ETABLISSEMENT PUBLIC DE SANTE ERASME;CMP 92I07 ADOLESCENTS ODYSEE;;86.10Z;PUB_HOPITAL;PUBLIC;Activités hospitalières;17 AVENUE DE VERDUN 92330 SCEAUX;92330;SCEAUX;92;Île-de-France;11;3;3;6 à 9 salariés;9;N;ETI;36;2007-04-01;19.255304585900067;48.780187115;2.2965676576;False;7364;"[""920015898""]";[];86.10Z;2026-06-15T15:56:53.808422;70;CHAUDE;9000;1800
77569483900389;775694839;ASS POUR UTILISATION REIN ARTIFICIEL;;;86.10Z;PUB_HOPITAL;PUBLIC;Activités hospitalières;4 RUE LOUIS LEJEUNE 92120 MONTROUGE;92120;MONTROUGE;92;Île-de-France;11;3;3;6 à 9 salariés;9;O;ETI;38;2020-06-08;6.067077344284736;48.8192097305102;2.32673258483909;False;9220;"[""920033479""]";[];86.10Z;2026-06-15T15:56:53.808422;70;CHAUDE;9000;1800
21920007800042;219200078;COMMUNE DE BAGNEUX;ECOLE MATERN PUBLIQ P VAILLANT COUTURIER;;85.10Z;PUB_ECOLE;PUBLIC;Enseignement pré-primaire;26 AVENUE PAUL VAILLANT COUTURIER 92220 BAGNEUX;92220;BAGNEUX;92;Île-de-France;11;11;11;10 à 19 salariés;19;N;ETI;36;1983-12-21;42.53251197809719;48.793248776;2.314402268;False;7210;[];"[""0920542P""]";84.11Z;2026-06-15T15:56:27.203922;70;CHAUDE;9500;1900
21920007800059;219200078;COMMUNE DE BAGNEUX;ECOLE ELEMENTAIRE PUBLIQUE MARCEL CACHIN;;85.20Z;PUB_ECOLE;PUBLIC;Enseignement primaire;4 MAIL DES CUVERONS 92220 BAGNEUX;92220;BAGNEUX;92;Île-de-France;11;11;11;10 à 19 salariés;19;N;ETI;36;1983-12-21;42.53251197809719;48.788188637;2.3031943507;False;7210;[];"[""0920328G""]";84.11Z;2026-06-15T15:56:27.203922;70;CHAUDE;9500;1900
21920007800067;219200078;COMMUNE DE BAGNEUX;ECOLE MATERNELLE PUBLIQUE MARCEL-CACHIN;;85.10Z;PUB_ECOLE;PUBLIC;Enseignement pré-primaire;2 MAIL DES CUVERONS 92220 BAGNEUX;92220;BAGNEUX;92;Île-de-France;11;11;11;10 à 19 salariés;19;N;ETI;36;1983-12-21;42.53251197809719;48.790000015;2.3021097848;False;7210;[];"[""0920477U""]";84.11Z;2026-06-15T15:56:27.203922;70;CHAUDE;9500;1900
21920007800083;219200078;COMMUNE DE BAGNEUX;ECOLE ELEMENTAIRE PUBLIQUE ALBERT PETIT;;85.20Z;PUB_ECOLE;PUBLIC;Enseignement primaire;17 RUE PABLO NERUDA 92220 BAGNEUX;92220;BAGNEUX;92;Île-de-France;11;11;11;10 à 19 salariés;19;N;ETI;36;1983-12-21;42.53251197809719;48.792857808;2.3041788063;False;7210;[];"[""0921462P""]";84.11Z;2026-06-15T15:56:27.203922;70;CHAUDE;9500;1900
21920007800117;219200078;COMMUNE DE BAGNEUX;ECOLE MATERNELLE PUBLIQUE MAURICE THOREZ;;85.10Z;PUB_ECOLE;PUBLIC;Enseignement pré-primaire;41 AVENUE ALBERT PETIT 92220 BAGNEUX;92220;BAGNEUX;92;Île-de-France;11;11;11;10 à 19 salariés;19;N;ETI;36;1983-12-21;42.53251197809719;48.7957122280546;2.31252050375945;False;7210;[];"[""0921638F""]";84.11Z;2026-06-15T15:56:27.203922;70;CHAUDE;9500;1900
21920007800125;219200078;COMMUNE DE BAGNEUX;ECOLE ELEMENTAIRE PUBLIQUE MAURICE THOREZ;;85.20Z;PUB_ECOLE;PUBLIC;Enseignement primaire;41 AVENUE ALBERT PETIT 92220 BAGNEUX;92220;BAGNEUX;92;Île-de-France;11;11;11;10 à 19 salariés;19;N;ETI;36;1983-12-21;42.53251197809719;48.7957122280546;2.31252050375945;False;7210;[];"[""0921643L""]";84.11Z;2026-06-15T15:56:27.203922;70;CHAUDE;9500;1900
21920007800133;219200078;COMMUNE DE BAGNEUX;ECOLE ELEMENTAIRE PUBLIQUE HENRI  WALLON A;;85.20Z;PUB_ECOLE;PUBLIC;Enseignement primaire;72 RUE JEAN MARIN NAUDIN 92220 BAGNEUX;92220;BAGNEUX;92;Île-de-France;11;11;11;10 à 19 salariés;19;N;ETI;36;1983-12-21;42.53251197809719;48.805818993;2.3197259527;False;7210;[];"[""0920233D""]";84.11Z;2026-06-15T15:56:27.203922;70;CHAUDE;9500;1900
21920046600049;219200466;COMMUNE DE MALAKOFF;ECOLE ELEMENTAIRE PAUL BERT;;85.20Z;PUB_ECOLE;PUBLIC;Enseignement primaire;108 RUE PAUL VAILLANT-COUTURIER 92240 MALAKOFF;92240;MALAKOFF;92;Île-de-France;11;11;11;10 à 19 salariés;19;N;ETI;38;1983-12-21;42.53251197809719;48.815744573;2.2937124935;False;7210;[];"[""0921251K""]";84.11Z;2026-06-15T15:56:27.686304;70;CHAUDE;9500;1900
21920046600080;219200466;COMMUNE DE MALAKOFF;ECOLE PRIMAIRE PUBLIQUE G COGNIOT;;85.20Z;PUB_ECOLE;PUBLIC;Enseignement primaire;7 AVENUE DU MARECHAL LECLERC 92240 MALAKOFF;92240;MALAKOFF;92;Île-de-France;11;11;11;10 à 19 salariés;19;N;ETI;38;1983-12-21;42.53251197809719;48.8202956492021;2.30898123267982;False;7210;[];"[""0921878S""]";84.11Z;2026-06-15T15:56:27.686304;70;CHAUDE;9500;1900
21920046600122;219200466;COMMUNE DE MALAKOFF;ECOLE ELEMENTAIRE PUB FERNAND LEGER;;85.20Z;PUB_ECOLE;PUBLIC;Enseignement primaire;19 RUE ERNEST RENAN 92240 MALAKOFF;92240;MALAKOFF;92;Île-de-France;11;11;11;10 à 19 salariés;19;N;ETI;38;1983-12-21;42.53251197809719;48.823561625;2.3046911693;False;7210;[];"[""0921468W""]";84.11Z;2026-06-15T15:56:27.686304;70;CHAUDE;9500;1900
26780244500069;267802445;CENTRE HOSPITALIER THEOPHILE ROUSSEL;FOYER THERAPEUTIQUE 78G08;;86.10Z;PUB_HOPITAL;PUBLIC;Activités hospitalières;4 AVENUE JEAN JAURES 78500 SARTROUVILLE;78500;SARTROUVILLE;78;Île-de-France;11;11;11;10 à 19 salariés;19;N;ETI;53;1996-12-25;29.51950718685832;48.942066451;2.1624808717;False;7364;"[""780801510"", ""780809364""]";[];86.10Z;2026-06-15T15:56:51.236498;70;CHAUDE;19000;3800
26780271800077;267802718;CENTRE HOSPITALIER DE VERSAILLES;CTRE MEDICO PSYCHOLOGIQUE SECT 78 G-10;;86.21Z;PRIV_SANTE_CABINET;PRIVE;Pratique médicale générale;3 RUE MAL DE LATTRE DE TASSIGNY 78150 LE CHESNAY-ROCQUENCOURT;78150;LE CHESNAY-ROCQUENCOURT;78;Île-de-France;11;51;51;2000 à 4999 salariés;4999;N;ETI;21;1994-05-25;32.106776180698155;48.814550486;2.136109054;False;7364;[];[];86.10Z;2026-06-15T15:56:51.236498;70;CHAUDE;4499100;899820
43785012600016;437850126;GARDENIA;INTERMARCHE;;47.11D;PRIV_COMMERCE;PRIVE;Centres commerciaux;116 RUE DE COLOMBES 92600 ASNIERES-SUR-SEINE;92600;ASNIERES-SUR-SEINE;92;Île-de-France;11;21;21;50 à 99 salariés;99;O;PME;3;2001-05-16;25.13073237508556;48.916028051;2.2777260286;True;5710;[];[];47.11D;2026-06-15T18:18:14.842459;70;CHAUDE;49500;9900
21920022700102;219200227;COMMUNE DE CHAVILLE;ECOLE ELEMENTAIRE PUBLIQUE PAUL BERT;;85.20Z;PUB_ECOLE;PUBLIC;Enseignement primaire;1 PARVIS DES ECOLES 92370 CHAVILLE;92370;CHAVILLE;92;Île-de-France;11;12;12;20 à 49 salariés;49;N;ETI;16;1983-12-21;42.53251197809719;48.809051005;2.1906469982;False;7210;[];"[""0922086T""]";84.11Z;2026-06-15T15:56:27.688305;70;CHAUDE;24500;4900
21920022700128;219200227;COMMUNE DE CHAVILLE;ECOLE ELEMENTAIRE PUBLIQUE FERDINAND BUISSON;;85.20Z;PUB_ECOLE;PUBLIC;Enseignement primaire;325 AVENUE ROGER SALENGRO 92370 CHAVILLE;92370;CHAVILLE;92;Île-de-France;11;11;11;10 à 19 salariés;19;N;ETI;16;1983-12-21;42.53251197809719;48.817307046;2.1962158032;False;7210;[];"[""0921471Z""]";84.11Z;2026-06-15T15:56:27.688305;70;CHAUDE;9500;1900
21920046600130;219200466;COMMUNE DE MALAKOFF;ECOLE PRIMAIRE PUBLIQUE PAUL LANGEVIN;;85.20Z;PUB_ECOLE;PUBLIC;Enseignement primaire;15 RUE ANDRE RIVOIRE 92240 MALAKOFF;92240;MALAKOFF;92;Île-de-France;11;11;11;10 à 19 salariés;19;N;ETI;38;1983-12-21;42.53251197809719;48.810382742;2.29149059;False;7210;[];"[""0921576N""]";84.11Z;2026-06-15T15:56:27.686304;70;CHAUDE;9500;1900
21920049000056;219200490;COMMUNE DE MONTROUGE;ECOLE MATERNELLE HAUT MESNIL;;85.10Z;PUB_ECOLE;PUBLIC;Enseignement pré-primaire;22 RUE ARTHUR AUGER 92120 MONTROUGE;92120;MONTROUGE;92;Île-de-France;11;11;11;10 à 19 salariés;19;N;ETI;49;1983-12-21;42.53251197809719;48.814834414;2.3072596759;False;7210;[];"[""0922463C""]";84.11Z;2026-06-15T15:56:27.203922;70;CHAUDE;9500;1900
21920049000064;219200490;COMMUNE DE MONTROUGE;ECOLE ELEMENTAIRE APPLIC R. QUENEAU;;85.20Z;PUB_ECOLE;PUBLIC;Enseignement primaire;57 AVENUE HENRI GINOUX 92120 MONTROUGE;92120;MONTROUGE;92;Île-de-France;11;11;11;10 à 19 salariés;19;N;ETI;49;1983-12-21;42.53251197809719;48.817640246;2.322105989;False;7210;[];"[""0920192J""]";84.11Z;2026-06-15T15:56:27.203922;70;CHAUDE;9500;1900
21920049000106;219200490;COMMUNE DE MONTROUGE;ECOLE MATERNELLE PUBLIQUE M BERTHELOT;;85.10Z;PUB_ECOLE;PUBLIC;Enseignement pré-primaire;35 RUE MARCELLIN BERTHELOT 92120 MONTROUGE;92120;MONTROUGE;92;Île-de-France;11;11;11;10 à 19 salariés;19;N;ETI;49;1983-12-21;42.53251197809719;48.8161748441697;2.31652362917835;False;7210;[];"[""0921798E""]";84.11Z;2026-06-15T15:56:27.203922;70;CHAUDE;9500;1900
21920049000114;219200490;COMMUNE DE MONTROUGE;ECOLE ELEMENTAIRE  NICOLAS BOILEAU;;85.20Z;PUB_ECOLE;PUBLIC;Enseignement primaire;7 RUE BOILEAU 92120 MONTROUGE;92120;MONTROUGE;92;Île-de-France;11;11;11;10 à 19 salariés;19;N;ETI;49;1983-12-21;42.53251197809719;48.812190992;2.3181599954;False;7210;[];"[""0921579S""]";84.11Z;2026-06-15T15:56:27.203922;70;CHAUDE;9500;1900
21920049000155;219200490;COMMUNE DE MONTROUGE;ECOLE ELEMENTAIRE PUBLIQUE RENAUDEL;;85.20Z;PUB_ECOLE;PUBLIC;Enseignement primaire;1 RUE JULES CHERET 92120 MONTROUGE;92120;MONTROUGE;92;Île-de-France;11;11;11;10 à 19 salariés;19;N;ETI;49;1983-12-21;42.53251197809719;48.81295591;2.3082316234;False;7210;[];"[""0921268D""]";84.11Z;2026-06-15T15:56:27.203922;70;CHAUDE;9500;1900
21920051600025;219200516;COMMUNE DE NEUILLY SUR SEINE;ECOLE MATERNELLE PUBLIQUE DULUD;;85.10Z;PUB_ECOLE;PUBLIC;Enseignement pré-primaire;101 RUE JACQUES DULUD 92200 NEUILLY-SUR-SEINE;92200;NEUILLY-SUR-SEINE;92;Île-de-France;11;3;3;6 à 9 salariés;9;N;ETI;35;1983-12-21;42.53251197809719;48.881297462;2.262408626;False;7210;[];"[""0921522E""]";84.11Z;2026-06-15T15:56:27.203922;70;CHAUDE;4500;900
21920051600066;219200516;COMMUNE DE NEUILLY SUR SEINE;ECOLE ELEMENTAIRE PUB HUISSIERS;;85.20Z;PUB_ECOLE;PUBLIC;Enseignement primaire;20 RUE DES HUISSIERS 92200 NEUILLY-SUR-SEINE;92200;NEUILLY-SUR-SEINE;92;Île-de-France;11;3;3;6 à 9 salariés;9;N;ETI;35;1983-12-21;42.53251197809719;48.884624071;2.2665002694;False;7210;[];"[""0920228Y""]";84.11Z;2026-06-15T15:56:27.203922;70;CHAUDE;4500;900
21920023500105;219200235;COMMUNE DE CLAMART;ECOLE ELEMENTAIRE PUBLIQUE JULES FERRY;;85.20Z;PUB_ECOLE;PUBLIC;Enseignement primaire;6 RUE JULES FERRY 92140 CLAMART;92140;CLAMART;92;Île-de-France;11;11;11;10 à 19 salariés;19;N;ETI;56;1983-12-21;42.53251197809719;48.8089202538073;2.26984996165048;False;7210;[];"[""0921943M""]";84.11Z;2026-06-15T15:56:27.202924;70;CHAUDE;9500;1900
21920023500139;219200235;COMMUNE DE CLAMART;ECOLE MATERNELLE PUBLIQUE JULES FERRY;;85.10Z;PUB_ECOLE;PUBLIC;Enseignement pré-primaire;154 AVENUE JEAN JAURES 92140 CLAMART;92140;CLAMART;92;Île-de-France;11;11;11;10 à 19 salariés;19;N;ETI;56;1983-12-21;42.53251197809719;48.808791822;2.2692173463;False;7210;[];"[""0920509D""]";84.11Z;2026-06-15T15:56:27.202924;70;CHAUDE;9500;1900
21920023500147;219200235;COMMUNE DE CLAMART;ECOLE ELEMENTAIRE PUBLIQUE MAIRIE;;85.20Z;PUB_ECOLE;PUBLIC;Enseignement primaire;22 RUE DU TROSY 92140 CLAMART;92140;CLAMART;92;Île-de-France;11;11;11;10 à 19 salariés;19;N;ETI;56;1983-12-21;42.53251197809719;48.80099502;2.2626005408;False;7210;[];"[""0921473B""]";84.11Z;2026-06-15T15:56:27.202924;70;CHAUDE;9500;1900
21920073000048;219200730;COMMUNE DE SURESNES;ECOLE ELEMENTAIRE  PUB LES COTTAGES;;85.20Z;PUB_ECOLE;PUBLIC;Enseignement primaire;32 RUE DES COTTAGES 92150 SURESNES;92150;SURESNES;92;Île-de-France;11;11;11;10 à 19 salariés;19;N;ETI;45;1983-12-21;42.53251197809719;48.8773484240502;2.21849195622927;False;7210;[];"[""0921653X""]";84.11Z;2026-06-15T15:56:27.202924;70;CHAUDE;9500;1900
21920073000063;219200730;COMMUNE DE SURESNES;ECOLE ELEMENTAIRE PUB JULES FERRY;;85.20Z;PUB_ECOLE;PUBLIC;Enseignement primaire;12 RUE JULES FERRY 92150 SURESNES;92150;SURESNES;92;Île-de-France;11;11;11;10 à 19 salariés;19;N;ETI;45;1983-12-21;42.53251197809719;48.8692919421177;2.22508961933535;False;7210;[];"[""0920437A""]";84.11Z;2026-06-15T15:56:27.202924;70;CHAUDE;9500;1900
21920073000071;219200730;COMMUNE DE SURESNES;ECOLE PRIMAIRE PUBLIQUE BERTIE ALBRECHT;;85.20Z;PUB_ECOLE;PUBLIC;Enseignement primaire;86 RUE CARNOT 92150 SURESNES;92150;SURESNES;92;Île-de-France;11;11;11;10 à 19 salariés;19;N;ETI;45;1983-12-21;42.53251197809719;48.875460975;2.2285740468;False;7210;[];"[""0920953L""]";84.11Z;2026-06-15T15:56:27.202924;70;CHAUDE;9500;1900
21920073000113;219200730;COMMUNE DE SURESNES;ECOLE MATERNELLE LES RAGUIDELLES;;85.10Z;PUB_ECOLE;PUBLIC;Enseignement pré-primaire;5 A 19 5 RUE DU DOCTEUR EMILE ROUX 92150 SURESNES;92150;SURESNES;92;Île-de-France;11;11;11;10 à 19 salariés;19;N;ETI;45;1983-12-21;42.53251197809719;48.865897709;2.2181101485;False;7210;[];"[""0920519P""]";84.11Z;2026-06-15T15:56:27.202924;70;CHAUDE;9500;1900
21920073000121;219200730;COMMUNE DE SURESNES;ECOLE ELEMENTAIRE LES RAGUIDELLES;;85.20Z;PUB_ECOLE;PUBLIC;Enseignement primaire;5 A 19 5 RUE DU DOCTEUR EMILE ROUX 92150 SURESNES;92150;SURESNES;92;Île-de-France;11;11;11;10 à 19 salariés;19;N;ETI;45;1983-12-21;42.53251197809719;48.865897709;2.2181101485;False;7210;[];"[""0921654Y""]";84.11Z;2026-06-15T15:56:27.202924;70;CHAUDE;9500;1900
21920062300078;219200623;COMMUNE DE PUTEAUX;ECOLE MATERNELLE PUBLIQUE BENOIT MALON;;85.10Z;PUB_ECOLE;PUBLIC;Enseignement pré-primaire;7 RUE COLLIN 92800 PUTEAUX;92800;PUTEAUX;92;Île-de-France;11;3;3;6 à 9 salariés;9;N;ETI;44;1983-12-21;42.53251197809719;48.880763268;2.2405471125;False;7210;[];"[""0920474R""]";84.11Z;2026-06-15T15:56:27.202924;70;CHAUDE;4500;900
21920062300086;219200623;COMMUNE DE PUTEAUX;ECOLE ELEMENTAIRE PUB BENOIT MALON;;85.20Z;PUB_ECOLE;PUBLIC;Enseignement primaire;8 RUE COLLIN 92800 PUTEAUX;92800;PUTEAUX;92;Île-de-France;11;3;3;6 à 9 salariés;9;N;ETI;44;1983-12-21;42.53251197809719;48.880800052;2.2406747528;False;7210;[];"[""0920203W""]";84.11Z;2026-06-15T15:56:27.202924;70;CHAUDE;4500;900
21920062300102;219200623;COMMUNE DE PUTEAUX;ECOLE MATERNELLE MARIUS JACOTOT;;85.10Z;PUB_ECOLE;PUBLIC;Enseignement pré-primaire;4 RUE CHARLES LORILLEUX 92800 PUTEAUX;92800;PUTEAUX;92;Île-de-France;11;11;11;10 à 19 salariés;19;N;ETI;44;1983-12-21;42.53251197809719;48.884374672;2.2331551394;False;7210;[];"[""0920480X""]";84.11Z;2026-06-15T15:56:27.202924;70;CHAUDE;9500;1900
31177097800022;311770978;MAISON DE SANTE DE BELLEVUE;RELAIS JEUNES DE SEVRES;;86.10Z;PUB_HOPITAL;PUBLIC;Activités hospitalières;26 RUE AUGUSTE RODIN 92310 SEVRES;92310;SEVRES;92;Île-de-France;11;3;3;6 à 9 salariés;9;O;GE;3;2008-02-11;18.390143737166323;48.821755555;2.2146507223;False;5710;"[""920012069""]";[];86.10Z;2026-06-15T15:56:54.502403;70;CHAUDE;9000;1800
21920036700080;219200367;COMMUNE DE GENNEVILLIERS;ECOLE MATERNELLE PUB LES GRESILLONS;;85.10Z;PUB_ECOLE;PUBLIC;Enseignement pré-primaire;35 RUE PAUL VAILLANT COUTURIER 92230 GENNEVILLIERS;92230;GENNEVILLIERS;92;Île-de-France;11;11;11;10 à 19 salariés;19;N;ETI;49;1983-12-21;42.53251197809719;48.918271164;2.3013328203;False;7210;[];"[""0920543R""]";84.11Z;2026-06-15T15:56:27.202924;70;CHAUDE;9500;1900
21920064900032;219200649;COMMUNE DE SAINT CLOUD;ECOLE ELEMENTAIRE PUBLIQUE CENTRE;;85.20Z;PUB_ECOLE;PUBLIC;Enseignement primaire;2 RUE DES ECOLES 92210 SAINT-CLOUD;92210;SAINT-CLOUD;92;Île-de-France;11;11;11;10 à 19 salariés;19;N;ETI;15;1983-12-21;42.53251197809719;48.843240884;2.2180305183;False;7210;[];"[""0921456H""]";84.11Z;2026-06-15T15:56:27.688305;70;CHAUDE;9500;1900
21920064900081;219200649;COMMUNE DE SAINT CLOUD;ECOLE ELEMENTAIRE APPLICATION VAL D'OR;;85.20Z;PUB_ECOLE;PUBLIC;Enseignement primaire;2 RUE MICHEL SALLES 92210 SAINT-CLOUD;92210;SAINT-CLOUD;92;Île-de-France;11;11;11;10 à 19 salariés;19;N;ETI;15;1983-12-21;42.53251197809719;48.856321117;2.214702162;False;7210;[];"[""0921536V""]";84.11Z;2026-06-15T15:56:27.688305;70;CHAUDE;9500;1900
21920064900099;219200649;COMMUNE DE SAINT CLOUD;ECOLE ELEMENTAIRE PUB LES COTEAUX;;85.20Z;PUB_ECOLE;PUBLIC;Enseignement primaire;82 BOULEVARD SENARD 92210 SAINT-CLOUD;92210;SAINT-CLOUD;92;Île-de-France;11;11;11;10 à 19 salariés;19;N;ETI;15;1983-12-21;42.53251197809719;48.857294762;2.2212515524;False;7210;[];"[""0920747M""]";84.11Z;2026-06-15T15:56:27.688305;70;CHAUDE;9500;1900
21920064900115;219200649;COMMUNE DE SAINT CLOUD;ECOLE MATERNELLE PUBLIQUE MONTRETOUT;;85.10Z;PUB_ECOLE;PUBLIC;Enseignement pré-primaire;9 B RUE RENE WEILL 92210 SAINT-CLOUD;92210;SAINT-CLOUD;92;Île-de-France;11;11;11;10 à 19 salariés;19;N;ETI;15;1983-12-21;42.53251197809719;48.848865066;2.2108726301;False;7210;[];"[""0920783B""]";84.11Z;2026-06-15T15:56:27.688305;70;CHAUDE;9500;1900
21920072200029;219200722;COMMUNE DE SEVRES;ECOLE ELEMENTAIRE PUBLIQUE CROIX BOSSET;;85.20Z;PUB_ECOLE;PUBLIC;Enseignement primaire;14 RUE DE LA CROIX BOSSET 92310 SEVRES;92310;SEVRES;92;Île-de-France;11;11;11;10 à 19 salariés;19;N;ETI;15;1983-12-21;42.53251197809719;48.823749557;2.2076639244;False;7210;[];"[""0921607X""]";84.11Z;2026-06-15T15:56:27.688305;70;CHAUDE;9500;1900
21920072200060;219200722;COMMUNE DE SEVRES;ECOLE PRIMAIRE PUB EUGENIE COTTON;;85.20Z;PUB_ECOLE;PUBLIC;Enseignement primaire;22 ROUTE DE GALLARDON 92310 SEVRES;92310;SEVRES;92;Île-de-France;11;11;11;10 à 19 salariés;19;N;ETI;15;1983-12-21;42.53251197809719;48.811749015;2.2063256895;False;7210;[];"[""0921569F""]";84.11Z;2026-06-15T15:56:27.688305;70;CHAUDE;9500;1900
21920072200086;219200722;COMMUNE DE SEVRES;ECOLE ELEMENTAIRE PUB GAMBETTA A;;85.20Z;PUB_ECOLE;PUBLIC;Enseignement primaire;4 RUE VICTOR HUGO 92310 SEVRES;92310;SEVRES;92;Île-de-France;11;11;11;10 à 19 salariés;19;N;ETI;15;1983-12-21;42.53251197809719;48.824105979;2.2140410546;False;7210;[];"[""0920721J""]";84.11Z;2026-06-15T15:56:27.689307;70;CHAUDE;9500;1900
21920072200094;219200722;COMMUNE DE SEVRES;ECOLE ELEMENTAIRE PUB GAMBETTA B;;85.20Z;PUB_ECOLE;PUBLIC;Enseignement primaire;2 RUE VICTOR HUGO 92310 SEVRES;92310;SEVRES;92;Île-de-France;11;11;11;10 à 19 salariés;19;N;ETI;15;1983-12-21;42.53251197809719;48.824127313;2.2148105942;False;7210;[];"[""0920720H""]";84.11Z;2026-06-15T15:56:27.689307;70;CHAUDE;9500;1900
21920033400031;219200334;COMMUNE DE GARCHES;ECOLE ELEMENTAIRE PUBLIQUE GASTON RAMON;;85.20Z;PUB_ECOLE;PUBLIC;Enseignement primaire;66 RUE DU DOCTEUR DEBAT 92380 GARCHES;92380;GARCHES;92;Île-de-France;11;11;11;10 à 19 salariés;19;N;ETI;12;1983-12-21;42.53251197809719;48.852082009;2.1968938154;False;7210;[];"[""0921650U""]";84.11Z;2026-06-15T15:56:27.689307;70;CHAUDE;9500;1900
21920033400072;219200334;COMMUNE DE GARCHES;ECOLE MATERNELLE PUBLIQUE LOUIS PASTEUR;;85.10Z;PUB_ECOLE;PUBLIC;Enseignement pré-primaire;13 RUE DE SURESNES 92380 GARCHES;92380;GARCHES;92;Île-de-France;11;11;11;10 à 19 salariés;19;N;ETI;12;1983-12-21;42.53251197809719;48.845750231;2.1883370564;False;7210;[];"[""0920771N""]";84.11Z;2026-06-15T15:56:27.689307;70;CHAUDE;9500;1900
21920033400080;219200334;COMMUNE DE GARCHES;ECOLE ELEMENTAIRE PUBLIQUE PASTEUR A;;85.20Z;PUB_ECOLE;PUBLIC;Enseignement primaire;13 RUE DE SURESNES 92380 GARCHES;92380;GARCHES;92;Île-de-France;11;11;11;10 à 19 salariés;19;N;ETI;12;1983-12-21;42.53251197809719;48.845750231;2.1883370564;False;7210;[];"[""0920731V""]";84.11Z;2026-06-15T15:56:27.689307;70;CHAUDE;9500;1900
21920036700114;219200367;COMMUNE DE GENNEVILLIERS;ECOLE MATERNELLE PUBLIQUE ANATOLE FRANCE;;85.10Z;PUB_ECOLE;PUBLIC;Enseignement pré-primaire;36 RUE DU PUITS GUYON 92230 GENNEVILLIERS;92230;GENNEVILLIERS;92;Île-de-France;11;11;11;10 à 19 salariés;19;N;ETI;49;1983-12-21;42.53251197809719;48.925427829;2.2986106858;False;7210;[];"[""0920621A""]";84.11Z;2026-06-15T15:56:27.202924;70;CHAUDE;9500;1900
21920048200137;219200482;COMMUNE DE MEUDON;ECOLE PRIMAIRE PUBLIQUE LE VAL ROBERT BADINTER;;85.20Z;PUB_ECOLE;PUBLIC;Enseignement primaire;20 AVENUE JEAN JAURES 92190 MEUDON;92190;MEUDON;92;Île-de-France;11;11;11;10 à 19 salariés;19;N;ETI;51;1983-12-21;42.53251197809719;48.811751508;2.2446956765;False;7210;[];"[""0920738C""]";84.11Z;2026-06-15T15:56:27.202924;70;CHAUDE;9500;1900
21920044100174;219200441;COMMUNE DE LEVALLOIS PERRET;ECOLE MATERNELLE JEAN JAURES;;85.10Z;PUB_ECOLE;PUBLIC;Enseignement pré-primaire;124 RUE DU PDT WILSON 92300 LEVALLOIS PERRET;92300;LEVALLOIS PERRET;92;Île-de-France;11;3;3;6 à 9 salariés;9;N;ETI;57;1983-12-21;42.53251197809719;48.897674946;2.285655437;False;7210;[];"[""0920556E""]";84.11Z;2026-06-15T15:56:27.202924;70;CHAUDE;4500;900
21920023500063;219200235;COMMUNE DE CLAMART;ECOLE ELEMENTAIRE PUB L S SENGHOR;;85.20Z;PUB_ECOLE;PUBLIC;Enseignement primaire;9 RUE DE BRETAGNE 92140 CLAMART;92140;CLAMART;92;Île-de-France;11;12;12;20 à 49 salariés;49;N;ETI;56;1983-12-21;42.53251197809719;48.782791707;2.2422978331;False;7210;[];"[""0922106P""]";84.11Z;2026-06-15T15:56:27.202924;70;CHAUDE;24500;4900
21930005000032;219300050;COMMUNE D'AULNAY SOUS BOIS;ECOLE ELEMENTAIRE PUB LOUIS ARAGON;;85.20Z;PUB_ECOLE;PUBLIC;Enseignement primaire;13 RUE CALMETTE ET GUERIN 93600 AULNAY-SOUS-BOIS;93600;AULNAY-SOUS-BOIS;93;Île-de-France;11;12;12;20 à 49 salariés;49;N;ETI;104;1983-12-21;42.53251197809719;48.952152671;2.5152645993;False;7210;[];"[""0931498Y""]";84.11Z;2026-06-15T15:56:28.718863;70;CHAUDE;24500;4900
21930048000072;219300480;COMMUNE DE MONTREUIL;ECOLE ELEMENTAIRE PUB BERTHELOT;;85.20Z;PUB_ECOLE;PUBLIC;Enseignement primaire;8 RUE MARCELLIN BERTHELOT 93100 MONTREUIL;93100;MONTREUIL;93;Île-de-France;11;12;12;20 à 49 salariés;49;N;ETI;96;1983-12-21;42.53251197809719;48.855940684;2.438616945;False;7210;[];"[""0931286T""]";84.11Z;2026-06-15T15:56:28.718863;70;CHAUDE;24500;4900
21930048000130;219300480;COMMUNE DE MONTREUIL;ECOLE ELEMENTAIRE PUB J-CURIE 1;;85.20Z;PUB_ECOLE;PUBLIC;Enseignement primaire;14 RUE I ET FREDERIC JOLIOT CURIE 93100 MONTREUIL;93100;MONTREUIL;93;Île-de-France;11;11;11;10 à 19 salariés;19;N;ETI;96;1983-12-21;42.53251197809719;48.866441571;2.4325555573;False;7210;[];"[""0930387R""]";84.11Z;2026-06-15T15:56:28.718863;70;CHAUDE;9500;1900
81805625100023;818056251;IRM PARIS GARE DE LYON;;;86.10Z;PUB_HOPITAL;PUBLIC;Activités hospitalières;28 B AVENUE DAUMESNIL 75012 PARIS;75012;PARIS;75;Île-de-France;11;3;3;6 à 9 salariés;9;N;PME;2;2016-05-13;10.13826146475017;48.847534883;2.3744604919;True;5710;[];[];86.10Z;2026-06-15T15:56:48.375157;70;CHAUDE;9000;1800
81846136000013;818461360;SISA MAISON DE SANTE FAIDHERBE;;;86.10Z;PUB_HOPITAL;PUBLIC;Activités hospitalières;21 RUE FAIDHERBE 75011 PARIS;75011;PARIS;75;Île-de-France;11;3;3;6 à 9 salariés;9;O;PME;1;2016-02-15;10.379192334017796;48.85207467;2.383318493;True;6511;[];[];86.10Z;2026-06-15T15:56:48.375157;70;CHAUDE;9000;1800
21920033400098;219200334;COMMUNE DE GARCHES;ECOLE ELEMENTAIRE PUB PASTEUR B;;85.20Z;PUB_ECOLE;PUBLIC;Enseignement primaire;13 RUE DE SURESNES 92380 GARCHES;92380;GARCHES;92;Île-de-France;11;11;11;10 à 19 salariés;19;N;ETI;12;1983-12-21;42.53251197809719;48.845750231;2.1883370564;False;7210;[];"[""0920732W""]";84.11Z;2026-06-15T15:56:27.689307;70;CHAUDE;9500;1900
21920047400043;219200474;COMMUNE DE MARNES LA COQUETTE;ECOLE ELEMENTAIRE LA MARCHE;;85.20Z;PUB_ECOLE;PUBLIC;Enseignement primaire;3 ALLEE LOUVOIS 92430 MARNES-LA-COQUETTE;92430;MARNES-LA-COQUETTE;92;Île-de-France;11;12;12;20 à 49 salariés;49;N;PME;4;1983-12-21;42.53251197809719;48.837158825;2.1629829215;False;7210;[];[];84.11Z;2026-06-15T15:56:27.986723;70;CHAUDE;24500;4900
17920001900083;179200019;PREFECTURE DE DEPARTEMENT HAUTS-DE-SEINE;SOUS-PREFECTURE D'ANTONY;;84.11Z;PUB_MAIRIE;PUBLIC;Administration publique générale;99 AVENUE DU GENERAL DE GAULLE 92160 ANTONY;92160;ANTONY;92;Île-de-France;11;12;12;20 à 49 salariés;49;N;ETI;5;1989-10-01;36.75290896646133;48.761347711;2.3005106584;False;7172;[];[];84.11Z;2026-06-15T15:56:27.986723;70;CHAUDE;26950;5390
21920024300133;219200243;COMMUNE DE CLICHY;ECOLE MATERNELLE PUB JACQUES PREVERT;;85.10Z;PUB_ECOLE;PUBLIC;Enseignement pré-primaire;20 RUE DES CAILLOUX 92110 CLICHY;92110;CLICHY;92;Île-de-France;11;3;3;6 à 9 salariés;9;N;ETI;47;1983-12-21;42.53251197809719;48.896538027;2.3063710104;False;7210;[];"[""0921990N""]";84.11Z;2026-06-15T15:56:27.202924;70;CHAUDE;4500;900
21920036700031;219200367;COMMUNE DE GENNEVILLIERS;ECOLE MATERNELLE PUB P KERGOMARD;;85.10Z;PUB_ECOLE;PUBLIC;Enseignement pré-primaire;84 RUE DE LA COUTURE D'AUXERRE 92230 GENNEVILLIERS;92230;GENNEVILLIERS;92;Île-de-France;11;11;11;10 à 19 salariés;19;N;ETI;49;1983-12-21;42.53251197809719;48.929081966;2.2883482001;False;7210;[];"[""0921263Y""]";84.11Z;2026-06-15T15:56:27.202924;70;CHAUDE;9500;1900
21920036700064;219200367;COMMUNE DE GENNEVILLIERS;ECOLE ELEMENTAIRE PUBLIQUE PAUL LANGEVIN B;;85.20Z;PUB_ECOLE;PUBLIC;Enseignement primaire;3 RUE HECTOR BERLIOZ 92230 GENNEVILLIERS;92230;GENNEVILLIERS;92;Île-de-France;11;11;11;10 à 19 salariés;19;N;ETI;49;1983-12-21;42.53251197809719;48.929200065;2.2869750543;False;7210;[];"[""0920349E""]";84.11Z;2026-06-15T15:56:27.202924;70;CHAUDE;9500;1900
21920063100063;219200631;COMMUNE DE RUEIL MALMAISON;ECOLE ELEMENTAIRE PUB LES TRIANONS;;85.20Z;PUB_ECOLE;PUBLIC;Enseignement primaire;15 RUE CRAMAIL 92500 RUEIL MALMAISON;92500;RUEIL MALMAISON;92;Île-de-France;11;11;11;10 à 19 salariés;19;N;ETI;55;1983-12-21;42.53251197809719;48.882641886;2.1734561121;False;7210;[];"[""0920705S""]";84.11Z;2026-06-15T15:56:27.201921;70;CHAUDE;9500;1900
21920063100071;219200631;COMMUNE DE RUEIL MALMAISON;ECOLE ELEMENTAIRE PUB JULES FERRY;;85.20Z;PUB_ECOLE;PUBLIC;Enseignement primaire;19 PLACE DE L'EGLISE 92500 RUEIL-MALMAISON;92500;RUEIL-MALMAISON;92;Île-de-France;11;11;11;10 à 19 salariés;19;N;ETI;55;1983-12-21;42.53251197809719;48.876235968;2.1818585986;False;7210;[];"[""0920712Z""]";84.11Z;2026-06-15T15:56:27.201921;70;CHAUDE;9500;1900
21920063100113;219200631;COMMUNE DE RUEIL MALMAISON;ECOLE MATERNELLE  ROBESPIERRE;;85.10Z;PUB_ECOLE;PUBLIC;Enseignement pré-primaire;9 RUE GUSTAVE FLAUBERT 92500 RUEIL-MALMAISON;92500;RUEIL-MALMAISON;92;Île-de-France;11;11;11;10 à 19 salariés;19;N;ETI;55;1983-12-21;42.53251197809719;48.869298519;2.2033913736;False;7210;[];"[""0920791K""]";84.11Z;2026-06-15T15:56:27.201921;70;CHAUDE;9500;1900
21920063100147;219200631;COMMUNE DE RUEIL MALMAISON;ECOLE MATERNELLE PUBLIQUE TUCK STELL;;85.10Z;PUB_ECOLE;PUBLIC;Enseignement pré-primaire;7 RUE J B BESCHE 92500 RUEIL MALMAISON;92500;RUEIL MALMAISON;92;Île-de-France;11;11;11;10 à 19 salariés;19;N;ETI;55;1983-12-21;42.53251197809719;48.88381646;2.183605003;False;7210;[];"[""0920790J""]";84.11Z;2026-06-15T15:56:27.201921;70;CHAUDE;9500;1900
21920002900060;219200029;COMMUNE D ANTONY;ECOLE ELEMENTAIRE PUBLIQUE VELPEAU;;85.20Z;PUB_ECOLE;PUBLIC;Enseignement primaire;22 B AVENUE JEANNE D'ARC 92160 ANTONY;92160;ANTONY;92;Île-de-France;11;12;12;20 à 49 salariés;49;N;ETI;49;1983-12-21;42.53251197809719;48.757605344;2.3045757493;False;7210;[];"[""0920444H""]";84.11Z;2026-06-15T15:56:27.201921;70;CHAUDE;24500;4900
21920002900086;219200029;COMMUNE D ANTONY;ECOLE ELEMENTAIRE PUBLIQUE FERDINAND BUISSON;;85.20Z;PUB_ECOLE;PUBLIC;Enseignement primaire;1 RUE AUGUSTA 92160 ANTONY;92160;ANTONY;92;Île-de-France;11;12;12;20 à 49 salariés;49;N;ETI;49;1983-12-21;42.53251197809719;48.756155837;2.3006060655;False;7210;[];"[""0921257S""]";84.11Z;2026-06-15T15:56:27.201921;70;CHAUDE;24500;4900
21920002900094;219200029;COMMUNE D ANTONY;ECOLE PRIMAIRE ANATOLE FRANCE;;85.20Z;PUB_ECOLE;PUBLIC;Enseignement primaire;24 RUE ANATOLE FRANCE 92160 ANTONY;92160;ANTONY;92;Île-de-France;11;12;12;20 à 49 salariés;49;N;ETI;49;1983-12-21;42.53251197809719;48.737186259;2.2897367367;False;7210;[];"[""0921574L""]";84.11Z;2026-06-15T15:56:27.201921;70;CHAUDE;24500;4900
39484812100023;394848121;SOC FRANCAISE D HEMATOLOGIE (SFH);;SFH;86.10Z;PUB_HOPITAL;PUBLIC;Activités hospitalières;CENTRE HAYEM HOPITAL ST LOUIS 1 AVENUE CLAUDE VELLEFAUX 75010 PARIS;75010;PARIS;75;Île-de-France;11;2;2;3 à 5 salariés;5;O;PME;2;2006-06-01;20.087611225188223;48.8728256074284;2.36975132651102;True;9220;[];[];86.10Z;2026-06-15T15:56:48.001474;70;CHAUDE;5000;1000
87805047500028;878050475;CENTRE MEDICAL ARGENTINE;;;86.10Z;PUB_HOPITAL;PUBLIC;Activités hospitalières;4 RUE BRUNEL 75017 PARIS;75017;PARIS;75;Île-de-France;11;2;2;3 à 5 salariés;5;N;PME;2;2020-09-30;5.754962354551677;48.876542092;2.288923094;True;5710;[];[];86.10Z;2026-06-15T15:56:48.001474;70;CHAUDE;5000;1000
21930048000148;219300480;COMMUNE DE MONTREUIL;ECOLE ELEMENTAIRE PUB J-CURIE 2;;85.20Z;PUB_ECOLE;PUBLIC;Enseignement primaire;14 RUE I ET FREDERIC JOLIOT CURIE 93100 MONTREUIL;93100;MONTREUIL;93;Île-de-France;11;11;11;10 à 19 salariés;19;N;ETI;96;1983-12-21;42.53251197809719;48.866441571;2.4325555573;False;7210;[];"[""0931508J""]";84.11Z;2026-06-15T15:56:28.718863;70;CHAUDE;9500;1900
13001107500129;130011075;DIRECTION DEPARTEMENTALE FINANCES PUBLIQUES SEINE ST DENIS (DDFIP);SIE LIVRY-GARGAN;DDFIP;84.11Z;PUB_MAIRIE;PUBLIC;Administration publique générale;CENTRE DES FINANCES PUBLIQUES 21 RUE PHILIPPE LEBON 93190 LIVRY-GARGAN;93190;LIVRY-GARGAN;93;Île-de-France;11;12;12;20 à 49 salariés;49;N;ETI;171;2010-03-01;16.33949349760438;48.924508529;2.5501729245;False;7172;[];[];84.11Z;2026-06-15T15:56:28.718863;70;CHAUDE;26950;5390
13001107500137;130011075;DIRECTION DEPARTEMENTALE FINANCES PUBLIQUES SEINE ST DENIS (DDFIP);SIP LIVRY-GARGAN;DDFIP;84.11Z;PUB_MAIRIE;PUBLIC;Administration publique générale;CENTRE DES FINANCES PUBLIQUES 21 RUE PHILIPPE LEBON 93190 LIVRY-GARGAN;93190;LIVRY-GARGAN;93;Île-de-France;11;12;12;20 à 49 salariés;49;N;ETI;171;2010-03-01;16.33949349760438;48.924508529;2.5501729245;False;7172;[];[];84.11Z;2026-06-15T15:56:28.718863;70;CHAUDE;26950;5390
13001107500327;130011075;DIRECTION DEPARTEMENTALE FINANCES PUBLIQUES SEINE ST DENIS (DDFIP);CDI NEUILLY-SUR-MARNE;DDFIP;84.11Z;PUB_MAIRIE;PUBLIC;Administration publique générale;CENTRE DES FINANCES PUBLIQUES 5 RUE MARTYRS DE LA DEPORTATION 93330 NEUILLY-SUR-MARNE;93330;NEUILLY-SUR-MARNE;93;Île-de-France;11;12;12;20 à 49 salariés;49;N;ETI;171;2010-03-01;16.33949349760438;48.856189319;2.5263648379;False;7172;[];[];84.11Z;2026-06-15T15:56:28.718863;70;CHAUDE;26950;5390
25920021000021;259200210;SENEO;;;84.11Z;PUB_MAIRIE;PUBLIC;Administration publique générale;304 RUE PAUL VAILLANT-COUTURIER 92000 NANTERRE;92000;NANTERRE;92;Île-de-France;11;11;11;10 à 19 salariés;19;N;PME;2;1991-02-26;35.34839151266256;48.878090041;2.214563995;True;7354;[];[];84.11Z;2026-06-15T15:56:28.241045;70;CHAUDE;10450;2090
21750001625826;217500016;VILLE DE PARIS;BAT ADMINISTRATIF;;84.11Z;PUB_MAIRIE;PUBLIC;Administration publique générale;235 AVENUE JEAN LOLIVE 93500 PANTIN;93500;PANTIN;93;Île-de-France;11;11;11;10 à 19 salariés;19;O;GE;3027;2010-08-24;15.85763175906913;48.891383;2.4021817661;False;7229;[];[];84.11Z;2026-06-15T15:56:28.717861;70;CHAUDE;10450;2090
21930005000024;219300050;COMMUNE D'AULNAY SOUS BOIS;DISPENSAIRE MUNICIPAL;;86.21Z;PRIV_SANTE_CABINET;PRIVE;Pratique médicale générale;BOULEVARD DU GENERAL GALLIENI 93600 AULNAY-SOUS-BOIS;93600;AULNAY-SOUS-BOIS;93;Île-de-France;11;51;51;2000 à 4999 salariés;4999;N;ETI;104;1983-03-16;43.29911019849418;48.93116086;2.4943238817;False;7210;[];[];84.11Z;2026-06-15T15:56:28.718863;70;CHAUDE;4499100;899820
21920002900110;219200029;COMMUNE D ANTONY;ECOLE ELEMENTAIRE BLANGUERNON;;85.20Z;PUB_ECOLE;PUBLIC;Enseignement primaire;1 RUE DES GROUETTES 92160 ANTONY;92160;ANTONY;92;Île-de-France;11;12;12;20 à 49 salariés;49;N;ETI;49;1983-12-21;42.53251197809719;48.75610086;2.2865982652;False;7210;[];"[""0920840N""]";84.11Z;2026-06-15T15:56:27.201921;70;CHAUDE;24500;4900
22920050600223;229200506;DEPARTEMENT DES HAUTS-DE-SEINE;CTRE DEP PROTECTION MATERNELLE INFANTILE;;86.22C;PRIV_SANTE_CABINET;PRIVE;Pratique médicale;77 RUE PROSPER LEGOUTE 92160 ANTONY;92160;ANTONY;92;Île-de-France;11;52;52;5000 à 9999 salariés;9999;N;ETI;57;1995-01-01;31.50171115674196;48.744770887;2.2960433561;False;7220;"[""920060019""]";[];84.11Z;2026-06-15T15:56:27.201921;70;CHAUDE;8999100;1799820
78545810000019;785458100;FOND MED FRANCO AMERICAINE MONT VALERIEN;;;86.10Z;PUB_HOPITAL;PUBLIC;Activités hospitalières;40 RUE WORTH 92150 SURESNES;92150;SURESNES;92;Île-de-France;11;3;3;6 à 9 salariés;9;O;PME;1;1900-01-01;126.4996577686516;48.871453761106;2.22145142350802;True;9300;[];[];86.10Z;2026-06-15T15:56:55.291230;70;CHAUDE;9000;1800
40311221200010;403112212;INSTITUT EUR CHIRURGIE ESTHETI PLASTIQUE (IECEP);;IECEP;86.10Z;PUB_HOPITAL;PUBLIC;Activités hospitalières;10 RUE ANNA JACQUIN 92100 BOULOGNE-BILLANCOURT;92100;BOULOGNE-BILLANCOURT;92;Île-de-France;11;3;3;6 à 9 salariés;9;O;PME;1;1995-11-17;30.62559890485969;48.844938969;2.231601113;True;5499;"[""920003670""]";[];86.10Z;2026-06-15T15:56:55.835357;70;CHAUDE;9000;1800
13000729700554;130007297;DIRECTION DEPARTEMENTALE DES FINANCES PUBLIQUES DES HAUTS DE SEINE (DDFIP);SERVICE DE GESTION COMPTABLE DE MONTROUGE;DDFIP;84.11Z;PUB_MAIRIE;PUBLIC;Administration publique générale;18 RUE VICTOR HUGO 92120 MONTROUGE;92120;MONTROUGE;92;Île-de-France;11;11;11;10 à 19 salariés;19;N;ETI;196;2009-12-21;16.531143052703626;48.815324747;2.31948864;False;7172;[];[];84.11Z;2026-06-15T15:56:27.201921;70;CHAUDE;10450;2090
21920040900056;219200409;COMMUNE D ISSY LES MOULINEAUX;ECOLE ELEMENTAIRE PUB PAUL BERT;;85.20Z;PUB_ECOLE;PUBLIC;Enseignement primaire;27 RUE ARISTIDE BRIAND 92130 ISSY-LES-MOULINEAUX;92130;ISSY-LES-MOULINEAUX;92;Île-de-France;11;11;11;10 à 19 salariés;19;N;ETI;58;1983-12-21;42.53251197809719;48.821316299;2.2557551413;False;7210;[];"[""0921460M""]";84.11Z;2026-06-15T15:56:27.201921;70;CHAUDE;9500;1900
21920040900148;219200409;COMMUNE D ISSY LES MOULINEAUX;ECOLE ELEMENTAIRE PUBLIQUE JULES FERRY;;85.20Z;PUB_ECOLE;PUBLIC;Enseignement primaire;1 RUE JULES FERRY 92130 ISSY-LES-MOULINEAUX;92130;ISSY-LES-MOULINEAUX;92;Île-de-France;11;11;11;10 à 19 salariés;19;N;ETI;58;1983-12-21;42.53251197809719;48.827903012;2.2665660248;False;7210;[];"[""0921845F""]";84.11Z;2026-06-15T15:56:27.201921;70;CHAUDE;9500;1900
21920063100048;219200631;COMMUNE DE RUEIL MALMAISON;ECOLE PRIMAIRE PUBLIQUE LA MALMAISON;;85.20Z;PUB_ECOLE;PUBLIC;Enseignement primaire;280 AVENUE NAPOLEON BONAPARTE 92500 RUEIL-MALMAISON;92500;RUEIL-MALMAISON;92;Île-de-France;11;12;12;20 à 49 salariés;49;N;ETI;55;1983-12-21;42.53251197809719;48.87370294;2.1650443518;False;7210;[];"[""0922349D""]";84.11Z;2026-06-15T15:56:27.201921;70;CHAUDE;24500;4900
21920063100055;219200631;COMMUNE DE RUEIL MALMAISON;ECOLE MATERNELLE PUBLIQUE LES MARTINETS;;85.10Z;PUB_ECOLE;PUBLIC;Enseignement pré-primaire;15 RUE DU DOCTEUR CHARCOT 92500 RUEIL-MALMAISON;92500;RUEIL-MALMAISON;92;Île-de-France;11;11;11;10 à 19 salariés;19;N;ETI;55;1983-12-21;42.53251197809719;48.883318171;2.1702669602;False;7210;[];"[""0920792L""]";84.11Z;2026-06-15T15:56:27.201921;70;CHAUDE;9500;1900
21930001900078;219300019;COMMUNE D'AUBERVILLIERS;ECOLE ELEMENTAIRE PUB JULES GUESDE;;85.20Z;PUB_ECOLE;PUBLIC;Enseignement primaire;3-5 3 RUE PAUL BERT 93300 AUBERVILLIERS;93300;AUBERVILLIERS;93;Île-de-France;11;11;11;10 à 19 salariés;19;N;ETI;63;1983-12-21;42.53251197809719;48.909126071;2.389420406;False;7210;[];"[""0930348Y""]";84.11Z;2026-06-15T15:56:28.719863;70;CHAUDE;9500;1900
21930001900086;219300019;COMMUNE D'AUBERVILLIERS;ECOLE ELEMENTAIRE PUB JEAN JAURES;;85.20Z;PUB_ECOLE;PUBLIC;Enseignement primaire;3-5 3 RUE PAUL BERT 93300 AUBERVILLIERS;93300;AUBERVILLIERS;93;Île-de-France;11;11;11;10 à 19 salariés;19;N;ETI;63;1983-12-21;42.53251197809719;48.909126071;2.389420406;False;7210;[];"[""0930232X""]";84.11Z;2026-06-15T15:56:28.719863;70;CHAUDE;9500;1900
44291637500011;442916375;DR BRUNO SAUVE;;;86.10Z;PUB_HOPITAL;PUBLIC;Activités hospitalières;87 AVENUE CHARLES DE GAULLE 92200 NEUILLY-SUR-SEINE;92200;NEUILLY-SUR-SEINE;92;Île-de-France;11;2;2;3 à 5 salariés;5;O;PME;1;2002-07-25;23.939767282683093;48.880458865;2.2729267975;True;5485;[];[];86.10Z;2026-06-15T15:56:55.835357;70;CHAUDE;5000;1000
77561815000988;775618150;GROUPE SOS SENIORS;SSIAD 93;;86.90D;PRIV_SANTE_CENTRE;PRIVE;Autres activités santé;59 RUE DE PARIS 93380 PIERREFITTE-SUR-SEINE;93380;PIERREFITTE-SUR-SEINE;93;Île-de-France;11;12;12;20 à 49 salariés;49;O;ETI;137;2017-07-01;9.00479123887748;48.966390306;2.3608893993;False;9260;[];[];86.10Z;2026-06-15T15:56:56.424370;70;CHAUDE;46550;9310
21920012800128;219200128;COMMUNE DE BOULOGNE-BILLANCOURT;ECOLE ELEMENTAIRE PUBLIQUE ESCUDIER;;85.20Z;PUB_ECOLE;PUBLIC;Enseignement primaire;51 RUE ESCUDIER 92100 BOULOGNE-BILLANCOURT;92100;BOULOGNE-BILLANCOURT;92;Île-de-France;11;11;11;10 à 19 salariés;19;N;ETI;67;1983-12-21;42.53251197809719;48.843672477;2.2389319666;False;7210;[];"[""0921529M""]";84.11Z;2026-06-15T15:56:27.200921;70;CHAUDE;9500;1900
21920025000054;219200250;COMMUNE DE COLOMBES;ECOLE ELEMENTAIRE PUB C  PEGUY A;;85.20Z;PUB_ECOLE;PUBLIC;Enseignement primaire;282 RUE DU PDT SALVADOR ALLENDE 92700 COLOMBES;92700;COLOMBES;92;Île-de-France;11;11;11;10 à 19 salariés;19;N;ETI;62;1983-12-21;42.53251197809719;48.921738269;2.2315059671;False;7210;[];"[""0920194L""]";84.11Z;2026-06-15T15:56:27.200921;70;CHAUDE;9500;1900
21920025000062;219200250;COMMUNE DE COLOMBES;ECOLE ELEMENTAIRE PUB C PEGUY B;;85.20Z;PUB_ECOLE;PUBLIC;Enseignement primaire;280 RUE DU PDT SALVADOR ALLENDE 92700 COLOMBES;92700;COLOMBES;92;Île-de-France;11;11;11;10 à 19 salariés;19;N;ETI;62;1983-12-21;42.53251197809719;48.9221329876125;2.23253196166439;False;7210;[];"[""0920317V""]";84.11Z;2026-06-15T15:56:27.200921;70;CHAUDE;9500;1900
21920025000070;219200250;COMMUNE DE COLOMBES;ECOLE MATERNELLE PUBLIQUE G BIENVETU;;85.10Z;PUB_ECOLE;PUBLIC;Enseignement pré-primaire;RUE LAZARE CARNOT 92700 COLOMBES;92700;COLOMBES;92;Île-de-France;11;11;11;10 à 19 salariés;19;N;ETI;62;1983-12-21;42.53251197809719;48.918841885;2.2535441039;False;7210;[];"[""0920536H""]";84.11Z;2026-06-15T15:56:27.200921;70;CHAUDE;9500;1900
21920025000088;219200250;COMMUNE DE COLOMBES;ECOLE MATERNELLE PUB JULES VERNE;;85.10Z;PUB_ECOLE;PUBLIC;Enseignement pré-primaire;189 RUE DES VOIES DU BOIS 92700 COLOMBES;92700;COLOMBES;92;Île-de-France;11;11;11;10 à 19 salariés;19;N;ETI;62;1983-12-21;42.53251197809719;48.913006042;2.2442599433;False;7210;[];"[""0920588P""]";84.11Z;2026-06-15T15:56:27.200921;70;CHAUDE;9500;1900
21920025000096;219200250;COMMUNE DE COLOMBES;ECOLE ELEMENTAIRE PUB L BOURGEOIS A;;85.20Z;PUB_ECOLE;PUBLIC;Enseignement primaire;7 RUE LEON BOURGEOIS 92700 COLOMBES;92700;COLOMBES;92;Île-de-France;11;11;11;10 à 19 salariés;19;N;ETI;62;1983-12-21;42.53251197809719;48.915094256;2.2450166505;False;7210;[];"[""0920247U""]";84.11Z;2026-06-15T15:56:27.201921;70;CHAUDE;9500;1900
21920025000104;219200250;COMMUNE DE COLOMBES;ECOLE ELEMENTAIRE PUB L BOURGEOIS B;;85.20Z;PUB_ECOLE;PUBLIC;Enseignement primaire;3 RUE LEON BOURGEOIS 92700 COLOMBES;92700;COLOMBES;92;Île-de-France;11;11;11;10 à 19 salariés;19;N;ETI;62;1983-12-21;42.53251197809719;48.915288166;2.2453333997;False;7210;[];"[""0920370C""]";84.11Z;2026-06-15T15:56:27.201921;70;CHAUDE;9500;1900
21920025000120;219200250;COMMUNE DE COLOMBES;ECOLE MATERNELLE PUBLIQUE BUFFON;;85.10Z;PUB_ECOLE;PUBLIC;Enseignement pré-primaire;3 RUE DES CANIBOUTS 92700 COLOMBES;92700;COLOMBES;92;Île-de-France;11;11;11;10 à 19 salariés;19;N;ETI;62;1983-12-21;42.53251197809719;48.911904992;2.228540337;False;7210;[];"[""0920616V""]";84.11Z;2026-06-15T15:56:27.201921;70;CHAUDE;9500;1900
21920025000138;219200250;COMMUNE DE COLOMBES;ECOLE ELEMENTAIRE PUBLIQUE BUFFON;;85.20Z;PUB_ECOLE;PUBLIC;Enseignement primaire;3 RUE DES CANIBOUTS 92700 COLOMBES;92700;COLOMBES;92;Île-de-France;11;11;11;10 à 19 salariés;19;N;ETI;62;1983-12-21;42.53251197809719;48.911904992;2.228540337;False;7210;[];"[""0922050D""]";84.11Z;2026-06-15T15:56:27.201921;70;CHAUDE;9500;1900
13000729700299;130007297;DIRECTION DEPARTEMENTALE DES FINANCES PUBLIQUES DES HAUTS DE SEINE (DDFIP);SIE DE SCEAUX;DDFIP;84.11Z;PUB_MAIRIE;PUBLIC;Administration publique générale;CENTRE DES FINANCES PUBLIQUES 130 RUE HOUDAN 92330 SCEAUX;92330;SCEAUX;92;Île-de-France;11;12;12;20 à 49 salariés;49;N;ETI;196;2010-01-18;16.45448323066393;48.778932003;2.2872088476;False;7172;[];[];84.11Z;2026-06-15T15:56:27.201921;70;CHAUDE;26950;5390
21920026800148;219200268;COMMUNE DE COURBEVOIE;ECOLE MATERNELLE PUBLIQUE L H ALLIE;;85.10Z;PUB_ECOLE;PUBLIC;Enseignement pré-primaire;25 RUE DE COLOMBES 92400 COURBEVOIE;92400;COURBEVOIE;92;Île-de-France;11;3;3;6 à 9 salariés;9;N;ETI;73;1983-12-21;42.53251197809719;48.898108738;2.2564524201;False;7210;[];"[""0921796C""]";84.11Z;2026-06-15T15:56:27.200921;70;CHAUDE;4500;900
21920004500041;219200045;COMMUNE D ASNIERES SUR SEINE;ECOLE MATERNELLE JULES MICHELET;;85.10Z;PUB_ECOLE;PUBLIC;Enseignement pré-primaire;155 AVENUE D’ARGENTEUIL 92600 ASNIERES-SUR-SEINE;92600;ASNIERES-SUR-SEINE;92;Île-de-France;11;11;11;10 à 19 salariés;19;N;ETI;71;1983-12-21;42.53251197809719;48.917839979;2.2813900664;False;7210;[];"[""0920452S""]";84.11Z;2026-06-15T15:56:27.200921;70;CHAUDE;9500;1900
21920004500058;219200045;COMMUNE D ASNIERES SUR SEINE;ECOLE ELEMENTAIRE MICHELET A;;85.20Z;PUB_ECOLE;PUBLIC;Enseignement primaire;185 AVENUE D’ARGENTEUIL 92600 ASNIERES-SUR-SEINE;92600;ASNIERES-SUR-SEINE;92;Île-de-France;11;11;11;10 à 19 salariés;19;N;ETI;71;1983-12-21;42.53251197809719;48.918773755;2.2808395309;False;7210;[];"[""0920183Z""]";84.11Z;2026-06-15T15:56:27.200921;70;CHAUDE;9500;1900
21920004500066;219200045;COMMUNE D ASNIERES SUR SEINE;ECOLE ELEMENTAIRE PUB AULAGNIER;;85.20Z;PUB_ECOLE;PUBLIC;Enseignement primaire;87 A 89 87 RUE PIERRE BOUDOU 92600 ASNIERES-SUR-SEINE;92600;ASNIERES-SUR-SEINE;92;Île-de-France;11;11;11;10 à 19 salariés;19;N;ETI;71;1983-12-21;42.53251197809719;48.915572462;2.3074400434;False;7210;[];"[""0921613D""]";84.11Z;2026-06-15T15:56:27.200921;70;CHAUDE;9500;1900
21920004500108;219200045;COMMUNE D ASNIERES SUR SEINE;ECOLE ELEMENTAIRE PUB JULES FERRY A;;85.20Z;PUB_ECOLE;PUBLIC;Enseignement primaire;5 RUE JULES FERRY 92600 ASNIERES-SUR-SEINE;92600;ASNIERES-SUR-SEINE;92;Île-de-France;11;11;11;10 à 19 salariés;19;N;ETI;71;1983-12-21;42.53251197809719;48.926218002;2.2790115734;False;7210;[];"[""0921573K""]";84.11Z;2026-06-15T15:56:27.200921;70;CHAUDE;9500;1900
21920012800052;219200128;COMMUNE DE BOULOGNE-BILLANCOURT;ECOLE ELEMENTAIRE PUBLIQUE BILLANCOURT;;85.20Z;PUB_ECOLE;PUBLIC;Enseignement primaire;174 RUE DE BILLANCOURT 92100 BOULOGNE-BILLANCOURT;92100;BOULOGNE-BILLANCOURT;92;Île-de-France;11;11;11;10 à 19 salariés;19;N;ETI;67;1983-12-21;42.53251197809719;48.832921046;2.237759305;False;7210;[];"[""0920195M""]";84.11Z;2026-06-15T15:56:27.200921;70;CHAUDE;9500;1900
21920012800086;219200128;COMMUNE DE BOULOGNE-BILLANCOURT;ECOLE ELEMENTAIRE APPLIC GLACIERES;;85.20Z;PUB_ECOLE;PUBLIC;Enseignement primaire;14 RUE DE CLAMART 92100 BOULOGNE-BILLANCOURT;92100;BOULOGNE-BILLANCOURT;92;Île-de-France;11;11;11;10 à 19 salariés;19;N;ETI;67;1983-12-21;42.53251197809719;48.831079186;2.2434369789;False;7210;[];"[""0921258T""]";84.11Z;2026-06-15T15:56:27.200921;70;CHAUDE;9500;1900
21920012800094;219200128;COMMUNE DE BOULOGNE-BILLANCOURT;ECOLE ELEMENTAIRE APPLICA ST-DENIS;;85.20Z;PUB_ECOLE;PUBLIC;Enseignement primaire;31-33 31 RUE SAINT-DENIS 92100 BOULOGNE-BILLANCOURT;92100;BOULOGNE-BILLANCOURT;92;Île-de-France;11;11;11;10 à 19 salariés;19;N;ETI;67;1983-12-21;42.53251197809719;48.845414518;2.231035003;False;7210;[];"[""0920439C""]";84.11Z;2026-06-15T15:56:27.200921;70;CHAUDE;9500;1900
17910001100040;179100011;PREFECTURE DE DEPARTEMENT ESSONNE;SOUS-PREFECTURE DE PALAISEAU;;84.11Z;PUB_MAIRIE;PUBLIC;Administration publique générale;1 AVENUE DU GENERAL DE GAULLE 91120 PALAISEAU;91120;PALAISEAU;91;Île-de-France;11;12;12;20 à 49 salariés;49;N;ETI;5;1964-07-10;61.97946611909651;48.714668965;2.2485859562;False;7172;[];[];84.11Z;2026-06-15T15:56:24.815784;70;CHAUDE;26950;5390
21910635800019;219106358;COMMUNE DE VAUHALLAN;MAIRIE;;84.11Z;PUB_MAIRIE;PUBLIC;Administration publique générale;10 GRANDE RUE DU 8 MAI 1945 91430 VAUHALLAN;91430;VAUHALLAN;91;Île-de-France;11;12;12;20 à 49 salariés;49;O;PME;5;1983-03-01;43.34017796030116;48.73416789;2.2073965118;True;7210;[];[];84.11Z;2026-06-15T15:56:24.815784;70;CHAUDE;26950;5390
21930007600136;219300076;COMMUNE DE BLANC MESNIL;ECOLE ELEMENTAIRE PUB PAUL ELUARD;;85.20Z;PUB_ECOLE;PUBLIC;Enseignement primaire;42 AVENUE PAUL VAILLANT COUTURIER 93150 LE BLANC-MESNIL;93150;LE BLANC-MESNIL;93;Île-de-France;11;12;12;20 à 49 salariés;49;N;ETI;65;1983-12-21;42.53251197809719;48.92870333;2.4756425952;False;7210;[];"[""0930765B""]";84.11Z;2026-06-15T15:56:28.719863;70;CHAUDE;24500;4900
21930029000083;219300290;COMMUNE DE DRANCY;ECOLE ELEMENTAIRE PUB D DIDEROT 1;;85.20Z;PUB_ECOLE;PUBLIC;Enseignement primaire;246 RUE DE LA REPUBLIQUE 93700 DRANCY;93700;DRANCY;93;Île-de-France;11;12;12;20 à 49 salariés;49;N;ETI;58;1983-12-21;42.53251197809719;48.9262974537602;2.42603028499555;False;7210;[];"[""0930171F""]";84.11Z;2026-06-15T15:56:28.719863;70;CHAUDE;24500;4900
21930008400056;219300084;COMMUNE DE BOBIGNY;ECOLE ELEMENTAIRE PUB  P LANGEVIN;;85.20Z;PUB_ECOLE;PUBLIC;Enseignement primaire;36 RUE D'ANJOU 93000 BOBIGNY;93000;BOBIGNY;93;Île-de-France;11;12;12;20 à 49 salariés;49;N;ETI;59;1983-12-21;42.53251197809719;48.910933184;2.4490497337;False;7210;[];"[""0931250D""]";84.11Z;2026-06-15T15:56:28.719863;70;CHAUDE;24500;4900
21930008400098;219300084;COMMUNE DE BOBIGNY;ECOLE MATERNELLE MARCEL CACHIN;;85.10Z;PUB_ECOLE;PUBLIC;Enseignement pré-primaire;44 RUE MARCEL CACHIN 93000 BOBIGNY;93000;BOBIGNY;93;Île-de-France;11;11;11;10 à 19 salariés;19;N;ETI;59;1983-12-21;42.53251197809719;48.913902727;2.4212168586;False;7210;[];"[""0930484W""]";84.11Z;2026-06-15T15:56:28.719863;70;CHAUDE;9500;1900
21930071200029;219300712;COMMUNE DE SEVRAN;ECOLE ELEMENTAIRE JEAN PERRIN;;85.20Z;PUB_ECOLE;PUBLIC;Enseignement primaire;29 RUE D'AULNAY 93270 SEVRAN;93270;SEVRAN;93;Île-de-France;11;12;12;20 à 49 salariés;49;N;ETI;58;1983-12-21;42.53251197809719;48.940034157;2.5216367721;False;7210;[];"[""0930714W""]";84.11Z;2026-06-15T15:56:28.719863;70;CHAUDE;24500;4900
21930071200045;219300712;COMMUNE DE SEVRAN;ECOLE ELEMENTAIRE PUB MARIE CURIE;;85.20Z;PUB_ECOLE;PUBLIC;Enseignement primaire;4 RUE PIERRE BROSSOLETTE 93270 SEVRAN;93270;SEVRAN;93;Île-de-France;11;12;12;20 à 49 salariés;49;N;ETI;58;1983-12-21;42.53251197809719;48.933542169;2.512097212;False;7210;[];"[""0932655F""]";84.11Z;2026-06-15T15:56:28.720861;70;CHAUDE;24500;4900
87941101500024;879411015;HOSPITALISATION PRIVEE D'ADDICTOLOGIE - CLINIQUE AMBULATOIRE SSR D'ADDICTOLOGIE DE PARIS 13 (HPA RUE DE REIMS);HPA RUE DE REIMS;;86.10Z;PUB_HOPITAL;PUBLIC;Activités hospitalières;10-12 10 RUE DE REIMS 75013 PARIS;75013;PARIS;75;Île-de-France;11;3;3;6 à 9 salariés;9;O;PME;2;2020-09-01;5.834360027378508;48.828477074;2.3713705922;False;5499;"[""750064461""]";[];86.10Z;2026-06-15T15:56:47.379938;70;CHAUDE;9000;1800
17940231800051;179402318;DIRECTION REGIONALE DES DOUANES ORLY (DRD);ORLY AERO BUREAU;DRD;84.11Z;PUB_MAIRIE;PUBLIC;Administration publique générale;BAT 548 16 AV LOUIS BLERIOT 91550 PARAY VIEILLE POSTE;91550;PARAY VIEILLE POSTE;91;Île-de-France;11;12;12;20 à 49 salariés;49;N;PME;5;2022-09-13;3.802874743326489;48.7379969507502;2.35747580808725;False;7172;[];[];84.11Z;2026-06-15T15:56:25.852069;70;CHAUDE;26950;5390
18003606300733;180036063;ETABLISSEMENT PUBLIC NATIONAL ANTOINE KOENIGSWARTER (EPNAK);SERVICES SOINS INFIRMIERS A DOMICILE;EPNAK;86.90D;PRIV_SANTE_CENTRE;PRIVE;Autres activités santé;35 RUE DE NANTERRE 92600 ASNIERES-SUR-SEINE;92600;ASNIERES-SUR-SEINE;92;Île-de-France;11;3;3;6 à 9 salariés;9;N;ETI;106;2023-01-01;3.501711156741957;48.909971429;2.2828112012;False;7389;[];[];84.11Z;2026-06-15T15:56:27.199917;70;CHAUDE;8550;1710
21920050800048;219200508;COMMUNE DE NANTERRE;ECOLE MATERNELLE PUBLIQUE LA FONTAINE;;85.10Z;PUB_ECOLE;PUBLIC;Enseignement pré-primaire;5 A 9 5 RUE DE L'AGRICULTURE 92000 NANTERRE;92000;NANTERRE;92;Île-de-France;11;11;11;10 à 19 salariés;19;N;ETI;72;1983-12-21;42.53251197809719;48.911254579;2.2234976713;False;7210;[];"[""0920679N""]";84.11Z;2026-06-15T15:56:27.199917;70;CHAUDE;9500;1900
21920050800063;219200508;COMMUNE DE NANTERRE;ECOLE MATERNELLE PUBLIQUE MAXIME GORKI;;85.10Z;PUB_ECOLE;PUBLIC;Enseignement pré-primaire;14 ALLEE DE L'ARLEQUIN 92000 NANTERRE;92000;NANTERRE;92;Île-de-France;11;11;11;10 à 19 salariés;19;N;ETI;72;1983-12-21;42.53251197809719;48.890567683;2.2280027222;False;7210;[];"[""0921799F""]";84.11Z;2026-06-15T15:56:27.199917;70;CHAUDE;9500;1900
21920050800071;219200508;COMMUNE DE NANTERRE;ECOLE ELEMENTAIRE MAXIME GORKI;;85.20Z;PUB_ECOLE;PUBLIC;Enseignement primaire;14 ALLEE DE L'ARLEQUIN 92000 NANTERRE;92000;NANTERRE;92;Île-de-France;11;11;11;10 à 19 salariés;19;N;ETI;72;1983-12-21;42.53251197809719;48.890567683;2.2280027222;False;7210;[];"[""0921708G""]";84.11Z;2026-06-15T15:56:27.199917;70;CHAUDE;9500;1900
38353855000047;383538550;DIAVERUM SAINT-DENIS;DIAVERUM PANTIN;;86.10Z;PUB_HOPITAL;PUBLIC;Activités hospitalières;16 RUE HOCHE 93500 PANTIN;93500;PANTIN;93;Île-de-France;11;3;3;6 à 9 salariés;9;O;ETI;12;2018-08-31;7.838466803559206;48.892236423;2.4024821084;False;5710;"[""930816079""]";[];86.10Z;2026-06-15T15:56:56.425370;70;CHAUDE;9000;1800
40942543600022;409425436;ISODIALYSE;;;86.10Z;PUB_HOPITAL;PUBLIC;Activités hospitalières;16 RUE FERNAND PELLOUTIER 93700 DRANCY;93700;DRANCY;93;Île-de-France;11;11;11;10 à 19 salariés;19;O;ETI;5;1997-12-01;28.58590006844627;48.913218852;2.4607331851;False;5710;"[""930003355""]";[];86.10Z;2026-06-15T15:56:56.675266;70;CHAUDE;19000;3800
21930050600108;219300506;COMMUNE DE NEUILLY S-MARNE;ECOLE ELEMENTAIRE JEAN DE LA FONTAINE;;85.20Z;PUB_ECOLE;PUBLIC;Enseignement primaire;4 AVENUE WINSTON CHURCHILL 93330 NEUILLY-SUR-MARNE;93330;NEUILLY-SUR-MARNE;93;Île-de-France;11;12;12;20 à 49 salariés;49;N;ETI;47;1983-12-21;42.53251197809719;48.8706462556477;2.53607869841692;False;7210;[];"[""0930995B""]";84.11Z;2026-06-15T15:56:28.720861;70;CHAUDE;24500;4900
58202624100023;582026241;CLINIQUE DE L'ALMA;;;86.10Z;PUB_HOPITAL;PUBLIC;Activités hospitalières;17 RUE DE LA COMETE 75007 PARIS;75007;PARIS;75;Île-de-France;11;2;2;3 à 5 salariés;5;O;ETI;3;2009-12-27;16.514715947980836;48.858745135;2.3092333677;False;5710;"[""750829053""]";[];86.10Z;2026-06-15T15:56:46.386940;70;CHAUDE;5000;1000
21930001900094;219300019;COMMUNE D'AUBERVILLIERS;ECOLE MATERNELLE PUB F FROMOND;;85.10Z;PUB_ECOLE;PUBLIC;Enseignement pré-primaire;34 RUE BORDIER 93300 AUBERVILLIERS;93300;AUBERVILLIERS;93;Île-de-France;11;11;11;10 à 19 salariés;19;N;ETI;63;1983-12-21;42.53251197809719;48.903823668;2.384833535;False;7210;[];"[""0930421C""]";84.11Z;2026-06-15T15:56:28.719863;70;CHAUDE;9500;1900
21930001900110;219300019;COMMUNE D'AUBERVILLIERS;ECOLE MATERNELLE PAUL BERT;;85.10Z;PUB_ECOLE;PUBLIC;Enseignement pré-primaire;116 RUE DES CITES 93300 AUBERVILLIERS;93300;AUBERVILLIERS;93;Île-de-France;11;11;11;10 à 19 salariés;19;N;ETI;63;1983-12-21;42.53251197809719;48.909499534;2.3881477611;False;7210;[];"[""0930495H""]";84.11Z;2026-06-15T15:56:28.719863;70;CHAUDE;9500;1900
21930001900128;219300019;COMMUNE D'AUBERVILLIERS;ECOLE MATERNELLE PUB J PREVERT;;85.10Z;PUB_ECOLE;PUBLIC;Enseignement pré-primaire;1 RUE DES CITES 93300 AUBERVILLIERS;93300;AUBERVILLIERS;93;Île-de-France;11;11;11;10 à 19 salariés;19;N;ETI;63;1983-12-21;42.53251197809719;48.902389589;2.3854916212;False;7210;[];"[""0931587V""]";84.11Z;2026-06-15T15:56:28.719863;70;CHAUDE;9500;1900
21930001900136;219300019;COMMUNE D'AUBERVILLIERS;ECOLE MATERNELLE PUB SAINT JUST;;85.10Z;PUB_ECOLE;PUBLIC;Enseignement pré-primaire;RUE ADRIEN HUZARD 93300 AUBERVILLIERS;93300;AUBERVILLIERS;93;Île-de-France;11;11;11;10 à 19 salariés;19;N;ETI;63;1983-12-21;42.53251197809719;48.91989438;2.3920900885;False;7210;[];"[""0930504T""]";84.11Z;2026-06-15T15:56:28.719863;70;CHAUDE;9500;1900
21930027400061;219300274;COMMUNE DE LA COURNEUVE;ECOLE ELEMENTAIRE PUB CH CHAPLIN;;85.20Z;PUB_ECOLE;PUBLIC;Enseignement primaire;13 RUE EMILE ZOLA 93120 LA COURNEUVE;93120;LA COURNEUVE;93;Île-de-France;11;11;11;10 à 19 salariés;19;N;ETI;42;1983-12-21;42.53251197809719;48.9213206072289;2.38748829948344;False;7210;[];"[""0930400E""]";84.11Z;2026-06-15T15:56:28.720861;70;CHAUDE;9500;1900
21930027400095;219300274;COMMUNE DE LA COURNEUVE;ECOLE MATERNELLE PAUL DOUMER;;85.10Z;PUB_ECOLE;PUBLIC;Enseignement pré-primaire;2 RUE PAUL DOUMER 93120 LA COURNEUVE;93120;LA COURNEUVE;93;Île-de-France;11;11;11;10 à 19 salariés;19;N;ETI;42;1983-12-21;42.53251197809719;48.922343604;2.4085300298;False;7210;[];"[""0930497K""]";84.11Z;2026-06-15T15:56:28.720861;70;CHAUDE;9500;1900
21930027400129;219300274;COMMUNE DE LA COURNEUVE;ECOLE MATERNELLE ANATOLE FRANCE;;85.10Z;PUB_ECOLE;PUBLIC;Enseignement pré-primaire;62 RUE ANATOLE FRANCE 93120 LA COURNEUVE;93120;LA COURNEUVE;93;Île-de-France;11;11;11;10 à 19 salariés;19;N;ETI;42;1983-12-21;42.53251197809719;48.92213422;2.4042584928;False;7210;[];"[""0930406L""]";84.11Z;2026-06-15T15:56:28.720861;70;CHAUDE;9500;1900
21930027400160;219300274;COMMUNE DE LA COURNEUVE;ECOLE MATERNELLE PUB I JOLOT CURIE;;85.10Z;PUB_ECOLE;PUBLIC;Enseignement pré-primaire;4 RUE CLAUDE DEBUSSY 93120 LA COURNEUVE;93120;LA COURNEUVE;93;Île-de-France;11;11;11;10 à 19 salariés;19;N;ETI;42;1983-12-21;42.53251197809719;48.924386828;2.3817252319;False;7210;[];"[""0930872T""]";84.11Z;2026-06-15T15:56:28.720861;70;CHAUDE;9500;1900
21930055500055;219300555;COMMUNE DE PANTIN;ECOE ELEMENTAIRE PUB PAUL LANGEVIN;;85.20Z;PUB_ECOLE;PUBLIC;Enseignement primaire;28 RUE CHARLES AURAY 93500 PANTIN;93500;PANTIN;93;Île-de-France;11;11;11;10 à 19 salariés;19;N;ETI;58;1983-12-21;42.53251197809719;48.890433998;2.4152684553;False;7210;[];"[""0930343T""]";84.11Z;2026-06-15T15:56:28.720861;70;CHAUDE;9500;1900
21930070400067;219300704;COMMUNE DE ST OUEN-SUR-SEINE;ECOLE MATERNELLE PUB PAUL LANGEVIN;;85.10Z;PUB_ECOLE;PUBLIC;Enseignement pré-primaire;9 RUE DU DOCTEUR LEONCE BASSET 93400 SAINT-OUEN-SUR-SEINE;93400;SAINT-OUEN-SUR-SEINE;93;Île-de-France;11;11;11;10 à 19 salariés;19;N;ETI;56;1983-12-21;42.53251197809719;48.915746817;2.3339066806;False;7210;[];"[""0931311V""]";84.11Z;2026-06-15T15:56:28.720861;70;CHAUDE;9500;1900
21930070400075;219300704;COMMUNE DE ST OUEN-SUR-SEINE;ECOLE ELEMENTAIRE PUB PAUL LANGEVIN;;85.20Z;PUB_ECOLE;PUBLIC;Enseignement primaire;6 RUE DU DOCTEUR LEONCE BASSET 93400 SAINT-OUEN-SUR-SEINE;93400;SAINT-OUEN-SUR-SEINE;93;Île-de-France;11;11;11;10 à 19 salariés;19;N;ETI;56;1983-12-21;42.53251197809719;48.916068835;2.3329487796;False;7210;[];"[""0931083X""]";84.11Z;2026-06-15T15:56:28.720861;70;CHAUDE;9500;1900
21910064100063;219100641;COMMUNE DE BIEVRES;CENTRE DE PROTECTION INFANTILE;;86.22C;PRIV_SANTE_CABINET;PRIVE;Pratique médicale;ECOLE MATERNELLE EAUX VIVE ALLEE DES CASTORS 91570 BIEVRES;91570;BIEVRES;91;Île-de-France;11;22;22;100 à 199 salariés;199;N;PME;9;1998-01-30;28.421629021218344;48.755227455;2.2226108192;False;7210;[];[];84.11Z;2026-06-15T15:56:24.061276;70;CHAUDE;179100;35820
21910312400067;219103124;COMMUNE D IGNY;ECOLE PRIMAIRE JEAN-BAPTISTE COROT;;85.20Z;PUB_ECOLE;PUBLIC;Enseignement primaire;5 RUE DE L'EGLISE 91430 IGNY;91430;IGNY;91;Île-de-France;11;12;12;20 à 49 salariés;49;N;ETI;9;1983-12-21;42.53251197809719;48.7412618520881;2.22554267128457;False;7210;[];"[""0910371J""]";84.11Z;2026-06-15T15:56:24.061276;70;CHAUDE;24500;4900
21910587100061;219105871;COMMUNE DE SAULX LES CHARTREUX;CENTRE DE PROTECTION INFANTILE;;86.22C;PRIV_SANTE_CABINET;PRIVE;Pratique médicale;46 RUE DE LA DIVISION LECLERC 91160 SAULX-LES-CHARTREUX;91160;SAULX-LES-CHARTREUX;91;Île-de-France;11;31;31;200 à 249 salariés;249;N;PME;9;1998-01-30;28.421629021218344;48.692329146;2.2653183633;False;7210;[];[];84.11Z;2026-06-15T15:56:24.476045;70;CHAUDE;224100;44820
21930055500063;219300555;COMMUNE DE PANTIN;ECOLE ELEMENTAIRE PUBLIQUE  C AURAY;;85.20Z;PUB_ECOLE;PUBLIC;Enseignement primaire;30 RUE CHARLES AURAY 93500 PANTIN;93500;PANTIN;93;Île-de-France;11;11;11;10 à 19 salariés;19;O;ETI;58;1983-12-21;42.53251197809719;48.8903815360491;2.41551984851812;False;7210;[];"[""0930226R""]";84.11Z;2026-06-15T15:56:28.720861;70;CHAUDE;9500;1900
21930055500089;219300555;COMMUNE DE PANTIN;ECOLE MATERNELLE PUB H COCHENNEC;;85.10Z;PUB_ECOLE;PUBLIC;Enseignement pré-primaire;35 RUE FORMAGNE 93500 PANTIN;93500;PANTIN;93;Île-de-France;11;11;11;10 à 19 salariés;19;N;ETI;58;1983-12-21;42.53251197809719;48.892659967;2.4222119943;False;7210;[];"[""0930983N""]";84.11Z;2026-06-15T15:56:28.720861;70;CHAUDE;9500;1900
21930055500097;219300555;COMMUNE DE PANTIN;ECOLE ELEMENTAIRE PUBLIQUE H WALLON;;85.20Z;PUB_ECOLE;PUBLIC;Enseignement primaire;30 AVENUE ANATOLE FRANCE 93500 PANTIN;93500;PANTIN;93;Île-de-France;11;11;11;10 à 19 salariés;19;N;ETI;58;1983-12-21;42.53251197809719;48.893632821;2.4242981806;False;7210;[];"[""0931910W""]";84.11Z;2026-06-15T15:56:28.720861;70;CHAUDE;9500;1900
21930055500105;219300555;COMMUNE DE PANTIN;ECOLE MATERNELLE PUB JOLIOT-CURIE;;85.10Z;PUB_ECOLE;PUBLIC;Enseignement pré-primaire;25 RUE DES GRILLES 93500 PANTIN;93500;PANTIN;93;Île-de-France;11;11;11;10 à 19 salariés;19;N;ETI;58;1983-12-21;42.53251197809719;48.890870996;2.4057003027;False;7210;[];"[""0930560D""]";84.11Z;2026-06-15T15:56:28.720861;70;CHAUDE;9500;1900
21930010000084;219300100;COMMUNE DE BONDY;ECOLE ELEMENTAIRE PUB JULES FERRY;;85.20Z;PUB_ECOLE;PUBLIC;Enseignement primaire;136 RUE LOUIS AUGUSTE BLANQUI 93140 BONDY;93140;BONDY;93;Île-de-France;11;12;12;20 à 49 salariés;49;N;ETI;42;1983-12-21;42.53251197809719;48.8979455384357;2.49023562452993;False;7210;[];"[""0930271P""]";84.11Z;2026-06-15T15:56:28.720861;70;CHAUDE;24500;4900
21930010000100;219300100;COMMUNE DE BONDY;ECOLE PRIMAIRE ASSIA DJEBAR;;85.20Z;PUB_ECOLE;PUBLIC;Enseignement primaire;2 RUE FRANCOIS COLLET 93140 BONDY;93140;BONDY;93;Île-de-France;11;12;12;20 à 49 salariés;49;N;ETI;42;1983-12-21;42.53251197809719;48.895476328;2.4895216415;False;7210;[];"[""0930453M""]";84.11Z;2026-06-15T15:56:28.721861;70;CHAUDE;24500;4900
21930006800059;219300068;COMMUNE DE BAGNOLET;ECOLE MATERNELLE HENRI BARBUSSE;;85.10Z;PUB_ECOLE;PUBLIC;Enseignement pré-primaire;5 RUE CAMELINAT 93170 BAGNOLET;93170;BAGNOLET;93;Île-de-France;11;11;11;10 à 19 salariés;19;N;ETI;39;1983-12-21;42.53251197809719;48.867634626;2.4255415252;False;7210;[];"[""0930422D""]";84.11Z;2026-06-15T15:56:29.335496;70;CHAUDE;9500;1900
21930006800067;219300068;COMMUNE DE BAGNOLET;ECOLE ELEMENTAIRE PUB JULES VERNE;;85.20Z;PUB_ECOLE;PUBLIC;Enseignement primaire;48 RUE PIERRE ET MARIE CURIE 93170 BAGNOLET;93170;BAGNOLET;93;Île-de-France;11;11;11;10 à 19 salariés;19;N;ETI;39;1983-12-21;42.53251197809719;48.871324635;2.4243893258;False;7210;[];"[""0930559C""]";84.11Z;2026-06-15T15:56:29.335496;70;CHAUDE;9500;1900
21930006800075;219300068;COMMUNE DE BAGNOLET;ECOLE ELEMENTAIRE PUB HENRI WALLON;;85.20Z;PUB_ECOLE;PUBLIC;Enseignement primaire;48 RUE PIERRE ET MARIE CURIE 93170 BAGNOLET;93170;BAGNOLET;93;Île-de-France;11;11;11;10 à 19 salariés;19;N;ETI;39;1983-12-21;42.53251197809719;48.871324635;2.4243893258;False;7210;[];"[""0930378F""]";84.11Z;2026-06-15T15:56:29.335496;70;CHAUDE;9500;1900
26940106300459;269401063;GROUPE HOSPITALIER FONDATION VALLEE - PAUL GUIRAUD;CTRE ACCUEIL THERAPEUTIQUE TEMPS PARTIEL;;86.10Z;PUB_HOPITAL;PUBLIC;Activités hospitalières;7 RUE DU PARC DE CACHAN 94230 CACHAN;94230;CACHAN;94;Île-de-France;11;3;3;6 à 9 salariés;9;O;ETI;95;1904-04-04;122.24503764544832;48.792206778;2.3363348549;False;7364;"[""940000433""]";[];86.10Z;2026-06-15T15:56:57.423917;70;CHAUDE;9000;1800
26940106300467;269401063;GROUPE HOSPITALIER FONDATION VALLEE - PAUL GUIRAUD;CMP - CATTP 94G17;;86.10Z;PUB_HOPITAL;PUBLIC;Activités hospitalières;13 SQUARE DU 19 MARS 1962 94260 FRESNES;94260;FRESNES;94;Île-de-France;11;11;11;10 à 19 salariés;19;O;ETI;95;1989-04-01;37.2539356605065;48.755804042;2.3215720032;False;7364;"[""940000458""]";[];86.10Z;2026-06-15T15:56:57.423917;70;CHAUDE;19000;3800
77567634900241;775676349;FONDATION L ELAN RETROUVE;;;86.10Z;PUB_HOPITAL;PUBLIC;Activités hospitalières;14 ALLEE LOUIS BREGUET 94310 ORLY;94310;ORLY;94;Île-de-France;11;11;11;10 à 19 salariés;19;O;ETI;51;2012-11-01;13.66735112936345;48.747471721;2.413845993;False;9300;[];[];86.10Z;2026-06-15T15:56:57.423917;70;CHAUDE;19000;3800
39407390200204;394073902;NEPHROCARE ILE DE FRANCE (NEPHROCARE) (ANPHUSA);NEPHOCARE ILE DE FRANCE CRETEIL;ANPHUSA;86.10Z;PUB_HOPITAL;PUBLIC;Activités hospitalières;CENTRE COMMERCIAL L'ECHAT AVENUE DU GENERAL DE GAULLE 94000 CRETEIL;94000;CRETEIL;94;Île-de-France;11;11;11;10 à 19 salariés;19;O;ETI;25;2010-12-02;15.58384668035592;48.796797258;2.4487808833;False;5710;"[""940000078""]";[];86.10Z;2026-06-15T15:56:57.423917;70;CHAUDE;19000;3800
17780231100304;177802311;DIRECTION REGIONALE DES DOUANES PARIS-OUEST (DRD);BUREAU DOUANE POSTAL;DRD;84.11Z;PUB_MAIRIE;PUBLIC;Administration publique générale;575 RUE DU BERGER 91320 WISSOUS;91320;WISSOUS;91;Île-de-France;11;12;12;20 à 49 salariés;49;O;PME;27;2021-07-01;5.004791238877481;48.719798314;2.3324648005;False;7172;[];[];84.11Z;2026-06-15T15:56:23.574822;70;CHAUDE;26950;5390
21910661400056;219106614;COMMUNE DE VILLEBON SUR YVETTE;ECOLE PRIMAIRE PUBLIQUE LA ROCHE;;85.20Z;PUB_ECOLE;PUBLIC;Enseignement primaire;PL DU HUIT MAI 1945 91140 VILLEBON SUR YVETTE;91140;VILLEBON SUR YVETTE;91;Île-de-France;11;12;12;20 à 49 salariés;49;N;ETI;14;1983-12-21;42.53251197809719;48.699791114;2.2436880953;False;7210;[];"[""0910392G""]";84.11Z;2026-06-15T15:56:23.574822;70;CHAUDE;24500;4900
21930006800091;219300068;COMMUNE DE BAGNOLET;ECOLE ELEMENTAIRE PUB JOLIOT CURIE;;85.20Z;PUB_ECOLE;PUBLIC;Enseignement primaire;78 AVENUE DE LA DHUYS 93170 BAGNOLET;93170;BAGNOLET;93;Île-de-France;11;11;11;10 à 19 salariés;19;N;ETI;39;1983-12-21;42.53251197809719;48.8731847861784;2.41794872598822;False;7210;[];"[""0930169D""]";84.11Z;2026-06-15T15:56:29.335496;70;CHAUDE;9500;1900
21930006800109;219300068;COMMUNE DE BAGNOLET;ECOLE MATERNELLE JULES FERRY;;85.10Z;PUB_ECOLE;PUBLIC;Enseignement pré-primaire;33 RUE PAUL BERT 93170 BAGNOLET;93170;BAGNOLET;93;Île-de-France;11;11;11;10 à 19 salariés;19;N;ETI;39;1983-12-21;42.53251197809719;48.8584277696215;2.41799364276963;False;7210;[];"[""0930478P""]";84.11Z;2026-06-15T15:56:29.335496;70;CHAUDE;9500;1900
21930031600045;219300316;COMMUNE D EPINAY SUR SEINE;ECOLE MATERNELLE PUB R ROLLAND;;85.10Z;PUB_ECOLE;PUBLIC;Enseignement pré-primaire;45 RUE DE L'AVENIR 93800 EPINAY-SUR-SEINE;93800;EPINAY-SUR-SEINE;93;Île-de-France;11;11;11;10 à 19 salariés;19;N;ETI;36;1983-12-21;42.53251197809719;48.95403213;2.3301437586;False;7210;[];"[""0931408A""]";84.11Z;2026-06-15T15:56:29.336511;70;CHAUDE;9500;1900
21930031600060;219300316;COMMUNE D EPINAY SUR SEINE;ECOLE ELEMENTAIRE PUB JJ ROUSSEAU 2;;85.20Z;PUB_ECOLE;PUBLIC;Enseignement primaire;SQUARE DE CHERBOURG 93800 EPINAY-SUR-SEINE;93800;EPINAY-SUR-SEINE;93;Île-de-France;11;11;11;10 à 19 salariés;19;N;ETI;36;1983-12-21;42.53251197809719;48.958818142;2.2923509397;False;7210;[];"[""0930285E""]";84.11Z;2026-06-15T15:56:29.336511;70;CHAUDE;9500;1900
21930031600078;219300316;COMMUNE D EPINAY SUR SEINE;ECOLE ELEMENTAIRE PUB JJ ROUSSEAU 1;;85.20Z;PUB_ECOLE;PUBLIC;Enseignement primaire;1 SQUARE DE CHERBOURG 93800 EPINAY-SUR-SEINE;93800;EPINAY-SUR-SEINE;93;Île-de-France;11;11;11;10 à 19 salariés;19;N;ETI;36;1983-12-21;42.53251197809719;48.959089717;2.2921519591;False;7210;[];"[""0930161V""]";84.11Z;2026-06-15T15:56:29.336511;70;CHAUDE;9500;1900
21930031600094;219300316;COMMUNE D EPINAY SUR SEINE;ECOLE ELEMENTAIRE PUB LACEPEDE 1;;85.20Z;PUB_ECOLE;PUBLIC;Enseignement primaire;5 RUE DE LA CHEVRETTE 93800 EPINAY-SUR-SEINE;93800;EPINAY-SUR-SEINE;93;Île-de-France;11;11;11;10 à 19 salariés;19;N;ETI;36;1983-12-21;42.53251197809719;48.957160789;2.3147552533;False;7210;[];"[""0931625L""]";84.11Z;2026-06-15T15:56:29.336511;70;CHAUDE;9500;1900
21930031600102;219300316;COMMUNE D EPINAY SUR SEINE;ECOLE ELEMENTAIRE PUB LACEPEDE 2;;85.20Z;PUB_ECOLE;PUBLIC;Enseignement primaire;5 RUE DE LA CHEVRETTE 93800 EPINAY-SUR-SEINE;93800;EPINAY-SUR-SEINE;93;Île-de-France;11;11;11;10 à 19 salariés;19;N;ETI;36;1983-12-21;42.53251197809719;48.957160789;2.3147552533;False;7210;[];"[""0931581N""]";84.11Z;2026-06-15T15:56:29.336511;70;CHAUDE;9500;1900
21930047200053;219300472;COMMUNE DE MONTFERMEIL;ECOLE ELEMENTAIRE PUB  VICTOR HUGO;;85.20Z;PUB_ECOLE;PUBLIC;Enseignement primaire;60 BOULEVARD BARGUE 93370 MONTFERMEIL;93370;MONTFERMEIL;93;Île-de-France;11;12;12;20 à 49 salariés;49;N;ETI;36;1983-12-21;42.53251197809719;48.9015693464011;2.5583592235466;False;7210;[];"[""0930840H""]";84.11Z;2026-06-15T15:56:29.336511;70;CHAUDE;24500;4900
38353855000104;383538550;DIAVERUM SAINT-DENIS;;;86.10Z;PUB_HOPITAL;PUBLIC;Activités hospitalières;12 B RUE SAINT-MAUR 75011 PARIS;75011;PARIS;75;Île-de-France;11;3;3;6 à 9 salariés;9;N;ETI;12;2022-06-30;4.008213552361396;48.859556461;2.3827809622;False;5710;"[""750047318""]";[];86.10Z;2026-06-15T15:56:46.017528;70;CHAUDE;9000;1800
21930053000058;219300530;COMMUNE DE NOISY LE SEC;ECOLE ELEMENTAIRE PIERRE LERENARD;;85.20Z;PUB_ECOLE;PUBLIC;Enseignement primaire;115 RUE DE L'AVENIR 93130 NOISY-LE-SEC;93130;NOISY-LE-SEC;93;Île-de-France;11;12;12;20 à 49 salariés;49;N;ETI;34;1983-12-21;42.53251197809719;48.880976483;2.4577688901;False;7210;[];"[""0930152K""]";84.11Z;2026-06-15T15:56:29.337511;70;CHAUDE;24500;4900
21930053000082;219300530;COMMUNE DE NOISY LE SEC;ECOLE ELEMENTAIRE PUB PAUL LANGEVIN;;85.20Z;PUB_ECOLE;PUBLIC;Enseignement primaire;11 AVENUE DU 18 AVRIL 1944 93130 NOISY-LE-SEC;93130;NOISY-LE-SEC;93;Île-de-France;11;12;12;20 à 49 salariés;49;N;ETI;34;1983-12-21;42.53251197809719;48.885844732;2.4594105281;False;7210;[];"[""0931274E""]";84.11Z;2026-06-15T15:56:29.337511;70;CHAUDE;24500;4900
21930064700068;219300647;COMMUNE DE ROSNY-SOUS-BOIS;ECOLE ELEMENTAIRE PUB PAUL PAINLEVE;;85.20Z;PUB_ECOLE;PUBLIC;Enseignement primaire;50 RUE PHILIBERT HOFFMANN 93110 ROSNY-SOUS-BOIS;93110;ROSNY-SOUS-BOIS;93;Île-de-France;11;12;12;20 à 49 salariés;49;N;ETI;36;1983-12-21;42.53251197809719;48.880664;2.486851116;False;7210;[];[];84.11Z;2026-06-15T15:56:29.337511;70;CHAUDE;24500;4900
21930064700084;219300647;COMMUNE DE ROSNY-SOUS-BOIS;ECOLE ELEMENTAIRE HENRI MONDOR;;85.20Z;PUB_ECOLE;PUBLIC;Enseignement primaire;10 RUE HENRI MONDOR 93110 ROSNY-SOUS-BOIS;93110;ROSNY-SOUS-BOIS;93;Île-de-France;11;12;12;20 à 49 salariés;49;N;ETI;36;1983-12-21;42.53251197809719;48.869047789;2.4964673262;False;7210;[];"[""0931467P""]";84.11Z;2026-06-15T15:56:29.337511;70;CHAUDE;24500;4900
21910432000052;219104320;COMMUNE DE MORANGIS;ECOLE ELEMENTAIRE LOUIS MOREAU;;85.20Z;PUB_ECOLE;PUBLIC;Enseignement primaire;4 AVENUE CHARLES DE GAULLE 91420 MORANGIS;91420;MORANGIS;91;Île-de-France;11;12;12;20 à 49 salariés;49;N;ETI;12;1983-12-21;42.53251197809719;48.7051903908938;2.33658510566393;False;7210;[];"[""0910497W""]";84.11Z;2026-06-15T15:56:23.575822;70;CHAUDE;24500;4900
21910645700076;219106457;COMMUNE DE VERRIERES LE BUISSON;ECOLE ELEMENTAIRE DAVID REGNIER - PAUL FORT;;85.20Z;PUB_ECOLE;PUBLIC;Enseignement primaire;1 RUE FABRE 91370 VERRIERES-LE-BUISSON;91370;VERRIERES-LE-BUISSON;91;Île-de-France;11;12;12;20 à 49 salariés;49;N;ETI;11;1983-12-21;42.53251197809719;48.743788477;2.2626732784;False;7210;[];"[""0910390E""]";84.11Z;2026-06-15T15:56:24.060276;70;CHAUDE;24500;4900
26940115400118;269401154;CENTRE HOSPITALIER INTERCOMMUNAL CRETEIL;C A S E A;;86.21Z;PRIV_SANTE_CABINET;PRIVE;Pratique médicale générale;5 RUE CARNOT 94600 CHOISY-LE-ROI;94600;CHOISY-LE-ROI;94;Île-de-France;11;51;51;2000 à 4999 salariés;4999;N;ETI;14;1997-02-25;29.349760438056126;48.76613365;2.4081790863;False;7364;[];[];86.10Z;2026-06-15T15:56:57.423917;70;CHAUDE;4499100;899820
26940115400126;269401154;CENTRE HOSPITALIER INTERCOMMUNAL CRETEIL;HOPITAL DE JOUR POUR ENFANTS USDM;;86.10Z;PUB_HOPITAL;PUBLIC;Activités hospitalières;49 B AVENUE LEDRU-ROLLIN 94170 LE PERREUX-SUR-MARNE;94170;LE PERREUX-SUR-MARNE;94;Île-de-France;11;11;11;10 à 19 salariés;19;N;ETI;14;2006-09-13;19.802874743326488;48.841559704;2.4992692247;False;7364;[];[];86.10Z;2026-06-15T15:56:57.423917;70;CHAUDE;19000;3800
26940120400053;269401204;CENTRE HOSPITALIER INTERCOMMUNAL DE VILLENEUVE-SAINT-GEORGES (CHIV);CENTRE D'HYGIENE ALIMENTAIRE VERLAINE;CHIV;86.21Z;PRIV_SANTE_CABINET;PRIVE;Pratique médicale générale;14 PLACE PIERRE SEMARD 94190 VILLENEUVE-SAINT-GEORGES;94190;VILLENEUVE-SAINT-GEORGES;94;Île-de-France;11;51;51;2000 à 4999 salariés;4999;O;ETI;11;1984-12-11;41.55783709787816;48.729602864;2.4471242506;False;7364;[];[];86.10Z;2026-06-15T15:56:57.424952;70;CHAUDE;4499100;899820
21930057100110;219300571;COMMUNE DE PAVILLONS SOUS BOIS;BIBLIOTHEQUE MUNICIPALE;;91.01Z;PUB_MUSEE;PUBLIC;Gestion des bibliothèques;MAIRIE 144 AVENUE JEAN JAURES 93320 LES PAVILLONS-SOUS-BOIS;93320;LES PAVILLONS-SOUS-BOIS;93;Île-de-France;11;41;41;500 à 999 salariés;999;N;ETI;25;1970-08-07;55.90417522245038;48.902781701;2.5068118647;False;7210;[];[];84.11Z;2026-06-15T15:56:29.339515;70;CHAUDE;649350;129870
17770232100031;177702321;DIRECTION REGIONALE DES DOUANES PARIS-EST (DRD);DIVISION SEINE ST DENIS 1;DRD;84.11Z;PUB_MAIRIE;PUBLIC;Administration publique générale;GARONOR 93600 AULNAY-SOUS-BOIS;93600;AULNAY-SOUS-BOIS;93;Île-de-France;11;12;12;20 à 49 salariés;49;N;PME;26;1988-10-03;37.74674880219028;48.9550304339063;2.47025474201801;False;7172;[];[];84.11Z;2026-06-15T15:56:29.339515;70;CHAUDE;26950;5390
17770232100106;177702321;DIRECTION REGIONALE DES DOUANES PARIS-EST (DRD);RECETTE PRINCIPALE DE BLANC MESNIL;DRD;84.11Z;PUB_MAIRIE;PUBLIC;Administration publique générale;GARONOR 93600 AULNAY-SOUS-BOIS;93600;AULNAY-SOUS-BOIS;93;Île-de-France;11;12;12;20 à 49 salariés;49;N;PME;26;1988-09-03;37.828884325804246;48.9580315320936;2.46948225054882;False;7172;[];[];84.11Z;2026-06-15T15:56:29.339515;70;CHAUDE;26950;5390
21930045600080;219300456;COMMUNE DES LILAS;ECOLE ELEMENTAIRE ROMAIN ROLLAND;;85.20Z;PUB_ECOLE;PUBLIC;Enseignement primaire;49 RUE ROMAIN ROLLAND 93260 LES LILAS;93260;LES LILAS;93;Île-de-France;11;11;11;10 à 19 salariés;19;N;ETI;22;1983-12-21;42.53251197809719;48.878998072;2.4177678583;False;7210;[];"[""0930368V""]";84.11Z;2026-06-15T15:56:29.340511;70;CHAUDE;9500;1900
21930077900077;219300779;COMMUNE DE VILLEMOMBLE;ECOLE ELEMENTAIRE LECLERC;;85.20Z;PUB_ECOLE;PUBLIC;Enseignement primaire;21 B AVENUE DU GENERAL LECLERC 93250 VILLEMOMBLE;93250;VILLEMOMBLE;93;Île-de-France;11;12;12;20 à 49 salariés;49;N;ETI;34;1983-12-21;42.53251197809719;48.885197478;2.5136137016;False;7210;[];"[""0931422R""]";84.11Z;2026-06-15T15:56:29.339515;70;CHAUDE;24500;4900
21930063900040;219300639;COMMUNE DE ROMAINVILLE;ECOLE MATERNELLE PUB MARCEL CACHIN;;85.10Z;PUB_ECOLE;PUBLIC;Enseignement pré-primaire;35 RUE MADELEINE ODRU 93230 ROMAINVILLE;93230;ROMAINVILLE;93;Île-de-France;11;11;11;10 à 19 salariés;19;N;ETI;29;1983-12-21;42.53251197809719;48.879428154;2.4311859399;False;7210;[];"[""0930584E""]";84.11Z;2026-06-15T15:56:29.339515;70;CHAUDE;9500;1900
21930063900073;219300639;COMMUNE DE ROMAINVILLE;ECOLE ELEMENTAIRE LANGEVIN-WALLON;;85.20Z;PUB_ECOLE;PUBLIC;Enseignement primaire;36 RUE DES CHANTALOUPS 93230 ROMAINVILLE;93230;ROMAINVILLE;93;Île-de-France;11;12;12;20 à 49 salariés;49;N;ETI;29;1983-12-21;42.53251197809719;48.891369606;2.4365312646;False;7210;[];"[""0930159T""]";84.11Z;2026-06-15T15:56:29.339515;70;CHAUDE;24500;4900
21930063900107;219300639;COMMUNE DE ROMAINVILLE;ECOLE ELEMENTAIRE PAUL VAILLANT-COUTURIER;;85.20Z;PUB_ECOLE;PUBLIC;Enseignement primaire;26 AVENUE PAUL VAILLANT - COUTURIER 93230 ROMAINVILLE;93230;ROMAINVILLE;93;Île-de-France;11;11;11;10 à 19 salariés;19;N;ETI;29;1983-12-21;42.53251197809719;48.8855504960661;2.43483645057934;False;7210;[];"[""0931305N""]";84.11Z;2026-06-15T15:56:29.339515;70;CHAUDE;9500;1900
82875467100018;828754671;NEPHROCARE SALON DE PROVENCE;;;86.10Z;PUB_HOPITAL;PUBLIC;Activités hospitalières;47 AVENUE DES PEPINIERES 94260 FRESNES;94260;FRESNES;94;Île-de-France;11;11;11;10 à 19 salariés;19;N;ETI;5;2017-03-28;9.264887063655031;48.7527654062126;2.33900766124858;True;5710;[];[];86.10Z;2026-06-15T15:56:57.424952;70;CHAUDE;19000;3800
21910377700070;219103777;COMMUNE DE MASSY;ECOLE ELEMENTAIRE LEON GAMBETTA;;85.20Z;PUB_ECOLE;PUBLIC;Enseignement primaire;42 RUE MAX DORMOY 91300 MASSY;91300;MASSY;91;Île-de-France;11;12;12;20 à 49 salariés;49;N;ETI;42;1983-12-21;42.53251197809719;48.73109835;2.2750086666;False;7210;[];"[""0910484G""]";84.11Z;2026-06-15T15:56:23.164665;70;CHAUDE;24500;4900
21910027800064;219100278;COMMUNE D ATHIS MONS;ECOLE ELEMENTAIRE SAINT-EXUPERY;;85.20Z;PUB_ECOLE;PUBLIC;Enseignement primaire;4 SENTE DU CHEMIN DE FER 91200 ATHIS-MONS;91200;ATHIS-MONS;91;Île-de-France;11;12;12;20 à 49 salariés;49;N;ETI;29;1983-12-21;42.53251197809719;48.714519104;2.401846638;False;7210;[];"[""0911720A""]";84.11Z;2026-06-15T15:56:23.165666;70;CHAUDE;24500;4900
21910027800072;219100278;COMMUNE D ATHIS MONS;ECOLE ELEMENTAIRE JULES FERRY;;85.20Z;PUB_ECOLE;PUBLIC;Enseignement primaire;31 AVENUE FRANCOIS MITTERRAND 91200 ATHIS-MONS;91200;ATHIS-MONS;91;Île-de-France;11;12;12;20 à 49 salariés;49;N;ETI;29;1983-12-21;42.53251197809719;48.700544719;2.3716578547;False;7210;[];"[""0910268X""]";84.11Z;2026-06-15T15:56:23.165666;70;CHAUDE;24500;4900
21910027800106;219100278;COMMUNE D ATHIS MONS;ECOLE ELEMENTAIRE JEAN JAURES;;85.20Z;PUB_ECOLE;PUBLIC;Enseignement primaire;100 AVENUE JEAN JAURES 91200 ATHIS-MONS;91200;ATHIS-MONS;91;Île-de-France;11;12;12;20 à 49 salariés;49;N;ETI;29;1983-12-21;42.53251197809719;48.700264642;2.3866276029;False;7210;[];"[""0910267W""]";84.11Z;2026-06-15T15:56:23.165666;70;CHAUDE;24500;4900
49346574400024;493465744;IRM CHARENTON - SAINT MAURICE;;;86.10Z;PUB_HOPITAL;PUBLIC;Activités hospitalières;22-24 22 RUE VICTOR HUGO 94220 CHARENTON-LE-PONT;94220;CHARENTON-LE-PONT;94;Île-de-France;11;3;3;6 à 9 salariés;9;O;PME;2;2008-06-27;18.015058179329227;48.82054913;2.4131781418;True;5499;"[""940011208""]";[];86.10Z;2026-06-15T15:56:57.682966;70;CHAUDE;9000;1800
44149641100014;441496411;SEL RADIODIAGNOSTIC;;;86.10Z;PUB_HOPITAL;PUBLIC;Activités hospitalières;27 RUE DE LA REPUBLIQUE 94220 CHARENTON-LE-PONT;94220;CHARENTON-LE-PONT;94;Île-de-France;11;3;3;6 à 9 salariés;9;O;PME;1;2002-03-26;24.27104722792608;48.82303549;2.4181191715;True;5485;[];[];86.10Z;2026-06-15T15:56:57.682966;70;CHAUDE;9000;1800
21930013400133;219300134;COMMUNE DU BOURGET;DISPENSAIRE PLUS PMI;;86.22C;PRIV_SANTE_CABINET;PRIVE;Pratique médicale;84 AVENUE DE LA DIVISION LECLERC 93350 LE BOURGET;93350;LE BOURGET;93;Île-de-France;11;41;41;500 à 999 salariés;999;N;ETI;25;1989-12-25;36.5201916495551;48.936521899;2.4279581702;False;7210;[];[];84.11Z;2026-06-15T15:56:29.340511;70;CHAUDE;899100;179820
21930030800083;219300308;COMMUNE DE DUGNY;ECOLE ELEMENTAIRE PUB  JEAN JAURES;;85.20Z;PUB_ECOLE;PUBLIC;Enseignement primaire;3 AVENUE DU GENERAL DE GAULLE 93440 DUGNY;93440;DUGNY;93;Île-de-France;11;12;12;20 à 49 salariés;49;N;ETI;18;1983-12-21;42.53251197809719;48.9495096843455;2.41541787405503;False;7210;[];"[""0930389T""]";84.11Z;2026-06-15T15:56:29.340511;70;CHAUDE;24500;4900
21930030800091;219300308;COMMUNE DE DUGNY;BIBLIOTHEQUE MUNICIPALE;;91.01Z;PUB_MUSEE;PUBLIC;Gestion des bibliothèques;ESPACE VICTOR HUGO AVENUE AMBROISE CROIZAT 93440 DUGNY;93440;DUGNY;93;Île-de-France;11;41;41;500 à 999 salariés;999;N;ETI;18;1970-08-07;55.90417522245038;48.955086442;2.4162577791;False;7210;[];[];84.11Z;2026-06-15T15:56:29.340511;70;CHAUDE;649350;129870
21930030800109;219300308;COMMUNE DE DUGNY;CENTRE MUNICIPAL DE SANTE;;86.21Z;PRIV_SANTE_CABINET;PRIVE;Pratique médicale générale;8 RUE ARTHUR NEIBECKER 93440 DUGNY;93440;DUGNY;93;Île-de-France;11;41;41;500 à 999 salariés;999;N;ETI;18;1996-12-25;29.51950718685832;48.955398703;2.4188940811;False;7210;"[""930010814"", ""930018502""]";[];84.11Z;2026-06-15T15:56:29.340511;70;CHAUDE;899100;179820
21930061300037;219300613;COMMUNE DE PRE SAINT GERVAIS;ECOLE ELEMENTAIRE ANATOLE FRANCE;;85.20Z;PUB_ECOLE;PUBLIC;Enseignement primaire;PLACE ANATOLE FRANCE 93310 LE PRE-SAINT-GERVAIS;93310;LE PRE-SAINT-GERVAIS;93;Île-de-France;11;11;11;10 à 19 salariés;19;N;ETI;14;1983-12-21;42.53251197809719;48.883619466;2.4029645702;False;7210;[];"[""0931303L""]";84.11Z;2026-06-15T15:56:29.340511;70;CHAUDE;9500;1900
21930061300060;219300613;COMMUNE DE PRE SAINT GERVAIS;ECOLE ELEMENTAIRE PUB JEAN JAURES;;85.20Z;PUB_ECOLE;PUBLIC;Enseignement primaire;34 AVENUE JEAN JAURES 93310 LE PRE-SAINT-GERVAIS;93310;LE PRE-SAINT-GERVAIS;93;Île-de-France;11;11;11;10 à 19 salariés;19;N;ETI;14;1983-12-21;42.53251197809719;48.883923062;2.4071964163;False;7210;[];"[""0930198K""]";84.11Z;2026-06-15T15:56:29.340511;70;CHAUDE;9500;1900
21930061300078;219300613;COMMUNE DE PRE SAINT GERVAIS;ECOLE ELEMENTAIRE PIERRE BROSSOLETTE;;85.20Z;PUB_ECOLE;PUBLIC;Enseignement primaire;34 AVENUE JEAN JAURES 93310 LE PRE-SAINT-GERVAIS;93310;LE PRE-SAINT-GERVAIS;93;Île-de-France;11;11;11;10 à 19 salariés;19;N;ETI;14;1983-12-21;42.53251197809719;48.883923062;2.4071964163;False;7210;[];"[""0930320T""]";84.11Z;2026-06-15T15:56:29.340511;70;CHAUDE;9500;1900
21930079500032;219300795;COMMUNE DE VILLETANEUSE;ECOLE MATERNELLE PUB J QUATREMAIRE;;85.10Z;PUB_ECOLE;PUBLIC;Enseignement pré-primaire;11 T RUE CARNOT 93430 VILLETANEUSE;93430;VILLETANEUSE;93;Île-de-France;11;11;11;10 à 19 salariés;19;N;ETI;13;1983-12-21;42.53251197809719;48.953620266;2.3392193776;False;7210;[];"[""0931525C""]";84.11Z;2026-06-15T15:56:29.340511;70;CHAUDE;9500;1900
21930079500040;219300795;COMMUNE DE VILLETANEUSE;ECOLE ELEMENTAIRE APPLI J-B CLEMENT;;85.20Z;PUB_ECOLE;PUBLIC;Enseignement primaire;4 PLACE JEAN-BAPTISTE CLEMENT 93430 VILLETANEUSE;93430;VILLETANEUSE;93;Île-de-France;11;12;12;20 à 49 salariés;49;N;ETI;13;1983-12-21;42.53251197809719;48.962199508;2.3426458699;False;7210;[];"[""0931424T""]";84.11Z;2026-06-15T15:56:29.340511;70;CHAUDE;24500;4900
21930079500057;219300795;COMMUNE DE VILLETANEUSE;ECOLE ELEMENTAIRE PUB  P LANGEVIN;;85.20Z;PUB_ECOLE;PUBLIC;Enseignement primaire;172 AVENUE DE LA DIVISION LECLERC 93430 VILLETANEUSE;93430;VILLETANEUSE;93;Île-de-France;11;11;11;10 à 19 salariés;19;N;ETI;13;1983-12-21;42.53251197809719;48.9519241960487;2.34300832330859;False;7210;[];"[""0931000G""]";84.11Z;2026-06-15T15:56:29.340511;70;CHAUDE;9500;1900
21930057100060;219300571;COMMUNE DE PAVILLONS SOUS BOIS;ECOLE ELEMENTAIRE JULIE-VICTOIRE DAUBIE;;85.20Z;PUB_ECOLE;PUBLIC;Enseignement primaire;55 AVENUE ARISTIDE BRIAND 93320 LES PAVILLONS-SOUS-BOIS;93320;LES PAVILLONS-SOUS-BOIS;93;Île-de-France;11;12;12;20 à 49 salariés;49;N;ETI;25;1983-12-21;42.53251197809719;48.9085495016183;2.49780048979126;False;7210;[];"[""0932658J"", ""0930147E""]";84.11Z;2026-06-15T15:56:29.339515;70;CHAUDE;24500;4900
21930079500115;219300795;COMMUNE DE VILLETANEUSE;BIBLIOTHEQUE MUNICIPALE;;91.01Z;PUB_MUSEE;PUBLIC;Gestion des bibliothèques;MAIRIE 2 AVENUE JEAN JAURES 93430 VILLETANEUSE;93430;VILLETANEUSE;93;Île-de-France;11;32;32;250 à 499 salariés;499;N;ETI;13;1970-08-07;55.90417522245038;48.964587835;2.3445464518;False;7210;[];[];84.11Z;2026-06-15T15:56:29.340511;70;CHAUDE;324350;64870
21930062100113;219300621;COMMUNE LE RAINCY;BIBLIOTHEQUE MUNICIPALE;;91.01Z;PUB_MUSEE;PUBLIC;Gestion des bibliothèques;8 ALLEE BARATIN 93340 LE RAINCY;93340;LE RAINCY;93;Île-de-France;11;31;31;200 à 249 salariés;249;N;PME;12;1968-02-20;58.365503080082135;48.898924174;2.5159225486;False;7210;[];[];84.11Z;2026-06-15T15:56:29.793007;70;CHAUDE;161850;32370
21930013400042;219300134;COMMUNE DU BOURGET;ECOLE ELEMENTAIRE PUB JEAN MERMOZ;;85.20Z;PUB_ECOLE;PUBLIC;Enseignement primaire;27 B RUE EDOUARD VAILLANT 93350 LE BOURGET;93350;LE BOURGET;93;Île-de-France;11;12;12;20 à 49 salariés;49;N;ETI;25;1983-12-21;42.53251197809719;48.936517544;2.4329650914;False;7210;[];"[""0931621G""]";84.11Z;2026-06-15T15:56:29.340511;70;CHAUDE;24500;4900
21930013400075;219300134;COMMUNE DU BOURGET;BIBLIOTHEQUE MUNICIPALE;;91.01Z;PUB_MUSEE;PUBLIC;Gestion des bibliothèques;63 AVENUE DE LA DIVISION LECLERC 93350 LE BOURGET;93350;LE BOURGET;93;Île-de-France;11;41;41;500 à 999 salariés;999;N;ETI;25;1970-08-07;55.90417522245038;48.9344624815101;2.42465645299932;False;7210;[];[];84.11Z;2026-06-15T15:56:29.340511;70;CHAUDE;649350;129870
21780367500016;217803675;COMMUNE DE MAREIL MARLY;MAIRIE;;84.11Z;PUB_MAIRIE;PUBLIC;Administration publique générale;RUE TELLIER FRERES 78750 MAREIL-MARLY;78750;MAREIL-MARLY;78;Île-de-France;11;12;12;20 à 49 salariés;49;O;PME;4;1983-03-01;43.34017796030116;48.882234841;2.0769941798;True;7210;[];[];84.11Z;2026-06-15T15:56:20.032950;70;CHAUDE;26950;5390
21780043200023;217800432;COMMUNE DE BAILLY;ECOLE ELEMENTAIRE LA PEPINIERE;;85.20Z;PUB_ECOLE;PUBLIC;Enseignement primaire;PL CLAUDE ERIGNAC 78870 BAILLY;78870;BAILLY;78;Île-de-France;11;12;12;20 à 49 salariés;49;N;PME;4;1983-12-21;42.53251197809719;48.837720557;2.0770716715;False;7210;[];"[""0780457Y""]";84.11Z;2026-06-15T15:56:20.033954;70;CHAUDE;24500;4900
21780343600013;217803436;COMMUNE DE LES LOGES EN JOSAS;MAIRIE;;84.11Z;PUB_MAIRIE;PUBLIC;Administration publique générale;PLACE LOUIS GRENIER 78350 LES LOGES-EN-JOSAS;78350;LES LOGES-EN-JOSAS;78;Île-de-France;11;12;12;20 à 49 salariés;49;O;PME;4;1983-03-01;43.34017796030116;48.7643917930585;2.14047270366372;True;7210;[];[];84.11Z;2026-06-15T15:56:20.419957;70;CHAUDE;26950;5390
78573502800017;785735028;AEP ECOLE PRIVEE NOTRE-DAME;;;85.20Z;PUB_ECOLE;PUBLIC;Enseignement primaire;56 RUE RASPAIL 94700 MAISONS-ALFORT;94700;MAISONS-ALFORT;94;Île-de-France;11;12;12;20 à 49 salariés;49;O;PME;1;1900-01-01;126.4996577686516;48.808077663;2.4422725231;True;9220;[];"[""0940987M""]";85.20Z;2026-06-15T15:56:44.743580;70;CHAUDE;24500;4900
78573503600010;785735036;AEP SAINT FRANCOIS;;;85.20Z;PUB_ECOLE;PUBLIC;Enseignement primaire;40 RUE VICTOR HUGO 94700 MAISONS-ALFORT;94700;MAISONS-ALFORT;94;Île-de-France;11;12;12;20 à 49 salariés;49;O;PME;1;1900-01-01;126.4996577686516;48.799705937;2.4381874714;True;9220;[];"[""0940988N""]";85.20Z;2026-06-15T15:56:44.743580;70;CHAUDE;24500;4900
78577262500022;785772625;OGEC LE ROSAIRE;;;85.20Z;PUB_ECOLE;PUBLIC;Enseignement primaire;22 AVENUE DES ARTS 94100 SAINT-MAUR-DES-FOSSES;94100;SAINT-MAUR-DES-FOSSES;94;Île-de-France;11;12;12;20 à 49 salariés;49;O;PME;1;1989-09-12;36.80492813141684;48.803640031;2.4905517235;True;9220;[];"[""0941001C""]";85.20Z;2026-06-15T15:56:44.743580;70;CHAUDE;24500;4900
78833716000014;788337160;OGEC SAINT JOSEPH;;;85.20Z;PUB_ECOLE;PUBLIC;Enseignement primaire;9 AVENUE DU MARECHAL JOFFRE 94170 LE PERREUX-SUR-MARNE;94170;LE PERREUX-SUR-MARNE;94;Île-de-France;11;12;12;20 à 49 salariés;49;O;PME;1;1900-01-01;126.4996577686516;48.835116032;2.5155206115;True;9220;[];"[""0940986L""]";85.20Z;2026-06-15T15:56:44.743580;70;CHAUDE;24500;4900
33504323800013;335043238;OGEC SAINT JOSEPH DE GENTILLY;;;85.20Z;PUB_ECOLE;PUBLIC;Enseignement primaire;9 RUE VICTOR HUGO 94250 GENTILLY;94250;GENTILLY;94;Île-de-France;11;11;11;10 à 19 salariés;19;O;PME;1;1985-09-01;40.83504449007529;48.814127174;2.3515060324;True;9220;[];"[""0940975Z""]";85.20Z;2026-06-15T15:56:44.998661;70;CHAUDE;9500;1900
78569362300015;785693623;OGEC SAINT LOUIS BLAISE PASCAL;;;85.20Z;PUB_ECOLE;PUBLIC;Enseignement primaire;6 RUE DE VERDUN 94600 CHOISY-LE-ROI;94600;CHOISY-LE-ROI;94;Île-de-France;11;12;12;20 à 49 salariés;49;O;PME;1;1900-01-01;126.4996577686516;48.76835122;2.4041738582;True;9220;[];"[""0940969T""]";85.20Z;2026-06-15T15:56:44.998661;70;CHAUDE;24500;4900
78580751200013;785807512;OGEC ECOLE SAINT JOSEPH;;;85.20Z;PUB_ECOLE;PUBLIC;Enseignement primaire;13 RUE DAUMESNIL 94300 VINCENNES;94300;VINCENNES;94;Île-de-France;11;12;12;20 à 49 salariés;49;O;PME;1;1900-01-01;126.4996577686516;48.849744144;2.4366374083;True;9220;[];"[""0941010M""]";85.20Z;2026-06-15T15:56:44.998661;70;CHAUDE;24500;4900
39295803900035;392958039;ASS LES INSTITUTIONS LOUBAVITCH VAL OISE (LILDVD);;LILDVD;85.20Z;PUB_ECOLE;PUBLIC;Enseignement primaire;43 AVENUE DU 8 MAI 1945 95200 SARCELLES;95200;SARCELLES;95;Île-de-France;11;12;12;20 à 49 salariés;49;O;PME;3;1999-09-06;26.822724161533195;48.9778076833353;2.36948506261619;False;9220;[];"[""0952202C""]";85.20Z;2026-06-15T15:56:45.203003;70;CHAUDE;24500;4900
31436966100017;314369661;ASS GEST ECOLE JEANNE D'ARC;;;85.20Z;PUB_ECOLE;PUBLIC;Enseignement primaire;5 RUE FONTAINE ST GERMAIN 95230 SOISY SS MONTMORENCY;95230;SOISY SS MONTMORENCY;95;Île-de-France;11;12;12;20 à 49 salariés;49;O;PME;1;1978-01-01;48.50102669404517;48.987029715;2.2968562968;True;9220;[];"[""0950861V""]";85.20Z;2026-06-15T15:56:45.203003;70;CHAUDE;24500;4900
78588580700012;785885807;ASSOC EDUC POPULAIRE MONTMAGNY;;;85.20Z;PUB_ECOLE;PUBLIC;Enseignement primaire;10 RUE DU CHATEAU 95360 MONTMAGNY;95360;MONTMAGNY;95;Île-de-France;11;12;12;20 à 49 salariés;49;O;PME;1;1900-01-01;126.4996577686516;48.973284617;2.3448513691;True;9220;[];"[""0950848F""]";85.20Z;2026-06-15T15:56:45.456746;70;CHAUDE;24500;4900
21930079500065;219300795;COMMUNE DE VILLETANEUSE;ECOLE ELEMENTAIRE PUB JULES VALLES;;85.20Z;PUB_ECOLE;PUBLIC;Enseignement primaire;172 AVENUE DE LA DIVISION LECLERC 93430 VILLETANEUSE;93430;VILLETANEUSE;93;Île-de-France;11;11;11;10 à 19 salariés;19;N;ETI;13;1983-12-21;42.53251197809719;48.9519241960487;2.34300832330859;False;7210;[];"[""0931425U""]";84.11Z;2026-06-15T15:56:29.340511;70;CHAUDE;9500;1900
21930079500073;219300795;COMMUNE DE VILLETANEUSE;ECOLE MATERNELLE HENRI WALLON;;85.10Z;PUB_ECOLE;PUBLIC;Enseignement pré-primaire;11 A 13 11 RUE HENRI WALLON 93430 VILLETANEUSE;93430;VILLETANEUSE;93;Île-de-France;11;11;11;10 à 19 salariés;19;N;ETI;13;1983-12-21;42.53251197809719;48.9514177952357;2.3449604404723;False;7210;[];"[""0930466B""]";84.11Z;2026-06-15T15:56:29.340511;70;CHAUDE;9500;1900
21780350100097;217803501;COMMUNE DE LOUVECIENNES;C.P.I MUNICIPAL;;86.21Z;PRIV_SANTE_CABINET;PRIVE;Pratique médicale générale;HOTEL DE VILLE RESIDENCE DU PARC DU CHATEAU 78430 LOUVECIENNES;78430;LOUVECIENNES;78;Île-de-France;11;31;31;200 à 249 salariés;249;N;PME;12;1977-01-01;49.50034223134839;48.862541398;2.1161126975;False;7210;[];[];84.11Z;2026-06-15T15:56:18.301161;70;CHAUDE;224100;44820
21780092900077;217800929;COMMUNE DE BOUGIVAL;ECOLE PRIMAIRE CLAUDE MONET;;85.20Z;PUB_ECOLE;PUBLIC;Enseignement primaire;CHEMIN DU BAS DES GRANDS PRES 78380 BOUGIVAL;78380;BOUGIVAL;78;Île-de-France;11;12;12;20 à 49 salariés;49;N;PME;8;1983-12-21;42.53251197809719;48.855411896;2.1278953538;False;7210;[];"[""0780871Y""]";84.11Z;2026-06-15T15:56:18.714423;70;CHAUDE;24500;4900
32881249000022;328812490;SUPPLEANCE A L'INSUFFISANCE RENALE PAR DES TECHNIQUES AUTONOMES SIRTA (SIRTA);;SIRTA;86.10Z;PUB_HOPITAL;PUBLIC;Activités hospitalières;165 A 167 165 BOULEVARD JEAN ALLEMANE 95100 ARGENTEUIL;95100;ARGENTEUIL;95;Île-de-France;11;11;11;10 à 19 salariés;19;O;PME;3;1988-07-01;38.0041067761807;48.9627521352173;2.25978016181622;True;5710;"[""950806307""]";[];86.10Z;2026-06-15T15:56:58.774956;70;CHAUDE;19000;3800
77566008704437;775660087;ASSOCIATION NATIONALE DE PREVENTION EN ALCOOLOGIE ET ADDICTOLOGIE (ANPAA);COMITE DE PREVENTION DE L'ALCOOLISME;ANPAA;86.21Z;PRIV_SANTE_CABINET;PRIVE;Pratique médicale générale;13 RUE D'AUBERVILLIERS 75018 PARIS;75018;PARIS;75;Île-de-France;11;11;11;10 à 19 salariés;19;O;ETI;566;2013-03-28;13.264887063655031;48.885280957;2.3654210715;False;9220;[];[];86.21Z;2026-06-15T15:56:59.733938;70;CHAUDE;17100;3420
77572822300451;775728223;ASS INT CTRE MED SOCIAUX REG ILE FRANCE (ACMS);A.C.M.S;ACMS;86.21Z;PRIV_SANTE_CABINET;PRIVE;Pratique médicale générale;15 RUE BALLU 75009 PARIS;75009;PARIS;75;Île-de-France;11;11;11;10 à 19 salariés;19;N;ETI;189;1984-04-06;42.23956194387406;48.881821779;2.3300298772;False;9220;[];[];86.21Z;2026-06-15T15:56:59.733938;70;CHAUDE;17100;3420
77572822300501;775728223;ASS INT CTRE MED SOCIAUX REG ILE FRANCE (ACMS);A.C.M.S;ACMS;86.21Z;PRIV_SANTE_CABINET;PRIVE;Pratique médicale générale;73 AVENUE DES TERNES 75017 PARIS;75017;PARIS;75;Île-de-France;11;11;11;10 à 19 salariés;19;N;ETI;189;1984-04-09;42.23134839151266;48.879270615;2.2894710684;False;9220;[];[];86.21Z;2026-06-15T15:56:59.733938;70;CHAUDE;17100;3420
77572822300782;775728223;ASS INT CTRE MED SOCIAUX REG ILE FRANCE (ACMS);A.C.M.S;ACMS;86.21Z;PRIV_SANTE_CABINET;PRIVE;Pratique médicale générale;4 RUE QUENTIN-BAUCHART 75008 PARIS;75008;PARIS;75;Île-de-France;11;11;11;10 à 19 salariés;19;O;ETI;189;1981-10-12;44.72279260780287;48.868817593;2.299441116;False;9220;[];[];86.21Z;2026-06-15T15:56:59.733938;70;CHAUDE;17100;3420
77568193500539;775681935;APST BTP RP (APMT-BTP-RP);;APMT-BTP-RP;86.21Z;PRIV_SANTE_CABINET;PRIVE;Pratique médicale générale;44 RUE LETORT 75018 PARIS;75018;PARIS;75;Île-de-France;11;11;11;10 à 19 salariés;19;O;PME;40;1995-01-02;31.498973305954827;48.896167792;2.343942022;False;9220;[];[];86.21Z;2026-06-15T15:56:59.733938;70;CHAUDE;17100;3420
80248341200036;802483412;ECOLE MONTESSORI INTERNATIONALE RUEIL MALMAISON;;;85.20Z;PUB_ECOLE;PUBLIC;Enseignement primaire;14-16 14 RUE DES COUDREAUX 92500 RUEIL-MALMAISON;92500;RUEIL-MALMAISON;92;Île-de-France;11;11;11;10 à 19 salariés;19;O;PME;3;2016-07-06;9.990417522245036;48.862267502;2.1792604222;True;5710;[];[];85.20Z;2026-06-15T15:56:43.919538;70;CHAUDE;9500;1900
75001343500011;750013435;RAINBOW SCHOOL PARIS;;;85.20Z;PUB_ECOLE;PUBLIC;Enseignement primaire;7 AVENUE DE CHARLEBOURG 92250 LA GARENNE-COLOMBES;92250;LA GARENNE-COLOMBES;92;Île-de-France;11;11;11;10 à 19 salariés;19;O;PME;1;2012-02-15;14.379192334017796;48.906621272;2.2410646484;True;5499;[];[];85.20Z;2026-06-15T15:56:43.919538;70;CHAUDE;9500;1900
87824424300027;878244243;L'ECOLE DE L'OPTIMISME;;;85.20Z;PUB_ECOLE;PUBLIC;Enseignement primaire;2 RUE EMILIEN COLIN 92150 SURESNES;92150;SURESNES;92;Île-de-France;11;11;11;10 à 19 salariés;19;N;PME;2;2020-02-21;6.362765229295003;48.878967871;2.2225378131;True;5710;[];[];85.20Z;2026-06-15T15:56:43.919538;70;CHAUDE;9500;1900
90146809000021;901468090;GROUPE SOS EDUCATION;ECOLE INTERNATIONALE OLYMPE DE GOUGES;;85.20Z;PUB_ECOLE;PUBLIC;Enseignement primaire;71 RUE ALBERT DHALENNE 93400 SAINT-OUEN-SUR-SEINE;93400;SAINT-OUEN-SUR-SEINE;93;Île-de-France;11;11;11;10 à 19 salariés;19;O;PME;3;2021-06-15;5.048596851471594;48.9139134896508;2.33364719542811;False;9220;[];[];85.20Z;2026-06-15T15:56:44.229697;70;CHAUDE;9500;1900
78560113900013;785601139;ASSOCIAT DAMES ARMENIENNES TEBROTZASSERE;;;85.20Z;PUB_ECOLE;PUBLIC;Enseignement primaire;1 BOULEVARD DU NORD 93340 LE RAINCY;93340;LE RAINCY;93;Île-de-France;11;12;12;20 à 49 salariés;49;O;PME;2;1900-01-01;126.4996577686516;48.901694401;2.5126889901;True;9220;[];"[""0931100R""]";85.20Z;2026-06-15T15:56:44.230696;70;CHAUDE;24500;4900
80126697400022;801266974;AU BONHEUR DES GRANDS;;;85.20Z;PUB_ECOLE;PUBLIC;Enseignement primaire;3 RUE DE LA FRATERNITE 94350 VILLIERS-SUR-MARNE;94350;VILLIERS-SUR-MARNE;94;Île-de-France;11;12;12;20 à 49 salariés;49;N;PME;2;2014-09-03;11.83025325119781;48.8217707479771;2.53153792565875;True;9220;[];[];85.20Z;2026-06-15T15:56:44.230696;70;CHAUDE;24500;4900
78553460300010;785534603;COMITE FAMILIAL SCOLAIRE DE GAGNY;;;85.20Z;PUB_ECOLE;PUBLIC;Enseignement primaire;12 AVENUE LEON BRY 93220 GAGNY;93220;GAGNY;93;Île-de-France;11;12;12;20 à 49 salariés;49;O;PME;1;1900-01-01;126.4996577686516;48.885863862;2.5332460495;True;9220;[];"[""0931120M""]";85.20Z;2026-06-15T15:56:44.230696;70;CHAUDE;24500;4900
30549251400016;305492514;OGEC STE MARTHE ST YVES;;;85.20Z;PUB_ECOLE;PUBLIC;Enseignement primaire;18 AVENUE LENINE 93120 LA COURNEUVE;93120;LA COURNEUVE;93;Île-de-France;11;11;11;10 à 19 salariés;19;O;PME;1;1900-01-01;126.4996577686516;48.919695321;2.4124876528;True;9220;[];"[""0931124S""]";85.20Z;2026-06-15T15:56:44.230696;70;CHAUDE;9500;1900
31464768600018;314647686;ASSOCIATION NOTRE DAME;;;85.20Z;PUB_ECOLE;PUBLIC;Enseignement primaire;13 RUE EUGENE MASSE 93190 LIVRY-GARGAN;93190;LIVRY-GARGAN;93;Île-de-France;11;12;12;20 à 49 salariés;49;O;PME;1;1978-01-01;48.50102669404517;48.92405676;2.5444441051;True;9220;[];"[""0931115G""]";85.20Z;2026-06-15T15:56:44.230696;70;CHAUDE;24500;4900
78555061700019;785550617;OGEC  STE JEANNE D ARC;;;85.20Z;PUB_ECOLE;PUBLIC;Enseignement primaire;16 RUE HENRI BARBUSSE 93370 MONTFERMEIL;93370;MONTFERMEIL;93;Île-de-France;11;12;12;20 à 49 salariés;49;O;PME;1;1900-01-01;126.4996577686516;48.899506823;2.56643759;True;9220;[];"[""0931113E""]";85.20Z;2026-06-15T15:56:44.230696;70;CHAUDE;24500;4900
78563463500011;785634635;OOMITE DE L ECOLE SAINTE AGNES;;;85.20Z;PUB_ECOLE;PUBLIC;Enseignement primaire;25 AVENUE DU GENERAL LECLERC 93270 SEVRAN;93270;SEVRAN;93;Île-de-France;11;12;12;20 à 49 salariés;49;O;PME;1;1900-01-01;126.4996577686516;48.938442516;2.5276394926;True;9220;[];"[""0931091F""]";85.20Z;2026-06-15T15:56:44.492729;70;CHAUDE;24500;4900
91482237400023;914822374;ECOLE MONTESSORI INTERNATIONALE TRILINGUE DE NOGENT-SUR-MARNE;;;85.20Z;PUB_ECOLE;PUBLIC;Enseignement primaire;12-14 12 AVENUE VICTOR HUGO 94130 NOGENT-SUR-MARNE;94130;NOGENT-SUR-MARNE;94;Île-de-France;11;12;12;20 à 49 salariés;49;O;ETI;3;2022-07-20;3.9534565366187535;48.833191285;2.4748141402;False;5710;[];"[""0941924F""]";85.20Z;2026-06-15T15:56:44.743036;70;CHAUDE;24500;4900
34404392200022;344043922;ASS YECHIVA KETANA EST HAIM;;;85.20Z;PUB_ECOLE;PUBLIC;Enseignement primaire;N° 084-090 84 BOULEVARD DU GENERAL GIRAUD 94100 SAINT-MAUR-DES-FOSSES;94100;SAINT-MAUR-DES-FOSSES;94;Île-de-France;11;12;12;20 à 49 salariés;49;O;PME;1;1988-08-05;37.90828199863108;48.792414432;2.4799247168;True;9220;[];"[""0941922D""]";85.20Z;2026-06-15T15:56:44.743036;70;CHAUDE;24500;4900
52493239900016;524932399;M.S.S.M.;;;85.20Z;PUB_ECOLE;PUBLIC;Enseignement primaire;3 RUE ROBERT SCHUMAN 94000 CRETEIL;94000;CRETEIL;94;Île-de-France;11;12;12;20 à 49 salariés;49;O;PME;1;2010-05-05;16.161533196440793;48.7713043718158;2.46580668029497;True;9220;[];[];85.20Z;2026-06-15T15:56:44.743580;70;CHAUDE;24500;4900
21930039900066;219300399;COMMUNE DE L ILE ST DENIS;ECOLE ELEMENTAIRE PUB SAMIRA BELLIL;;85.20Z;PUB_ECOLE;PUBLIC;Enseignement primaire;31 QUAI DE SEINE 93450 L'ILE-SAINT-DENIS;93450;L'ILE-SAINT-DENIS;93;Île-de-France;11;11;11;10 à 19 salariés;19;N;PME;10;1983-12-21;42.53251197809719;48.934749878;2.3409055422;False;7210;[];"[""0930277W""]";84.11Z;2026-06-15T15:56:29.794009;70;CHAUDE;9500;1900
78527207100016;785272071;CENTRE RECHERCHES PEDAGOGIE;;;85.20Z;PUB_ECOLE;PUBLIC;Enseignement primaire;6 AVENUE D'ALEMBERT 92160 ANTONY;92160;ANTONY;92;Île-de-France;11;12;12;20 à 49 salariés;49;O;PME;1;1900-01-01;126.4996577686516;48.770363001;2.3093450576;True;9220;[];"[""0921107D""]";85.20Z;2026-06-15T15:56:43.676204;70;CHAUDE;24500;4900
78534630500010;785346305;COMITE GESTION ASS POPULAIRE LES VALLEES;;;85.20Z;PUB_ECOLE;PUBLIC;Enseignement primaire;16 RUE PIERRE GEOFROIX 92700 COLOMBES;92700;COLOMBES;92;Île-de-France;11;11;11;10 à 19 salariés;19;O;PME;1;1900-01-01;126.4996577686516;48.9183310703001;2.25814741448597;True;9220;[];[];85.20Z;2026-06-15T15:56:43.676204;70;CHAUDE;9500;1900
83282111000026;832821110;OGEC SAINTE MARIE DES VALLEES;;;85.20Z;PUB_ECOLE;PUBLIC;Enseignement primaire;91 RUE DES MONTS CLAIRS 92700 COLOMBES;92700;COLOMBES;92;Île-de-France;11;11;11;10 à 19 salariés;19;O;PME;2;2024-04-01;2.2532511978097194;48.917889021;2.2580250391;False;9220;[];"[""0921078X""]";85.20Z;2026-06-15T15:56:43.677206;70;CHAUDE;9500;1900
21780418600146;217804186;COMMUNE DE MONTESSON;BIBLIOTHEQUE MUNICIPALE;;91.01Z;PUB_MUSEE;PUBLIC;Gestion des bibliothèques;BOULEVARD DE LA REPUBLIQUE 78360 MONTESSON;78360;MONTESSON;78;Île-de-France;11;32;32;250 à 499 salariés;499;N;ETI;21;1983-01-01;43.50171115674196;48.907480433;2.1477222262;False;7210;[];[];84.11Z;2026-06-15T15:56:17.693693;70;CHAUDE;324350;64870
21780418600161;217804186;COMMUNE DE MONTESSON;CENTRE PROTECTION INFANTILE;;86.22C;PRIV_SANTE_CABINET;PRIVE;Pratique médicale;36 B AV AUDRAN 78360 MONTESSON;78360;MONTESSON;78;Île-de-France;11;32;32;250 à 499 salariés;499;N;ETI;21;1980-03-03;46.33264887063656;48.924508831;2.1439185783;False;7210;[];[];84.11Z;2026-06-15T15:56:17.693693;70;CHAUDE;449100;89820
21780322000086;217803220;COMMUNE DE JOUY EN JOSAS;CENTRE DE PROTECTION INFANTILE;;86.22C;PRIV_SANTE_CABINET;PRIVE;Pratique médicale;AVENUE JEAN JAURES 78350 JOUY-EN-JOSAS;78350;JOUY-EN-JOSAS;78;Île-de-France;11;31;31;200 à 249 salariés;249;N;PME;14;1938-01-01;88.50102669404518;48.765605479;2.1612301241;False;7210;[];[];84.11Z;2026-06-15T15:56:18.298147;70;CHAUDE;224100;44820
21780124000128;217801240;COMMUNE DE CARRIERES-SUR-SEINE;ECOLE ELEMENTAIRE MAURICE BERTEAUX;;85.20Z;PUB_ECOLE;PUBLIC;Enseignement primaire;68 BOULEVARD MAURICE BERTEAUX 78420 CARRIERES-SUR-SEINE;78420;CARRIERES-SUR-SEINE;78;Île-de-France;11;11;11;10 à 19 salariés;19;N;ETI;16;1993-08-12;32.889801505817935;48.913398001;2.1844491984;False;7210;[];"[""0780885N""]";84.11Z;2026-06-15T15:56:18.298147;70;CHAUDE;9500;1900
84086641200033;840866412;PENRITH EDUCATION;;;85.20Z;PUB_ECOLE;PUBLIC;Enseignement primaire;6 RUE BARBES 92300 LEVALLOIS-PERRET;92300;LEVALLOIS-PERRET;92;Île-de-France;11;3;3;6 à 9 salariés;9;N;PME;4;2023-12-05;2.5763175906913074;48.8897812645637;2.28094999561404;False;5710;[];[];85.20Z;2026-06-15T15:56:43.125366;70;CHAUDE;4500;900
45010042500021;450100425;AEP SAINT JEAN BOSCO;;;85.20Z;PUB_ECOLE;PUBLIC;Enseignement primaire;11 RUE CLUSERET 92150 SURESNES;92150;SURESNES;92;Île-de-France;11;11;11;10 à 19 salariés;19;O;PME;2;2003-09-01;22.836413415468854;48.867944695;2.2203650461;True;9220;[];[];85.20Z;2026-06-15T15:56:43.125366;70;CHAUDE;9500;1900
34981867400013;349818674;AGEC SAINT LEUFROY;;;85.20Z;PUB_ECOLE;PUBLIC;Enseignement primaire;92-96 92 RUE DE LA REPUBLIQUE 92150 SURESNES;92150;SURESNES;92;Île-de-France;11;11;11;10 à 19 salariés;19;O;PME;1;1988-09-01;37.83436002737851;48.864074994;2.2233470455;True;9220;[];"[""0922142D""]";85.20Z;2026-06-15T15:56:43.395052;70;CHAUDE;9500;1900
84147489300036;841474893;ASSOCIATION SAINT FRANCOIS D'ASSISE;;;85.20Z;PUB_ECOLE;PUBLIC;Enseignement primaire;67 RUE PAUL DEROULEDE 92270 BOIS-COLOMBES;92270;BOIS-COLOMBES;92;Île-de-France;11;11;11;10 à 19 salariés;19;O;PME;3;2021-11-01;4.6680355920602326;48.913635166;2.2660810224;True;9220;[];"[""0922829A""]";85.20Z;2026-06-15T15:56:43.395052;70;CHAUDE;9500;1900
19922287800019;199222878;ECOLE REGIONALE 1ER DEGRE JACQUES BREL;;;85.20Z;PUB_ECOLE;PUBLIC;Enseignement primaire;104 BOULEVARD RAYMOND POINCARE 92380 GARCHES;92380;GARCHES;92;Île-de-France;11;12;12;20 à 49 salariés;49;O;PME;1;1993-05-01;33.17180013689254;48.8385540895869;2.17112645851486;True;7331;[];"[""0922283G"", ""0922287L""]";85.20Z;2026-06-15T15:56:43.676204;70;CHAUDE;24500;4900
21930039900025;219300399;COMMUNE DE L ILE ST DENIS;ECOLE ELEMENTAIRE PAUL LANGEVIN;;85.20Z;PUB_ECOLE;PUBLIC;Enseignement primaire;30 RUE ARNOLD GERAUX 93450 L'ILE-SAINT-DENIS;93450;L'ILE-SAINT-DENIS;93;Île-de-France;11;11;11;10 à 19 salariés;19;N;PME;10;1983-12-21;42.53251197809719;48.941029678;2.337903057;False;7210;[];"[""0930256Y""]";84.11Z;2026-06-15T15:56:29.794009;70;CHAUDE;9500;1900
21930039900033;219300399;COMMUNE DE L ILE ST DENIS;ECOLE MATERNELLE PAUL LANGEVIN;;85.10Z;PUB_ECOLE;PUBLIC;Enseignement pré-primaire;30 RUE ARNOLD GERAUX 93450 L'ILE-SAINT-DENIS;93450;L'ILE-SAINT-DENIS;93;Île-de-France;11;11;11;10 à 19 salariés;19;N;PME;10;1983-12-21;42.53251197809719;48.941029678;2.337903057;False;7210;[];"[""0931055S""]";84.11Z;2026-06-15T15:56:29.794009;70;CHAUDE;9500;1900
78434698300041;784346983;CENTRE INTER MEDECINE TRAVAIL;;;86.21Z;PRIV_SANTE_CABINET;PRIVE;Pratique médicale générale;242 RUE DE VAUGIRARD 75015 PARIS;75015;PARIS;75;Île-de-France;11;11;11;10 à 19 salariés;19;O;ETI;54;1993-01-01;33.50034223134839;48.840156756;2.3029655757;False;9220;[];[];86.21Z;2026-06-15T15:56:59.733938;70;CHAUDE;17100;3420
78434698300074;784346983;CENTRE INTER MEDECINE TRAVAIL;;;86.21Z;PRIV_SANTE_CABINET;PRIVE;Pratique médicale générale;1 T RUE BALZAC 75008 PARIS;75008;PARIS;75;Île-de-France;11;11;11;10 à 19 salariés;19;O;ETI;54;2005-01-01;21.50034223134839;48.873170463;2.3000169469;False;9220;[];[];86.21Z;2026-06-15T15:56:59.733938;70;CHAUDE;17100;3420
78434698300140;784346983;CENTRE INTER MEDECINE TRAVAIL;;;86.21Z;PRIV_SANTE_CABINET;PRIVE;Pratique médicale générale;37 RUE BOISSIERE 75016 PARIS;75016;PARIS;75;Île-de-France;11;11;11;10 à 19 salariés;19;O;ETI;54;2011-01-01;15.501711156741958;48.866845895;2.2894839069;False;9220;[];[];86.21Z;2026-06-15T15:56:59.733938;70;CHAUDE;17100;3420
78434698300181;784346983;CENTRE INTER MEDECINE TRAVAIL;;;86.21Z;PRIV_SANTE_CABINET;PRIVE;Pratique médicale générale;45 RUE DES VINAIGRIERS 75010 PARIS;75010;PARIS;75;Île-de-France;11;11;11;10 à 19 salariés;19;O;ETI;54;2013-01-01;13.500342231348393;48.873013454;2.3607243335;False;9220;[];[];86.21Z;2026-06-15T15:56:59.733938;70;CHAUDE;17100;3420
78434698300199;784346983;CENTRE INTER MEDECINE TRAVAIL;;;86.21Z;PRIV_SANTE_CABINET;PRIVE;Pratique médicale générale;1 AVENUE DE FLANDRE 75019 PARIS;75019;PARIS;75;Île-de-France;11;12;12;20 à 49 salariés;49;O;ETI;54;2013-10-01;12.752908966461328;48.884469209;2.3686673343;False;9220;[];[];86.21Z;2026-06-15T15:56:59.733938;70;CHAUDE;44100;8820
47813594000011;478135940;RESEAU D'IMAGERIE PARIS-NORD;;;86.21Z;PRIV_SANTE_CABINET;PRIVE;Pratique médicale générale;35 RUE D''AMIENS 93240 STAINS;93240;STAINS;93;Île-de-France;11;21;21;50 à 99 salariés;99;O;PME;22;2005-01-01;21.50034223134839;48.954798224;2.368402994;True;5485;[];[];86.21Z;2026-06-15T15:56:59.734938;70;CHAUDE;89100;17820
21780358400135;217803584;COMMUNE DE MAISONS LAFFITTE;ECOLE ELEMENTAIRE LEDREUX-ALAIN;;85.20Z;PUB_ECOLE;PUBLIC;Enseignement primaire;66 RUE SAINT NICOLAS 78600 MAISONS-LAFFITTE;78600;MAISONS-LAFFITTE;78;Île-de-France;11;12;12;20 à 49 salariés;49;N;ETI;29;1993-08-10;32.8952772073922;48.946490202;2.1372093784;False;7210;[];"[""0781962J""]";84.11Z;2026-06-15T15:56:17.690193;70;CHAUDE;24500;4900
37861146100039;378611461;ECOLE INTERNATIONALE MALHERBE (MALHERBE INTERNATIONAL SCHOOL) (EIM);MALHERBE INTERNATIONAL SCHOOL;EIM;85.20Z;PUB_ECOLE;PUBLIC;Enseignement primaire;19 RUE DU ONZE NOVEMBRE 78110 LE VESINET;78110;LE VESINET;78;Île-de-France;11;12;12;20 à 49 salariés;49;O;PME;3;1992-09-01;33.83436002737851;48.892270065;2.1181309632;True;5710;[];"[""0782081N""]";85.20Z;2026-06-15T15:56:42.571478;70;CHAUDE;24500;4900
39867922500019;398679225;ASSOCIATION SAINT-FRANCOIS D'ASSISE (OGEC SFA);;OGEC SFA;85.20Z;PUB_ECOLE;PUBLIC;Enseignement primaire;6 RUE HIPPOLYTE MAZE 78220 VIROFLAY;78220;VIROFLAY;78;Île-de-France;11;12;12;20 à 49 salariés;49;O;PME;1;1994-09-01;31.835728952772072;48.801403009;2.1731886311;True;9220;[];"[""0780063V""]";85.20Z;2026-06-15T15:56:42.572482;70;CHAUDE;24500;4900
48994991700012;489949917;ECOLE MATERNELLE ET PRIMAIRE SAINT DOMINIQUE;;;85.20Z;PUB_ECOLE;PUBLIC;Enseignement primaire;18 AVENUE CHARLES DE GAULLE 78230 LE PECQ;78230;LE PECQ;78;Île-de-France;11;12;12;20 à 49 salariés;49;O;PME;1;2005-09-02;20.83230663928816;48.887722018;2.1016850343;True;9220;[];"[""0782131T"", ""0782083R""]";85.20Z;2026-06-15T15:56:42.572482;70;CHAUDE;24500;4900
78507979900017;785079799;ASSOCIATION ECOLES LIBRES LOUVECIENNES;;;85.20Z;PUB_ECOLE;PUBLIC;Enseignement primaire;22 RUE DU GENERAL LECLERC 78430 LOUVECIENNES;78430;LOUVECIENNES;78;Île-de-France;11;12;12;20 à 49 salariés;49;O;PME;1;1900-01-01;126.4996577686516;48.8615716716429;2.11401770649622;True;9220;[];"[""0780075H""]";85.20Z;2026-06-15T15:56:42.572482;70;CHAUDE;24500;4900
78509214900018;785092149;COMITE FAMILIAL SCOLAIRE;;;85.20Z;PUB_ECOLE;PUBLIC;Enseignement primaire;1 RUE DE LOUVENCOURT 78160 MARLY-LE-ROI;78160;MARLY-LE-ROI;78;Île-de-France;11;12;12;20 à 49 salariés;49;O;PME;1;1900-01-01;126.4996577686516;48.869409747;2.0957468015;True;9220;[];[];85.20Z;2026-06-15T15:56:42.572482;70;CHAUDE;24500;4900
78515047500016;785150475;OGEC SAINTE AGNES;;;85.20Z;PUB_ECOLE;PUBLIC;Enseignement primaire;27 RUE JEAN MERMOZ 78000 VERSAILLES;78000;VERSAILLES;78;Île-de-France;11;12;12;20 à 49 salariés;49;O;PME;1;1900-01-01;126.4996577686516;48.796084703;2.1398673321;True;9220;[];"[""0780055L""]";85.20Z;2026-06-15T15:56:42.572482;70;CHAUDE;24500;4900
78515492300011;785154923;COMITE FAMIL SCOLA PAROISSE STE MARGUERI;;;85.20Z;PUB_ECOLE;PUBLIC;Enseignement primaire;2 RUE ARMAND CHARDRON 78110 LE VESINET;78110;LE VESINET;78;Île-de-France;11;12;12;20 à 49 salariés;49;O;PME;1;1900-01-01;126.4996577686516;48.893834433;2.1300016027;True;9220;[];"[""0780106S""]";85.20Z;2026-06-15T15:56:42.572482;70;CHAUDE;24500;4900
51949794500039;519497945;EDUC'ETIC;;;85.20Z;PUB_ECOLE;PUBLIC;Enseignement primaire;12 RUE RENE CASSIN 91300 MASSY;91300;MASSY;91;Île-de-France;11;12;12;20 à 49 salariés;49;O;PME;3;2018-10-24;7.690622861054073;48.722907134;2.2856281996;True;9220;[];"[""0912309R"", ""0912337W""]";85.20Z;2026-06-15T15:56:43.001803;70;CHAUDE;24500;4900
78522235700010;785222357;ASS ST JOSEPH DE MORANGIS;;;85.20Z;PUB_ECOLE;PUBLIC;Enseignement primaire;14 RUE DU GENERAL LECLERC 91420 MORANGIS;91420;MORANGIS;91;Île-de-France;11;12;12;20 à 49 salariés;49;O;PME;1;1900-01-01;126.4996577686516;48.707332054;2.3302302239;True;9220;[];"[""0910908T""]";85.20Z;2026-06-15T15:56:43.001803;70;CHAUDE;24500;4900
78525349300015;785253493;COMITE DE GESTION ECOLE LIBRE;;;85.20Z;PUB_ECOLE;PUBLIC;Enseignement primaire;11 RUE D'ANTONY 91370 VERRIERES-LE-BUISSON;91370;VERRIERES-LE-BUISSON;91;Île-de-France;11;12;12;20 à 49 salariés;49;O;PME;1;1900-01-01;126.4996577686516;48.748053254;2.2686767044;True;9220;[];"[""0910917C""]";85.20Z;2026-06-15T15:56:43.001803;70;CHAUDE;24500;4900
77572508800030;775725088;COMITE FAMILIAL SCOLAIRE;;;85.20Z;PUB_ECOLE;PUBLIC;Enseignement primaire;24 RUE DE MARNES 92380 GARCHES;92380;GARCHES;92;Île-de-France;11;11;11;10 à 19 salariés;19;O;PME;3;1900-01-01;126.4996577686516;48.840933007;2.1818459562;True;9220;[];"[""0921086F""]";85.20Z;2026-06-15T15:56:43.124294;70;CHAUDE;9500;1900
77572508800022;775725088;COMITE FAMILIAL SCOLAIRE;ECOLE PRIMAIRE PR BLANCHE DE CASTILLE;;85.20Z;PUB_ECOLE;PUBLIC;Enseignement primaire;ANGLE RUE 21 R DE SURESNES 4 RUE HENRI REGNAULT 92380 GARCHES;92380;GARCHES;92;Île-de-France;11;11;11;10 à 19 salariés;19;N;PME;3;1900-01-01;126.4996577686516;48.847110856;2.1893787776;False;9220;[];[];85.20Z;2026-06-15T15:56:43.124294;70;CHAUDE;9500;1900
79123721700017;791237217;AEP ECOLE SAINT MARTIN A CHATEAU THEBAUD;;;85.20Z;PUB_ECOLE;PUBLIC;Enseignement primaire;11 RUE CLUSERET 92150 SURESNES;92150;SURESNES;92;Île-de-France;11;11;11;10 à 19 salariés;19;N;PME;2;2012-03-05;14.327173169062286;48.867944695;2.2203650461;True;9220;[];"[""0442762N""]";85.20Z;2026-06-15T15:56:43.124294;70;CHAUDE;9500;1900
88295058700023;882950587;123 MON ECOLE ASNIERES;;;85.20Z;PUB_ECOLE;PUBLIC;Enseignement primaire;58 RUE DE LA SABLIERE 92600 ASNIERES-SUR-SEINE;92600;ASNIERES-SUR-SEINE;92;Île-de-France;11;3;3;6 à 9 salariés;9;O;PME;2;2020-09-01;5.834360027378508;48.906431438;2.2692243245;False;5710;[];[];85.20Z;2026-06-15T15:56:43.125366;70;CHAUDE;4500;900
21780545600100;217805456;COMMUNE DE SAINT CYR L ECOLE;ECOLE ELEMENTAIRE ROMAIN ROLLAND;;85.20Z;PUB_ECOLE;PUBLIC;Enseignement primaire;12 RUE DE L’AEROSTATION MARITIME 78210 SAINT-CYR-L'ECOLE;78210;SAINT-CYR-L'ECOLE;78;Île-de-France;11;12;12;20 à 49 salariés;49;N;ETI;21;1983-12-21;42.53251197809719;48.806864921;2.0551363522;False;7210;[];"[""0780924F""]";84.11Z;2026-06-15T15:56:17.691693;70;CHAUDE;24500;4900
21780242000125;217802420;COMMUNE DE FONTENAY LE FLEURY;CENTRE DE PLANIFICATION;;86.21Z;PRIV_SANTE_CABINET;PRIVE;Pratique médicale générale;PL DU HUIT MAI 1945 78330 FONTENAY LE FLEURY;78330;FONTENAY LE FLEURY;78;Île-de-France;11;32;32;250 à 499 salariés;499;N;PME;19;1995-12-25;30.521560574948666;48.810429157;2.0454672963;False;7210;[];[];84.11Z;2026-06-15T15:56:17.692690;70;CHAUDE;449100;89820
78508759400186;785087594;OBJECTIF SANTE TRAVAIL (OSTRA);;OSTRA;86.21Z;PRIV_SANTE_CABINET;PRIVE;Pratique médicale générale;3/4 3 ALL DE POMONE 78100 SAINT-GERMAIN-EN-LAYE;78100;SAINT-GERMAIN-EN-LAYE;78;Île-de-France;11;21;21;50 à 99 salariés;99;O;PME;29;2009-04-22;17.196440793976727;48.90485863;2.054288294;True;9220;"[""780030342""]";[];86.21Z;2026-06-15T15:56:59.734938;70;CHAUDE;89100;17820
84407540800014;844075408;RESEAU FRANCILIEN INDEPENDANT D'IMAGERIE MEDICALE (RF2IM);;RF2IM;86.21Z;PRIV_SANTE_CABINET;PRIVE;Pratique médicale générale;80 AVENUE FELIX FAURE 75015 PARIS;75015;PARIS;75;Île-de-France;11;11;11;10 à 19 salariés;19;N;PME;13;2018-11-15;7.630390143737166;48.839957906;2.2841577672;True;5785;[];[];86.21Z;2026-06-15T15:56:59.734938;70;CHAUDE;17100;3420
84407540800048;844075408;RESEAU FRANCILIEN INDEPENDANT D'IMAGERIE MEDICALE (RF2IM);;RF2IM;86.21Z;PRIV_SANTE_CABINET;PRIVE;Pratique médicale générale;5-11 5 RUE DE TURIN 75008 PARIS;75008;PARIS;75;Île-de-France;11;11;11;10 à 19 salariés;19;N;PME;13;2022-04-14;4.219028062970568;48.879816852;2.324931341;False;5785;[];[];86.21Z;2026-06-15T15:56:59.734938;70;CHAUDE;17100;3420
39920016100012;399200161;EDUCATION JUIVE DU XX ARRONDIS OR THORA;;;85.20Z;PUB_ECOLE;PUBLIC;Enseignement primaire;36 RUE RAMPONEAU 75020 PARIS;75020;PARIS;75;Île-de-France;11;11;11;10 à 19 salariés;19;O;PME;1;1994-10-14;31.718001368925396;48.871399985;2.3807109875;True;9220;[];[];85.20Z;2026-06-15T15:56:39.916071;70;CHAUDE;9500;1900
48316416600017;483164166;OGEC SAINT-PAUL;;;85.20Z;PUB_ECOLE;PUBLIC;Enseignement primaire;81 RUE JEAN-PIERRE TIMBAUD 75011 PARIS;75011;PARIS;75;Île-de-France;11;11;11;10 à 19 salariés;19;O;PME;1;2004-12-01;21.58521560574949;48.868022204;2.3775982744;True;9220;[];"[""0750225M""]";85.20Z;2026-06-15T15:56:39.917074;70;CHAUDE;9500;1900
77568010100018;775680101;OGEC SAINT JOSEPH;;;85.20Z;PUB_ECOLE;PUBLIC;Enseignement primaire;154 RUE SAINT-MAUR 75011 PARIS;75011;PARIS;75;Île-de-France;11;11;11;10 à 19 salariés;19;O;PME;1;1900-01-01;126.4996577686516;48.869249477;2.3742759352;True;9220;[];"[""0750218E""]";85.20Z;2026-06-15T15:56:40.262582;70;CHAUDE;9500;1900
77570576700025;775705767;OGEC DE L ECOLE SAINTE MARIE DE LA CELLE SAINT CLOUD;;;85.20Z;PUB_ECOLE;PUBLIC;Enseignement primaire;15 RUE BERANGER 78170 LA CELLE-SAINT-CLOUD;78170;LA CELLE-SAINT-CLOUD;78;Île-de-France;11;12;12;20 à 49 salariés;49;O;PME;2;1900-01-01;126.4996577686516;48.853114863;2.1441212204;True;9220;[];"[""0780065X""]";85.20Z;2026-06-15T15:56:42.008501;70;CHAUDE;24500;4900
77570576700041;775705767;OGEC DE L ECOLE SAINTE MARIE DE LA CELLE SAINT CLOUD;ECOLE MATERNELLE PRIVEE STE MARIE;;85.20Z;PUB_ECOLE;PUBLIC;Enseignement primaire;15 RUE BERANGER 78170 LA CELLE-SAINT-CLOUD;78170;LA CELLE-SAINT-CLOUD;78;Île-de-France;11;12;12;20 à 49 salariés;49;O;PME;2;1987-03-12;39.31006160164271;48.853114863;2.1441212204;False;9220;[];[];85.20Z;2026-06-15T15:56:42.008501;70;CHAUDE;24500;4900
77570673200028;775706732;ASS EDUCATION POPULAIRE;;;85.20Z;PUB_ECOLE;PUBLIC;Enseignement primaire;45 RUE DU FOSSE 78600 MAISONS-LAFFITTE;78600;MAISONS-LAFFITTE;78;Île-de-France;11;12;12;20 à 49 salariés;49;O;PME;2;1900-01-01;126.4996577686516;48.949009663;2.1445985659;True;9220;[];"[""0780080N""]";85.20Z;2026-06-15T15:56:42.008501;70;CHAUDE;24500;4900
77570673200010;775706732;ASS EDUCATION POPULAIRE;ECOLE MATERNELLE PRIVEE STE MARIE;;85.20Z;PUB_ECOLE;PUBLIC;Enseignement primaire;45 RUE DU FOSSE 78600 MAISONS-LAFFITTE;78600;MAISONS-LAFFITTE;78;Île-de-France;11;12;12;20 à 49 salariés;49;O;PME;2;1900-01-01;126.4996577686516;48.949009663;2.1445985659;False;9220;[];[];85.20Z;2026-06-15T15:56:42.008501;70;CHAUDE;24500;4900
78515051700023;785150517;OGEC NOTRE-DAME DE VERSAILLES;ECOLE PRIMAIRE PRIVEE NOTRE DAME;;85.20Z;PUB_ECOLE;PUBLIC;Enseignement primaire;34 BOULEVARD DE LA REINE 78000 VERSAILLES;78000;VERSAILLES;78;Île-de-France;11;12;12;20 à 49 salariés;49;O;PME;2;1987-03-31;39.2580424366872;48.809050994;2.127877697;False;9220;[];"[""0780104P""]";85.20Z;2026-06-15T15:56:42.008501;70;CHAUDE;24500;4900
32052829200016;320528292;OGEC ECOLE PRIMAIRE MIXTE SAINT MARTIN;;;85.20Z;PUB_ECOLE;PUBLIC;Enseignement primaire;92 RUE DU PRESIDENT ROOSEVELT 78500 SARTROUVILLE;78500;SARTROUVILLE;78;Île-de-France;11;12;12;20 à 49 salariés;49;O;PME;1;1980-09-01;45.83436002737851;48.944441829;2.1716780792;True;9220;[];"[""0780039U""]";85.20Z;2026-06-15T15:56:42.009501;70;CHAUDE;24500;4900
78504554300028;785045543;OGEC JEANNE D'ARC NOTRE DAME;;;85.20Z;PUB_ECOLE;PUBLIC;Enseignement primaire;6 RUE DU GENERAL COLIN 78400 CHATOU;78400;CHATOU;78;Île-de-France;11;12;12;20 à 49 salariés;49;O;PME;1;1900-01-01;126.4996577686516;48.888444757;2.1582637877;True;9220;[];"[""0780067Z""]";85.20Z;2026-06-15T15:56:42.293271;70;CHAUDE;24500;4900
78515491500017;785154915;ASSOC SCOLAIRE SAINTE ODILE;;;85.20Z;PUB_ECOLE;PUBLIC;Enseignement primaire;15 ROUTE DE LA PASSERELLE 78110 LE VESINET;78110;LE VESINET;78;Île-de-France;11;12;12;20 à 49 salariés;49;O;PME;1;1900-01-01;126.4996577686516;48.899671319;2.1166185688;True;9220;[];"[""0780058P""]";85.20Z;2026-06-15T15:56:42.293271;70;CHAUDE;24500;4900
77570876100017;775708761;ASSOC SCOLAIRE ST SYMPHORIEN;;;85.20Z;PUB_ECOLE;PUBLIC;Enseignement primaire;1 RUE DU CHANOINE BOYER 78000 VERSAILLES;78000;VERSAILLES;78;Île-de-France;11;12;12;20 à 49 salariés;49;O;PME;1;1900-01-01;126.4996577686516;48.803819614;2.1457484574;True;9220;[];"[""0780041W""]";85.20Z;2026-06-15T15:56:42.293271;70;CHAUDE;24500;4900
77567539000113;775675390;ASS MEDICALE INTERENTREPRISES (AMI);;AMI;86.21Z;PRIV_SANTE_CABINET;PRIVE;Pratique médicale générale;19 RUE GRENETA 75002 PARIS;75002;PARIS;75;Île-de-France;11;11;11;10 à 19 salariés;19;O;PME;14;1994-07-01;32.00547570157426;48.865121432;2.3511572391;False;9220;[];[];86.21Z;2026-06-15T15:56:59.735941;70;CHAUDE;17100;3420
77569575200011;775695752;GROUPE D'OEUVRES SOCIALES DE BELLEVILLE (GOSB);;GOSB;86.21Z;PRIV_SANTE_CABINET;PRIVE;Pratique médicale générale;162 RUE DE BELLEVILLE 75020 PARIS;75020;PARIS;75;Île-de-France;11;12;12;20 à 49 salariés;49;O;PME;8;1900-01-01;126.4996577686516;48.875393315;2.3916755631;True;9220;[];[];86.21Z;2026-06-15T15:57:00.060049;70;CHAUDE;44100;8820
30297873900043;302978739;PREVEAM;;;86.21Z;PRIV_SANTE_CABINET;PRIVE;Pratique médicale générale;336 RUE SAINT-HONORE 75001 PARIS;75001;PARIS;75;Île-de-France;11;11;11;10 à 19 salariés;19;O;PME;8;2014-01-01;12.501026694045176;48.86614966;2.330405652;False;9220;[];[];86.21Z;2026-06-15T15:57:00.061051;70;CHAUDE;17100;3420
21780498800129;217804988;COMMUNE DE POISSY;ECOLE ELEMENTAIRE MOLIERE;;85.20Z;PUB_ECOLE;PUBLIC;Enseignement primaire;63 RUE CHARLES MARECHAL 78300 POISSY;78300;POISSY;78;Île-de-France;11;12;12;20 à 49 salariés;49;N;ETI;38;1983-12-21;42.53251197809719;48.932054903;2.0524819078;False;7210;[];"[""0780624E""]";84.11Z;2026-06-15T15:56:17.249248;70;CHAUDE;24500;4900
21780311300117;217803113;COMMUNE DE HOUILLES;ECOLE ELEMENTAIRE GUILLAUME ET JEAN DETRAVES;;85.20Z;PUB_ECOLE;PUBLIC;Enseignement primaire;32 RUE ANDRE MAUPRIME 78800 HOUILLES;78800;HOUILLES;78;Île-de-France;11;12;12;20 à 49 salariés;49;N;ETI;34;1983-12-21;42.53251197809719;48.934171582;2.1855691912;False;7210;[];"[""0780280F""]";84.11Z;2026-06-15T15:56:17.250248;70;CHAUDE;24500;4900
21780146300092;217801463;COMMUNE DE CHATOU;ECOLE PRIMAIRE JULES FERRY;;85.20Z;PUB_ECOLE;PUBLIC;Enseignement primaire;49 RUE LEON BARBIER 78400 CHATOU;78400;CHATOU;78;Île-de-France;11;12;12;20 à 49 salariés;49;N;ETI;28;1983-12-21;42.53251197809719;48.8995276301808;2.15116893635141;False;7210;[];"[""0781138N""]";84.11Z;2026-06-15T15:56:17.688103;70;CHAUDE;24500;4900
33390529700029;333905297;LE PETIT D HOMME;;;85.20Z;PUB_ECOLE;PUBLIC;Enseignement primaire;6 RUE DES BLUETS 75011 PARIS;75011;PARIS;75;Île-de-France;11;11;11;10 à 19 salariés;19;O;PME;1;1987-04-02;39.252566735112936;48.864297408;2.3818679298;True;9220;[];"[""0752168Z""]";85.20Z;2026-06-15T15:56:39.403995;70;CHAUDE;9500;1900
24930003900016;249300039;SIVOM DE STAINS ET PIERREFITTE-SUR-SEINE;;;84.11Z;PUB_MAIRIE;PUBLIC;Administration publique générale;MAIRIE 6 AVENUE PAUL VAILLANT COUTURIER 93240 STAINS;93240;STAINS;93;Île-de-France;11;12;12;20 à 49 salariés;49;O;PME;1;1983-03-01;43.34017796030116;48.9554297507898;2.38281656063335;True;7345;[];[];84.11Z;2026-06-15T15:56:29.795007;70;CHAUDE;26950;5390
22940028800200;229400288;DEPARTEMENT DU VAL DE MARNE;DISPENSAIRE POLYVALENT;;86.21Z;PRIV_SANTE_CABINET;PRIVE;Pratique médicale générale;16 RUE JOSEPHINE DE BEAUHARNAIS 94500 CHAMPIGNY-SUR-MARNE;94500;CHAMPIGNY-SUR-MARNE;94;Île-de-France;11;52;52;5000 à 9999 salariés;9999;N;GE;212;1994-12-01;31.586584531143053;48.812655777;2.5091522298;False;7220;[];[];84.11Z;2026-06-15T15:56:30.567682;70;CHAUDE;8999100;1799820
22940028800218;229400288;DEPARTEMENT DU VAL DE MARNE;DISPENSAIRE POLYVALENT;;86.21Z;PRIV_SANTE_CABINET;PRIVE;Pratique médicale générale;16 AVENUE GAMBETTA 94600 CHOISY-LE-ROI;94600;CHOISY-LE-ROI;94;Île-de-France;11;52;52;5000 à 9999 salariés;9999;N;GE;212;1971-01-01;55.50171115674196;48.763782819;2.4020354603;False;7220;[];[];84.11Z;2026-06-15T15:56:30.567682;70;CHAUDE;8999100;1799820
22940028800226;229400288;DEPARTEMENT DU VAL DE MARNE;DISPENSAIRE POLYVALENT;;86.21Z;PRIV_SANTE_CABINET;PRIVE;Pratique médicale générale;1 RUE DES ECOLES 94000 CRETEIL;94000;CRETEIL;94;Île-de-France;11;52;52;5000 à 9999 salariés;9999;N;GE;212;1974-04-01;52.25462012320329;48.792964681;2.4648093194;False;7220;[];[];84.11Z;2026-06-15T15:56:30.567682;70;CHAUDE;8999100;1799820
22940028800234;229400288;DEPARTEMENT DU VAL DE MARNE;DISPENSAIRE POLYVALENT;;86.21Z;PRIV_SANTE_CABINET;PRIVE;Pratique médicale générale;6 B AVENUE DE LA REPUBLIQUE 94700 MAISONS-ALFORT;94700;MAISONS-ALFORT;94;Île-de-France;11;52;52;5000 à 9999 salariés;9999;O;GE;212;1924-10-01;101.75222450376457;48.800213053;2.429612517;False;7220;[];[];84.11Z;2026-06-15T15:56:30.567682;70;CHAUDE;8999100;1799820
21940081900112;219400819;COMMUNE DE VITRY SUR SEINE;ECOLE ELEMENTAIRE MAKARENKO A;;85.20Z;PUB_ECOLE;PUBLIC;Enseignement primaire;1 RUE CAMILLE BLANC 94400 VITRY-SUR-SEINE;94400;VITRY-SUR-SEINE;94;Île-de-France;11;12;12;20 à 49 salariés;49;N;ETI;88;1983-12-21;42.53251197809719;48.782539108;2.3975977814;False;7210;[];"[""0940379B""]";84.11Z;2026-06-15T15:56:30.567682;70;CHAUDE;24500;4900
21940041300056;219400413;COMMUNE D IVRY SUR SEINE;EC ELEMENTAIRE APPLICA A. EINSTEIN;;85.20Z;PUB_ECOLE;PUBLIC;Enseignement primaire;9 ALLEE DU PARC 94200 IVRY-SUR-SEINE;94200;IVRY-SUR-SEINE;94;Île-de-France;11;11;11;10 à 19 salariés;19;N;ETI;62;1983-12-21;42.53251197809719;48.814218035;2.385672998;False;7210;[];"[""0941752U""]";84.11Z;2026-06-15T15:56:30.567682;70;CHAUDE;9500;1900
75375591700014;753755917;CICOF;;;86.21Z;PRIV_SANTE_CABINET;PRIVE;Pratique médicale générale;183 BOULEVARD SAINT-GERMAIN 75007 PARIS;75007;PARIS;75;Île-de-France;11;11;11;10 à 19 salariés;19;O;PME;5;2012-09-06;13.820670773442847;48.854583936;2.3294919147;True;5785;[];[];86.21Z;2026-06-15T15:57:00.462597;70;CHAUDE;17100;3420
49226699400028;492266994;SELARL DU DOCTEUR BARALE;;;86.21Z;PRIV_SANTE_CABINET;PRIVE;Pratique médicale générale;26 BOULEVARD RASPAIL 75007 PARIS;75007;PARIS;75;Île-de-France;11;11;11;10 à 19 salariés;19;O;PME;5;2015-02-11;11.38945927446954;48.853331292;2.3261581503;False;5485;[];[];86.21Z;2026-06-15T15:57:01.333674;70;CHAUDE;17100;3420
49226699400044;492266994;SELARL DU DOCTEUR BARALE;CLINIQUE DE LA VISION VYSEA;;86.22C;PRIV_SANTE_CABINET;PRIVE;Pratique médicale;LA VISION 131 RUE DE L'UNIVERSITE 75007 PARIS;75007;PARIS;75;Île-de-France;11;11;11;10 à 19 salariés;19;N;PME;5;2010-11-23;15.60848733744011;48.861060281;2.3081803808;False;5485;[];[];86.21Z;2026-06-15T15:57:01.333674;70;CHAUDE;17100;3420
31170262500030;311702625;S.C.M.G.U. SOS MEDECINS (SCMGU);;SCMGU;86.21Z;PRIV_SANTE_CABINET;PRIVE;Pratique médicale générale;128-130 128 BOULEVARD MACDONALD 75019 PARIS;75019;PARIS;75;Île-de-France;11;12;12;20 à 49 salariés;49;N;PME;5;2013-12-03;12.580424366872004;48.8990739664906;2.38035259448036;False;6599;[];[];86.21Z;2026-06-15T15:57:01.744350;70;CHAUDE;44100;8820
45148990000014;451489900;SELARL DU CIRM CENTRE  D'IMAGERIE ET DE RADIOLOGIE DE LA MUETTE;;;86.21Z;PRIV_SANTE_CABINET;PRIVE;Pratique médicale générale;74 AVENUE PAUL DOUMER 75016 PARIS;75016;PARIS;75;Île-de-France;11;11;11;10 à 19 salariés;19;N;PME;4;2003-10-08;22.73511293634497;48.859704881;2.2784695239;True;5485;[];[];86.21Z;2026-06-15T15:57:01.745350;70;CHAUDE;17100;3420
45148990000022;451489900;SELARL DU CIRM CENTRE  D'IMAGERIE ET DE RADIOLOGIE DE LA MUETTE;;;86.21Z;PRIV_SANTE_CABINET;PRIVE;Pratique médicale générale;95 RUE MICHEL-ANGE 75016 PARIS;75016;PARIS;75;Île-de-France;11;11;11;10 à 19 salariés;19;O;PME;4;2003-12-10;22.562628336755647;48.840097972;2.2581546198;False;5485;[];[];86.21Z;2026-06-15T15:57:01.745350;70;CHAUDE;17100;3420
45148990000048;451489900;SELARL DU CIRM CENTRE  D'IMAGERIE ET DE RADIOLOGIE DE LA MUETTE;;;86.22A;PRIV_SANTE_CABINET;PRIVE;Pratique médicale;7 RUE MESNIL 75016 PARIS;75016;PARIS;75;Île-de-France;11;11;11;10 à 19 salariés;19;O;PME;4;2023-09-01;2.836413415468857;48.868582899;2.2846979575;False;5485;[];[];86.21Z;2026-06-15T15:57:01.745350;70;CHAUDE;17100;3420
77566722300074;775667223;ASSOCIATION DES OEUVRES SOCIALES DU MINISTERE DES AFFAIRES ETRANGERES (ADOS DU MAE);;ADOS DU MAE;86.21Z;PRIV_SANTE_CABINET;PRIVE;Pratique médicale générale;27 RUE DE LA CONVENTION 75015 PARIS;75015;PARIS;75;Île-de-France;11;11;11;10 à 19 salariés;19;O;PME;7;2019-11-01;6.669404517453799;48.844761528;2.2802156431;False;9220;[];[];86.21Z;2026-06-15T15:57:03.998760;70;CHAUDE;17100;3420
92034420700013;920344207;ASSOCIATION 38.2 SANTE (A.S);;A.S;86.21Z;PRIV_SANTE_CABINET;PRIVE;Pratique médicale générale;3 RUE FRAGONARD 75017 PARIS;75017;PARIS;75;Île-de-France;11;11;11;10 à 19 salariés;19;O;PME;2;2022-10-01;3.753593429158111;48.894223981;2.3145402271;True;9220;"[""750071581""]";[];86.21Z;2026-06-15T15:57:14.133780;70;CHAUDE;17100;3420
92034420700021;920344207;ASSOCIATION 38.2 SANTE (A.S);;A.S;86.21Z;PRIV_SANTE_CABINET;PRIVE;Pratique médicale générale;2 AVENUE DE LA PORTE DE CLICHY 75017 PARIS;75017;PARIS;75;Île-de-France;11;11;11;10 à 19 salariés;19;O;PME;2;2024-07-16;1.9630390143737169;48.8947845048539;2.31364100343476;False;9220;[];[];86.21Z;2026-06-15T15:57:14.133780;70;CHAUDE;17100;3420
32394716800031;323947168;ENFANT ET SANTE;;;86.21Z;PRIV_SANTE_CABINET;PRIVE;Pratique médicale générale;11 B RUE CURIAL 75019 PARIS;75019;PARIS;75;Île-de-France;11;12;12;20 à 49 salariés;49;O;PME;3;2010-06-01;16.087611225188226;48.89106209;2.3720414317;True;9220;[];[];86.21Z;2026-06-15T15:57:14.437939;70;CHAUDE;44100;8820
32394716800023;323947168;ENFANT ET SANTE;;;86.21Z;PRIV_SANTE_CABINET;PRIVE;Pratique médicale générale;52 AVENUE DE FLANDRE 75019 PARIS;75019;PARIS;75;Île-de-France;11;12;12;20 à 49 salariés;49;O;PME;3;1995-12-14;30.55167693360712;48.887492376;2.3732710687;False;9220;"[""750042103""]";[];86.21Z;2026-06-15T15:57:14.437939;70;CHAUDE;44100;8820
35017454600035;350174546;CND PARIS - LA ROQUETTE;;;86.21Z;PRIV_SANTE_CABINET;PRIVE;Pratique médicale générale;17 RUE GAZAN 75014 PARIS;75014;PARIS;75;Île-de-France;11;12;12;20 à 49 salariés;49;N;PME;3;2022-01-01;4.501026694045175;48.823214157;2.3407309449;True;5785;[];[];86.21Z;2026-06-15T15:57:18.444291;70;CHAUDE;44100;8820
44441567300029;444415673;DR GAUCHER CATHERINE, SOCIETE D'EXERCICE LIBERAL PAR ACTIONS SIMPLIFIEE DE MEDECINS.;;;86.21Z;PRIV_SANTE_CABINET;PRIVE;Pratique médicale générale;REZ DE CHAUSSEE GAUCHE 29 AVENUE DE SUFFREN 75007 PARIS;75007;PARIS;75;Île-de-France;11;11;11;10 à 19 salariés;19;N;PME;4;2007-10-01;18.75427789185489;48.855312849;2.2946821585;True;5785;[];[];86.21Z;2026-06-15T15:57:18.852714;70;CHAUDE;17100;3420
44441567300037;444415673;DR GAUCHER CATHERINE, SOCIETE D'EXERCICE LIBERAL PAR ACTIONS SIMPLIFIEE DE MEDECINS.;;;86.21Z;PRIV_SANTE_CABINET;PRIVE;Pratique médicale générale;31 AVENUE DE SUFFREN 75007 PARIS;75007;PARIS;75;Île-de-France;11;11;11;10 à 19 salariés;19;O;PME;4;2013-10-01;12.752908966461328;48.855198785;2.29486088;False;5785;[];[];86.21Z;2026-06-15T15:57:18.852714;70;CHAUDE;17100;3420
13000846900137;130008469;DIRECTION DEPARTEMENTALE FINANCES PUBLIQUES VAL DE MARNE (DDFIP);SERVICE IMPOTS DES ENTRPRISES DE MARNE ET BOIS;DDFIP;84.11Z;PUB_MAIRIE;PUBLIC;Administration publique générale;CENTRE DES FINANCES PUBLIQUES RUE JEAN SOULES 94130 NOGENT-SUR-MARNE;94130;NOGENT-SUR-MARNE;94;Île-de-France;11;12;12;20 à 49 salariés;49;N;ETI;128;2009-12-21;16.531143052703626;48.836879671;2.4791606346;False;7172;[];[];84.11Z;2026-06-15T15:56:30.568676;70;CHAUDE;26950;5390
13000846900236;130008469;DIRECTION DEPARTEMENTALE FINANCES PUBLIQUES VAL DE MARNE (DDFIP);PAIERIE DEPARTEMENTALE DU VAL-DE-MARNE;DDFIP;84.11Z;PUB_MAIRIE;PUBLIC;Administration publique générale;HOTEL DES FINANCES 1 PLACE DU GENERAL PIERRE BILLOTTE 94000 CRETEIL;94000;CRETEIL;94;Île-de-France;11;12;12;20 à 49 salariés;49;N;ETI;128;2009-12-21;16.531143052703626;48.7772828510076;2.45598679157886;False;7172;[];[];84.11Z;2026-06-15T15:56:30.568676;70;CHAUDE;26950;5390
13000846900319;130008469;DIRECTION DEPARTEMENTALE FINANCES PUBLIQUES VAL DE MARNE (DDFIP);SIP DE CHOISY-LE-ROI;DDFIP;84.11Z;PUB_MAIRIE;PUBLIC;Administration publique générale;44 GALERIE-ROUGET-DE-LISLE 94600 CHOISY-LE-ROI;94600;CHOISY-LE-ROI;94;Île-de-France;11;12;12;20 à 49 salariés;49;N;ETI;128;2009-12-21;16.531143052703626;48.764423393;2.407197272;False;7172;[];[];84.11Z;2026-06-15T15:56:30.568676;70;CHAUDE;26950;5390
13000846900384;130008469;DIRECTION DEPARTEMENTALE FINANCES PUBLIQUES VAL DE MARNE (DDFIP);SIP DE VITRY-SUR-SEINE;DDFIP;84.11Z;PUB_MAIRIE;PUBLIC;Administration publique générale;81 RUE CAMILLE GROULT 94400 VITRY-SUR-SEINE;94400;VITRY-SUR-SEINE;94;Île-de-France;11;12;12;20 à 49 salariés;49;N;ETI;128;2009-12-21;16.531143052703626;48.787019935;2.3967943084;False;7172;[];[];84.11Z;2026-06-15T15:56:30.568676;70;CHAUDE;26950;5390
13000846900426;130008469;DIRECTION DEPARTEMENTALE FINANCES PUBLIQUES VAL DE MARNE (DDFIP);TRES  SAINT-MAUR-DES-FOSSES MUNICIPALE;DDFIP;84.11Z;PUB_MAIRIE;PUBLIC;Administration publique générale;48 T BOULEVARD RABELAIS 94100 SAINT-MAUR-DES-FOSSES;94100;SAINT-MAUR-DES-FOSSES;94;Île-de-France;11;12;12;20 à 49 salariés;49;N;ETI;128;2009-12-21;16.531143052703626;48.805492787;2.4824145328;False;7172;[];[];84.11Z;2026-06-15T15:56:30.568676;70;CHAUDE;26950;5390
78477863100027;784778631;OGEC DE LA VILLETTE;;;85.20Z;PUB_ECOLE;PUBLIC;Enseignement primaire;5 RUE LEON GIRAUD 75019 PARIS;75019;PARIS;75;Île-de-France;11;11;11;10 à 19 salariés;19;O;PME;1;1990-09-01;35.83572895277207;48.887445066;2.3814676858;True;9220;[];"[""0750353B""]";85.20Z;2026-06-15T15:56:38.701336;70;CHAUDE;9500;1900
88189261600023;881892616;SOCIETE PEDAGOGIQUE DU SOLEIL;;;85.20Z;PUB_ECOLE;PUBLIC;Enseignement primaire;53 RUE JEAN DE LA FONTAINE 75016 PARIS;75016;PARIS;75;Île-de-France;11;3;3;6 à 9 salariés;9;N;PME;2;2020-07-10;5.979466119096509;48.849827505;2.2693299419;True;6599;[];[];85.20Z;2026-06-15T15:56:38.701336;70;CHAUDE;4500;900
81909799900018;819097999;ECOLE MONTESSORI 21 PARIS JAURES;;;85.20Z;PUB_ECOLE;PUBLIC;Enseignement primaire;74 QUAI DE LA LOIRE 75019 PARIS;75019;PARIS;75;Île-de-France;11;11;11;10 à 19 salariés;19;O;ETI;1;2016-03-01;10.338124572210814;48.886564292;2.3780520951;True;5710;[];[];85.20Z;2026-06-15T15:56:38.701336;70;CHAUDE;9500;1900
84005874700022;840058747;ECOLE MONTESSORI JEUNES POUSSES;;;85.20Z;PUB_ECOLE;PUBLIC;Enseignement primaire;2 RUE DE JOINVILLE 75019 PARIS;75019;PARIS;75;Île-de-France;11;11;11;10 à 19 salariés;19;N;PME;2;2021-09-30;4.75564681724846;48.889513076;2.3808621458;True;5710;[];[];85.20Z;2026-06-15T15:56:39.403995;70;CHAUDE;9500;1900
84484386200021;844843862;LES PETITS CRAYONS;;;85.20Z;PUB_ECOLE;PUBLIC;Enseignement primaire;28 RUE SAINT-LAMBERT 75015 PARIS;75015;PARIS;75;Île-de-France;11;3;3;6 à 9 salariés;9;O;PME;2;2020-01-30;6.422997946611909;48.837289695;2.291962748;True;5710;[];[];85.20Z;2026-06-15T15:56:39.403995;70;CHAUDE;4500;900
21940041300064;219400413;COMMUNE D IVRY SUR SEINE;ECOLE ELEMENTAIRE JACQUES SOLOMON;;85.20Z;PUB_ECOLE;PUBLIC;Enseignement primaire;25 RUE GAGNEE 94200 IVRY-SUR-SEINE;94200;IVRY-SUR-SEINE;94;Île-de-France;11;11;11;10 à 19 salariés;19;N;ETI;62;1983-12-21;42.53251197809719;48.802718985;2.3815509618;False;7210;[];"[""0940767Y""]";84.11Z;2026-06-15T15:56:30.568676;70;CHAUDE;9500;1900
21940041300114;219400413;COMMUNE D IVRY SUR SEINE;ECOLE ELEMENTAIRE PAUL LANGEVIN;;85.20Z;PUB_ECOLE;PUBLIC;Enseignement primaire;218 RUE MARCEL HARTMANN 94200 IVRY-SUR-SEINE;94200;IVRY-SUR-SEINE;94;Île-de-France;11;11;11;10 à 19 salariés;19;N;ETI;62;1983-12-21;42.53251197809719;48.805697251;2.3870738207;False;7210;[];"[""0940217A""]";84.11Z;2026-06-15T15:56:30.568676;70;CHAUDE;9500;1900
21940041300122;219400413;COMMUNE D IVRY SUR SEINE;ECOLE MATERNELLE PUBLIQUE MAKARENKO;;85.10Z;PUB_ECOLE;PUBLIC;Enseignement pré-primaire;2 RUE JEAN PERRIN 94200 IVRY-SUR-SEINE;94200;IVRY-SUR-SEINE;94;Île-de-France;11;11;11;10 à 19 salariés;19;N;ETI;62;1983-12-21;42.53251197809719;48.811856966;2.3767570578;False;7210;[];"[""0940453G""]";84.11Z;2026-06-15T15:56:30.568676;70;CHAUDE;9500;1900
48429102600058;484291026;PRAXEA DIAGNOSTICS;;;86.21Z;PRIV_SANTE_CABINET;PRIVE;Pratique médicale générale;1 RUE GALVANI 91300 MASSY;91300;MASSY;91;Île-de-France;11;22;22;100 à 199 salariés;199;O;ETI;7;2018-10-26;7.685147159479809;48.7239424275727;2.2700228307925;True;5785;[];[];86.21Z;2026-06-15T15:57:19.876522;70;CHAUDE;179100;35820
51249319800018;512493198;SELAS DES DOCTEURS BREIL, GAYET, BOURRET-CASSAIGNE, DEVINE;;;86.21Z;PRIV_SANTE_CABINET;PRIVE;Pratique médicale générale;9 RUE DE TURIN 75008 PARIS;75008;PARIS;75;Île-de-France;11;11;11;10 à 19 salariés;19;O;PME;1;2009-04-08;17.234770704996578;48.880089491;2.3250041657;True;5785;[];[];86.21Z;2026-06-15T15:57:49.992639;70;CHAUDE;17100;3420
43517763900018;435177639;GEOFFROY SAINT HILAIRE ANESTHESIE;;;86.21Z;PRIV_SANTE_CABINET;PRIVE;Pratique médicale générale;59 RUE GEOFFROY-SAINT-HILAIRE 75005 PARIS;75005;PARIS;75;Île-de-France;11;11;11;10 à 19 salariés;19;O;PME;1;2000-10-01;25.752224503764545;48.843603517;2.3549335337;True;2220;[];[];86.21Z;2026-06-15T15:57:50.999068;70;CHAUDE;17100;3420
42173083900022;421730839;CHIRURGIE LASER VISION;;;86.21Z;PRIV_SANTE_CABINET;PRIVE;Pratique médicale générale;131 RUE DE L'UNIVERSITE 75007 PARIS;75007;PARIS;75;Île-de-France;11;11;11;10 à 19 salariés;19;O;PME;2;2007-05-02;19.17043121149897;48.861060281;2.3081803808;True;5710;[];[];86.21Z;2026-06-15T15:57:51.509924;70;CHAUDE;17100;3420
81768835100011;817688351;SARAH SANTE-AUTEUIL;;;86.21Z;PRIV_SANTE_CABINET;PRIVE;Pratique médicale générale;19-21 19 RUE CHANEZ 75016 PARIS;75016;PARIS;75;Île-de-France;11;11;11;10 à 19 salariés;19;O;PME;1;2016-01-01;10.50239561943874;48.846536817;2.259544334;True;5785;[];[];86.21Z;2026-06-15T15:58:04.933362;70;CHAUDE;17100;3420
83494455500020;834944555;ASSOCIATION POUR LA SANTE MEDICO DENTAIRE DU PRE;;;86.21Z;PRIV_SANTE_CABINET;PRIVE;Pratique médicale générale;29 RUE D'ESTIENNE D'ORVES 93310 LE PRE-SAINT-GERVAIS;93310;LE PRE-SAINT-GERVAIS;93;Île-de-France;11;12;12;20 à 49 salariés;49;O;PME;2;2018-03-01;8.33949349760438;48.885492669;2.4012717665;True;9220;[];[];86.21Z;2026-06-15T15:58:07.995599;70;CHAUDE;44100;8820
35121267500026;351212675;SAS DES PEUPLIERS;;;86.21Z;PRIV_SANTE_CABINET;PRIVE;Pratique médicale générale;22 RUE DES PEUPLIERS 75013 PARIS;75013;PARIS;75;Île-de-France;11;12;12;20 à 49 salariés;49;O;GE;1;1990-09-15;35.79739904175222;48.823237034;2.3529879685;True;5710;[];[];86.21Z;2026-06-15T15:58:14.931101;70;CHAUDE;44100;8820
33943363300015;339433633;SCANNER TURIN;;;86.21Z;PRIV_SANTE_CABINET;PRIVE;Pratique médicale générale;7-9 9 RUE DE TURIN 75008 PARIS;75008;PARIS;75;Île-de-France;11;11;11;10 à 19 salariés;19;O;PME;1;1986-11-13;39.63586584531143;48.880089491;2.3250041657;True;5599;[];[];86.21Z;2026-06-15T15:58:17.245916;70;CHAUDE;17100;3420
33155274500019;331552745;ASS THORPE-TRAVERS-HOSTACHY;;;86.21Z;PRIV_SANTE_CABINET;PRIVE;Pratique médicale générale;8 SQUARE THIERS 75016 PARIS;75016;PARIS;75;Île-de-France;11;11;11;10 à 19 salariés;19;O;PME;1;1985-01-01;41.50034223134839;48.866196546;2.2787899307;True;2900;[];[];86.21Z;2026-06-15T15:58:24.381466;70;CHAUDE;17100;3420
81746425800018;817464258;ASSOCIATION MEDICALE POUR LE DEVELOPPEMENT DU DENTAIRE ET DE LA MEDECINE SOCIAL (A.D.D.M.S);;A.D.D.M.S;86.21Z;PRIV_SANTE_CABINET;PRIVE;Pratique médicale générale;46 RUE DE CRIMEE 75019 PARIS;75019;PARIS;75;Île-de-France;11;12;12;20 à 49 salariés;49;O;PME;1;2016-01-05;10.491444216290212;48.879887451;2.3892382449;True;9220;"[""750012080""]";[];86.21Z;2026-06-15T15:58:29.195986;70;CHAUDE;44100;8820
49534341000025;495343410;SELAS IPO;;;86.21Z;PRIV_SANTE_CABINET;PRIVE;Pratique médicale générale;2-4 2 VILLA DU MONT TONNERRE 75015 PARIS;75015;PARIS;75;Île-de-France;11;11;11;10 à 19 salariés;19;N;PME;3;2020-11-12;5.637234770704997;48.844427483;2.3183692762;True;5785;[];[];86.21Z;2026-06-15T15:58:30.426305;70;CHAUDE;17100;3420
84085217200013;840852172;ASSOCIATION IYAR SANTE;;;86.21Z;PRIV_SANTE_CABINET;PRIVE;Pratique médicale générale;MME CHERBIT FHIMA CINDY PDTE 36 RUE DE VAUCOULEURS 75011 PARIS;75011;PARIS;75;Île-de-France;11;12;12;20 à 49 salariés;49;O;PME;1;2018-08-01;7.920602327173169;48.870141012;2.3769521187;True;9220;"[""750063497""]";[];86.21Z;2026-06-15T15:58:33.191468;70;CHAUDE;44100;8820
33527624200013;335276242;OPHTA ODEON;;;86.21Z;PRIV_SANTE_CABINET;PRIVE;Pratique médicale générale;113 BOULEVARD SAINT-GERMAIN 75006 PARIS;75006;PARIS;75;Île-de-France;11;11;11;10 à 19 salariés;19;O;PME;1;1986-04-01;40.25462012320329;48.852437456;2.3382661459;True;6599;[];[];86.21Z;2026-06-15T15:58:37.840889;70;CHAUDE;17100;3420
78475320400014;784753204;ASSISTANCE MEDICALE DENTAIRE;;;86.21Z;PRIV_SANTE_CABINET;PRIVE;Pratique médicale générale;8 AVENUE DE SAINT-OUEN 75018 PARIS;75018;PARIS;75;Île-de-France;11;11;11;10 à 19 salariés;19;O;PME;1;1900-01-01;126.4996577686516;48.887730251;2.3258411964;True;9220;"[""750012007""]";[];86.21Z;2026-06-15T15:58:46.088169;70;CHAUDE;17100;3420
85109450800021;851094508;SELARL BOUHANNA & ASSOCIES;;;86.21Z;PRIV_SANTE_CABINET;PRIVE;Pratique médicale générale;23 AVENUE NIEL 75017 PARIS;75017;PARIS;75;Île-de-France;11;11;11;10 à 19 salariés;19;N;PME;2;2022-02-21;4.361396303901437;48.880803395;2.295075851;True;5485;[];[];86.21Z;2026-06-15T15:58:46.764985;70;CHAUDE;17100;3420
79072425600157;790724256;SELAS POINTGYN;;;86.21Z;PRIV_SANTE_CABINET;PRIVE;Pratique médicale générale;19 B AV EGLE 78600 MAISONS-LAFFITTE;78600;MAISONS-LAFFITTE;78;Île-de-France;11;21;21;50 à 99 salariés;99;N;PME;31;2023-03-22;3.2826830937713893;48.950121954;2.1510564366;False;5785;[];[];86.21Z;2026-06-15T15:59:30.667295;70;CHAUDE;89100;17820
51022755600113;510227556;ICPC SETAEL;ICPC MAISONS-LAFFITTE;;86.21Z;PRIV_SANTE_CABINET;PRIVE;Pratique médicale générale;19 B AVENUE EGLE 78600 MAISONS-LAFFITTE;78600;MAISONS-LAFFITTE;78;Île-de-France;11;21;21;50 à 99 salariés;99;O;PME;17;2023-03-01;3.340177960301164;48.950120602069;2.15105608312773;False;5785;[];[];86.21Z;2026-06-15T15:59:30.668295;70;CHAUDE;89100;17820
78508759400137;785087594;OBJECTIF SANTE TRAVAIL (OSTRA);;OSTRA;86.21Z;PRIV_SANTE_CABINET;PRIVE;Pratique médicale générale;70 RUE DES CHANTIERS 78000 VERSAILLES;78000;VERSAILLES;78;Île-de-France;11;22;22;100 à 199 salariés;199;O;PME;29;2003-12-15;22.548939082819988;48.792623033;2.143917899;False;9220;[];[];86.21Z;2026-06-15T15:59:30.668295;70;CHAUDE;179100;35820
77572822300691;775728223;ASS INT CTRE MED SOCIAUX REG ILE FRANCE (ACMS);A.C.M.S;ACMS;86.21Z;PRIV_SANTE_CABINET;PRIVE;Pratique médicale générale;157 RUE DES BLAINS 92220 BAGNEUX;92220;BAGNEUX;92;Île-de-France;11;12;12;20 à 49 salariés;49;O;ETI;189;1984-04-03;42.247775496235455;48.7931794925672;2.31848565589293;False;9220;[];[];86.21Z;2026-06-15T16:00:29.929528;70;CHAUDE;44100;8820
77572822300915;775728223;ASS INT CTRE MED SOCIAUX REG ILE FRANCE (ACMS);A.C.M.S;ACMS;86.21Z;PRIV_SANTE_CABINET;PRIVE;Pratique médicale générale;CTRE MALRAUX-ZI 4 RUE ALEXIS DE TOCQUEVILLE 92160 ANTONY;92160;ANTONY;92;Île-de-France;11;42;42;1000 à 1999 salariés;1999;N;ETI;189;1978-09-15;47.79739904175222;48.7327676475519;2.31426254461546;False;9220;[];[];86.21Z;2026-06-15T16:00:29.929528;70;CHAUDE;1799100;359820
21780646200123;217806462;COMMUNE DE VERSAILLES;ECOLE PRIMAIRE PETITS BOIS-ALBERT THIERRY;;85.20Z;PUB_ECOLE;PUBLIC;Enseignement primaire;2 RUE DES PETITS BOIS 78000 VERSAILLES;78000;VERSAILLES;78;Île-de-France;11;12;12;20 à 49 salariés;49;N;ETI;71;1983-12-21;42.53251197809719;48.806109579;2.1570319361;False;7210;[];"[""0783534T""]";84.11Z;2026-06-15T15:56:17.246250;70;CHAUDE;24500;4900
21940021500030;219400215;COMMUNE DE CHEVILLY LARUE;ECOLE ELEMENTAIRE PAUL BERT B;;85.20Z;PUB_ECOLE;PUBLIC;Enseignement primaire;5 RUE DU NIVERNAIS 94550 CHEVILLY-LARUE;94550;CHEVILLY-LARUE;94;Île-de-France;11;12;12;20 à 49 salariés;49;N;ETI;52;1983-12-21;42.53251197809719;48.77307904;2.3567665964;False;7210;[];"[""0940285Z""]";84.11Z;2026-06-15T15:56:30.568676;70;CHAUDE;24500;4900
21940021500048;219400215;COMMUNE DE CHEVILLY LARUE;ECOLE ELEMENTAIRE PAUL BERT A;;85.20Z;PUB_ECOLE;PUBLIC;Enseignement primaire;17 RUE DU NIVERNAIS 94550 CHEVILLY-LARUE;94550;CHEVILLY-LARUE;94;Île-de-France;11;12;12;20 à 49 salariés;49;N;ETI;52;1983-12-21;42.53251197809719;48.77307904;2.3567665964;False;7210;[];"[""0940170Z""]";84.11Z;2026-06-15T15:56:30.568676;70;CHAUDE;24500;4900
21940068600057;219400686;COMMUNE DE SAINT MAUR DES FOSSES;ECOLE ELEMENTAIRE BLED;;85.20Z;PUB_ECOLE;PUBLIC;Enseignement primaire;89 AVENUE CARNOT 94100 SAINT-MAUR-DES-FOSSES;94100;SAINT-MAUR-DES-FOSSES;94;Île-de-France;11;12;12;20 à 49 salariés;49;N;ETI;50;1983-12-21;42.53251197809719;48.796148188;2.4870903177;False;7210;[];"[""0940262Z""]";84.11Z;2026-06-15T15:56:30.568676;70;CHAUDE;24500;4900
21940017300023;219400173;COMMUNE DE CHAMPIGNY SUR MARNE;ECOLE ELEMENTAIRE MAURICE THOREZ B;;85.20Z;PUB_ECOLE;PUBLIC;Enseignement primaire;22 AVENUE DU 11 NOVEMBRE 1918 94500 CHAMPIGNY-SUR-MARNE;94500;CHAMPIGNY-SUR-MARNE;94;Île-de-France;11;12;12;20 à 49 salariés;49;N;ETI;47;1983-12-12;42.55715263518138;48.809986533;2.538253289;False;7210;[];"[""0940282W""]";84.11Z;2026-06-15T15:56:30.569676;70;CHAUDE;24500;4900
21940017300031;219400173;COMMUNE DE CHAMPIGNY SUR MARNE;ECOLE ELEMENTAIRE EUGENIE COTTON;;85.20Z;PUB_ECOLE;PUBLIC;Enseignement primaire;500 RUE DE BERNAU 94500 CHAMPIGNY-SUR-MARNE;94500;CHAMPIGNY-SUR-MARNE;94;Île-de-France;11;12;12;20 à 49 salariés;49;N;ETI;47;1983-12-21;42.53251197809719;48.816961105;2.5205539054;False;7210;[];"[""0941375J""]";84.11Z;2026-06-15T15:56:30.569676;70;CHAUDE;24500;4900
89888995100023;898889951;ECOLE GERBERT D'AURILLAC;;;85.20Z;PUB_ECOLE;PUBLIC;Enseignement primaire;10 RUE CIMAROSA 75016 PARIS;75016;PARIS;75;Île-de-France;11;3;3;6 à 9 salariés;9;N;PME;3;2021-04-01;5.253935660506502;48.868357729;2.2896706356;True;9220;[];[];85.20Z;2026-06-15T15:56:37.931080;70;CHAUDE;4500;900
48294755300053;482947553;AT MONTESSORI (AT MONTESSORI);AT MONTESSORI;;85.20Z;PUB_ECOLE;PUBLIC;Enseignement primaire;49 RUE DU RANELAGH 75016 PARIS;75016;PARIS;75;Île-de-France;11;3;3;6 à 9 salariés;9;O;PME;8;2018-07-24;7.942505133470226;48.854308499;2.2748603787;False;5710;[];[];85.20Z;2026-06-15T15:56:37.931080;70;CHAUDE;4500;900
78480872700035;784808727;OGEC ECOLE PRIVEE SAINTE LOUISE;;;85.20Z;PUB_ECOLE;PUBLIC;Enseignement primaire;31 RUE CLAVEL 75019 PARIS;75019;PARIS;75;Île-de-France;11;11;11;10 à 19 salariés;19;O;PME;3;2023-09-01;2.836413415468857;48.87609796;2.3835220265;False;9220;[];[];85.20Z;2026-06-15T15:56:37.931080;70;CHAUDE;9500;1900
51500676500074;515006765;ASSOCIATION EP2;;;85.20Z;PUB_ECOLE;PUBLIC;Enseignement primaire;28 RUE ARISTIDE BRIAND 94360 BRY-SUR-MARNE;94360;BRY-SUR-MARNE;94;Île-de-France;11;12;12;20 à 49 salariés;49;N;PME;10;2017-06-16;9.045859000684462;48.844097095;2.5177807683;True;9220;[];[];85.20Z;2026-06-15T15:56:37.591683;70;CHAUDE;24500;4900
75246935300029;752469353;123 MON ECOLE PARIS XV;;;85.20Z;PUB_ECOLE;PUBLIC;Enseignement primaire;37 AVENUE DE LOWENDAL 75015 PARIS;75015;PARIS;75;Île-de-France;11;3;3;6 à 9 salariés;9;O;PME;3;2018-01-30;8.421629021218344;48.848519252;2.3028441822;False;5710;[];[];85.20Z;2026-06-15T15:56:37.591683;70;CHAUDE;4500;900
84534819200020;845348192;MA PETITE ECOLE MONTESSORI;;;85.20Z;PUB_ECOLE;PUBLIC;Enseignement primaire;7 RUE DE VILLAFRANCA 75015 PARIS;75015;PARIS;75;Île-de-France;11;3;3;6 à 9 salariés;9;N;PME;4;2019-11-21;6.614647501711157;48.831619705;2.3036867614;True;5710;[];[];85.20Z;2026-06-15T15:56:37.591683;70;CHAUDE;4500;900
21940076900051;219400769;COMMUNE DE VILLEJUIF;ECOLE MATERNELLE PUBL.IRENE JOLIOT CURIE;;85.10Z;PUB_ECOLE;PUBLIC;Enseignement pré-primaire;56 RUE JEAN-BAPTISTE BAUDIN 94800 VILLEJUIF;94800;VILLEJUIF;94;Île-de-France;11;11;11;10 à 19 salariés;19;N;ETI;60;1983-12-21;42.53251197809719;48.797693647;2.3552932399;False;7210;[];"[""0940449C""]";84.11Z;2026-06-15T15:56:30.568676;70;CHAUDE;9500;1900
21940076900077;219400769;COMMUNE DE VILLEJUIF;ECOLE ELEMENTAIRE CACHIN;;85.20Z;PUB_ECOLE;PUBLIC;Enseignement primaire;22 RUE DE CHEVILLY 94800 VILLEJUIF;94800;VILLEJUIF;94;Île-de-France;11;12;12;20 à 49 salariés;49;N;ETI;60;1983-12-21;42.53251197809719;48.786249806;2.354206664;False;7210;[];"[""0942236V""]";84.11Z;2026-06-15T15:56:30.568676;70;CHAUDE;24500;4900
21780586000137;217805860;COMMUNE DE SARTROUVILLE;ECOLE ELEMENTAIRE PAUL LANGEVIN;;85.20Z;PUB_ECOLE;PUBLIC;Enseignement primaire;64 AVENUE CARNOT 78500 SARTROUVILLE;78500;SARTROUVILLE;78;Île-de-France;11;12;12;20 à 49 salariés;49;N;ETI;46;1983-12-21;42.53251197809719;48.939433915;2.1662590791;False;7210;[];"[""0781501H""]";84.11Z;2026-06-15T15:56:17.247250;70;CHAUDE;24500;4900
20008692400111;200086924;COMMUNE DE SAINT-GERMAIN-EN-LAYE;ECOLE PRIMAIRE DU LYCEE INTERNATIONAL;;85.20Z;PUB_ECOLE;PUBLIC;Enseignement primaire;2 RUE DU FER A CHEVAL 78100 SAINT-GERMAIN-EN-LAYE;78100;SAINT-GERMAIN-EN-LAYE;78;Île-de-France;11;12;12;20 à 49 salariés;49;N;ETI;48;2019-01-01;7.501711156741957;48.895099217;2.0617738357;False;7210;[];"[""0781129D""]";84.11Z;2026-06-15T15:56:17.248249;70;CHAUDE;24500;4900
22780646000027;227806460;DEPARTEMENT DES YVELINES;SERV ARCH DEP YVELINE ANCIEN DEP S ET O;;91.01Z;PUB_MUSEE;PUBLIC;Gestion des bibliothèques;1 AVENUE DE PARIS 78000 VERSAILLES;78000;VERSAILLES;78;Île-de-France;11;51;51;2000 à 4999 salariés;4999;N;ETI;55;1984-08-09;41.89733059548254;48.8037006289861;2.12790122497086;False;7220;[];[];84.11Z;2026-06-15T15:56:17.248249;70;CHAUDE;3249350;649870
22780646000084;227806460;DEPARTEMENT DES YVELINES;CENTRE DE PLANIFICATION;;86.21Z;PRIV_SANTE_CABINET;PRIVE;Pratique médicale générale;3 B IMPASSE DES GENDARMES 78000 VERSAILLES;78000;VERSAILLES;78;Île-de-France;11;51;51;2000 à 4999 salariés;4999;N;ETI;55;1995-12-25;30.521560574948666;48.800963366;2.1313761348;False;7220;[];[];84.11Z;2026-06-15T15:56:17.248249;70;CHAUDE;4499100;899820
22780646000092;227806460;DEPARTEMENT DES YVELINES;CONSULTATION SPECIALISEE;;86.21Z;PRIV_SANTE_CABINET;PRIVE;Pratique médicale générale;1 RUE RICHAUD 78000 VERSAILLES;78000;VERSAILLES;78;Île-de-France;11;51;51;2000 à 4999 salariés;4999;N;ETI;55;1995-12-25;30.521560574948666;48.8076732165498;2.13302640767017;False;7220;"[""780809687""]";[];84.11Z;2026-06-15T15:56:17.248249;70;CHAUDE;4499100;899820
22780646000118;227806460;DEPARTEMENT DES YVELINES;MUSEE MAURICE DENIS;;91.03Z;PUB_MUSEE;PUBLIC;Bibliothèques / musées;2 B RUE MAURICE DENIS 78100 SAINT-GERMAIN-EN-LAYE;78100;SAINT-GERMAIN-EN-LAYE;78;Île-de-France;11;51;51;2000 à 4999 salariés;4999;N;ETI;55;1995-12-25;30.521560574948666;48.892496309;2.0875412456;False;7220;[];[];84.11Z;2026-06-15T15:56:17.248249;70;CHAUDE;3249350;649870
77568193500604;775681935;APST BTP RP (APMT-BTP-RP);;APMT-BTP-RP;86.21Z;PRIV_SANTE_CABINET;PRIVE;Pratique médicale générale;55 RUE KLOCK 92110 CLICHY;92110;CLICHY;92;Île-de-France;11;11;11;10 à 19 salariés;19;O;PME;40;2019-12-31;6.505133470225872;48.90249111;2.315662774;False;9220;[];[];86.21Z;2026-06-15T16:00:29.930086;70;CHAUDE;17100;3420
78434698300504;784346983;CENTRE INTER MEDECINE TRAVAIL;;;86.21Z;PRIV_SANTE_CABINET;PRIVE;Pratique médicale générale;IMMEUBLE LES VILLAGES 6 31 PLACE RONDE 92800 PUTEAUX;92800;PUTEAUX;92;Île-de-France;11;12;12;20 à 49 salariés;49;O;ETI;54;2020-09-01;5.834360027378508;48.8927268727089;2.23176063241453;False;9220;[];[];86.21Z;2026-06-15T16:00:29.930655;70;CHAUDE;44100;8820
77572412300184;775724123;ASSOCIATION HORIZON SANTE TRAVAIL;;;86.21Z;PRIV_SANTE_CABINET;PRIVE;Pratique médicale générale;11 PLACE DES REFLETS 92400 COURBEVOIE;92400;COURBEVOIE;92;Île-de-France;11;11;11;10 à 19 salariés;19;O;PME;36;2002-01-01;24.501026694045173;48.890012308;2.2465922337;False;9220;[];[];86.21Z;2026-06-15T16:00:29.930655;70;CHAUDE;17100;3420
77572412300309;775724123;ASSOCIATION HORIZON SANTE TRAVAIL;;;86.21Z;PRIV_SANTE_CABINET;PRIVE;Pratique médicale générale;27 RUE GABRIEL PERI 92300 LEVALLOIS-PERRET;92300;LEVALLOIS-PERRET;92;Île-de-France;11;11;11;10 à 19 salariés;19;O;PME;36;2017-03-01;9.338809034907598;48.891609761;2.2880503889;False;9220;[];[];86.21Z;2026-06-15T16:00:29.930655;70;CHAUDE;17100;3420
44160813000015;441608130;SELAS D'IMAGERIE MEDICALE DES DOCTEURS ABECIDAN, DE PRECIGOUT, HANGARD ET SCETBON;;;86.21Z;PRIV_SANTE_CABINET;PRIVE;Pratique médicale générale;88 RUE JEAN JAURES 92800 PUTEAUX;92800;PUTEAUX;92;Île-de-France;11;11;11;10 à 19 salariés;19;O;PME;3;2002-04-05;24.24366872005476;48.883325624199;2.24218580300643;True;5785;[];[];86.21Z;2026-06-15T16:00:31.667319;70;CHAUDE;17100;3420
44160813000031;441608130;SELAS D'IMAGERIE MEDICALE DES DOCTEURS ABECIDAN, DE PRECIGOUT, HANGARD ET SCETBON;;;86.22A;PRIV_SANTE_CABINET;PRIVE;Pratique médicale;CENTRE IRM-SCANNER SQUARE LEON BLUM 31 RUE JEAN JAURES 92800 PUTEAUX;92800;PUTEAUX;92;Île-de-France;11;11;11;10 à 19 salariés;19;N;PME;3;2024-01-01;2.5023956194387407;48.8834061399172;2.24747954501044;False;5785;[];[];86.21Z;2026-06-15T16:00:31.667319;70;CHAUDE;17100;3420
85299925900017;852999259;ASSOCIATION CENTRE MEDICAL ET DENTAIRE DE NEUILLY CHARLES DE GAULLE (A.C.M.D.N.);;A.C.M.D.N.;86.21Z;PRIV_SANTE_CABINET;PRIVE;Pratique médicale générale;28 AVENUE CHARLES DE GAULLE 92200 NEUILLY-SUR-SEINE;92200;NEUILLY-SUR-SEINE;92;Île-de-France;11;11;11;10 à 19 salariés;19;O;PME;1;2019-09-01;6.836413415468857;48.879455889;2.2782422468;True;9220;"[""920035946""]";[];86.21Z;2026-06-15T16:00:57.593738;70;CHAUDE;17100;3420
31213919900011;312139199;ASSOC MEDECINE URGENCE;;;86.21Z;PRIV_SANTE_CABINET;PRIVE;Pratique médicale générale;104 BOULEVARD RAYMOND POINCARE 92380 GARCHES;92380;GARCHES;92;Île-de-France;11;21;21;50 à 99 salariés;99;O;PME;1;1978-01-01;48.50102669404517;48.8385540895869;2.17112645851486;True;9220;"[""920044211""]";[];86.21Z;2026-06-15T16:01:00.960676;70;CHAUDE;89100;17820
34265008200023;342650082;CTRE REANIMATION INTERVENTION CARDIAQUE (CERIC);;CERIC;86.21Z;PRIV_SANTE_CABINET;PRIVE;Pratique médicale générale;CENTRE CHIRURGICAL AMBROISE PARE 48 T BOULEVARD VICTOR HUGO 92200 NEUILLY-SUR-SEINE;92200;NEUILLY-SUR-SEINE;92;Île-de-France;11;11;11;10 à 19 salariés;19;O;PME;2;2022-09-05;3.8247775496235454;48.8889208485689;2.27770327630054;True;2210;[];[];86.21Z;2026-06-15T16:01:05.461807;70;CHAUDE;17100;3420
49434087000026;494340870;ASS DEP ORGANISATION DE LA PERMANENCE DES SOINS DANS LE 92 (ADOPDS 92);;ADOPDS 92;86.21Z;PRIV_SANTE_CABINET;PRIVE;Pratique médicale générale;4 PARVIS CORENTIN CELTON 92130 ISSY-LES-MOULINEAUX;92130;ISSY-LES-MOULINEAUX;92;Île-de-France;11;11;11;10 à 19 salariés;19;O;PME;2;2024-02-10;2.3928815879534566;48.8280461968461;2.27924415427417;True;9220;"[""920045085""]";[];86.21Z;2026-06-15T16:01:13.859477;70;CHAUDE;17100;3420
84771637000022;847716370;CENTRE MEDICAL ISM;;;86.21Z;PRIV_SANTE_CABINET;PRIVE;Pratique médicale générale;60 RUE CARNOT 92100 BOULOGNE-BILLANCOURT;92100;BOULOGNE-BILLANCOURT;92;Île-de-France;11;12;12;20 à 49 salariés;49;O;PME;2;1900-01-01;126.4996577686516;48.834244339;2.2380609276;True;5785;[];[];86.21Z;2026-06-15T16:01:15.907160;70;CHAUDE;44100;8820
77572822300840;775728223;ASS INT CTRE MED SOCIAUX REG ILE FRANCE (ACMS);;ACMS;86.21Z;PRIV_SANTE_CABINET;PRIVE;Pratique médicale générale;GARONOR 93600 AULNAY-SOUS-BOIS;93600;AULNAY-SOUS-BOIS;93;Île-de-France;11;42;42;1000 à 1999 salariés;1999;O;ETI;189;1985-06-03;41.08145106091718;48.955888839;2.4658094275;False;9220;[];[];86.21Z;2026-06-15T16:01:29.117579;70;CHAUDE;1799100;359820
77568193500497;775681935;APST BTP RP (APMT-BTP-RP);;APMT-BTP-RP;86.21Z;PRIV_SANTE_CABINET;PRIVE;Pratique médicale générale;13 RUE DU 19 MARS 1962 93000 BOBIGNY;93000;BOBIGNY;93;Île-de-France;11;22;22;100 à 199 salariés;199;N;PME;40;1992-06-15;34.04791238877481;48.90903696;2.4423529871;False;9220;[];[];86.21Z;2026-06-15T16:01:29.118579;70;CHAUDE;179100;35820
78496197100206;784961971;SERVICE INTER MEDECINE TRAVAIL;;;86.21Z;PRIV_SANTE_CABINET;PRIVE;Pratique médicale générale;440 PLACE LOUISE MICHEL 93160 NOISY-LE-GRAND;93160;NOISY-LE-GRAND;93;Île-de-France;11;22;22;100 à 199 salariés;199;N;PME;39;2008-01-01;18.50239561943874;48.839427028;2.5450760423;False;9220;[];[];86.21Z;2026-06-15T16:01:29.118579;70;CHAUDE;179100;35820
21950088100012;219500881;COMMUNE DE BONNEUIL EN FRANCE;MAIRIE;;84.11Z;PUB_MAIRIE;PUBLIC;Administration publique générale;15 RUE DE GONESSE 95500 BONNEUIL-EN-FRANCE;95500;BONNEUIL-EN-FRANCE;95;Île-de-France;11;12;12;20 à 49 salariés;49;O;PME;3;1983-03-01;43.34017796030116;48.975705994;2.4327090331;True;7210;[];[];84.11Z;2026-06-15T15:56:35.343145;70;CHAUDE;26950;5390
81916276900031;819162769;DOUCES MATERNELLES;;;85.10Z;PUB_ECOLE;PUBLIC;Enseignement pré-primaire;84 BOULEVARD SAINT-MICHEL 75006 PARIS;75006;PARIS;75;Île-de-France;11;3;3;6 à 9 salariés;9;N;PME;21;2020-02-03;6.412046543463381;48.842278561;2.3378283069;False;5710;[];"[""0756064J""]";85.10Z;2026-06-15T15:56:36.830996;70;CHAUDE;4500;900
81916276900049;819162769;DOUCES MATERNELLES;DOUCES MATERNELLES;;85.20Z;PUB_ECOLE;PUBLIC;Enseignement primaire;52 RUE BROCA 75005 PARIS;75005;PARIS;75;Île-de-France;11;3;3;6 à 9 salariés;9;O;PME;21;2020-09-02;5.831622176591376;48.837530972;2.347135051;False;5710;[];"[""0756118T""]";85.10Z;2026-06-15T15:56:36.830996;70;CHAUDE;4500;900
81916276900098;819162769;DOUCES MATERNELLES;;;85.10Z;PUB_ECOLE;PUBLIC;Enseignement pré-primaire;48 RUE MESLAY 75003 PARIS;75003;PARIS;75;Île-de-France;11;3;3;6 à 9 salariés;9;O;PME;21;2022-09-01;3.8357289527720737;48.868369588;2.3571068521;False;5710;[];"[""0756381D""]";85.10Z;2026-06-15T15:56:36.830996;70;CHAUDE;4500;900
81916276900106;819162769;DOUCES MATERNELLES;;;85.10Z;PUB_ECOLE;PUBLIC;Enseignement pré-primaire;122 B RUE DE SAUSSURE 75017 PARIS;75017;PARIS;75;Île-de-France;11;3;3;6 à 9 salariés;9;O;PME;21;2022-09-01;3.8357289527720737;48.888539948;2.3098088442;False;5710;[];"[""0756399Y""]";85.10Z;2026-06-15T15:56:36.830996;70;CHAUDE;4500;900
82009637800055;820096378;BIM SCHOOL PARIS;;;85.10Z;PUB_ECOLE;PUBLIC;Enseignement pré-primaire;18 RUE SAINT-AMAND 75015 PARIS;75015;PARIS;75;Île-de-France;11;3;3;6 à 9 salariés;9;N;PME;5;2016-05-02;10.168377823408624;48.8348319749462;2.30783487246879;True;5710;[];[];85.10Z;2026-06-15T15:56:36.830996;70;CHAUDE;4500;900
82009637800063;820096378;BIM SCHOOL PARIS;;;85.10Z;PUB_ECOLE;PUBLIC;Enseignement pré-primaire;49 RUE DU RANELAGH 75016 PARIS;75016;PARIS;75;Île-de-France;11;3;3;6 à 9 salariés;9;O;PME;5;2026-04-01;0.2546201232032854;48.854305961351166;2.274871998540686;False;5710;[];[];85.10Z;2026-06-15T15:56:36.830996;70;CHAUDE;4500;900
53862261400021;538622614;LA BALEINE (MONTESSORI LA BALEINE/ATELIERS LA BALEINE/ECOLE MONTESSORI LA BALEINE/ECOLE LA BALEINE/ATELIER LA BA);MONTESSORI LA BALEINE/ATELIERS LA BALEINE/ECOLE MONTESSORI LA BALEINE/ECOLE LA BALEINE/ATELIER LA BA;;85.10Z;PUB_ECOLE;PUBLIC;Enseignement pré-primaire;5 RUE BUOT 75013 PARIS;75013;PARIS;75;Île-de-France;11;11;11;10 à 19 salariés;19;O;PME;2;1900-01-01;126.4996577686516;48.827236195;2.3497368436;True;5499;[];[];85.10Z;2026-06-15T15:56:36.831998;70;CHAUDE;9500;1900
81145538500021;811455385;LILY SCHOOL PARIS;;;85.10Z;PUB_ECOLE;PUBLIC;Enseignement pré-primaire;55 RUE PAUL BARRUEL 75015 PARIS;75015;PARIS;75;Île-de-France;11;3;3;6 à 9 salariés;9;O;PME;2;2018-04-23;8.19438740588638;48.836861826;2.306432042;True;9220;[];"[""0755913V""]";85.10Z;2026-06-15T15:56:36.831998;70;CHAUDE;4500;900
51476061000022;514760610;CRECHE PRUNELLE;;;85.10Z;PUB_ECOLE;PUBLIC;Enseignement pré-primaire;44 RUE MARIUS JACOTOT 92800 PUTEAUX;92800;PUTEAUX;92;Île-de-France;11;3;3;6 à 9 salariés;9;N;PME;2;2019-06-30;7.008898015058179;48.884328925593;2.24192969567471;True;5499;[];[];85.10Z;2026-06-15T15:56:37.167285;70;CHAUDE;4500;900
75298181100017;752981811;PRUNELLE SCHOOL;;;85.10Z;PUB_ECOLE;PUBLIC;Enseignement pré-primaire;16-22 16 RUE CAMILLE PELLETAN 92300 LEVALLOIS-PERRET;92300;LEVALLOIS-PERRET;92;Île-de-France;11;3;3;6 à 9 salariés;9;O;PME;1;2012-08-20;13.867214236824092;48.896877406;2.294588407;True;5499;[];[];85.10Z;2026-06-15T15:56:37.167285;70;CHAUDE;4500;900
88386779800018;883867798;ECOLE MONTESSORI 21 AUBERVILLIERS;;;85.10Z;PUB_ECOLE;PUBLIC;Enseignement pré-primaire;2 RUE AUVRY 93300 AUBERVILLIERS;93300;AUBERVILLIERS;93;Île-de-France;11;11;11;10 à 19 salariés;19;O;ETI;1;2020-05-28;6.09719370294319;48.9026511821495;2.39050444636223;True;5710;[];[];85.10Z;2026-06-15T15:56:37.253035;70;CHAUDE;9500;1900
37813740000024;378137400;PLAISIR D ENFANCE;;;85.20Z;PUB_ECOLE;PUBLIC;Enseignement primaire;56-60 56 RUE DU PRE SAINT-GERVAIS 75019 PARIS;75019;PARIS;75;Île-de-France;11;11;11;10 à 19 salariés;19;O;PME;7;2006-01-01;20.501026694045173;48.878387031;2.3971199387;True;5710;[];[];85.20Z;2026-06-15T15:56:37.591683;70;CHAUDE;9500;1900
51022755600089;510227556;ICPC SETAEL;ICPC MONTREUIL;;86.21Z;PRIV_SANTE_CABINET;PRIVE;Pratique médicale générale;63 RUE GASTON LAURIAU 93100 MONTREUIL;93100;MONTREUIL;93;Île-de-France;11;21;21;50 à 99 salariés;99;O;PME;17;2022-11-01;3.668720054757016;48.858637967888;2.44711095898119;False;5785;[];[];86.21Z;2026-06-15T16:01:29.118579;70;CHAUDE;89100;17820
78556599500020;785565995;ASS POUR PREVENTION ET MEDECINE TRAVAIL (AMET);;AMET;86.21Z;PRIV_SANTE_CABINET;PRIVE;Pratique médicale générale;13 RUE J ET ETIENNE DE MONTGOLFIER 93110 ROSNY-SOUS-BOIS;93110;ROSNY-SOUS-BOIS;93;Île-de-France;11;22;22;100 à 199 salariés;199;O;PME;13;1997-11-04;28.65982203969884;48.8856169;2.4833156676;True;9220;"[""930034095""]";[];86.21Z;2026-06-15T16:01:29.119580;70;CHAUDE;179100;35820
78556599500129;785565995;ASS POUR PREVENTION ET MEDECINE TRAVAIL (AMET);;AMET;86.21Z;PRIV_SANTE_CABINET;PRIVE;Pratique médicale générale;93 AVENUE DES NATIONS 93420 VILLEPINTE;93420;VILLEPINTE;93;Île-de-France;11;22;22;100 à 199 salariés;199;N;PME;13;2000-01-01;26.50239561943874;48.9743308128118;2.51303047169728;False;9220;[];[];86.21Z;2026-06-15T16:01:29.119580;70;CHAUDE;179100;35820
34745564400018;347455644;MEDECINE ET IMAGERIE NUCLEAIRE - MIN (MIN);;MIN;86.21Z;PRIV_SANTE_CABINET;PRIVE;Pratique médicale générale;032-036 32 RUE DES MOULINS GEMEAUX 93200 SAINT-DENIS;93200;SAINT-DENIS;93;Île-de-France;11;12;12;20 à 49 salariés;49;O;PME;3;1988-06-15;38.04791238877481;48.940714293;2.3468679641;True;5785;"[""930026877""]";[];86.21Z;2026-06-15T16:01:29.729979;70;CHAUDE;44100;8820
34745564400026;347455644;MEDECINE ET IMAGERIE NUCLEAIRE - MIN (MIN);;MIN;86.21Z;PRIV_SANTE_CABINET;PRIVE;Pratique médicale générale;(CH DE SAINT DENIS) 2 RUE DU DOCTEUR DELAFONTAINE 93200 SAINT-DENIS;93200;SAINT-DENIS;93;Île-de-France;11;12;12;20 à 49 salariés;49;O;PME;3;2013-10-01;12.752908966461328;48.935763796;2.3727912141;False;5785;[];[];86.21Z;2026-06-15T16:01:29.729979;70;CHAUDE;44100;8820
34745564400034;347455644;MEDECINE ET IMAGERIE NUCLEAIRE - MIN (MIN);;MIN;86.21Z;PRIV_SANTE_CABINET;PRIVE;Pratique médicale générale;40 RUE FLOREAL 93170 BAGNOLET;93170;BAGNOLET;93;Île-de-France;11;12;12;20 à 49 salariés;49;N;PME;3;2022-06-27;4.016427104722792;48.8781724881437;2.4308587144036;False;5785;[];[];86.21Z;2026-06-15T16:01:29.729979;70;CHAUDE;44100;8820
87946453500019;879464535;ASSOCIATION MEDICALE ET DENTAIRE DE DRANCY;;;86.21Z;PRIV_SANTE_CABINET;PRIVE;Pratique médicale générale;240 RUE DE STALINGRAD 93700 DRANCY;93700;DRANCY;93;Île-de-France;11;12;12;20 à 49 salariés;49;O;PME;1;2019-11-28;6.595482546201232;48.9181969643981;2.41697093406521;True;9220;"[""930029640""]";[];86.21Z;2026-06-15T16:01:43.965300;70;CHAUDE;44100;8820
88520811600016;885208116;EM SANTE (EFFISANTE);;;86.21Z;PRIV_SANTE_CABINET;PRIVE;Pratique médicale générale;116 AVENUE GABRIEL PERI 93400 SAINT-OUEN-SUR-SEINE;93400;SAINT-OUEN-SUR-SEINE;93;Île-de-France;11;11;11;10 à 19 salariés;19;O;PME;1;2020-08-01;5.919233401779603;48.9032207386852;2.33062411246592;True;9220;"[""930029921""]";[];86.21Z;2026-06-15T16:01:43.965300;70;CHAUDE;17100;3420
77568193500513;775681935;APST BTP RP (APMT-BTP-RP);;APMT-BTP-RP;86.21Z;PRIV_SANTE_CABINET;PRIVE;Pratique médicale générale;46 RUE AUDIGEOIS 94400 VITRY-SUR-SEINE;94400;VITRY-SUR-SEINE;94;Île-de-France;11;22;22;100 à 199 salariés;199;O;PME;40;1994-06-20;32.03559206023272;48.791915804;2.3881566075;False;9220;[];[];86.21Z;2026-06-15T16:01:59.882981;70;CHAUDE;179100;35820
21940078500073;219400785;COMMUNE DE VILLENEUVE SAINT GEORGES;ECOLE ELEMENTAIRE BERTHELOT;;85.20Z;PUB_ECOLE;PUBLIC;Enseignement primaire;34 RUE CURIE 94190 VILLENEUVE-SAINT-GEORGES;94190;VILLENEUVE-SAINT-GEORGES;94;Île-de-France;11;12;12;20 à 49 salariés;49;N;ETI;34;1983-12-21;42.53251197809719;48.736942723;2.4517011353;False;7210;[];"[""0940642M""]";84.11Z;2026-06-15T15:56:30.569676;70;CHAUDE;24500;4900
21940078500107;219400785;COMMUNE DE VILLENEUVE SAINT GEORGES;ECOLE ELEMENTAIRE SAINT EXUPERY B;;85.20Z;PUB_ECOLE;PUBLIC;Enseignement primaire;RUE SAINT-EXUPERY 94190 VILLENEUVE-SAINT-GEORGES;94190;VILLENEUVE-SAINT-GEORGES;94;Île-de-France;11;12;12;20 à 49 salariés;49;N;ETI;34;1983-12-21;42.53251197809719;48.752017189;2.4479126299;False;7210;[];"[""0940640K""]";84.11Z;2026-06-15T15:56:30.569676;70;CHAUDE;24500;4900
21940078500115;219400785;COMMUNE DE VILLENEUVE SAINT GEORGES;ECOLE ELEMENTAIRE SAINT EXUPERY A;;85.20Z;PUB_ECOLE;PUBLIC;Enseignement primaire;RUE SAINT-EXUPERY 94190 VILLENEUVE-SAINT-GEORGES;94190;VILLENEUVE-SAINT-GEORGES;94;Île-de-France;11;12;12;20 à 49 salariés;49;N;ETI;34;1983-12-21;42.53251197809719;48.75178581;2.4478246243;False;7210;[];"[""0940639J""]";84.11Z;2026-06-15T15:56:30.569676;70;CHAUDE;24500;4900
79072425600140;790724256;SELAS POINTGYN;;;86.21Z;PRIV_SANTE_CABINET;PRIVE;Pratique médicale générale;80-90 80 AVENUE DE LATTRE DE TASSIGNY 94120 FONTENAY-SOUS-BOIS;94120;FONTENAY-SOUS-BOIS;94;Île-de-France;11;21;21;50 à 99 salariés;99;O;PME;31;2023-01-15;3.463381245722108;48.8559092184542;2.49288613124393;False;5785;[];[];86.21Z;2026-06-15T16:01:59.882981;70;CHAUDE;89100;17820
79072425600249;790724256;SELAS POINTGYN;;;86.21Z;PRIV_SANTE_CABINET;PRIVE;Pratique médicale générale;HOPITAL PRIVE ARMAND BRILLARD 5 AVENUE WATTEAU 94130 NOGENT-SUR-MARNE;94130;NOGENT-SUR-MARNE;94;Île-de-France;11;21;21;50 à 99 salariés;99;N;PME;31;2025-02-12;1.3853524982888432;48.8327480104397;2.47236654852575;False;5785;[];[];86.21Z;2026-06-15T16:01:59.882981;70;CHAUDE;89100;17820
47813594000185;478135940;RESEAU D'IMAGERIE PARIS-NORD;;;86.22A;PRIV_SANTE_CABINET;PRIVE;Pratique médicale;2 RUE MATTEOTI 94500 CHAMPIGNY-SUR-MARNE;94500;CHAMPIGNY-SUR-MARNE;94;Île-de-France;11;22;22;100 à 199 salariés;199;N;PME;22;2024-05-01;2.1711156741957565;48.8149630320253;2.50583462672852;False;5485;[];[];86.21Z;2026-06-15T16:01:59.882981;70;CHAUDE;179100;35820
78556599500053;785565995;ASS POUR PREVENTION ET MEDECINE TRAVAIL (AMET);;AMET;86.21Z;PRIV_SANTE_CABINET;PRIVE;Pratique médicale générale;65 RUE DEFRANCE 94300 VINCENNES;94300;VINCENNES;94;Île-de-France;11;22;22;100 à 199 salariés;199;N;PME;13;1991-01-01;35.501711156741955;48.8481694986047;2.45005807216635;False;9220;[];[];86.21Z;2026-06-15T16:01:59.883979;70;CHAUDE;179100;35820
78556599500087;785565995;ASS POUR PREVENTION ET MEDECINE TRAVAIL (AMET);;AMET;86.21Z;PRIV_SANTE_CABINET;PRIVE;Pratique médicale générale;8 RUE DU PORT 94130 NOGENT-SUR-MARNE;94130;NOGENT-SUR-MARNE;94;Île-de-France;11;22;22;100 à 199 salariés;199;N;PME;13;1995-01-01;31.50171115674196;48.832097832;2.4902144936;False;9220;[];[];86.21Z;2026-06-15T16:01:59.883979;70;CHAUDE;179100;35820
78556599500111;785565995;ASS POUR PREVENTION ET MEDECINE TRAVAIL (AMET);;AMET;86.21Z;PRIV_SANTE_CABINET;PRIVE;Pratique médicale générale;58 RUE ROGER SALENGRO 94120 FONTENAY-SOUS-BOIS;94120;FONTENAY-SOUS-BOIS;94;Île-de-France;11;22;22;100 à 199 salariés;199;N;PME;13;2001-02-01;25.415468856947296;48.852099336;2.4874822453;False;9220;[];[];86.21Z;2026-06-15T16:01:59.883979;70;CHAUDE;179100;35820
78565771900098;785657719;GIMAC SANTE AU TRAVAIL;;;86.21Z;PRIV_SANTE_CABINET;PRIVE;Pratique médicale générale;IMMEUBLE LE LEVANT 7EME ETAGE 2 RUE DU NOUVEAU BERCY 94220 CHARENTON-LE-PONT;94220;CHARENTON-LE-PONT;94;Île-de-France;11;12;12;20 à 49 salariés;49;O;PME;9;2021-07-01;5.004791238877481;48.8229934203321;2.39701069780951;True;9220;[];[];86.21Z;2026-06-15T16:01:59.883979;70;CHAUDE;44100;8820
78565771900049;785657719;GIMAC SANTE AU TRAVAIL;;;86.21Z;PRIV_SANTE_CABINET;PRIVE;Pratique médicale générale;12 RUE DE LA REPUBLIQUE 94220 CHARENTON-LE-PONT;94220;CHARENTON-LE-PONT;94;Île-de-France;11;12;12;20 à 49 salariés;49;N;PME;9;1992-01-01;34.502395619438744;48.822353706;2.4167223939;False;9220;[];[];86.21Z;2026-06-15T16:01:59.883979;70;CHAUDE;44100;8820
47932929400066;479329294;SELARL DE MEDECINS RADIOLOGUES I.M.M.A. IMAGERIE MEDICALE DU VAL DE MARNE (I M M A);;I M M A;86.22A;PRIV_SANTE_CABINET;PRIVE;Pratique médicale;50 AVENUE DE GRAVELLE 94220 CHARENTON-LE-PONT;94220;CHARENTON-LE-PONT;94;Île-de-France;11;12;12;20 à 49 salariés;49;O;PME;6;2025-06-02;1.0841889117043122;48.8245637050112;2.41254586346859;False;5485;[];[];86.21Z;2026-06-15T16:02:00.190232;70;CHAUDE;44100;8820
43340647700086;433406477;EUROFINS PATHOLOGIE;;;86.21Z;PRIV_SANTE_CABINET;PRIVE;Pratique médicale générale;78 AVENUE DE VERDUN 94200 IVRY-SUR-SEINE;94200;IVRY-SUR-SEINE;94;Île-de-France;11;12;12;20 à 49 salariés;49;N;GE;8;2021-05-31;5.089664613278576;48.808308890415;2.37307679862462;False;5785;[];[];86.21Z;2026-06-15T16:02:00.964738;70;CHAUDE;44100;8820
84146435700026;841464357;ACTIONS COORDONEES DE SANTES - ACS;;;86.21Z;PRIV_SANTE_CABINET;PRIVE;Pratique médicale générale;CHEZ CHI DE CRETEIL 40 AVENUE DE VERDUN 94000 CRETEIL;94000;CRETEIL;94;Île-de-France;11;32;32;250 à 499 salariés;499;O;PME;5;2018-09-15;7.797399041752224;48.7973852244344;2.46523976587645;False;9220;[];[];86.21Z;2026-06-15T16:02:01.374646;70;CHAUDE;449100;89820
35017454600043;350174546;CND PARIS - LA ROQUETTE;;;86.21Z;PRIV_SANTE_CABINET;PRIVE;Pratique médicale générale;6 A 20 RUE JULES VANZUPPE 4 BOULEVARD PAUL VAILLANT COUTURIER 94200 IVRY-SUR-SEINE;94200;IVRY-SUR-SEINE;94;Île-de-France;11;12;12;20 à 49 salariés;49;O;PME;3;2022-01-01;4.501026694045175;48.820244904;2.3937151439;False;5785;[];[];86.21Z;2026-06-15T16:02:04.958609;70;CHAUDE;44100;8820
21950014700059;219500147;COMMUNE DE ANDILLY;MAIRIE;;84.11Z;PUB_MAIRIE;PUBLIC;Administration publique générale;1 RUE RENE CASSIN 95580 ANDILLY;95580;ANDILLY;95;Île-de-France;11;12;12;20 à 49 salariés;49;O;PME;6;2002-08-26;23.852156057494867;49.005423281;2.3006658969;True;7210;[];[];84.11Z;2026-06-15T15:56:34.669034;70;CHAUDE;26950;5390
21940080100151;219400801;COMMUNE DE VINCENNES;ECOLE MATERNELLE ROLAND VERNAUDON;;85.10Z;PUB_ECOLE;PUBLIC;Enseignement pré-primaire;3 AVENUE LAMARTINE 94300 VINCENNES;94300;VINCENNES;94;Île-de-France;11;11;11;10 à 19 salariés;19;N;ETI;40;1983-12-21;42.53251197809719;48.847108836;2.4337921577;False;7210;[];"[""0940466W""]";84.11Z;2026-06-15T15:56:30.569676;70;CHAUDE;9500;1900
21940046200046;219400462;COMMUNE DE MAISONS ALFORT;ECOLE ELEMENTAIRE RASPAIL;;85.20Z;PUB_ECOLE;PUBLIC;Enseignement primaire;44 AVENUE GEORGES CLEMENCEAU 94700 MAISONS-ALFORT;94700;MAISONS-ALFORT;94;Île-de-France;11;12;12;20 à 49 salariés;49;N;ETI;38;1983-12-21;42.53251197809719;48.808739864;2.4435238957;False;7210;[];"[""0941321A""]";84.11Z;2026-06-15T15:56:30.569676;70;CHAUDE;24500;4900
38412850000012;384128500;ASS LIBERTE EGALITE DES SOINS (ALES);;ALES;86.21Z;PRIV_SANTE_CABINET;PRIVE;Pratique médicale générale;41 RUE DE VERDUN 94220 CHARENTON-LE-PONT;94220;CHARENTON-LE-PONT;94;Île-de-France;11;12;12;20 à 49 salariés;49;O;PME;1;1991-12-06;34.573579739904176;48.825232293;2.4058819004;True;9220;"[""940812639""]";[];86.21Z;2026-06-15T16:02:24.728534;70;CHAUDE;44100;8820
79072425600124;790724256;SELAS POINTGYN;;;86.21Z;PRIV_SANTE_CABINET;PRIVE;Pratique médicale générale;45 RUE DU MARCHE 95160 MONTMORENCY;95160;MONTMORENCY;95;Île-de-France;11;21;21;50 à 99 salariés;99;N;PME;31;2022-03-01;4.339493497604381;48.988270719;2.3178451694;False;5785;[];[];86.21Z;2026-06-15T16:02:37.421933;70;CHAUDE;89100;17820
79072425600165;790724256;SELAS POINTGYN;;;86.21Z;PRIV_SANTE_CABINET;PRIVE;Pratique médicale générale;22-26 26 AVENUE CHARLES DE GAULLE 95160 MONTMORENCY;95160;MONTMORENCY;95;Île-de-France;11;21;21;50 à 99 salariés;99;O;PME;31;2023-03-22;3.2826830937713893;48.9872975199912;2.32696239746811;False;5785;[];[];86.21Z;2026-06-15T16:02:37.421933;70;CHAUDE;89100;17820
47813594000169;478135940;RESEAU D'IMAGERIE PARIS-NORD;;;86.22A;PRIV_SANTE_CABINET;PRIVE;Pratique médicale;CENTRE IRM PARIS NORD 6 AVENUE CHARLES PEGUY 95200 SARCELLES;95200;SARCELLES;95;Île-de-France;11;22;22;100 à 199 salariés;199;N;PME;22;2021-09-20;4.783025325119781;48.981297519;2.3767535929;False;5485;[];[];86.21Z;2026-06-15T16:02:37.423154;70;CHAUDE;179100;35820
47813594000227;478135940;RESEAU D'IMAGERIE PARIS-NORD;;;86.22A;PRIV_SANTE_CABINET;PRIVE;Pratique médicale;74 RUE DE LA BELLE ETOILE 95700 ROISSY-EN-FRANCE;95700;ROISSY-EN-FRANCE;95;Île-de-France;11;22;22;100 à 199 salariés;199;N;PME;22;2025-06-01;1.0869267624914445;48.9793446390407;2.5023021673541;False;5485;[];[];86.21Z;2026-06-15T16:02:37.423154;70;CHAUDE;179100;35820
90257459900012;902574599;ASSOCIATION SANTE PLURIDISCIPLINAIRE ARGENTEUIL (ASPA);;;86.21Z;PRIV_SANTE_CABINET;PRIVE;Pratique médicale générale;54 RUE VIGNERONDE 95100 ARGENTEUIL;95100;ARGENTEUIL;95;Île-de-France;11;12;12;20 à 49 salariés;49;N;PME;1;2021-09-01;4.8350444900752905;48.952443976147;2.25286235532678;True;9220;[];[];86.21Z;2026-06-15T16:02:58.359364;70;CHAUDE;44100;8820
44441067400030;444410674;MUTUELLE REAL SANIT SOCIAL PERS GR RATP (M2SR);CTRE DE SOINS DENTAIRES & OPHTALMOLOGIE;M2SR;86.22C;PRIV_SANTE_CABINET;PRIVE;Pratique médicale;1ER ETAGE 62 QUAI DE LA RAPEE 75012 PARIS;75012;PARIS;75;Île-de-France;11;12;12;20 à 49 salariés;49;O;PME;12;2003-01-01;23.50171115674196;48.843572076;2.3719781394;False;8210;"[""750003535""]";[];86.90F;2026-06-15T16:03:38.693995;70;CHAUDE;44100;8820
44441067400097;444410674;MUTUELLE REAL SANIT SOCIAL PERS GR RATP (M2SR);CTRE MEDICAL DENTAIRE CLIGNANCOURT;M2SR;86.22C;PRIV_SANTE_CABINET;PRIVE;Pratique médicale;CENTRE MEDICAL ET DENTAIRE 138 RUE DE CLIGNANCOURT 75018 PARIS;75018;PARIS;75;Île-de-France;11;11;11;10 à 19 salariés;19;O;PME;12;2009-01-05;17.489390828199863;48.894955373;2.3496713736;False;8210;"[""750046146""]";[];86.90F;2026-06-15T16:03:38.693995;70;CHAUDE;17100;3420
80385299500015;803852995;COGITO'Z PARIS (COGITO'Z PARIS);COGITO'Z PARIS;;86.90F;PRIV_SANTE_CENTRE;PRIVE;Autres activités santé;20 AVENUE MAC-MAHON 75017 PARIS;75017;PARIS;75;Île-de-France;11;3;3;6 à 9 salariés;9;N;PME;2;2014-09-01;11.835728952772074;48.87793646;2.294583164;True;5499;[];[];86.90F;2026-06-15T16:03:43.071135;70;CHAUDE;8550;1710
80385299500023;803852995;COGITO'Z PARIS (COGITO'Z PARIS);COGITO'Z PARIS;;86.90F;PRIV_SANTE_CENTRE;PRIVE;Autres activités santé;87 RUE DE RENNES 75006 PARIS;75006;PARIS;75;Île-de-France;11;3;3;6 à 9 salariés;9;O;PME;2;2016-10-03;9.74674880219028;48.849856436;2.329727177;False;5499;[];[];86.90F;2026-06-15T16:03:43.071135;70;CHAUDE;8550;1710
88753095400031;887530954;IWC PRIME (IWC PRIME);;IWC PRIME;86.90F;PRIV_SANTE_CENTRE;PRIVE;Autres activités santé;54 RUE DU 18 JUIN 1940 92210 SAINT-CLOUD;92210;SAINT-CLOUD;92;Île-de-France;11;11;11;10 à 19 salariés;19;O;PME;4;2021-09-01;4.8350444900752905;48.851181406;2.2219009857;True;9220;[];[];86.90F;2026-06-15T16:03:43.470253;70;CHAUDE;18050;3610
18751272800036;187512728;GIP UNION RETRAITE;;;84.11Z;PUB_MAIRIE;PUBLIC;Administration publique générale;42/50 42 QUAI DE LA RAPEE 75012 PARIS;75012;PARIS;75;Île-de-France;11;11;11;10 à 19 salariés;19;O;PME;3;2015-04-15;11.21697467488022;48.841814164;2.3729682253;True;7410;[];[];84.11Z;2026-06-15T15:56:06.832305;70;CHAUDE;10450;2090
21950428900105;219504289;COMMUNE DE MONTMORENCY;ECOLE ELEMENTAIRE LOUIS PASTEUR 1;;85.20Z;PUB_ECOLE;PUBLIC;Enseignement primaire;1 PLACE CLAUDE LALLET 95160 MONTMORENCY;95160;MONTMORENCY;95;Île-de-France;11;12;12;20 à 49 salariés;49;N;ETI;16;1983-12-21;42.53251197809719;48.987009885;2.3224470737;False;7210;[];"[""0950493V""]";84.11Z;2026-06-15T15:56:33.651698;70;CHAUDE;24500;4900
21950563300087;219505633;COMMUNE DE SAINT LEU LA FORET;ECOLE ELEMENTAIRE PUBLIQUE MARIE CURIE;;85.20Z;PUB_ECOLE;PUBLIC;Enseignement primaire;42 RUE DE VERDUN 95320 SAINT-LEU-LA-FORET;95320;SAINT-LEU-LA-FORET;95;Île-de-France;11;12;12;20 à 49 salariés;49;N;ETI;10;1983-12-21;42.53251197809719;49.011585499;2.2389884588;False;7210;[];"[""0950328R""]";84.11Z;2026-06-15T15:56:34.179312;70;CHAUDE;24500;4900
21950091500083;219500915;COMMUNE DE BOUFFEMONT;CTRE PROTECTION INFANTILE;;86.22C;PRIV_SANTE_CABINET;PRIVE;Pratique médicale;RUE FERDINAND DE LESSEPS 95570 BOUFFEMONT;95570;BOUFFEMONT;95;Île-de-France;11;22;22;100 à 199 salariés;199;N;PME;12;1998-01-30;28.421629021218344;49.042701624;2.3195254843;False;7210;[];[];84.11Z;2026-06-15T15:56:34.180316;70;CHAUDE;179100;35820
21950424800036;219504248;COMMUNE DE MONTIGNY LES CORMEILLES;ECOLE PRIMAIRE PAUL CEZANNE;;85.20Z;PUB_ECOLE;PUBLIC;Enseignement primaire;2 RUE PAUL CEZANNE 95370 MONTIGNY-LES-CORMEILLES;95370;MONTIGNY-LES-CORMEILLES;95;Île-de-France;11;12;12;20 à 49 salariés;49;N;ETI;20;1983-12-21;42.53251197809719;48.997985452387;2.19602455146547;False;7210;[];"[""0951441A""]";84.11Z;2026-06-15T15:56:33.650698;70;CHAUDE;24500;4900
21950424800044;219504248;COMMUNE DE MONTIGNY LES CORMEILLES;ECOLE  PRIMAIRE PUBLIQUE EMILE GLAY;;85.20Z;PUB_ECOLE;PUBLIC;Enseignement primaire;77 RUE FORTUNE CHARLOT 95370 MONTIGNY-LES-CORMEILLES;95370;MONTIGNY-LES-CORMEILLES;95;Île-de-France;11;12;12;20 à 49 salariés;49;N;ETI;20;1983-12-21;42.53251197809719;48.990191725;2.1833370269;False;7210;[];"[""0950086C""]";84.11Z;2026-06-15T15:56:33.650698;70;CHAUDE;24500;4900
21950424800069;219504248;COMMUNE DE MONTIGNY LES CORMEILLES;ECOLE PRIMAIRE VAN GOGH;;85.20Z;PUB_ECOLE;PUBLIC;Enseignement primaire;RUE VINCENT VAN GOGH 95370 MONTIGNY-LES-CORMEILLES;95370;MONTIGNY-LES-CORMEILLES;95;Île-de-France;11;12;12;20 à 49 salariés;49;N;ETI;20;1983-12-21;42.53251197809719;48.996827784;2.1994045216;False;7210;[];"[""0951564J""]";84.11Z;2026-06-15T15:56:33.650698;70;CHAUDE;24500;4900
21950424800093;219504248;COMMUNE DE MONTIGNY LES CORMEILLES;ECOLE PRIMAIRE GEORGES BRAQUE;;85.20Z;PUB_ECOLE;PUBLIC;Enseignement primaire;8 RUE AUGUSTE RENOIR 95370 MONTIGNY-LES-CORMEILLES;95370;MONTIGNY-LES-CORMEILLES;95;Île-de-France;11;12;12;20 à 49 salariés;49;N;ETI;20;1983-12-21;42.53251197809719;48.995496246;2.203008943;False;7210;[];"[""0951300X""]";84.11Z;2026-06-15T15:56:33.650698;70;CHAUDE;24500;4900
21950427100095;219504271;COMMUNE DE MONTMAGNY;CONSULT PROTECTION INFANTILE;;86.22C;PRIV_SANTE_CABINET;PRIVE;Pratique médicale;PLACE DE LA DIVISION LECLERC 95360 MONTMAGNY;95360;MONTMAGNY;95;Île-de-France;11;32;32;250 à 499 salariés;499;N;ETI;14;1904-04-04;122.24503764544832;48.973534275;2.3475616406;False;7210;[];[];84.11Z;2026-06-15T15:56:33.651698;70;CHAUDE;449100;89820
21950428900030;219504289;COMMUNE DE MONTMORENCY;ECOLE PRIMAIRE FERDINAND BUISSON;;85.20Z;PUB_ECOLE;PUBLIC;Enseignement primaire;25 AV DE LA 1ERE ARMEE FRANCAISE 95160 MONTMORENCY;95160;MONTMORENCY;95;Île-de-France;11;12;12;20 à 49 salariés;49;N;ETI;16;1983-12-21;42.53251197809719;49.00026785;2.3208906534;False;7210;[];"[""0950495X""]";84.11Z;2026-06-15T15:56:33.651698;70;CHAUDE;24500;4900
13001494701116;130014947;DIRECTION DEPARTEMENTALE FINANCES PUBLIQUES YVELINES (DDFIP);BRIGADE CONTROLE ET RECHERCHES;DDFIP;84.11Z;PUB_MAIRIE;PUBLIC;Administration publique générale;CENTRE DES FINANCES PUBLIQUES 12 RUE DE L’ECOLE DES POSTES 78000 VERSAILLES;78000;VERSAILLES;78;Île-de-France;11;12;12;20 à 49 salariés;49;O;ETI;135;2014-07-21;11.950718685831625;48.801885247;2.1594894249;False;7172;[];[];84.11Z;2026-06-15T15:56:17.245094;70;CHAUDE;26950;5390
13001494701173;130014947;DIRECTION DEPARTEMENTALE FINANCES PUBLIQUES YVELINES (DDFIP);SERVICE DE GESTION COMPTABLE HOUILLES;DDFIP;84.11Z;PUB_MAIRIE;PUBLIC;Administration publique générale;CENTRE DES FINANCES PUBLIQUES 4 RUE DU DOCTEUR ZAMENHOF 78800 HOUILLES;78800;HOUILLES;78;Île-de-France;11;12;12;20 à 49 salariés;49;N;ETI;135;2018-09-01;7.835728952772074;48.925959405;2.1900992709;False;7172;[];[];84.11Z;2026-06-15T15:56:17.245094;70;CHAUDE;26950;5390
13001494701256;130014947;DIRECTION DEPARTEMENTALE FINANCES PUBLIQUES YVELINES (DDFIP);SERVICE DE GESTION COMPTABLE VERSAILLES;DDFIP;84.11Z;PUB_MAIRIE;PUBLIC;Administration publique générale;CENTRE DES FINANCES PUBLIQUES 12 RUE DE L’ECOLE DES POSTES 78000 VERSAILLES;78000;VERSAILLES;78;Île-de-France;11;12;12;20 à 49 salariés;49;N;ETI;135;2022-02-01;4.41615331964408;48.801885247;2.1594894249;False;7172;[];[];84.11Z;2026-06-15T15:56:17.245094;70;CHAUDE;26950;5390
49090949600039;490909496;ASSOCIATION SOLIDARITE PARIS MAMAN;;;86.90F;PRIV_SANTE_CENTRE;PRIVE;Autres activités santé;52 RUE RICHER 75009 PARIS;75009;PARIS;75;Île-de-France;11;3;3;6 à 9 salariés;9;O;PME;3;2019-12-18;6.54072553045859;48.874093344;2.3432577913;True;9220;"[""750077984""]";[];86.90F;2026-06-15T16:04:08.762066;70;CHAUDE;8550;1710
44323532000027;443235320;CENTRE PRIVE DU PARC DES BUTTES CHAUMONT;;;86.90F;PRIV_SANTE_CENTRE;PRIVE;Autres activités santé;79-81 79 AVENUE SIMON BOLIVAR 75019 PARIS;75019;PARIS;75;Île-de-France;11;11;11;10 à 19 salariés;19;N;PME;2;2023-03-07;3.323750855578371;48.876297963;2.3753492276;True;5710;"[""750076408""]";[];86.90F;2026-06-15T16:04:11.838167;70;CHAUDE;18050;3610
21950176400100;219501764;COMMUNE DE CORMEILLES EN PARISIS;ECOLE ELEMENTAIRE PUBLI. ALSACE LORRAINE;;85.20Z;PUB_ECOLE;PUBLIC;Enseignement primaire;IMPASSE DE REIMS 95240 CORMEILLES-EN-PARISIS;95240;CORMEILLES-EN-PARISIS;95;Île-de-France;11;12;12;20 à 49 salariés;49;N;ETI;22;1983-12-21;42.53251197809719;48.967143054;2.1917688493;False;7210;[];"[""0950090G""]";84.11Z;2026-06-15T15:56:33.649699;70;CHAUDE;24500;4900
21950306700023;219503067;COMMUNE DE HERBLAY-SUR-SEINE;BIBLIOTHEQUE COMMUNALE HERBLAY;;91.01Z;PUB_MUSEE;PUBLIC;Gestion des bibliothèques;29 RUE DE PONTOISE 95220 HERBLAY-SUR-SEINE;95220;HERBLAY-SUR-SEINE;95;Île-de-France;11;41;41;500 à 999 salariés;999;N;ETI;22;1983-03-16;43.29911019849418;48.993306415;2.1671957713;False;7210;[];[];84.11Z;2026-06-15T15:56:33.649699;70;CHAUDE;649350;129870
21950306700031;219503067;COMMUNE DE HERBLAY-SUR-SEINE;BIBLIOTHEQUE COMMUNALE HERBLAY;;91.01Z;PUB_MUSEE;PUBLIC;Gestion des bibliothèques;43 RUE GAL DE GAULLE 95220 HERBLAY-SUR-SEINE;95220;HERBLAY-SUR-SEINE;95;Île-de-France;11;41;41;500 à 999 salariés;999;N;ETI;22;1983-03-16;43.29911019849418;48.990107506;2.1649609477;False;7210;[];[];84.11Z;2026-06-15T15:56:33.649699;70;CHAUDE;649350;129870
21950197000038;219501970;COMMUNE DE DEUIL LA BARRE;ECOLE ELEMENTAIRE PUBLIQUE HENRI HATREL;;85.20Z;PUB_ECOLE;PUBLIC;Enseignement primaire;76 RTE ST DENIS 95170 DEUIL LA BARRE;95170;DEUIL LA BARRE;95;Île-de-France;11;12;12;20 à 49 salariés;49;N;ETI;17;1983-12-21;42.53251197809719;48.963052496;2.3235712121;False;7210;[];"[""0951442B""]";84.11Z;2026-06-15T15:56:33.649699;70;CHAUDE;24500;4900
21950203600110;219502036;COMMUNE DE EAUBONNE;ECOLE ELEMENTAIRE PUBLIQUE PAUL BERT;;85.20Z;PUB_ECOLE;PUBLIC;Enseignement primaire;92 BOULEVARD DE LA REPUBLIQUE 95600 EAUBONNE;95600;EAUBONNE;95;Île-de-France;11;12;12;20 à 49 salariés;49;N;ETI;22;1983-12-21;42.53251197809719;48.984129798;2.2823357185;False;7210;[];"[""0950297G""]";84.11Z;2026-06-15T15:56:33.650698;70;CHAUDE;24500;4900
21950203600169;219502036;COMMUNE DE EAUBONNE;ECOLE ELEMENTAIRE MONT D'EAUBONNE 1;;85.20Z;PUB_ECOLE;PUBLIC;Enseignement primaire;24 RUE DE SOISY 95600 EAUBONNE;95600;EAUBONNE;95;Île-de-France;11;12;12;20 à 49 salariés;49;N;ETI;22;1983-12-21;42.53251197809719;48.9913698167917;2.28703888733111;False;7210;[];"[""0950300K""]";84.11Z;2026-06-15T15:56:33.650698;70;CHAUDE;24500;4900
21950063400122;219500634;COMMUNE DE BEZONS;ECOLE ELEMENTAIRE PUBLI. LOUISE MICHEL 2;;85.20Z;PUB_ECOLE;PUBLIC;Enseignement primaire;2 RUE ALEXANDRE BLANC 95870 BEZONS;95870;BEZONS;95;Île-de-France;11;11;11;10 à 19 salariés;19;N;ETI;33;1983-12-21;42.53251197809719;48.930027291;2.2094035761;False;7210;[];"[""0950275H""]";84.11Z;2026-06-15T15:56:33.029985;70;CHAUDE;9500;1900
21950063400148;219500634;COMMUNE DE BEZONS;ECOLE ELEMENTAIRE VICTOR HUGO 1;;85.20Z;PUB_ECOLE;PUBLIC;Enseignement primaire;37 RUE DES BARENTINS 95870 BEZONS;95870;BEZONS;95;Île-de-France;11;11;11;10 à 19 salariés;19;N;ETI;33;1983-12-21;42.53251197809719;48.931186099;2.2195092062;False;7210;[];"[""0950669L""]";84.11Z;2026-06-15T15:56:33.029985;70;CHAUDE;9500;1900
21950252300067;219502523;COMMUNE DE FRANCONVILLE;ECOLE ELEMENTAIRE FERDINAND BUISSON;;85.20Z;PUB_ECOLE;PUBLIC;Enseignement primaire;18 BOULEVARD MAURICE BERTEAUX 95130 FRANCONVILLE;95130;FRANCONVILLE;95;Île-de-France;11;12;12;20 à 49 salariés;49;N;ETI;32;1983-12-21;42.53251197809719;48.986548987;2.2289434592;False;7210;[];"[""0950315B""]";84.11Z;2026-06-15T15:56:33.029985;70;CHAUDE;24500;4900
21950277000072;219502770;COMMUNE DE GONESSE;ECOLE ELEMENTAIRE PUBLIQUE ADRIEN THERY;;85.20Z;PUB_ECOLE;PUBLIC;Enseignement primaire;22 RUE CLARET 95500 GONESSE;95500;GONESSE;95;Île-de-France;11;12;12;20 à 49 salariés;49;N;ETI;35;1983-12-21;42.53251197809719;48.987532348;2.4446429202;False;7210;[];"[""0950432D""]";84.11Z;2026-06-15T15:56:33.029985;70;CHAUDE;24500;4900
21950219200111;219502192;COMMUNE DE ERMONT;ECOLE ELEMENTAIRE PUBLIQUE LOUIS PASTEUR;;85.20Z;PUB_ECOLE;PUBLIC;Enseignement primaire;1 RUE DU GENERAL LHERILLIER 95120 ERMONT;95120;ERMONT;95;Île-de-France;11;12;12;20 à 49 salariés;49;N;ETI;23;1983-12-21;42.53251197809719;48.982491047;2.2533607506;False;7210;[];"[""0950309V""]";84.11Z;2026-06-15T15:56:33.030985;70;CHAUDE;24500;4900
34739970100031;347399701;SANTE MENTALE FRANCE (SMF);;SMF;86.90F;PRIV_SANTE_CENTRE;PRIVE;Autres activités santé;11 RUE DE NAVARIN 75009 PARIS;75009;PARIS;75;Île-de-France;11;3;3;6 à 9 salariés;9;O;PME;3;2021-02-01;5.415468856947296;48.879488015;2.3389450881;True;9220;[];[];86.90F;2026-06-15T16:04:48.186789;70;CHAUDE;8550;1710
89952279100016;899522791;LOVELY SMILE;;;86.90F;PRIV_SANTE_CENTRE;PRIVE;Autres activités santé;3 RUE DU QUATRE SEPTEMBRE 75002 PARIS;75002;PARIS;75;Île-de-France;11;3;3;6 à 9 salariés;9;O;PME;1;2021-04-27;5.182751540041068;48.869047942;2.3388281026;True;9220;[];[];86.90F;2026-06-15T16:05:45.703203;70;CHAUDE;8550;1710
13002488800013;130024888;SERVICE NATIONAL DES ENQUETES ADMINISTRATIVES DE SECURITE (SNEAS);;SNEAS;84.11Z;PUB_MAIRIE;PUBLIC;Administration publique générale;11 RUE DES SAUSSAIES 75008 PARIS;75008;PARIS;75;Île-de-France;11;3;3;6 à 9 salariés;9;N;PME;1;2017-04-27;9.182751540041068;48.871364507;2.3175085312;True;7160;[];[];84.11Z;2026-06-15T15:56:06.831307;70;CHAUDE;4950;990
13002811100016;130028111;INSTITUT DES HAUTES ETUDES DU MINISTERE DE L'INTERIEUR (IHEMI);;IHEMI;84.11Z;PUB_MAIRIE;PUBLIC;Administration publique générale;1 PLACE JOFFRE 75007 PARIS;75007;PARIS;75;Île-de-France;11;3;3;6 à 9 salariés;9;N;PME;1;2020-09-12;5.804243668720055;48.853490847;2.3055232768;True;7160;[];[];84.11Z;2026-06-15T15:56:06.831307;70;CHAUDE;4950;990
12002101900027;120021019;DIRECTION DU BUDGET;;;84.11Z;PUB_MAIRIE;PUBLIC;Administration publique générale;TELEDOC 241 139 RUE DE BERCY 75012 PARIS;75012;PARIS;75;Île-de-France;11;11;11;10 à 19 salariés;19;O;PME;1;1989-04-01;37.2539356605065;48.840945686;2.3780054136;True;7120;[];[];84.11Z;2026-06-15T15:56:06.241118;70;CHAUDE;10450;2090
13001986200015;130019862;HAUT FONCTIONNAIRE DE DEFENSE ET DE SECURITE MINISTERE DE L'AGRICULTURE ET DE L'ALIMENTATION (HFDS);;HFDS;84.11Z;PUB_MAIRIE;PUBLIC;Administration publique générale;78 RUE DE VARENNE 75007 PARIS;75007;PARIS;75;Île-de-France;11;3;3;6 à 9 salariés;9;N;PME;1;2014-04-02;12.251882272416154;48.855443084;2.3183486502;True;7120;[];[];84.11Z;2026-06-15T15:56:05.418770;70;CHAUDE;4950;990
13002896200012;130028962;MISSION DE PREFIGURATION DU MUSEE-MEMORIAL DU TERRORISME (MMT);;MMT;84.11Z;PUB_MAIRIE;PUBLIC;Administration publique générale;MINISTERE DE LA JUSTICE 13 PLACE VENDOME 75001 PARIS;75001;PARIS;75;Île-de-France;11;3;3;6 à 9 salariés;9;N;PME;1;2021-02-03;5.409993155373032;48.867783065;2.3287385593;True;7410;[];[];84.11Z;2026-06-15T15:56:05.701815;70;CHAUDE;4950;990
21950268900082;219502689;COMMUNE DE GARGES-LES-GONESSE;ECOLE ELEMENTAIRE PUBLI. JACQUES PREVERT;;85.20Z;PUB_ECOLE;PUBLIC;Enseignement primaire;RUE DES DOUCETTES 95140 GARGES-LES-GONESSE;95140;GARGES-LES-GONESSE;95;Île-de-France;11;12;12;20 à 49 salariés;49;N;ETI;45;1983-12-21;42.53251197809719;48.967479372;2.3958424608;False;7210;[];"[""0951477P""]";84.11Z;2026-06-15T15:56:33.028986;70;CHAUDE;24500;4900
21950268900108;219502689;COMMUNE DE GARGES-LES-GONESSE;ECOLE PRIMAIRE  ALPHONSE DAUDET;;85.20Z;PUB_ECOLE;PUBLIC;Enseignement primaire;11 ALLEE JULES FERRY 95140 GARGES-LES-GONESSE;95140;GARGES-LES-GONESSE;95;Île-de-France;11;12;12;20 à 49 salariés;49;N;ETI;45;1983-12-21;42.53251197809719;48.974255025;2.3951391691;False;7210;[];"[""0950428Z""]";84.11Z;2026-06-15T15:56:33.028986;70;CHAUDE;24500;4900
21950680500056;219506805;COMMUNE DE VILLIERS LE BEL;ECOLE ELEMENTAIRE PUB. FERDINAND BUISSON;;85.20Z;PUB_ECOLE;PUBLIC;Enseignement primaire;1 RUE JEAN BULLANT 95400 VILLIERS-LE-BEL;95400;VILLIERS-LE-BEL;95;Île-de-France;11;12;12;20 à 49 salariés;49;N;ETI;36;1983-12-21;42.53251197809719;49.00375071;2.395384012;False;7210;[];"[""0951253W""]";84.11Z;2026-06-15T15:56:33.028986;70;CHAUDE;24500;4900
21950680500064;219506805;COMMUNE DE VILLIERS LE BEL;ECOLE ELEMENTAIRE PUBLIQUE LA CERISAIE;;85.20Z;PUB_ECOLE;PUBLIC;Enseignement primaire;6 BOULEVARD SALVADOR ALLENDE 95400 VILLIERS-LE-BEL;95400;VILLIERS-LE-BEL;95;Île-de-France;11;12;12;20 à 49 salariés;49;N;ETI;36;1983-12-21;42.53251197809719;49.004385827;2.3891321085;False;7210;[];"[""0950141M""]";84.11Z;2026-06-15T15:56:33.028986;70;CHAUDE;24500;4900
21950680500114;219506805;COMMUNE DE VILLIERS LE BEL;ECOLE ELEMENTAIRE GERARD PHILIPE;;85.20Z;PUB_ECOLE;PUBLIC;Enseignement primaire;1 RUE SCRIBE 95400 VILLIERS-LE-BEL;95400;VILLIERS-LE-BEL;95;Île-de-France;11;12;12;20 à 49 salariés;49;N;ETI;36;1983-12-21;42.53251197809719;49.003628562;2.4176904778;False;7210;[];"[""0950136G""]";84.11Z;2026-06-15T15:56:33.028986;70;CHAUDE;24500;4900
21950063400056;219500634;COMMUNE DE BEZONS;ECOLE MATERNELLE PUBLIQUE VICTOR HUGO;;85.10Z;PUB_ECOLE;PUBLIC;Enseignement pré-primaire;33 RUE DES BARENTINS 95870 BEZONS;95870;BEZONS;95;Île-de-France;11;11;11;10 à 19 salariés;19;N;ETI;33;1983-12-21;42.53251197809719;48.931113803;2.219110101;False;7210;[];"[""0950677V""]";84.11Z;2026-06-15T15:56:33.028986;70;CHAUDE;9500;1900
21950063400072;219500634;COMMUNE DE BEZONS;ECOLE ELEMENTAIRE PUBLIQUE KARL MARX;;85.20Z;PUB_ECOLE;PUBLIC;Enseignement primaire;3-5 3 RUE DE L'ALOUETTE 95870 BEZONS;95870;BEZONS;95;Île-de-France;11;11;11;10 à 19 salariés;19;N;ETI;33;1983-12-21;42.53251197809719;48.919500371;2.2039638697;False;7210;[];"[""0950280N""]";84.11Z;2026-06-15T15:56:33.028986;70;CHAUDE;9500;1900
21950063400080;219500634;COMMUNE DE BEZONS;ECOLE ELEMENTAIRE PUBLIQUE VICTOR HUGO 2;;85.20Z;PUB_ECOLE;PUBLIC;Enseignement primaire;37 RUE DES BARENTINS 95870 BEZONS;95870;BEZONS;95;Île-de-France;11;11;11;10 à 19 salariés;19;N;ETI;33;1983-12-21;42.53251197809719;48.931186099;2.2195092062;False;7210;[];"[""0950670M""]";84.11Z;2026-06-15T15:56:33.028986;70;CHAUDE;9500;1900
21950063400114;219500634;COMMUNE DE BEZONS;ECOLE ELEMENTAIRE PUBLI. LOUISE MICHEL 1;;85.20Z;PUB_ECOLE;PUBLIC;Enseignement primaire;2 RUE ALEXANDRE BLANC 95870 BEZONS;95870;BEZONS;95;Île-de-France;11;11;11;10 à 19 salariés;19;N;ETI;33;1983-12-21;42.53251197809719;48.930027291;2.2094035761;False;7210;[];"[""0950274G""]";84.11Z;2026-06-15T15:56:33.029985;70;CHAUDE;9500;1900
44079311500062;440793115;ASS GERONTOL VAL MONTMORENCY RIVES SEINE;;;86.90F;PRIV_SANTE_CENTRE;PRIVE;Autres activités santé;14 B PLACE CHARLES DE GAULLE 95210 SAINT-GRATIEN;95210;SAINT-GRATIEN;95;Île-de-France;11;12;12;20 à 49 salariés;49;N;PME;6;2026-01-01;0.5010266940451745;48.9697177683061;2.2873773340422;False;9220;"[""950046862""]";[];86.90F;2026-06-15T16:08:58.420813;70;CHAUDE;46550;9310
11000025400026;110000254;COMMISSION DU SECRET DE LA DEFENSE NATIONALE (CSDN);;CSDN;84.11Z;PUB_MAIRIE;PUBLIC;Administration publique générale;66 RUE DE BELLECHASSE 75007 PARIS;75007;PARIS;75;Île-de-France;11;3;3;6 à 9 salariés;9;N;PME;2;2018-03-19;8.290212183436003;48.85635188;2.3198655589;True;7112;[];[];84.11Z;2026-06-15T15:56:04.628887;70;CHAUDE;4950;990
32015204400030;320152044;MAISON DE LA CULTURE YIDDISH BIBLIOTHEQUE MEDEM PARIZER YIDISH TSENTER;;;91.01Z;PUB_MUSEE;PUBLIC;Gestion des bibliothèques;29 RUE DU CHATEAU D'EAU 75010 PARIS;75010;PARIS;75;Île-de-France;11;11;11;10 à 19 salariés;19;O;PME;3;2010-09-15;15.797399041752223;48.870721463;2.3589700849;True;9220;[];[];91.01Z;2026-06-15T16:09:14.742575;70;CHAUDE;12350;2470
78430909800019;784309098;AMERICAN LIBRARY IN PARIS;;;91.01Z;PUB_MUSEE;PUBLIC;Gestion des bibliothèques;10 RUE DU GENERAL CAMOU 75007 PARIS;75007;PARIS;75;Île-de-France;11;11;11;10 à 19 salariés;19;O;PME;1;1900-01-01;126.4996577686516;48.858861406;2.2990693172;True;9220;[];[];91.01Z;2026-06-15T16:09:15.021810;70;CHAUDE;12350;2470
18751270200049;187512702;BIBLIOTHEQUE UNIVERSITAIRE DES LANGUES ET CIVILISATIONS (BULAC);;BULAC;91.01Z;PUB_MUSEE;PUBLIC;Gestion des bibliothèques;65 RUE DES GRANDS MOULINS 75013 PARIS;75013;PARIS;75;Île-de-France;11;12;12;20 à 49 salariés;49;O;PME;3;2012-01-05;14.491444216290212;48.827378653;2.3760211891;True;7410;[];[];91.01Z;2026-06-15T16:09:15.564899;70;CHAUDE;31850;6370
35361541200072;353615412;C.A.S.I PRG;;;91.03Z;PUB_MUSEE;PUBLIC;Bibliothèques / musées;23 IMPASSE JEAN JAURES 94400 VITRY-SUR-SEINE;94400;VITRY-SUR-SEINE;94;Île-de-France;11;21;21;50 à 99 salariés;99;O;PME;41;1990-01-01;36.50102669404517;48.794676982;2.4037678247;False;8311;[];[];91.01Z;2026-06-15T16:09:17.424634;70;CHAUDE;64350;12870
21950018800053;219500188;COMMUNE D ARGENTEUIL;ECOLE MATERNELLE PAUL LANGEVIN 2;;85.10Z;PUB_ECOLE;PUBLIC;Enseignement pré-primaire;25 B RUE D ASCQ 95100 ARGENTEUIL;95100;ARGENTEUIL;95;Île-de-France;11;11;11;10 à 19 salariés;19;N;ETI;94;1983-12-21;42.53251197809719;48.944927783;2.228729061;False;7210;[];"[""0951187Z""]";84.11Z;2026-06-15T15:56:33.027987;70;CHAUDE;9500;1900
21950018800129;219500188;COMMUNE D ARGENTEUIL;ECOLE MATERNELLE PUBLIQ. MARCEL CACHIN 1;;85.10Z;PUB_ECOLE;PUBLIC;Enseignement pré-primaire;85 AVENUE MAURICE UTRILLO 95100 ARGENTEUIL;95100;ARGENTEUIL;95;Île-de-France;11;11;11;10 à 19 salariés;19;N;ETI;94;1983-12-21;42.53251197809719;48.944191656;2.2337964353;False;7210;[];"[""0951244L""]";84.11Z;2026-06-15T15:56:33.027987;70;CHAUDE;9500;1900
21950018800137;219500188;COMMUNE D ARGENTEUIL;ECOLE ELEMENTAIRE PUBLIQUE SADI CARNOT;;85.20Z;PUB_ECOLE;PUBLIC;Enseignement primaire;2 RUE DES ECOLES 95100 ARGENTEUIL;95100;ARGENTEUIL;95;Île-de-France;11;11;11;10 à 19 salariés;19;N;ETI;94;1983-12-21;42.53251197809719;48.94910321;2.2505688076;False;7210;[];"[""0950059Y""]";84.11Z;2026-06-15T15:56:33.027987;70;CHAUDE;9500;1900
22950127500114;229501275;DEPARTEMENT DU VAL D OISE;CTRE DEPARTEMENTAL DEPISTAGE ET SOINS;;86.21Z;PRIV_SANTE_CABINET;PRIVE;Pratique médicale générale;2 RUE HENRI DUNANT 95500 GONESSE;95500;GONESSE;95;Île-de-France;11;51;51;2000 à 4999 salariés;4999;N;ETI;66;1952-01-04;74.49418206707735;48.984572902;2.4496251049;False;7220;"[""950805333""]";[];84.11Z;2026-06-15T15:56:33.027987;70;CHAUDE;4499100;899820
21950585600035;219505856;COMMUNE DE SARCELLES;ECOLE ELEMENTAIRE PUBLIQUE JEAN MACE;;85.20Z;PUB_ECOLE;PUBLIC;Enseignement primaire;2 RUE MARYSE BASTIE 95200 SARCELLES;95200;SARCELLES;95;Île-de-France;11;12;12;20 à 49 salariés;49;N;ETI;54;1983-12-21;42.53251197809719;48.98150023;2.3739426583;False;7210;[];"[""0951085N""]";84.11Z;2026-06-15T15:56:33.027987;70;CHAUDE;24500;4900
21950585600084;219505856;COMMUNE DE SARCELLES;ECOLE ELEMENTAIRE PUBLIQUE JEAN JAURES 1;;85.20Z;PUB_ECOLE;PUBLIC;Enseignement primaire;6 AV PIERRE KOENIG 95200 SARCELLES;95200;SARCELLES;95;Île-de-France;11;12;12;20 à 49 salariés;49;N;ETI;54;1983-12-21;42.53251197809719;48.980450646;2.3926269443;False;7210;[];"[""0950110D""]";84.11Z;2026-06-15T15:56:33.027987;70;CHAUDE;24500;4900
21950585600118;219505856;COMMUNE DE SARCELLES;ECOLE ELEMENTAIRE PUBLIQ. HENRY DUNANT 1;;85.20Z;PUB_ECOLE;PUBLIC;Enseignement primaire;37 AVENUE PAUL CEZANNE 95200 SARCELLES;95200;SARCELLES;95;Île-de-France;11;12;12;20 à 49 salariés;49;N;ETI;54;1983-12-21;42.53251197809719;48.972847022;2.3796540691;False;7210;[];"[""0950103W""]";84.11Z;2026-06-15T15:56:33.027987;70;CHAUDE;24500;4900
21940001700030;219400017;COMMUNE D ABLON SUR SEINE;ECOLE ELEMENTAIRE PASTEUR;;85.20Z;PUB_ECOLE;PUBLIC;Enseignement primaire;17 RUE DU MARECHAL FOCH 94480 ABLON-SUR-SEINE;94480;ABLON-SUR-SEINE;94;Île-de-France;11;12;12;20 à 49 salariés;49;N;PME;5;1983-12-21;42.53251197809719;48.725559404;2.4219318419;False;7210;[];"[""0941378M""]";84.11Z;2026-06-15T15:56:32.203622;70;CHAUDE;24500;4900
25940011700034;259400117;SI POUR L'INFORMATIQUE ET SES OUTILS (SICIO);;SICIO;84.11Z;PUB_MAIRIE;PUBLIC;Administration publique générale;24 AVENUE LE FOLL 94290 VILLENEUVE-LE-ROI;94290;VILLENEUVE-LE-ROI;94;Île-de-France;11;12;12;20 à 49 salariés;49;O;PME;3;2001-03-23;25.27857631759069;48.728050653;2.4365756323;True;7353;[];[];84.11Z;2026-06-15T15:56:32.203622;70;CHAUDE;26950;5390
25940011700042;259400117;SI POUR L'INFORMATIQUE ET SES OUTILS (SICIO);GESTION DES ACTIVITES DE SERVICES DU SICIO;SICIO;84.11Z;PUB_MAIRIE;PUBLIC;Administration publique générale;24 AVENUE LE FOLL 94290 VILLENEUVE-LE-ROI;94290;VILLENEUVE-LE-ROI;94;Île-de-France;11;12;12;20 à 49 salariés;49;N;PME;3;2014-02-13;12.383299110198497;48.728050653;2.4365756323;False;7353;[];[];84.11Z;2026-06-15T15:56:32.203622;70;CHAUDE;26950;5390
25940097600017;259400976;SIVU DE RESTAURATION COLLECTIVE (SIREVV);;SIREVV;84.11Z;PUB_MAIRIE;PUBLIC;Administration publique générale;HOTEL DE VILLE 48 RUE DU COLONEL FABIEN 94460 VALENTON;94460;VALENTON;94;Île-de-France;11;12;12;20 à 49 salariés;49;O;PME;1;1996-03-13;30.305270362765228;48.7445289678895;2.46961295490475;True;7353;[];[];84.11Z;2026-06-15T15:56:32.203622;70;CHAUDE;26950;5390
25940109900017;259401099;SYNDICAT MIXTE DU SECTEUR CENTRAL DU VAL DE MARNE - INFOCOM 94 -;;;84.11Z;PUB_MAIRIE;PUBLIC;Administration publique générale;92 BOULEVARD DE LA MARNE 94100 SAINT-MAUR-DES-FOSSES;94100;SAINT-MAUR-DES-FOSSES;94;Île-de-France;11;12;12;20 à 49 salariés;49;O;PME;1;2003-02-13;23.38398357289528;48.78948262;2.5102436974;True;7354;[];[];84.11Z;2026-06-15T15:56:32.458620;70;CHAUDE;26950;5390
13001980500014;130019805;SERVICE DU CONTROLE GENERAL ECONOMIQUE ET FINANCIER (CGEFI);;CGEFI;84.11Z;PUB_MAIRIE;PUBLIC;Administration publique générale;67 RUE BARBES 94200 IVRY-SUR-SEINE;94200;IVRY-SUR-SEINE;94;Île-de-France;11;11;11;10 à 19 salariés;19;N;PME;1;2014-04-02;12.251882272416154;48.815850007;2.3686750211;True;7120;[];[];84.11Z;2026-06-15T15:56:32.458620;70;CHAUDE;10450;2090
35361541200080;353615412;C.A.S.I PRG;;;91.03Z;PUB_MUSEE;PUBLIC;Bibliothèques / musées;12 RUE PIERRE SEMARD 94310 ORLY;94310;ORLY;94;Île-de-France;11;21;21;50 à 99 salariés;99;O;PME;41;1990-01-01;36.50102669404517;48.7455790481553;2.41935072206784;False;8311;[];[];91.01Z;2026-06-15T16:09:17.424634;70;CHAUDE;64350;12870
35361541200098;353615412;C.A.S.I PRG;;;91.03Z;PUB_MUSEE;PUBLIC;Bibliothèques / musées;25 AVENUE DE LA COMMUNE DE PARIS 94400 VITRY-SUR-SEINE;94400;VITRY-SUR-SEINE;94;Île-de-France;11;21;21;50 à 99 salariés;99;O;PME;41;1990-01-01;36.50102669404517;48.782636459;2.3912517056;False;8311;[];[];91.01Z;2026-06-15T16:09:17.424634;70;CHAUDE;64350;12870
69204158500187;692041585;ETABLISSEMENT PUBLIC DE LA REUNION DES MUSEES NATIONAUX ET DU GRAND PALAIS DES CHAMPS-ELYSEES (RMN);MUSEE DE L'ORANGERIE;RMN;91.02Z;PUB_MUSEE;PUBLIC;Gestion des musées;PLACE DE LA CONCORDE 75008 PARIS;75008;PARIS;75;Île-de-France;11;11;11;10 à 19 salariés;19;O;ETI;76;1991-01-01;35.501711156741955;48.86646486;2.3231909911;False;4110;[];[];91.02Z;2026-06-15T16:09:18.132368;70;CHAUDE;12350;2470
13001522500019;130015225;DISI ILE DE FRANCE (DISI);;DISI;84.11Z;PUB_MAIRIE;PUBLIC;Administration publique générale;54 RUE DES CHANTIERS 78000 VERSAILLES;78000;VERSAILLES;78;Île-de-France;11;12;12;20 à 49 salariés;49;O;ETI;15;2011-09-01;14.836413415468858;48.793434093;2.1420684474;True;7160;[];[];84.11Z;2026-06-15T15:56:04.350687;70;CHAUDE;26950;5390
17750000600016;177500006;PREFECTURE DE REGION ILE-DE-FRANCE;;;84.11Z;PUB_MAIRIE;PUBLIC;Administration publique générale;29 RUE BARBET DE JOUY 75007 PARIS;75007;PARIS;75;Île-de-France;11;3;3;6 à 9 salariés;9;N;ETI;9;1983-03-01;43.34017796030116;48.852339037;2.317322028;False;7171;[];[];84.11Z;2026-06-15T15:56:04.350687;70;CHAUDE;4950;990
20003277900056;200032779;PARIS MUSEES;MUSEE VICTOR HUGO;;91.02Z;PUB_MUSEE;PUBLIC;Gestion des musées;6 PLACE DES VOSGES 75004 PARIS;75004;PARIS;75;Île-de-France;11;12;12;20 à 49 salariés;49;O;ETI;22;2012-06-20;14.03422313483915;48.854628128;2.3664007332;False;7378;[];[];91.02Z;2026-06-15T16:09:18.132903;70;CHAUDE;31850;6370
21940015700042;219400157;COMMUNE DE BRY SUR MARNE;ECOLE PRIMAIRE PAUL BARILLIET;;85.20Z;PUB_ECOLE;PUBLIC;Enseignement primaire;23 RUE DU 2 DECEMBRE 1870 94360 BRY-SUR-MARNE;94360;BRY-SUR-MARNE;94;Île-de-France;11;12;12;20 à 49 salariés;49;N;ETI;17;1983-12-21;42.53251197809719;48.833830369;2.5291366379;False;7210;[];"[""0942273K""]";84.11Z;2026-06-15T15:56:31.873394;70;CHAUDE;24500;4900
21940015700083;219400157;COMMUNE DE BRY SUR MARNE;BIBLIOTHEQUE MUNICIPALE;;91.01Z;PUB_MUSEE;PUBLIC;Gestion des bibliothèques;MAIRIE DE BRY-SUR-MARNE PL DE LA MAIRIE 94360 BRY SUR MARNE;94360;BRY SUR MARNE;94;Île-de-France;11;41;41;500 à 999 salariés;999;N;ETI;17;1970-08-07;55.90417522245038;48.835079972;2.5199157454;False;7210;[];[];84.11Z;2026-06-15T15:56:31.873394;70;CHAUDE;649350;129870
21940065200059;219400652;COMMUNE DE RUNGIS;BIBLIOTHEQUE MUNICIPALE;;91.01Z;PUB_MUSEE;PUBLIC;Gestion des bibliothèques;10 PLACE DU GENERAL DE GAULLE 94150 RUNGIS;94150;RUNGIS;94;Île-de-France;11;32;32;250 à 499 salariés;499;N;ETI;14;1970-08-08;55.90143737166324;48.749695723;2.3505473353;False;7210;[];[];84.11Z;2026-06-15T15:56:32.201617;70;CHAUDE;324350;64870
21940065200117;219400652;COMMUNE DE RUNGIS;CENTRE DE P.M.I;;86.21Z;PRIV_SANTE_CABINET;PRIVE;Pratique médicale générale;PETITE VOIE DES FONTAINES 94150 RUNGIS;94150;RUNGIS;94;Île-de-France;11;32;32;250 à 499 salariés;499;N;ETI;14;1979-01-01;47.50171115674196;48.75238644;2.3491536552;False;7210;[];[];84.11Z;2026-06-15T15:56:32.202619;70;CHAUDE;449100;89820
80790203600043;807902036;PINAULT COLLECTION (BOURSE DE COMMERCE - PINAULT COLLECTION);;;82.11Z;PRIV_BUREAU;PRIVE;Services administratifs combinés;38 RUE DU LOUVRE 75001 PARIS;75001;PARIS;75;Île-de-France;11;12;12;20 à 49 salariés;49;O;GE;6;2021-05-24;5.108829568788501;48.862197828;2.3416371075;False;5710;[];[];91.02Z;2026-06-15T16:09:18.132903;70;CHAUDE;29400;5880
80790203600050;807902036;PINAULT COLLECTION (BOURSE DE COMMERCE - PINAULT COLLECTION);BOURSE DE COMMERCE-PINAULT COLLECTION;;91.02Z;PUB_MUSEE;PUBLIC;Gestion des musées;2 RUE DE VIARMES 75001 PARIS;75001;PARIS;75;Île-de-France;11;11;11;10 à 19 salariés;19;O;GE;6;2021-05-22;5.114305270362765;48.862943509;2.342673726;False;5710;[];[];91.02Z;2026-06-15T16:09:18.132903;70;CHAUDE;12350;2470
16002211700032;160022117;DIRECTION NATIONALE DES VERIFICATIONS DE SITUATIONS FISCALES (DNVSF);8EME BRIGADE CONTROLE REVENUS PARIS;DNVSF;84.11Z;PUB_MAIRIE;PUBLIC;Administration publique générale;127 RUE DE SAUSSURE 75017 PARIS;75017;PARIS;75;Île-de-France;11;3;3;6 à 9 salariés;9;N;ETI;28;1983-03-17;43.29637234770705;48.888610637;2.3084529964;False;7160;[];[];84.11Z;2026-06-15T15:56:04.039427;70;CHAUDE;4950;990
16002211700065;160022117;DIRECTION NATIONALE DES VERIFICATIONS DE SITUATIONS FISCALES (DNVSF);2EME BRIGADE CONTROLE REVENUS PARIS;DNVSF;84.11Z;PUB_MAIRIE;PUBLIC;Administration publique générale;127 RUE DE SAUSSURE 75017 PARIS;75017;PARIS;75;Île-de-France;11;3;3;6 à 9 salariés;9;N;ETI;28;1986-10-24;39.69062286105408;48.888610637;2.3084529964;False;7160;[];[];84.11Z;2026-06-15T15:56:04.040426;70;CHAUDE;4950;990
16002211700123;160022117;DIRECTION NATIONALE DES VERIFICATIONS DE SITUATIONS FISCALES (DNVSF);10EME BRIGADE CONTROLE REVENUS PARIS;DNVSF;84.11Z;PUB_MAIRIE;PUBLIC;Administration publique générale;127 RUE DE SAUSSURE 75017 PARIS;75017;PARIS;75;Île-de-France;11;3;3;6 à 9 salariés;9;N;ETI;28;1986-10-24;39.69062286105408;48.888610637;2.3084529964;False;7160;[];[];84.11Z;2026-06-15T15:56:04.040426;70;CHAUDE;4950;990
38137403200013;381374032;LA FERME DU BOURNAT;;;91.02Z;PUB_MUSEE;PUBLIC;Gestion des musées;209 BOULEVARD SAINT-GERMAIN 75007 PARIS;75007;PARIS;75;Île-de-France;11;11;11;10 à 19 salariés;19;N;PME;4;1991-03-07;35.32375085557837;48.856379458;2.3250856288;True;5599;[];[];91.02Z;2026-06-15T16:09:18.133451;70;CHAUDE;12350;2470
13002308800037;130023088;ETABLISSEMENT PUBLIC DU MUSEE NATIONAL JEAN JACQUES HENNER ET DU MUSEE NATIONAL GUSTAVE MOREAU;MUSEE NATIONAL GUSTAVE MOREAU;;91.02Z;PUB_MUSEE;PUBLIC;Gestion des musées;14 RUE CATHERINE DE LA ROCHEFOUCAULD 75009 PARIS;75009;PARIS;75;Île-de-France;11;11;11;10 à 19 salariés;19;N;PME;3;2017-03-01;9.338809034907598;48.877878752;2.3344177287;False;7389;[];[];91.02Z;2026-06-15T16:09:18.133997;70;CHAUDE;12350;2470
21940011600089;219400116;COMMUNE DE BONNEUIL SUR MARNE;ECOLE ELEMENTAIRE PUBLIQUE AIME ET EUGENIE COTTON;;85.20Z;PUB_ECOLE;PUBLIC;Enseignement primaire;7 AVENUE DE LA REPUBLIQUE 94380 BONNEUIL-SUR-MARNE;94380;BONNEUIL-SUR-MARNE;94;Île-de-France;11;12;12;20 à 49 salariés;49;N;ETI;21;1983-12-21;42.53251197809719;48.766303063;2.4785386048;False;7210;[];"[""0940954B""]";84.11Z;2026-06-15T15:56:31.872391;70;CHAUDE;24500;4900
21940011600147;219400116;COMMUNE DE BONNEUIL SUR MARNE;BIBLIOTHEQUE MUNICIPALE;;91.01Z;PUB_MUSEE;PUBLIC;Gestion des bibliothèques;8 AVENUE AUGUSTE GROSS 94380 BONNEUIL-SUR-MARNE;94380;BONNEUIL-SUR-MARNE;94;Île-de-France;11;41;41;500 à 999 salariés;999;N;ETI;21;1970-08-07;55.90417522245038;48.774196623;2.4854630373;False;7210;[];[];84.11Z;2026-06-15T15:56:31.872391;70;CHAUDE;649350;129870
21940069400085;219400694;COMMUNE DE SAINT MAURICE;BIBLIOTHEQUE MUNICIPALE;;91.01Z;PUB_MUSEE;PUBLIC;Gestion des bibliothèques;IMPASSE JUNOT 94410 SAINT-MAURICE;94410;SAINT-MAURICE;94;Île-de-France;11;32;32;250 à 499 salariés;499;N;ETI;19;1970-08-08;55.90143737166324;48.818394018;2.4260686234;False;7210;[];[];84.11Z;2026-06-15T15:56:31.873394;70;CHAUDE;324350;64870
21940067800047;219400678;COMMUNE DE SAINT-MANDE;ECOLE MATERNELLE PUBLIQUE PAUL BERT;;85.10Z;PUB_ECOLE;PUBLIC;Enseignement pré-primaire;1 RUE PAUL BERT 94160 SAINT-MANDE;94160;SAINT-MANDE;94;Île-de-France;11;11;11;10 à 19 salariés;19;N;ETI;17;1983-12-21;42.53251197809719;48.8422719925771;2.41525871332333;False;7210;[];"[""0940404D""]";84.11Z;2026-06-15T15:56:31.873394;70;CHAUDE;9500;1900
21940067800054;219400678;COMMUNE DE SAINT-MANDE;ECOLE PRIMAIRE PUBLIQUE APPLIC DECROLY;;85.20Z;PUB_ECOLE;PUBLIC;Enseignement primaire;49 AVENUE DAUMESNIL 94160 SAINT-MANDE;94160;SAINT-MANDE;94;Île-de-France;11;11;11;10 à 19 salariés;19;N;ETI;17;1983-12-21;42.53251197809719;48.835278745;2.420283399;False;7210;[];"[""0940384G""]";84.11Z;2026-06-15T15:56:31.873394;70;CHAUDE;9500;1900
21940067800070;219400678;COMMUNE DE SAINT-MANDE;ECOLE ELEMENTAIRE CHARLES DIGEON;;85.20Z;PUB_ECOLE;PUBLIC;Enseignement primaire;24 RUE DU COMMANDANT MOUCHOTTE 94160 SAINT-MANDE;94160;SAINT-MANDE;94;Île-de-France;11;11;11;10 à 19 salariés;19;N;ETI;17;1983-12-21;42.53251197809719;48.837332863;2.4167632249;False;7210;[];"[""0941271W""]";84.11Z;2026-06-15T15:56:31.873394;70;CHAUDE;9500;1900
21940077700039;219400777;COMMUNE DE VILLENEUVE LE ROI;ECOLE ELEMENTAIRE PAUL BERT;;85.20Z;PUB_ECOLE;PUBLIC;Enseignement primaire;61 RUE PAUL BERT 94290 VILLENEUVE-LE-ROI;94290;VILLENEUVE-LE-ROI;94;Île-de-France;11;12;12;20 à 49 salariés;49;N;ETI;24;1983-12-21;42.53251197809719;48.731404425;2.441093615;False;7210;[];"[""0940652Y""]";84.11Z;2026-06-15T15:56:31.873394;70;CHAUDE;24500;4900
21940077700138;219400777;COMMUNE DE VILLENEUVE LE ROI;ECOLE ELEMENTAIRE JULES FERRY;;85.20Z;PUB_ECOLE;PUBLIC;Enseignement primaire;26 RUE DES TILLEULS 94290 VILLENEUVE-LE-ROI;94290;VILLENEUVE-LE-ROI;94;Île-de-France;11;12;12;20 à 49 salariés;49;N;ETI;24;1983-12-21;42.53251197809719;48.7338188115629;2.41970309202622;False;7210;[];"[""0941426P""]";84.11Z;2026-06-15T15:56:31.873394;70;CHAUDE;24500;4900
21940077700146;219400777;COMMUNE DE VILLENEUVE LE ROI;BIBLIOTHEQUE MUNICIPALE;;91.01Z;PUB_MUSEE;PUBLIC;Gestion des bibliothèques;6 RUE DU MARECHAL FOCH 94290 VILLENEUVE-LE-ROI;94290;VILLENEUVE-LE-ROI;94;Île-de-France;11;41;41;500 à 999 salariés;999;N;ETI;24;1970-08-08;55.90143737166324;48.731658216;2.4080448728;False;7210;[];[];84.11Z;2026-06-15T15:56:31.873394;70;CHAUDE;649350;129870
52377043600039;523770436;RMN-MUSEE DU LUXEMBOURG;;;91.02Z;PUB_MUSEE;PUBLIC;Gestion des musées;19 RUE DE VAUGIRARD 75006 PARIS;75006;PARIS;75;Île-de-France;11;11;11;10 à 19 salariés;19;O;PME;3;2010-07-13;15.97262149212868;48.848890509;2.3340730904;False;5710;[];[];91.02Z;2026-06-15T16:09:18.134551;70;CHAUDE;12350;2470
91278992200024;912789922;ARTEUM MUSEES;;;91.02Z;PUB_MUSEE;PUBLIC;Gestion des musées;14-16 14 RUE DE VERNEUIL 75007 PARIS;75007;PARIS;75;Île-de-France;11;11;11;10 à 19 salariés;19;O;PME;2;2022-05-20;4.120465434633813;48.857433257;2.331128957;False;5710;[];[];91.02Z;2026-06-15T16:09:18.134551;70;CHAUDE;12350;2470
43245858600059;432458586;AINU;;;91.02Z;PUB_MUSEE;PUBLIC;Gestion des musées;50 RUE DE PRESLES 93300 AUBERVILLIERS;93300;AUBERVILLIERS;93;Île-de-France;11;12;12;20 à 49 salariés;49;N;PME;5;2022-04-01;4.254620123203286;48.907744432;2.3934846606;True;5710;[];[];91.02Z;2026-06-15T16:09:21.861331;70;CHAUDE;31850;6370
41842409900020;418424099;MUSEE YVES SAINT LAURENT - PARIS;;;91.02Z;PUB_MUSEE;PUBLIC;Gestion des musées;5 AVENUE MARCEAU 75016 PARIS;75016;PARIS;75;Île-de-France;11;11;11;10 à 19 salariés;19;O;PME;3;2003-12-18;22.54072553045859;48.865620964;2.2995199559;True;9220;[];[];91.02Z;2026-06-15T16:09:21.861331;70;CHAUDE;12350;2470
51518027100014;515180271;LE MUSEE GOURMAND DU CHOCOLAT - CHOCO STORY SARL;;;91.02Z;PUB_MUSEE;PUBLIC;Gestion des musées;28 BOULEVARD DE BONNE NOUVELLE 75010 PARIS;75010;PARIS;75;Île-de-France;11;11;11;10 à 19 salariés;19;O;PME;3;2009-07-10;16.980150581793293;48.870556434;2.3500479797;True;5499;[];[];91.02Z;2026-06-15T16:09:21.861331;70;CHAUDE;12350;2470
35076347000043;350763470;SOC DES AMIS MUSEE NATIONAL ART MODERNE;;;91.02Z;PUB_MUSEE;PUBLIC;Gestion des musées;CENTRE POMPIDOU 6 RUE BEAUBOURG 75004 PARIS;75004;PARIS;75;Île-de-France;11;11;11;10 à 19 salariés;19;O;PME;2;2007-05-24;19.110198494182068;48.860650836;2.3534602917;True;9220;[];[];91.02Z;2026-06-15T16:09:21.861331;70;CHAUDE;12350;2470
33457081900014;334570819;ASSOCIATION HALLE ST PIERRE;;;91.02Z;PUB_MUSEE;PUBLIC;Gestion des musées;2 RUE RONSARD 75018 PARIS;75018;PARIS;75;Île-de-France;11;11;11;10 à 19 salariés;19;O;PME;1;1986-01-01;40.50102669404517;48.884830783;2.3442964951;True;9220;[];[];91.02Z;2026-06-15T16:09:21.861331;70;CHAUDE;12350;2470
53195729800023;531957298;SAINT-JEAN ET SAINT-VINCENT;;;91.02Z;PUB_MUSEE;PUBLIC;Gestion des musées;12-14 12 RUE CORTOT 75018 PARIS;75018;PARIS;75;Île-de-France;11;11;11;10 à 19 salariés;19;O;ETI;2;2011-07-01;15.006160164271048;48.888066774;2.340633609;True;5710;[];[];91.02Z;2026-06-15T16:09:22.681117;70;CHAUDE;12350;2470
88763553000017;887635530;FONDATION AZZEDINE ALAIA;;;91.02Z;PUB_MUSEE;PUBLIC;Gestion des musées;18 RUE DE LA VERRERIE 75004 PARIS;75004;PARIS;75;Île-de-France;11;11;11;10 à 19 salariés;19;O;PME;1;2020-02-28;6.343600273785079;48.857481987;2.3551451083;True;9300;[];[];91.02Z;2026-06-15T16:09:25.596385;70;CHAUDE;12350;2470
69204158500088;692041585;ETABLISSEMENT PUBLIC DE LA REUNION DES MUSEES NATIONAUX ET DU GRAND PALAIS DES CHAMPS-ELYSEES (RMN);MUSEE DU CHATEAU DE VERSAILLES;RMN;91.02Z;PUB_MUSEE;PUBLIC;Gestion des musées;VC CHAT DE VERSAILLES 78000 VERSAILLES;78000;VERSAILLES;78;Île-de-France;11;21;21;50 à 99 salariés;99;O;ETI;76;1991-01-01;35.501711156741955;48.804811848759;2.12043627359907;False;4110;[];[];91.02Z;2026-06-15T16:09:26.572464;70;CHAUDE;64350;12870
69204158500518;692041585;ETABLISSEMENT PUBLIC DE LA REUNION DES MUSEES NATIONAUX ET DU GRAND PALAIS DES CHAMPS-ELYSEES (RMN);ATELIER DE MOULAGE;RMN;91.02Z;PUB_MUSEE;PUBLIC;Gestion des musées;1 IMPASSE DU PILIER 93210 SAINT-DENIS;93210;SAINT-DENIS;93;Île-de-France;11;12;12;20 à 49 salariés;49;O;ETI;76;1998-01-01;28.501026694045173;48.912906061;2.3640356983;False;4110;[];[];91.02Z;2026-06-15T16:09:27.557520;70;CHAUDE;31850;6370
20003277900197;200032779;PARIS MUSEES;ATELIER DES MUSEES;;91.02Z;PUB_MUSEE;PUBLIC;Gestion des musées;1ER ETAGE 1 RUE JEAN MAZET 94200 IVRY-SUR-SEINE;94200;IVRY-SUR-SEINE;94;Île-de-France;11;12;12;20 à 49 salariés;49;O;ETI;22;2012-06-20;14.03422313483915;48.81346982;2.408152567;False;7378;[];[];91.02Z;2026-06-15T16:09:27.951633;70;CHAUDE;31850;6370
43785012600024;437850126;GARDENIA;;;47.11D;PRIV_COMMERCE;PRIVE;Centres commerciaux;112 RUE DE COLOMBES 92600 ASNIERES-SUR-SEINE;92600;ASNIERES-SUR-SEINE;92;Île-de-France;11;21;21;50 à 99 salariés;99;O;PME;3;2001-05-31;25.089664613278572;48.915724542;2.2775334814;False;5710;[];[];47.11D;2026-06-15T18:18:14.842459;70;CHAUDE;49500;9900
39797482500044;397974825;AUTEUIL MARKET;;;47.11D;PRIV_COMMERCE;PRIVE;Centres commerciaux;77 RUE D'AUTEUIL 75016 PARIS;75016;PARIS;75;Île-de-France;11;12;12;20 à 49 salariés;49;O;PME;4;2002-02-01;24.41615331964408;48.84778697;2.2604218743;True;5499;[];[];47.11D;2026-06-15T18:17:53.969318;70;CHAUDE;24500;4900
41285568600017;412855686;SOGIVIL;CARREFOUR CITY;;47.11D;PRIV_COMMERCE;PRIVE;Centres commerciaux;22-24 22 RUE DE VILLIERS 92300 LEVALLOIS-PERRET;92300;LEVALLOIS-PERRET;92;Île-de-France;11;12;12;20 à 49 salariés;49;O;PME;1;1997-07-03;28.999315537303215;48.888179616;2.281859415;True;5710;[];[];47.11D;2026-06-15T18:18:17.370198;70;CHAUDE;24500;4900
82315851400021;823158514;CITY RENNES;CARREFOUR CITY;;47.11D;PRIV_COMMERCE;PRIVE;Centres commerciaux;71 RUE DE RENNES 75006 PARIS;75006;PARIS;75;Île-de-France;11;12;12;20 à 49 salariés;49;O;PME;2;2016-11-07;9.650924024640656;48.851122029;2.3308869865;True;5499;[];[];47.11D;2026-06-15T18:17:57.107934;70;CHAUDE;24500;4900
81805754900029;818057549;SUPERCHARLES;INTERMARCHE EXPRESS;;47.11D;PRIV_COMMERCE;PRIVE;Centres commerciaux;81-81 81 B RUE SAINT-CHARLES 75015 PARIS;75015;PARIS;75;Île-de-France;11;12;12;20 à 49 salariés;49;O;PME;2;2018-07-18;7.958932238193018;48.847316498;2.2863338924;True;5499;[];[];47.11D;2026-06-15T18:17:56.377818;70;CHAUDE;24500;4900
41040901502689;410409015;AUCHAN SUPERMARCHE;AUCHAN SUPERMARCHE;;47.11D;PRIV_COMMERCE;PRIVE;Centres commerciaux;262 AVENUE NAPOLEON BONAPARTE 92500 RUEIL-MALMAISON;92500;RUEIL-MALMAISON;92;Île-de-France;11;21;21;50 à 99 salariés;99;O;GE;415;2001-05-18;25.12525667351129;48.875888971;2.1694479336;False;5710;[];[];47.11D;2026-06-15T18:18:14.840459;70;CHAUDE;49500;9900
98101352700024;981013527;2EDADIS;CARREFOUR MARKET;;47.11D;PRIV_COMMERCE;PRIVE;Centres commerciaux;CTRE. COMMERCIAL ITALIE 30 AVENUE D'ITALIE 75013 PARIS;75013;PARIS;75;Île-de-France;11;22;22;100 à 199 salariés;199;O;PME;2;2023-12-01;2.587268993839836;48.829120914;2.3550499397;True;5499;[];[];47.11D;2026-06-15T18:17:57.108934;70;CHAUDE;99500;19900
42370910400024;423709104;DISTRIBUTION ALIMENTAIRE DE PARIS 13;;;47.11D;PRIV_COMMERCE;PRIVE;Centres commerciaux;44 AVENUE D'IVRY 75013 PARIS;75013;PARIS;75;Île-de-France;11;21;21;50 à 99 salariés;99;O;ETI;2;2004-09-14;21.79876796714579;48.823558376;2.3658305833;True;5499;[];[];47.11D;2026-06-15T18:17:57.958668;70;CHAUDE;49500;9900
42461511000014;424615110;MAILLODIS;EPIC;;47.11D;PRIV_COMMERCE;PRIVE;Centres commerciaux;L'ATRIUM DU PALAIS PALAIS DES CONGRES 2 PLACE DE LA PORTE MAILLOT 75017 PARIS;75017;PARIS;75;Île-de-France;11;12;12;20 à 49 salariés;49;O;PME;1;1999-09-06;26.822724161533195;48.879366181;2.2836102379;True;5499;[];[];47.11D;2026-06-15T18:17:57.958668;70;CHAUDE;24500;4900
35052655400018;350526554;VAUGIDIS;CARREFOUR CITY;;47.11D;PRIV_COMMERCE;PRIVE;Centres commerciaux;293 RUE DE VAUGIRARD 75015 PARIS;75015;PARIS;75;Île-de-France;11;12;12;20 à 49 salariés;49;O;PME;1;1989-04-25;37.18822724161533;48.839201973;2.3005599357;True;5710;[];[];47.11D;2026-06-15T18:17:57.958668;70;CHAUDE;24500;4900
85354005200042;853540052;CASI PARIS NORD;;;91.01Z;PUB_MUSEE;PUBLIC;Gestion des bibliothèques;BIBLIOTHEQUE DU BOURGET RUE PIERRE SEMARD 93700 DRANCY;93700;DRANCY;93;Île-de-France;11;21;21;50 à 99 salariés;99;O;PME;13;2019-11-01;6.669404517453799;48.929061545;2.4274683373;False;8310;[];[];93.29Z;2026-06-15T16:12:53.690875;70;CHAUDE;64350;12870
34209083402682;342090834;NEXITY STUDEA;;;68.32A;IMMO_AGENCE;PRIVE;Agences immobilières;CS 70058 - 93585 SAINT-OUEN CEDEX 67 RUE ARAGO 93400 SAINT-OUEN-SUR-SEINE;93400;SAINT-OUEN-SUR-SEINE;93;Île-de-France;11;32;32;250 à 499 salariés;499;O;GE;268;2025-03-18;1.2922655715263518;48.9024047426626;2.32365218273855;True;5710;[];[];68.20A;2026-06-15T16:14:08.681434;70;CHAUDE;249500;49900
50369866406430;503698664;FONCIA TRANSACTION FRANCE;;;68.31Z;IMMO_AGENCE;PRIVE;Agences immobilières;18-19 - TOUR AURORE 18 PLACE DES REFLETS 92400 COURBEVOIE;92400;COURBEVOIE;92;Île-de-France;11;42;42;1000 à 1999 salariés;1999;O;GE;688;2024-01-01;2.5023956194387407;48.889974307063;2.2472422692232;True;5710;[];[];68.31Z;2026-06-15T16:33:11.907148;70;CHAUDE;999500;199900
50369866400425;503698664;FONCIA TRANSACTION FRANCE;;;68.31Z;IMMO_AGENCE;PRIVE;Agences immobilières;27 BOULEVARD DU MONTPARNASSE 75006 PARIS;75006;PARIS;75;Île-de-France;11;42;42;1000 à 1999 salariés;1999;O;GE;688;2018-04-01;8.254620123203285;48.845199975;2.3199229358;False;5710;[];[];68.31Z;2026-06-15T16:33:11.907148;70;CHAUDE;999500;199900
32869543200398;328695432;MICHAEL ZINGRAF REAL ESTATE;;;68.31Z;IMMO_AGENCE;PRIVE;Agences immobilières;1 RUE DES BLANCS MANTEAUX 75004 PARIS;75004;PARIS;75;Île-de-France;11;21;21;50 à 99 salariés;99;O;PME;45;2023-03-09;3.3182751540041067;48.858358926;2.3581026813;False;5710;[];[];68.31Z;2026-06-15T16:33:11.908152;70;CHAUDE;49500;9900
32399869000461;323998690;ESPACE EXPANSION;;;68.32A;IMMO_AGENCE;PRIVE;Agences immobilières;7 PLACE DU CHANCELIER ADENAUER 75016 PARIS;75016;PARIS;75;Île-de-France;11;22;22;100 à 199 salariés;199;O;ETI;62;2008-05-09;18.1492128678987;48.870733959;2.2789872262;True;5710;[];[];68.31Z;2026-06-15T16:33:11.909222;70;CHAUDE;99500;19900
32399869000701;323998690;ESPACE EXPANSION;;;68.31Z;IMMO_AGENCE;PRIVE;Agences immobilières;82 AVENUE DU MAINE 75014 PARIS;75014;PARIS;75;Île-de-France;11;32;32;250 à 499 salariés;499;N;ETI;62;2024-03-01;2.3381245722108144;48.8384032991844;2.32211201938154;False;5710;[];[];68.31Z;2026-06-15T16:33:11.909222;70;CHAUDE;249500;49900
41405799200078;414057992;BARNES;;;68.31Z;IMMO_AGENCE;PRIVE;Agences immobilières;11 RUE CONDORCET 75009 PARIS;75009;PARIS;75;Île-de-France;11;21;21;50 à 99 salariés;99;N;ETI;41;1998-02-12;28.386036960985628;48.879525573;2.3470835368;False;5710;[];[];68.31Z;2026-06-15T16:33:11.909222;70;CHAUDE;49500;9900
41969238900085;419692389;BRETEUIL ILE DE FRANCE;;;68.31Z;IMMO_AGENCE;PRIVE;Agences immobilières;67 RUE DE LA TOUR 75016 PARIS;75016;PARIS;75;Île-de-France;11;21;21;50 à 99 salariés;99;O;PME;24;2021-03-01;5.338809034907597;48.861292011;2.2790129425;False;5710;[];[];68.31Z;2026-06-15T16:33:11.910603;70;CHAUDE;49500;9900
43408693000303;434086930;LEGGETT IMMOBILIER;LEGGETT IMMOBILIER;;68.31Z;IMMO_AGENCE;PRIVE;Agences immobilières;6 RUE CHANOINESSE 75004 PARIS;75004;PARIS;75;Île-de-France;11;21;21;50 à 99 salariés;99;O;PME;30;2026-02-01;0.4161533196440794;48.8532476713948;2.35138703455787;False;5499;[];[];68.31Z;2026-06-15T16:33:11.911601;70;CHAUDE;49500;9900
38879721900325;388797219;QUADRAL TRANSACTIONS;;;68.31Z;IMMO_AGENCE;PRIVE;Agences immobilières;89 RUE DE TOCQUEVILLE 75017 PARIS;75017;PARIS;75;Île-de-France;11;21;21;50 à 99 salariés;99;O;ETI;32;2026-02-01;0.4161533196440794;48.8872677425632;2.30767229293651;False;5710;[];[];68.31Z;2026-06-15T16:33:11.911601;70;CHAUDE;49500;9900
51350449800264;513504498;GROUPE J L V (EVOLIS - EVOLIS PROPRIETAIRES - EVOLIS UTILISATEURS);EVOLIS - EVOLIS PROPRIETAIRES - EVOLIS UTILISATEURS;;68.31Z;IMMO_AGENCE;PRIVE;Agences immobilières;24 B RUE DE BERRI 75008 PARIS;75008;PARIS;75;Île-de-France;11;22;22;100 à 199 salariés;199;N;PME;26;2024-04-01;2.2532511978097194;48.8731578793157;2.30565438551668;True;5710;[];[];68.31Z;2026-06-15T16:33:11.911601;70;CHAUDE;99500;19900
77555051000223;775550510;JOHN TAYLOR;JOHN TAYLOR;;68.31Z;IMMO_AGENCE;PRIVE;Agences immobilières;4 CHAUSSEE DE LA MUETTE 75016 PARIS;75016;PARIS;75;Île-de-France;11;21;21;50 à 99 salariés;99;O;GE;19;2023-03-23;3.2799452429842573;48.858275635;2.2741291234;False;5710;[];[];68.31Z;2026-06-15T16:33:12.219025;70;CHAUDE;49500;9900
68980131400592;689801314;CPH IMMOBILIER (CPH IMMOBILIER);;CPH IMMOBILIER;68.31Z;IMMO_AGENCE;PRIVE;Agences immobilières;67 BOULEVARD BESSIERES 75017 PARIS;75017;PARIS;75;Île-de-France;11;21;21;50 à 99 salariés;99;N;ETI;47;2022-07-22;3.9479808350444894;48.896600788;2.3207248784;True;5710;[];[];68.31Z;2026-06-15T16:33:12.219025;70;CHAUDE;49500;9900
71203909800132;712039098;JONES LANG LASALLE SAS (JLL);JLL;;68.31Z;IMMO_AGENCE;PRIVE;Agences immobilières;40-42 40 RUE LA BOETIE 75008 PARIS;75008;PARIS;75;Île-de-France;11;32;32;250 à 499 salariés;499;O;ETI;21;2007-06-22;19.03080082135524;48.873904626;2.313893487;True;5710;[];[];68.31Z;2026-06-15T16:33:12.221025;70;CHAUDE;249500;49900
43131515900191;431315159;NCT;;;68.31Z;IMMO_AGENCE;PRIVE;Agences immobilières;43-47 43 AVENUE DE LA GRANDE ARMEE 75016 PARIS;75016;PARIS;75;Île-de-France;11;21;21;50 à 99 salariés;99;O;PME;24;2014-03-24;12.276522929500342;48.875264163;2.2886566751;True;5710;[];[];68.31Z;2026-06-15T16:33:12.872712;70;CHAUDE;49500;9900
40320188200046;403201882;ARDIAN FRANCE (ARDIAN);ARDIAN;;68.31Z;IMMO_AGENCE;PRIVE;Agences immobilières;20 PLACE VENDOME 75001 PARIS;75001;PARIS;75;Île-de-France;11;41;41;500 à 999 salariés;999;O;ETI;8;2000-03-31;26.25598904859685;48.867499031;2.3306779912;True;5699;[];[];68.31Z;2026-06-15T16:33:13.144871;70;CHAUDE;499500;99900
40320188200087;403201882;ARDIAN FRANCE (ARDIAN);;;68.31Z;IMMO_AGENCE;PRIVE;Agences immobilières;7 PLACE VENDOME 75001 PARIS;75001;PARIS;75;Île-de-France;11;41;41;500 à 999 salariés;999;O;ETI;8;2021-10-18;4.706365503080082;48.8672852522755;2.32833328339836;False;5699;[];[];68.31Z;2026-06-15T16:33:13.144871;70;CHAUDE;499500;99900
48143166600058;481431666;RENEE COSTES;;;68.31Z;IMMO_AGENCE;PRIVE;Agences immobilières;84 RUE DE LEVIS 75017 PARIS;75017;PARIS;75;Île-de-France;11;22;22;100 à 199 salariés;199;O;PME;9;2015-04-17;11.211498973305956;48.88463089;2.3120387104;True;5710;[];[];68.31Z;2026-06-15T16:33:13.144871;70;CHAUDE;99500;19900
48762477700057;487624777;PROPRIETES PRIVEES (PARTENAIRES IMMOBILIERS PRIM'S);;;68.31Z;IMMO_AGENCE;PRIVE;Agences immobilières;10 RUE DU COLISEE 75008 PARIS;75008;PARIS;75;Île-de-France;11;21;21;50 à 99 salariés;99;N;ETI;11;2021-01-11;5.47296372347707;48.870486618;2.3081961502;False;5710;[];[];68.31Z;2026-06-15T16:33:13.144871;70;CHAUDE;49500;9900
83326728900092;833267289;VESTA HOME;;;68.31Z;IMMO_AGENCE;PRIVE;Agences immobilières;32 RUE DE TREVISE 75009 PARIS;75009;PARIS;75;Île-de-France;11;21;21;50 à 99 salariés;99;O;PME;8;2025-01-03;1.4948665297741273;48.8748975439369;2.34608559119216;False;5710;[];[];68.31Z;2026-06-15T16:33:13.144871;70;CHAUDE;49500;9900
38485370100090;384853701;CBRE VALUATION;;;68.31Z;IMMO_AGENCE;PRIVE;Agences immobilières;131 AVENUE DE WAGRAM 75017 PARIS;75017;PARIS;75;Île-de-France;11;21;21;50 à 99 salariés;99;O;ETI;10;2018-03-20;8.28747433264887;48.883612981;2.3019011858;True;5710;[];[];68.31Z;2026-06-15T16:33:13.749000;70;CHAUDE;49500;9900
66204551700155;662045517;SAVILLS;;;68.31Z;IMMO_AGENCE;PRIVE;Agences immobilières;59 RUE DE TOCQUEVILLE 75017 PARIS;75017;PARIS;75;Île-de-France;11;22;22;100 à 199 salariés;199;N;PME;9;2024-07-15;1.9657768651608487;48.8856352473133;2.30955169454409;True;5710;[];[];68.31Z;2026-06-15T16:33:15.058871;70;CHAUDE;99500;19900
44052487400094;440524874;THESEIS;;;68.31Z;IMMO_AGENCE;PRIVE;Agences immobilières;34 RUE GUERSANT 75017 PARIS;75017;PARIS;75;Île-de-France;11;21;21;50 à 99 salariés;99;N;ETI;9;2024-05-28;2.0971937029431897;48.8820356023528;2.28883035642492;False;5710;[];[];68.31Z;2026-06-15T16:33:20.264246;70;CHAUDE;49500;9900
73204660200031;732046602;KNIGHT FRANK - SNC (KF) (KF);KF;KF;68.31Z;IMMO_AGENCE;PRIVE;Agences immobilières;7 PLACE VENDOME 75001 PARIS;75001;PARIS;75;Île-de-France;11;21;21;50 à 99 salariés;99;O;PME;3;1999-08-01;26.921286789869956;48.867285252;2.3283332834;True;5202;[];[];68.31Z;2026-06-15T16:33:23.164219;70;CHAUDE;49500;9900
50933966900053;509339669;PIMCO PRIME REAL ESTATE GMBH;PIMCO PRIME REAL ESTATE GMBH;;68.31Z;IMMO_AGENCE;PRIVE;Agences immobilières;50-52 50 BOULEVARD HAUSSMANN 75009 PARIS;75009;PARIS;75;Île-de-France;11;22;22;100 à 199 salariés;199;O;PME;5;2021-10-25;4.687200547570157;48.873810776;2.3305625251;False;3120;[];[];68.31Z;2026-06-15T16:33:30.153615;70;CHAUDE;99500;19900
51955597300048;519555973;OIKO GESTION;;;68.31Z;IMMO_AGENCE;PRIVE;Agences immobilières;14 RUE BALLU 75009 PARIS;75009;PARIS;75;Île-de-France;11;21;21;50 à 99 salariés;99;N;PME;6;2018-09-11;7.808350444900753;48.88203302;2.3304778294;True;5710;[];[];68.31Z;2026-06-15T16:33:30.154613;70;CHAUDE;49500;9900
33211157400056;332111574;CUSHMAN & WAKEFIELD VALUATION FRANCE SA;;;68.31Z;IMMO_AGENCE;PRIVE;Agences immobilières;185-189 185 AVENUE CHARLES DE GAULLE 92200 NEUILLY-SUR-SEINE;92200;NEUILLY-SUR-SEINE;92;Île-de-France;11;22;22;100 à 199 salariés;199;N;ETI;5;2021-10-01;4.752908966461328;48.8839633912478;2.26187176545209;True;5599;[];[];68.31Z;2026-06-15T16:33:34.527153;70;CHAUDE;99500;19900
78959731700039;789597317;BUREAUX A PARTAGER;;;68.31Z;IMMO_AGENCE;PRIVE;Agences immobilières;10 RUE DE PENTHIEVRE 75008 PARIS;75008;PARIS;75;Île-de-France;11;21;21;50 à 99 salariés;99;O;GE;3;2024-05-22;2.113620807665982;48.8730555300768;2.31659272056949;True;5710;[];[];68.31Z;2026-06-15T16:33:58.461910;70;CHAUDE;49500;9900
49967764900034;499677649;FINANCIERE APSYS (APSYS);APSYS;;68.31Z;IMMO_AGENCE;PRIVE;Agences immobilières;28-32 28 AVENUE VICTOR HUGO 75016 PARIS;75016;PARIS;75;Île-de-France;11;22;22;100 à 199 salariés;199;O;ETI;3;2017-06-01;9.086926762491444;48.872027532;2.2901743797;True;5710;[];[];68.31Z;2026-06-15T16:34:19.760634;70;CHAUDE;99500;19900
80320454400024;803204544;FLAT GESTION;;;68.31Z;IMMO_AGENCE;PRIVE;Agences immobilières;9 RUE DE THANN 75017 PARIS;75017;PARIS;75;Île-de-France;11;21;21;50 à 99 salariés;99;O;PME;2;2018-06-22;8.030116358658454;48.881676225;2.3097896329;True;5710;[];[];68.31Z;2026-06-15T16:34:22.935264;70;CHAUDE;49500;9900
21940058700099;219400587;COMMUNE LE PERREUX SUR MARNE;ECOLE ELEMENTAIRE LES JONCS MARINS;;85.20Z;PUB_ECOLE;PUBLIC;Enseignement primaire;8 RUE JULES FERRY 94170 LE PERREUX-SUR-MARNE;94170;LE PERREUX-SUR-MARNE;94;Île-de-France;11;12;12;20 à 49 salariés;49;N;ETI;21;1983-12-21;42.53251197809719;48.851416896;2.5026298262;False;7210;[];"[""0941325E""]";84.11Z;2026-06-15T15:56:31.871390;70;CHAUDE;24500;4900
21940074400039;219400744;COMMUNE DE VALENTON;ECOLE ELEMENTAIRE HENRI WALLON;;85.20Z;PUB_ECOLE;PUBLIC;Enseignement primaire;6 ALLEE DARIUS MILHAUD 94460 VALENTON;94460;VALENTON;94;Île-de-France;11;12;12;20 à 49 salariés;49;N;ETI;21;1983-12-21;42.53251197809719;48.7491005222972;2.4607837408743;False;7210;[];"[""0941115B""]";84.11Z;2026-06-15T15:56:31.871390;70;CHAUDE;24500;4900
21940074400088;219400744;COMMUNE DE VALENTON;ECOLE ELEMENTAIRE PAUL ELUARD;;85.20Z;PUB_ECOLE;PUBLIC;Enseignement primaire;RUE GASTON MONMOUSSEAU 94460 VALENTON;94460;VALENTON;94;Île-de-France;11;12;12;20 à 49 salariés;49;N;ETI;21;1983-12-21;42.53251197809719;48.747219533;2.4714819596;False;7210;[];"[""0940631A""]";84.11Z;2026-06-15T15:56:31.871390;70;CHAUDE;24500;4900
21940074400104;219400744;COMMUNE DE VALENTON;ECOLE ELEMENTAIRE PAUL LANGEVIN;;85.20Z;PUB_ECOLE;PUBLIC;Enseignement primaire;2 RUE DU 8 MAI 1945 94460 VALENTON;94460;VALENTON;94;Île-de-France;11;12;12;20 à 49 salariés;49;N;ETI;21;1983-12-21;42.53251197809719;48.7428034436066;2.46986357449655;False;7210;[];"[""0940627W""]";84.11Z;2026-06-15T15:56:31.871390;70;CHAUDE;24500;4900
21940037100098;219400371;COMMUNE DE GENTILLY;ECOLE ELEMENTAIRE LAMARTINE;;85.20Z;PUB_ECOLE;PUBLIC;Enseignement primaire;24 RUE DES CHAMPS ELYSEES 94250 GENTILLY;94250;GENTILLY;94;Île-de-France;11;11;11;10 à 19 salariés;19;N;ETI;22;1983-12-21;42.53251197809719;48.815124353;2.3386229402;False;7210;[];"[""0941260J""]";84.11Z;2026-06-15T15:56:31.872391;70;CHAUDE;9500;1900
21940037100122;219400371;COMMUNE DE GENTILLY;ECOLE ELEMENTAIRE VICTOR HUGO;;85.20Z;PUB_ECOLE;PUBLIC;Enseignement primaire;ET 3 1 ALLEE DES PLATANES 94250 GENTILLY;94250;GENTILLY;94;Île-de-France;11;11;11;10 à 19 salariés;19;N;ETI;22;1983-12-21;42.53251197809719;48.8161525786359;2.35426288027815;False;7210;[];"[""0941700M""]";84.11Z;2026-06-15T15:56:31.872391;70;CHAUDE;9500;1900
21940037100148;219400371;COMMUNE DE GENTILLY;ECOLE ELEMENTAIRE HENRI BARBUSSE;;85.20Z;PUB_ECOLE;PUBLIC;Enseignement primaire;4 RUE DU DOCTEUR TENINE 94250 GENTILLY;94250;GENTILLY;94;Île-de-France;11;11;11;10 à 19 salariés;19;N;ETI;22;1983-12-21;42.53251197809719;48.81513601;2.3477522181;False;7210;[];"[""0941381R""]";84.11Z;2026-06-15T15:56:31.872391;70;CHAUDE;9500;1900
21940037100155;219400371;COMMUNE DE GENTILLY;ECOLE MATERNELLE PUBLIQUE HENRI BARBUSSE;;85.10Z;PUB_ECOLE;PUBLIC;Enseignement pré-primaire;6 RUE DU DOCTEUR TENINE 94250 GENTILLY;94250;GENTILLY;94;Île-de-France;11;11;11;10 à 19 salariés;19;N;ETI;22;1983-12-21;42.53251197809719;48.8153885795629;2.34739361488051;False;7210;[];"[""0940428E""]";84.11Z;2026-06-15T15:56:31.872391;70;CHAUDE;9500;1900
21940052000116;219400520;COMMUNE DE NOGENT SUR MARNE;BIBLIOTHEQUE MUNICIPALE;;91.01Z;PUB_MUSEE;PUBLIC;Gestion des bibliothèques;2 RUE GUY MOQUET 94130 NOGENT-SUR-MARNE;94130;NOGENT-SUR-MARNE;94;Île-de-France;11;41;41;500 à 999 salariés;999;N;ETI;22;1970-08-08;55.90143737166324;48.838333255;2.4849451867;False;7210;[];[];84.11Z;2026-06-15T15:56:31.872391;70;CHAUDE;649350;129870
21940073600100;219400736;COMMUNE DE THIAIS;ECOLE ELEMENTAIRE PUB R. SCHUMAN;;85.20Z;PUB_ECOLE;PUBLIC;Enseignement primaire;60 AV DU MAL DE LATTRE DE TASSIGNY 94320 THIAIS;94320;THIAIS;94;Île-de-France;11;12;12;20 à 49 salariés;49;N;ETI;19;1983-12-21;42.53251197809719;48.757685834;2.4041094854;False;7210;[];"[""0940769A""]";84.11Z;2026-06-15T15:56:31.872391;70;CHAUDE;24500;4900
51461930300050;514619303;LOUVRE BANQUE PRIVEE IMMOBILIER CONSEIL;;;68.31Z;IMMO_AGENCE;PRIVE;Agences immobilières;48 RUE DU LOUVRE 75001 PARIS;75001;PARIS;75;Île-de-France;11;21;21;50 à 99 salariés;99;N;GE;5;2022-02-14;4.380561259411362;48.864626502;2.3429442027;True;5710;[];[];68.31Z;2026-06-15T16:35:24.737383;70;CHAUDE;49500;9900
71203909800215;712039098;JONES LANG LASALLE SAS (JLL);;;68.31Z;IMMO_AGENCE;PRIVE;Agences immobilières;LA DEFENSE TOUR AURORE 18-19 PLACE DES REFLETS 92400 COURBEVOIE;92400;COURBEVOIE;92;Île-de-France;11;41;41;500 à 999 salariés;999;N;ETI;21;2025-02-15;1.377138945927447;48.889974307063;2.2472422692232;False;5710;[];[];68.31Z;2026-06-15T16:38:28.351772;70;CHAUDE;499500;99900
50146299800029;501462998;GALTIER VALUATION (G.V.);;G.V.;68.31Z;IMMO_AGENCE;PRIVE;Agences immobilières;9 PLACE MARIE - JEANNE BASSOT 92300 LEVALLOIS-PERRET;92300;LEVALLOIS-PERRET;92;Île-de-France;11;21;21;50 à 99 salariés;99;N;ETI;2;2024-05-07;2.154688569472964;48.8974084018693;2.28258887909315;True;5710;[];[];68.31Z;2026-06-15T16:39:32.111222;70;CHAUDE;49500;9900
82224959500056;822249595;MANDA (EX-FLATLOOKER);;;68.31Z;IMMO_AGENCE;PRIVE;Agences immobilières;30 TERRASSE BELLINI 92800 PUTEAUX;92800;PUTEAUX;92;Île-de-France;11;21;21;50 à 99 salariés;99;N;PME;4;2025-12-05;0.5749486652977412;48.8871682651811;2.25009044887764;True;5710;[];[];68.31Z;2026-06-15T16:39:43.861660;70;CHAUDE;49500;9900
80372469900043;803724699;THE BOOST SOCIETY;;;68.31Z;IMMO_AGENCE;PRIVE;Agences immobilières;38 RUE JACQUES IBERT 92300 LEVALLOIS-PERRET;92300;LEVALLOIS-PERRET;92;Île-de-France;11;22;22;100 à 199 salariés;199;O;GE;4;2020-07-15;5.965776865160849;48.887598545912;2.28741193578024;True;5710;[];[];68.31Z;2026-06-15T16:39:46.015299;70;CHAUDE;99500;19900
79343595900085;793435959;DG INVENTAIRES & CO;;;82.11Z;PRIV_BUREAU;PRIVE;Services administratifs combinés;8 RUE DES PIROGUES DE BERCY 75012 PARIS;75012;PARIS;75;Île-de-France;11;32;32;250 à 499 salariés;499;N;PME;14;2018-06-01;8.087611225188228;48.831727825;2.3858023184;False;5710;[];[];82.11Z;2026-06-15T16:42:16.755150;70;CHAUDE;299400;59880
45133946900152;451339469;INSITU BUSINESS CENTRE;WORK PALACE BY INSITU;;82.11Z;PRIV_BUREAU;PRIVE;Services administratifs combinés;288 BOULEVARD SAINT-GERMAIN 75007 PARIS;75007;PARIS;75;Île-de-France;11;12;12;20 à 49 salariés;49;O;PME;15;2026-05-01;0.1724845995893223;48.8620492025107;2.32004256623711;False;5499;[];[];82.11Z;2026-06-15T16:42:16.755150;70;CHAUDE;29400;5880
91519353600090;915193536;GIE PICHET FONCTIONS SUPPORT;;;82.11Z;PRIV_BUREAU;PRIVE;Services administratifs combinés;7-15 RUE GERDA TARO 75013 PARIS;75013;PARIS;75;Île-de-France;11;31;31;200 à 249 salariés;249;O;ETI;10;2025-02-01;1.4154688569472964;48.8167388106807;2.35824118828205;False;6220;[];[];82.11Z;2026-06-15T16:42:17.164780;70;CHAUDE;149400;29880
85222359300041;852223593;BE YS SHARED SERVICES;;;82.11Z;PRIV_BUREAU;PRIVE;Services administratifs combinés;43-47 43 AVENUE DE LA GRANDE ARMEE 75016 PARIS;75016;PARIS;75;Île-de-France;11;12;12;20 à 49 salariés;49;N;PME;4;2022-09-01;3.8357289527720737;48.875264163;2.2886566751;False;6210;[];[];82.11Z;2026-06-15T16:42:17.165780;70;CHAUDE;29400;5880
38758511000027;387585110;INVESTISSEMENTS ET PARTICIPATIONS (GO & LIVE);GO & LIVE;;82.11Z;PRIV_BUREAU;PRIVE;Services administratifs combinés;33 AVENUE D'ITALIE 75013 PARIS;75013;PARIS;75;Île-de-France;11;21;21;50 à 99 salariés;99;N;ETI;4;2009-11-10;16.643394934976044;48.827787615;2.3570583462;True;5710;[];[];82.11Z;2026-06-15T16:42:17.165780;70;CHAUDE;59400;11880
82030194300081;820301943;ADOVA GROUP;;;82.11Z;PRIV_BUREAU;PRIVE;Services administratifs combinés;BATIMENT 106 30 RUE PROUDHON 93210 SAINT-DENIS;93210;SAINT-DENIS;93;Île-de-France;11;21;21;50 à 99 salariés;99;N;ETI;8;2025-02-01;1.4154688569472964;48.9059732102375;2.36276586714503;True;5710;[];[];82.11Z;2026-06-15T16:42:19.108445;70;CHAUDE;59400;11880
83127179600052;831271796;MONEYGRAM INTERNATIONAL;MONEYGRAM INTERNATIONAL SA, SUCCURSALE FRANCAISE;;82.11Z;PRIV_BUREAU;PRIVE;Services administratifs combinés;32 RUE DE TREVISE 75009 PARIS;75009;PARIS;75;Île-de-France;11;12;12;20 à 49 salariés;49;O;PME;5;2026-01-01;0.5010266940451745;48.8748975439369;2.34608559119216;False;3120;[];[];82.11Z;2026-06-15T16:42:19.412629;70;CHAUDE;29400;5880
91342003000029;913420030;GIE ONE;;;82.11Z;PRIV_BUREAU;PRIVE;Services administratifs combinés;25 RUE DE PONTHIEU 75008 PARIS;75008;PARIS;75;Île-de-France;11;12;12;20 à 49 salariés;49;N;PME;3;2024-04-17;2.209445585215606;48.8707591910085;2.30901814947619;True;6220;[];[];82.11Z;2026-06-15T16:42:19.412629;70;CHAUDE;29400;5880
91049999500025;910499995;MELIA;;;82.11Z;PRIV_BUREAU;PRIVE;Services administratifs combinés;61-69-IMMEUBLE BLOOM 61 RUE DE BERCY 75012 PARIS;75012;PARIS;75;Île-de-France;11;21;21;50 à 99 salariés;99;O;GE;2;2023-04-01;3.2553045859000687;48.838010998;2.3818090828;False;5710;[];[];82.11Z;2026-06-15T16:42:20.962227;70;CHAUDE;59400;11880
88878930200021;888789302;GIE ADMINISTRATIF JEGARD CREATIS;;;82.11Z;PRIV_BUREAU;PRIVE;Services administratifs combinés;71 AVENUE VICTOR HUGO 75016 PARIS;75016;PARIS;75;Île-de-France;11;12;12;20 à 49 salariés;49;N;PME;2;2020-07-15;5.965776865160849;48.8703693122007;2.28731277722715;False;6220;[];[];82.11Z;2026-06-15T16:42:20.962227;70;CHAUDE;29400;5880
92242113600024;922421136;GCC SERVICES;;;82.11Z;PRIV_BUREAU;PRIVE;Services administratifs combinés;IMMEUBLE LE WILSON 44 AVENUE GEORGES POMPIDOU 92300 LEVALLOIS-PERRET;92300;LEVALLOIS-PERRET;92;Île-de-France;11;12;12;20 à 49 salariés;49;O;ETI;3;2023-01-25;3.436002737850787;48.8990129254479;2.28321128202845;True;5710;[];[];82.11Z;2026-06-15T16:42:21.278583;70;CHAUDE;29400;5880
95241832500025;952418325;MISTRAL AI;;;82.11Z;PRIV_BUREAU;PRIVE;Services administratifs combinés;15 RUE DES HALLES 75001 PARIS;75001;PARIS;75;Île-de-France;11;12;12;20 à 49 salariés;49;N;PME;3;2023-12-11;2.5598904859685145;48.860171758;2.3461942259;True;5710;[];[];82.11Z;2026-06-15T16:42:21.279583;70;CHAUDE;29400;5880
48504909200052;485049092;GROUPE INDIGO;;;82.11Z;PRIV_BUREAU;PRIVE;Services administratifs combinés;2 RUE KLEBER 92300 LEVALLOIS-PERRET;92300;LEVALLOIS-PERRET;92;Île-de-France;11;12;12;20 à 49 salariés;49;N;ETI;5;2024-08-23;1.8590006844626967;48.8919157857918;2.27832729556335;True;5710;[];[];82.11Z;2026-06-15T16:42:22.082219;70;CHAUDE;29400;5880
90774535000021;907745350;EGG;;;82.11Z;PRIV_BUREAU;PRIVE;Services administratifs combinés;55 AVENUE VICTOR HUGO 75016 PARIS;75016;PARIS;75;Île-de-France;11;12;12;20 à 49 salariés;49;O;PME;2;2025-12-01;0.5859000684462696;48.8709504504774;2.28870052091994;True;5710;[];[];82.11Z;2026-06-15T16:42:31.804867;70;CHAUDE;29400;5880
50863832700041;508638327;ARMADA;;;82.11Z;PRIV_BUREAU;PRIVE;Services administratifs combinés;6ZAC L PASTEUR LOT400 BATB LE NOBEL 2 RUE MARCEL MONGE 92150 SURESNES;92150;SURESNES;92;Île-de-France;11;21;21;50 à 99 salariés;99;O;ETI;4;2017-02-20;9.363449691991786;48.8616832945907;2.22413226015778;True;5710;[];[];82.11Z;2026-06-15T16:42:32.624287;70;CHAUDE;59400;11880
80903998500035;809039985;KWERK (KWERK);KWERK;;82.11Z;PRIV_BUREAU;PRIVE;Services administratifs combinés;16 AVENUE DE MESSINE 75008 PARIS;75008;PARIS;75;Île-de-France;11;12;12;20 à 49 salariés;49;N;ETI;3;2025-06-30;1.0075290896646132;48.8763323189254;2.31400603200932;True;5710;[];[];82.11Z;2026-06-15T16:45:53.825673;70;CHAUDE;29400;5880
16002205900093;160022059;DIRECTION NATIONALE D'INTERVENTIONS DOMANIALES (DNID);COMMISSARIAT AUX VENTES SAINT-MAURICE;DNID;84.11Z;PUB_MAIRIE;PUBLIC;Administration publique générale;LES ELLIPSES 3 AVENUE DU CHEMIN DE PRESLES 94410 SAINT-MAURICE;94410;SAINT-MAURICE;94;Île-de-France;11;12;12;20 à 49 salariés;49;N;ETI;35;1986-09-04;39.82751540041068;48.816548477;2.461961743;False;7160;[];[];84.11Z;2026-06-15T15:56:31.870390;70;CHAUDE;26950;5390
21940003300060;219400033;COMMUNE D ARCUEIL;ECOLE ELEMENTAIRE HENRI BARBUSSE;;85.20Z;PUB_ECOLE;PUBLIC;Enseignement primaire;10 RUE HENRI BARBUSSE 94110 ARCUEIL;94110;ARCUEIL;94;Île-de-France;11;11;11;10 à 19 salariés;19;N;ETI;26;1983-12-21;42.53251197809719;48.807583418;2.3367219767;False;7210;[];"[""0941246U""]";84.11Z;2026-06-15T15:56:31.871390;70;CHAUDE;9500;1900
21940003300078;219400033;COMMUNE D ARCUEIL;ECOLE ELEMENTAIRE OLYMPE DE GOUGES;;85.20Z;PUB_ECOLE;PUBLIC;Enseignement primaire;56 AVENUE VLADIMIR ILITCH LENINE 94110 ARCUEIL;94110;ARCUEIL;94;Île-de-France;11;11;11;10 à 19 salariés;19;N;ETI;26;1983-12-21;42.53251197809719;48.8115360943059;2.33096594631966;False;7210;[];"[""0940242C""]";84.11Z;2026-06-15T15:56:31.871390;70;CHAUDE;9500;1900
21940003300110;219400033;COMMUNE D ARCUEIL;ECOLE ELEMENTAIRE AIME CESAIRE;;85.20Z;PUB_ECOLE;PUBLIC;Enseignement primaire;45 RUE DU GENERAL DE GAULLE 94110 ARCUEIL;94110;ARCUEIL;94;Île-de-France;11;11;11;10 à 19 salariés;19;N;ETI;26;1983-12-21;42.53251197809719;48.8072070910379;2.32805391160184;False;7210;[];"[""0940212V""]";84.11Z;2026-06-15T15:56:31.871390;70;CHAUDE;9500;1900
21940003300128;219400033;COMMUNE D ARCUEIL;ECOLE ELEMENTAIRE PUB JEAN MACE;;85.20Z;PUB_ECOLE;PUBLIC;Enseignement primaire;12 RUE FERNAND FOREST 94110 ARCUEIL;94110;ARCUEIL;94;Île-de-France;11;11;11;10 à 19 salariés;19;N;ETI;26;1983-12-21;42.53251197809719;48.799566225;2.3377303683;False;7210;[];"[""0941316V""]";84.11Z;2026-06-15T15:56:31.871390;70;CHAUDE;9500;1900
17770232100213;177702321;DIRECTION REGIONALE DES DOUANES PARIS-EST (DRD);RECETTE PRINCIPALE DE RUNGIS GR-CRD;DRD;84.11Z;PUB_MAIRIE;PUBLIC;Administration publique générale;GARE ROUTIERE SOGARIS 94150 RUNGIS;94150;RUNGIS;94;Île-de-France;11;12;12;20 à 49 salariés;49;N;PME;26;1994-01-01;32.50102669404517;48.751428596;2.3676271139;False;7172;[];[];84.11Z;2026-06-15T15:56:31.871390;70;CHAUDE;26950;5390
21940042100075;219400421;COMMUNE DE JOINVILLE LE PONT;ECOLE ELEMENTAIRE POLANGIS;;85.20Z;PUB_ECOLE;PUBLIC;Enseignement primaire;56 AVENUE OUDINOT 94340 JOINVILLE-LE-PONT;94340;JOINVILLE-LE-PONT;94;Île-de-France;11;12;12;20 à 49 salariés;49;N;ETI;22;1983-12-21;42.53251197809719;48.821714826;2.4762218707;False;7210;[];"[""0940348T""]";84.11Z;2026-06-15T15:56:31.871390;70;CHAUDE;24500;4900
21940042100109;219400421;COMMUNE DE JOINVILLE LE PONT;BIBLIOTHEQUE MUNICIPALE;;91.01Z;PUB_MUSEE;PUBLIC;Gestion des bibliothèques;26 RUE DE PARIS 94340 JOINVILLE-LE-PONT;94340;JOINVILLE-LE-PONT;94;Île-de-France;11;41;41;500 à 999 salariés;999;N;ETI;22;1970-08-08;55.90143737166324;48.818120115;2.4661515161;False;7210;[];[];84.11Z;2026-06-15T15:56:31.871390;70;CHAUDE;649350;129870
21940044700039;219400447;COMMUNE LIMEIL BREVANNES;ECOLE ELEMENTAIRE PUB P. PICASSO;;85.20Z;PUB_ECOLE;PUBLIC;Enseignement primaire;5 AVENUE DE VALENTON 94450 LIMEIL-BREVANNES;94450;LIMEIL-BREVANNES;94;Île-de-France;11;12;12;20 à 49 salariés;49;N;ETI;23;1983-12-21;42.53251197809719;48.742397908;2.4897466685;False;7210;[];"[""0941337T""]";84.11Z;2026-06-15T15:56:31.871390;70;CHAUDE;24500;4900
21940044700104;219400447;COMMUNE LIMEIL BREVANNES;ECOLE ELEMENTAIRE MARTINE SOULIE;;85.20Z;PUB_ECOLE;PUBLIC;Enseignement primaire;2 RUE JULIE-VICTOIRE DAUBIE 94450 LIMEIL-BREVANNES;94450;LIMEIL-BREVANNES;94;Île-de-France;11;12;12;20 à 49 salariés;49;N;ETI;23;1983-12-21;42.53251197809719;48.7479104904642;2.4800489005853;False;7210;[];"[""0940673W""]";84.11Z;2026-06-15T15:56:31.871390;70;CHAUDE;24500;4900
21940058700040;219400587;COMMUNE LE PERREUX SUR MARNE;EC ELEMENTAIRE PUB P. BROSSOLETTE;;85.20Z;PUB_ECOLE;PUBLIC;Enseignement primaire;154 B AVENUE PIERRE BROSSOLETTE 94170 LE PERREUX-SUR-MARNE;94170;LE PERREUX-SUR-MARNE;94;Île-de-France;11;12;12;20 à 49 salariés;49;N;ETI;21;1983-12-21;42.53251197809719;48.833662582;2.5080509417;False;7210;[];"[""0940568G""]";84.11Z;2026-06-15T15:56:31.871390;70;CHAUDE;24500;4900
81523391100040;815233911;HEALTHY GROUP;;;82.11Z;PRIV_BUREAU;PRIVE;Services administratifs combinés;32 AVENUE PIERRE GRENIER 92100 BOULOGNE-BILLANCOURT;92100;BOULOGNE-BILLANCOURT;92;Île-de-France;11;21;21;50 à 99 salariés;99;O;ETI;4;2023-06-01;3.0882956878850103;48.8281582701603;2.25105509379492;True;5710;[];[];82.11Z;2026-06-15T16:45:53.826675;70;CHAUDE;59400;11880
79520552500020;795205525;ALTER DOMUS FUND SERVICES FRANCE;;;82.11Z;PRIV_BUREAU;PRIVE;Services administratifs combinés;37 AVENUE PIERRE IER DE SERBIE 75008 PARIS;75008;PARIS;75;Île-de-France;11;12;12;20 à 49 salariés;49;O;PME;2;2017-06-22;9.02943189596167;48.868083875;2.2998968991;True;5710;[];[];82.11Z;2026-06-15T16:45:55.211321;70;CHAUDE;29400;5880
94787993800027;947879938;GROUPE COURS LEGENDRE;;;82.11Z;PRIV_BUREAU;PRIVE;Services administratifs combinés;1 RUE DE STOCKHOLM 75008 PARIS;75008;PARIS;75;Île-de-France;11;12;12;20 à 49 salariés;49;N;PME;2;2023-02-27;3.345653661875428;48.877091662;2.3227461143;True;5710;[];[];82.11Z;2026-06-15T16:45:59.314085;70;CHAUDE;29400;5880
50419441600054;504194416;ALZANE (GROUPE CF ACCUEIL ET SERVICES);GROUPE CF ACCUEIL ET SERVICES;;82.11Z;PRIV_BUREAU;PRIVE;Services administratifs combinés;134 AVENUE GAMBETTA 75020 PARIS;75020;PARIS;75;Île-de-France;11;21;21;50 à 99 salariés;99;N;ETI;5;2021-06-15;5.048596851471594;48.873289237;2.4051687864;True;5499;[];[];82.11Z;2026-06-15T16:46:09.751147;70;CHAUDE;59400;11880
39488599000025;394885990;INTUIS SERVICES;;;82.11Z;PRIV_BUREAU;PRIVE;Services administratifs combinés;28 RUE DE VERDUN 92150 SURESNES;92150;SURESNES;92;Île-de-France;11;21;21;50 à 99 salariés;99;N;ETI;2;2023-05-01;3.1731690622861053;48.8718397972204;2.22865235433346;True;5710;[];[];82.11Z;2026-06-15T16:46:10.439292;70;CHAUDE;59400;11880
38930936000060;389309360;JEMS (ELMARK);ELMARK;;82.11Z;PRIV_BUREAU;PRIVE;Services administratifs combinés;9 PLACE MARIE - JEANNE BASSOT 92300 LEVALLOIS-PERRET;92300;LEVALLOIS-PERRET;92;Île-de-France;11;12;12;20 à 49 salariés;49;O;ETI;6;2023-12-12;2.5571526351813825;48.8974084018693;2.28258887909315;True;5710;[];[];82.11Z;2026-06-15T16:46:10.439292;70;CHAUDE;29400;5880
53467604400041;534676044;FINESCA (ALC);ALC;;82.11Z;PRIV_BUREAU;PRIVE;Services administratifs combinés;6 RUE DU GENERAL AUDRAN 92400 COURBEVOIE;92400;COURBEVOIE;92;Île-de-France;11;12;12;20 à 49 salariés;49;N;ETI;4;2023-12-20;2.535249828884326;48.8899461392432;2.2549610424377;True;5710;[];[];82.11Z;2026-06-15T16:46:11.154915;70;CHAUDE;29400;5880
34927921600072;349279216;UBIQUS (HORS LIGNE, UBIQUS REPORTING, UBIQUS NEWS, UBIQUS CONTENT);HORS LIGNE, UBIQUS REPORTING, UBIQUS NEWS, UBIQUS CONTENT;;82.11Z;PRIV_BUREAU;PRIVE;Services administratifs combinés;11 RUE LAZARE HOCHE 92100 BOULOGNE-BILLANCOURT;92100;BOULOGNE-BILLANCOURT;92;Île-de-France;11;22;22;100 à 199 salariés;199;O;ETI;6;2023-11-01;2.6694045174537986;48.840664749611;2.24504296649771;True;5710;[];[];82.11Z;2026-06-15T16:46:14.432875;70;CHAUDE;119400;23880
87980485400021;879804854;REGARD;AU PERE TRANQUILLE;;82.11Z;PRIV_BUREAU;PRIVE;Services administratifs combinés;206 RUE DE LA CONVENTION 75015 PARIS;75015;PARIS;75;Île-de-France;11;12;12;20 à 49 salariés;49;N;PME;2;2025-03-04;1.3305954825462012;48.8368150550686;2.29703348991206;True;5499;[];[];82.11Z;2026-06-15T16:46:17.457340;70;CHAUDE;29400;5880
88046768300020;880467683;SNAP EUROPE SAS;;;82.11Z;PRIV_BUREAU;PRIVE;Services administratifs combinés;18 RUE D'AGUESSEAU 75008 PARIS;75008;PARIS;75;Île-de-France;11;12;12;20 à 49 salariés;49;N;PME;2;2025-05-15;1.13347022587269;48.8706318032992;2.3197504042064;True;5710;[];[];82.11Z;2026-06-15T16:46:17.457340;70;CHAUDE;29400;5880
79165385000044;791653850;MIPISE HOLDING;;;82.11Z;PRIV_BUREAU;PRIVE;Services administratifs combinés;48 RUE DE PARADIS 75010 PARIS;75010;PARIS;75;Île-de-France;11;12;12;20 à 49 salariés;49;O;PME;4;2023-12-14;2.5516769336071183;48.875588177;2.3497070492;True;5710;[];[];82.11Z;2026-06-15T16:46:19.140916;70;CHAUDE;29400;5880
82307092500032;823070925;LUHA (IEX.EC);IEX.EC;;82.11Z;PRIV_BUREAU;PRIVE;Services administratifs combinés;36 BOULEVARD DE LA BASTILLE 75012 PARIS;75012;PARIS;75;Île-de-France;11;21;21;50 à 99 salariés;99;N;PME;3;2024-12-04;1.5770020533880904;48.8503959630483;2.36890428617779;True;5710;[];[];82.11Z;2026-06-15T16:46:20.850711;70;CHAUDE;59400;11880
87826037100025;878260371;VCSP BATIMENT FRANCE;;;82.11Z;PRIV_BUREAU;PRIVE;Services administratifs combinés;L'ARCHIPEL 1973 BOULEVARD DE LA DEFENSE 92000 NANTERRE;92000;NANTERRE;92;Île-de-France;11;42;42;1000 à 1999 salariés;1999;O;GE;26;2021-11-15;4.629705681040384;48.8971494011327;2.22653088089135;True;5710;[];[];82.11Z;2026-06-15T16:46:57.746311;70;CHAUDE;1199400;239880
84464195100018;844641951;M SERVICES;;;82.11Z;PRIV_BUREAU;PRIVE;Services administratifs combinés;117 RUE CHARLES MICHELS 93200 SAINT-DENIS;93200;SAINT-DENIS;93;Île-de-France;11;21;21;50 à 99 salariés;99;O;GE;4;2018-12-11;7.559206023271732;48.92838691;2.3423228466;True;5710;[];[];82.11Z;2026-06-15T16:46:57.746311;70;CHAUDE;59400;11880
97220001812252;972200018;FIDUCIAL CONSULTING (FIDUCIAL CONSULTING) (FIDINFOR);;FIDINFOR;82.11Z;PRIV_BUREAU;PRIVE;Services administratifs combinés;1 PLACE DES DEGRES 92800 PUTEAUX;92800;PUTEAUX;92;Île-de-France;11;42;42;1000 à 1999 salariés;1999;N;GE;1186;2024-11-18;1.620807665982204;48.8895412198599;2.23636788032389;False;5710;[];[];82.11Z;2026-06-15T16:47:35.025883;70;CHAUDE;1199400;239880
13000495500329;130004955;DIRECTION GENERALE DES FINANCES PUBLIQUES (DGFIP);SCE CONTROLE BUDG MIN ECONOMIE ET FINANCES;DGFIP;84.11Z;PUB_MAIRIE;PUBLIC;Administration publique générale;139 RUE DE BERCY 75012 PARIS;75012;PARIS;75;Île-de-France;11;11;11;10 à 19 salariés;19;N;ETI;83;2010-09-01;15.835728952772074;48.840945686;2.3780054136;False;7120;[];[];84.11Z;2026-06-15T15:56:04.039427;70;CHAUDE;10450;2090
87826037100132;878260371;VCSP BATIMENT FRANCE;;;82.11Z;PRIV_BUREAU;PRIVE;Services administratifs combinés;83-85 83 RUE HENRI BARBUSSE 92000 NANTERRE;92000;NANTERRE;92;Île-de-France;11;22;22;100 à 199 salariés;199;O;GE;26;2022-11-09;3.646817248459959;48.8921170782542;2.18839984643076;False;5710;[];[];82.11Z;2026-06-15T16:47:35.025883;70;CHAUDE;119400;23880
87826037100264;878260371;VCSP BATIMENT FRANCE;;;82.11Z;PRIV_BUREAU;PRIVE;Services administratifs combinés;46 PLACE ABEL GANCE 92100 BOULOGNE-BILLANCOURT;92100;BOULOGNE-BILLANCOURT;92;Île-de-France;11;42;42;1000 à 1999 salariés;1999;N;GE;26;2026-04-23;0.1943874058863792;48.8339828295681;2.25771761862366;False;5710;[];[];82.11Z;2026-06-15T16:47:35.025883;70;CHAUDE;1199400;239880
87826105600021;878261056;VCSP GENIE CIVIL FRANCE;;;82.11Z;PRIV_BUREAU;PRIVE;Services administratifs combinés;L'ARCHIPEL 1973 BOULEVARD DE LA DEFENSE 92000 NANTERRE;92000;NANTERRE;92;Île-de-France;11;32;32;250 à 499 salariés;499;N;GE;9;2021-11-15;4.629705681040384;48.8971494011327;2.22653088089135;True;5710;[];[];82.11Z;2026-06-15T16:47:35.026882;70;CHAUDE;299400;59880
82384078000097;823840780;TIVOLI CAPITAL WL;;;82.11Z;PRIV_BUREAU;PRIVE;Services administratifs combinés;L'USINERIE 24-26 RUE VILLENEUVE 92110 CLICHY;92110;CLICHY;92;Île-de-France;11;12;12;20 à 49 salariés;49;O;PME;9;2025-04-23;1.1937029431895962;48.9042054260686;2.30748623813403;False;5710;[];[];82.11Z;2026-06-15T16:47:35.026882;70;CHAUDE;29400;5880
21940016500052;219400165;COMMUNE DE CACHAN;EC ELEMENTAIRE PUB BELLE IMAGE;;85.20Z;PUB_ECOLE;PUBLIC;Enseignement primaire;19 RUE AMEDEE PICARD 94230 CACHAN;94230;CACHAN;94;Île-de-France;11;11;11;10 à 19 salariés;19;N;ETI;27;1983-12-21;42.53251197809719;48.792621154;2.3309349005;False;7210;[];"[""0940244E""]";84.11Z;2026-06-15T15:56:31.870390;70;CHAUDE;9500;1900
21940016500078;219400165;COMMUNE DE CACHAN;ECOLE MATERNELLE PUBLIQUE LA PLAINE;;85.10Z;PUB_ECOLE;PUBLIC;Enseignement pré-primaire;11 RUE FRANCOIS RUDE 94230 CACHAN;94230;CACHAN;94;Île-de-France;11;11;11;10 à 19 salariés;19;N;ETI;27;1983-12-21;42.53251197809719;48.7870940830693;2.33347110128434;False;7210;[];"[""0940556U""]";84.11Z;2026-06-15T15:56:31.870390;70;CHAUDE;9500;1900
21940016500086;219400165;COMMUNE DE CACHAN;ECOLE ELEMENTAIRE LA PLAINE;;85.20Z;PUB_ECOLE;PUBLIC;Enseignement primaire;15 RUE FRANCOIS RUDE 94230 CACHAN;94230;CACHAN;94;Île-de-France;11;11;11;10 à 19 salariés;19;N;ETI;27;1983-12-21;42.53251197809719;48.786370752;2.3329505335;False;7210;[];"[""0940555T""]";84.11Z;2026-06-15T15:56:31.870390;70;CHAUDE;9500;1900
21940016500094;219400165;COMMUNE DE CACHAN;ECOLE MATERNELLE PUBLIQUE DU COTEAU;;85.10Z;PUB_ECOLE;PUBLIC;Enseignement pré-primaire;36 RUE DES VIGNES 94230 CACHAN;94230;CACHAN;94;Île-de-France;11;11;11;10 à 19 salariés;19;N;ETI;27;1983-12-21;42.53251197809719;48.792042018;2.339681534;False;7210;[];"[""0940515Z""]";84.11Z;2026-06-15T15:56:31.870390;70;CHAUDE;9500;1900
21940016500102;219400165;COMMUNE DE CACHAN;ECOLE ELEMENTAIRE PUB COTEAU;;85.20Z;PUB_ECOLE;PUBLIC;Enseignement primaire;36 RUE DES VIGNES 94230 CACHAN;94230;CACHAN;94;Île-de-France;11;11;11;10 à 19 salariés;19;N;ETI;27;1983-12-21;42.53251197809719;48.792042018;2.339681534;False;7210;[];"[""0941130T""]";84.11Z;2026-06-15T15:56:31.870390;70;CHAUDE;9500;1900
21940016500110;219400165;COMMUNE DE CACHAN;ECOLE ELEMENTAIRE PUB PAUL DOUMER;;85.20Z;PUB_ECOLE;PUBLIC;Enseignement primaire;80 AVENUE DU PRESIDENT WILSON 94230 CACHAN;94230;CACHAN;94;Île-de-France;11;11;11;10 à 19 salariés;19;N;ETI;27;1983-12-21;42.53251197809719;48.7876837390873;2.32300835469196;False;7210;[];"[""0941129S""]";84.11Z;2026-06-15T15:56:31.870390;70;CHAUDE;9500;1900
21940022300075;219400223;COMMUNE DE CHOISY LE ROI;ECOLE ELEMENTAIRE CENTRE;;85.20Z;PUB_ECOLE;PUBLIC;Enseignement primaire;19 RUE AUGUSTE BLANQUI 94600 CHOISY-LE-ROI;94600;CHOISY-LE-ROI;94;Île-de-France;11;12;12;20 à 49 salariés;49;N;ETI;36;1983-12-21;42.53251197809719;48.767999439;2.40409787;False;7210;[];"[""0940294J""]";84.11Z;2026-06-15T15:56:31.870390;70;CHAUDE;24500;4900
21940022300091;219400223;COMMUNE DE CHOISY LE ROI;ECOLE ELEMENTAIRE PUBLIQUE LE PARC;;85.20Z;PUB_ECOLE;PUBLIC;Enseignement primaire;23 RUE PAUL CARLE 94600 CHOISY-LE-ROI;94600;CHOISY-LE-ROI;94;Île-de-France;11;12;12;20 à 49 salariés;49;N;ETI;36;1983-12-21;42.53251197809719;48.759739045;2.4096525133;False;7210;[];"[""0940152E""]";84.11Z;2026-06-15T15:56:31.870390;70;CHAUDE;24500;4900
21940038900074;219400389;COMMUNE DE L HAY LES ROSES;ECOLE MATERNELLE JARDIN PARISIEN;;85.10Z;PUB_ECOLE;PUBLIC;Enseignement pré-primaire;26 RUE JULES FERRY 94240 L'HAY-LES-ROSES;94240;L'HAY-LES-ROSES;94;Île-de-France;11;12;12;20 à 49 salariés;49;N;ETI;32;1983-12-21;42.53251197809719;48.77697267;2.3494520664;False;7210;[];"[""0940209S"", ""0940321N"", ""0940461R""]";84.11Z;2026-06-15T15:56:31.870390;70;CHAUDE;24500;4900
21940038900132;219400389;COMMUNE DE L HAY LES ROSES;ECOLE ELEMENTAIRE CENTRE;;85.20Z;PUB_ECOLE;PUBLIC;Enseignement primaire;15 RUE DES JARDINS 94240 L'HAY-LES-ROSES;94240;L'HAY-LES-ROSES;94;Île-de-France;11;12;12;20 à 49 salariés;49;N;ETI;32;1983-12-21;42.53251197809719;48.779927995;2.3378820234;False;7210;[];"[""0940309A""]";84.11Z;2026-06-15T15:56:31.870390;70;CHAUDE;24500;4900
16002205900077;160022059;DIRECTION NATIONALE D'INTERVENTIONS DOMANIALES (DNID);PILOTAGE ET ANIMATION;DNID;84.11Z;PUB_MAIRIE;PUBLIC;Administration publique générale;LES ELLIPSES 3 AVENUE DU CHEMIN DE PRESLES 94410 SAINT-MAURICE;94410;SAINT-MAURICE;94;Île-de-France;11;12;12;20 à 49 salariés;49;N;ETI;35;1983-04-01;43.25530458590007;48.816548477;2.461961743;False;7160;[];[];84.11Z;2026-06-15T15:56:31.870390;70;CHAUDE;26950;5390
89079390400065;890793904;ENGIE GBS SOLUTIONS;;;82.11Z;PRIV_BUREAU;PRIVE;Services administratifs combinés;67 RUE JULES FERRY 92250 LA GARENNE-COLOMBES;92250;LA GARENNE-COLOMBES;92;Île-de-France;11;32;32;250 à 499 salariés;499;N;GE;6;2025-11-01;0.6680355920602327;48.9030957281366;2.23450475474252;True;5710;[];[];82.11Z;2026-06-15T16:47:35.027883;70;CHAUDE;299400;59880
89079390400016;890793904;ENGIE GBS SOLUTIONS;;;82.11Z;PRIV_BUREAU;PRIVE;Services administratifs combinés;1 PLACE SAMUEL DE CHAMPLAIN 92400 COURBEVOIE;92400;COURBEVOIE;92;Île-de-France;11;32;32;250 à 499 salariés;499;O;GE;6;2020-10-15;5.713894592744696;48.8955877090007;2.23966098422273;False;5710;[];[];82.11Z;2026-06-15T16:47:35.027883;70;CHAUDE;299400;59880
78927010500032;789270105;LA MAISON BLEUE - SERVICES;;;82.11Z;PRIV_BUREAU;PRIVE;Services administratifs combinés;148-152 148 ROUTE DE LA REINE 92100 BOULOGNE-BILLANCOURT;92100;BOULOGNE-BILLANCOURT;92;Île-de-France;11;22;22;100 à 199 salariés;199;N;ETI;3;2017-07-25;8.93908281998631;48.840646976;2.2306919502;True;5499;[];[];82.11Z;2026-06-15T16:47:35.942770;70;CHAUDE;119400;23880
91342003000037;913420030;GIE ONE;;;82.11Z;PRIV_BUREAU;PRIVE;Services administratifs combinés;9 ESPLANADE DU GENERAL DE GAULLE 92800 PUTEAUX;92800;PUTEAUX;92;Île-de-France;11;12;12;20 à 49 salariés;49;N;PME;3;2024-01-01;2.5023956194387407;48.8901275068112;2.24301219615517;False;6220;[];[];82.11Z;2026-06-15T16:47:35.942770;70;CHAUDE;29400;5880
83924052000032;839240520;AMERICAN EXPRESS PAYMENTS EUROPE S.L.;;;82.11Z;PRIV_BUREAU;PRIVE;Services administratifs combinés;8-10 RUE HENRI SAINTE-CLAIRE DEVILLE 92500 RUEIL-MALMAISON;92500;RUEIL-MALMAISON;92;Île-de-France;11;21;21;50 à 99 salariés;99;O;ETI;3;2020-11-01;5.66735112936345;48.892133004;2.1742467974;False;3120;[];[];82.11Z;2026-06-15T16:47:35.943771;70;CHAUDE;59400;11880
84472785900051;844727859;GXO LOGISTICS SERVICES FRANCE;;;82.11Z;PRIV_BUREAU;PRIVE;Services administratifs combinés;191-195 AVENUE CHARLES DE GAULLE 92200 NEUILLY-SUR-SEINE;92200;NEUILLY-SUR-SEINE;92;Île-de-France;11;12;12;20 à 49 salariés;49;N;GE;5;2024-07-01;2.004106776180698;48.8841400422901;2.2613502162358;False;5710;[];[];82.11Z;2026-06-15T16:47:36.230961;70;CHAUDE;29400;5880
51837747800053;518377478;WESTERN UNION PAYMENT SERVICES IRELAND LIMITED;WESTERN UNION PAYMENT SERVICES IRELAND LIMITED OFFICE FRANCE;;82.11Z;PRIV_BUREAU;PRIVE;Services administratifs combinés;TOUR W 8EME 102 TERRASSE BOIELDIEU 92800 PUTEAUX;92800;PUTEAUX;92;Île-de-France;11;21;21;50 à 99 salariés;99;O;PME;5;2024-10-24;1.6892539356605063;48.889278427402;2.23888113419657;False;3120;[];[];82.11Z;2026-06-15T16:47:36.530344;70;CHAUDE;59400;11880
79026228100013;790262281;EVIDEN INTERNATIONAL FRANCE;;;82.11Z;PRIV_BUREAU;PRIVE;Services administratifs combinés;IMMEUBLE RIVER OUEST 80 QUAI VOLTAIRE 95870 BEZONS;95870;BEZONS;95;Île-de-France;11;22;22;100 à 199 salariés;199;O;GE;2;2012-12-20;13.533196440793978;48.92462345;2.2221012893;True;5710;[];[];82.11Z;2026-06-15T16:47:36.530344;70;CHAUDE;119400;23880
82340479300015;823404793;JDA NOGENT LE PHAYE (LES JARDINS D'AUTOMNE);;;82.11Z;PRIV_BUREAU;PRIVE;Services administratifs combinés;1 RUE DE SAINT-CLOUD 92150 SURESNES;92150;SURESNES;92;Île-de-France;11;21;21;50 à 99 salariés;99;N;GE;2;2016-10-27;9.681040383299113;48.866531050237;2.22448456158233;False;5710;[];[];82.11Z;2026-06-15T16:47:36.530344;70;CHAUDE;59400;11880
82342353800011;823423538;JDA VERNOUILLET (LES JARDINS D'AUTOMNE);;;82.11Z;PRIV_BUREAU;PRIVE;Services administratifs combinés;1 RUE DE SAINT-CLOUD 92150 SURESNES;92150;SURESNES;92;Île-de-France;11;21;21;50 à 99 salariés;99;N;GE;2;2016-10-28;9.678302532511978;48.866531050237;2.22448456158233;False;5710;[];[];82.11Z;2026-06-15T16:47:36.530344;70;CHAUDE;59400;11880
32135786500153;321357865;SERVIER INTERNATIONAL;;;82.11Z;PRIV_BUREAU;PRIVE;Services administratifs combinés;50 RUE CARNOT 92150 SURESNES;92150;SURESNES;92;Île-de-France;11;32;32;250 à 499 salariés;499;O;GE;13;2011-12-06;14.573579739904176;48.873802045;2.2271673191;True;5499;[];[];82.11Z;2026-06-15T16:47:37.484939;70;CHAUDE;299400;59880
81858192800038;818581928;SCF;;;82.11Z;PRIV_BUREAU;PRIVE;Services administratifs combinés;16 RUE JULES SAULNIER 93200 SAINT-DENIS;93200;SAINT-DENIS;93;Île-de-France;11;21;21;50 à 99 salariés;99;O;PME;4;2017-12-29;8.509240246406572;48.925119305;2.3546416378;True;5710;[];[];82.11Z;2026-06-15T18:08:05.942068;70;CHAUDE;59400;11880
83188831800035;831888318;AUCHAN RETAIL SERVICES;;;82.19Z;PRIV_BUREAU;PRIVE;Services administratifs / bureaux;57-77-IMMEUBLE OKABE 57 AVENUE DE FONTAINEBLEAU 94270 LE KREMLIN-BICETRE;94270;LE KREMLIN-BICETRE;94;Île-de-France;11;51;51;2000 à 4999 salariés;4999;N;GE;8;2018-01-01;8.501026694045175;48.8122572298651;2.3623522382843;False;5710;[];[];82.11Z;2026-06-15T18:08:18.665256;70;CHAUDE;2999400;599880
62203947701533;622039477;EUREST SPORTS & LOISIRS;EUREST SPORTS ET LOISIRS D572;;56.10A;PRIV_RESTAURANT;PRIVE;Restauration traditionnelle;8 PLACE SAINT-AUGUSTIN 75008 PARIS;75008;PARIS;75;Île-de-France;11;22;22;100 à 199 salariés;199;O;GE;139;2019-07-01;7.006160164271047;48.875202399;2.3199024489;False;5710;[];[];56.10A;2026-06-15T18:08:54.317162;70;CHAUDE;139300;27860
32256604300228;322566043;HIPPO EXPLOITATION (HIPPOPOTAMUS) (HIPPO);HIPPOPOTAMUS;HIPPO;56.10A;PRIV_RESTAURANT;PRIVE;Restauration traditionnelle;68 AU 70 68 BOULEVARD DU MONTPARNASSE 75014 PARIS;75014;PARIS;75;Île-de-France;11;21;21;50 à 99 salariés;99;O;GE;158;1994-12-31;31.50444900752909;48.843237288;2.3247008385;False;5202;[];[];56.10A;2026-06-15T18:08:54.317162;70;CHAUDE;69300;13860
32256604300624;322566043;HIPPO EXPLOITATION (HIPPOPOTAMUS) (HIPPO);;HIPPO;56.10A;PRIV_RESTAURANT;PRIVE;Restauration traditionnelle;25 RUE LOUIS LEGRAND ANGLE 1 BOULEVARD DES CAPUCINES 75002 PARIS;75002;PARIS;75;Île-de-France;11;21;21;50 à 99 salariés;99;O;GE;158;1985-01-01;41.50034223134839;48.870619205;2.3339010951;False;5202;[];[];56.10A;2026-06-15T18:08:54.317162;70;CHAUDE;69300;13860
78948586900091;789485869;NEWREST WAGONS-LITS FRANCE;;;56.10A;PRIV_RESTAURANT;PRIVE;Restauration traditionnelle;GARE MONTPARNASSE 17 RUE ANDRE GIDE 75015 PARIS;75015;PARIS;75;Île-de-France;11;32;32;250 à 499 salariés;499;O;ETI;22;2013-09-30;12.75564681724846;48.837818163;2.3143473913;True;5710;[];[];56.10A;2026-06-15T18:08:54.318161;70;CHAUDE;349300;69860
78948586900109;789485869;NEWREST WAGONS-LITS FRANCE;;;56.10A;PRIV_RESTAURANT;PRIVE;Restauration traditionnelle;GARE DE L'EST 4 RUE DU HUIT MAI 1945 75010 PARIS;75010;PARIS;75;Île-de-France;11;22;22;100 à 199 salariés;199;O;ETI;22;2013-09-30;12.75564681724846;48.87613184;2.3586280797;False;5710;[];[];56.10A;2026-06-15T18:08:54.318161;70;CHAUDE;139300;27860
52382845700029;523828457;MAITRE DU TERROIR (COUTUME);COUTUME;;56.10A;PRIV_RESTAURANT;PRIVE;Restauration traditionnelle;47 RUE DE BABYLONE 75007 PARIS;75007;PARIS;75;Île-de-France;11;21;21;50 à 99 salariés;99;O;ETI;13;2010-11-03;15.663244353182751;48.851669115;2.318348958;True;5710;[];[];56.10A;2026-06-15T18:08:54.318161;70;CHAUDE;69300;13860
52382845700052;523828457;MAITRE DU TERROIR (COUTUME);COUTUME JULHES;;56.10A;PRIV_RESTAURANT;PRIVE;Restauration traditionnelle;56 RUE DU FAUBOURG SAINT-DENIS 75010 PARIS;75010;PARIS;75;Île-de-France;11;21;21;50 à 99 salariés;99;N;ETI;13;2022-01-02;4.498288843258043;48.872338119;2.3542193907;False;5710;[];[];56.10A;2026-06-15T18:08:54.318161;70;CHAUDE;69300;13860
52382845700060;523828457;MAITRE DU TERROIR (COUTUME);COUTUME GRANDE EPICERIE DE PARIS 16;;56.10A;PRIV_RESTAURANT;PRIVE;Restauration traditionnelle;80 RUE DE PASSY 75016 PARIS;75016;PARIS;75;Île-de-France;11;21;21;50 à 99 salariés;99;N;ETI;13;2022-01-02;4.498288843258043;48.85821399;2.2758296245;False;5710;[];[];56.10A;2026-06-15T18:08:54.318161;70;CHAUDE;69300;13860
52382845700078;523828457;MAITRE DU TERROIR (COUTUME);COUTUME SAINT-HONORE;;56.10A;PRIV_RESTAURANT;PRIVE;Restauration traditionnelle;54 RUE DU FAUBOURG SAINT-HONORE 75008 PARIS;75008;PARIS;75;Île-de-France;11;21;21;50 à 99 salariés;99;N;ETI;13;2022-01-02;4.498288843258043;48.869489218;2.3196767127;False;5710;[];[];56.10A;2026-06-15T18:08:54.318161;70;CHAUDE;69300;13860
52382845700086;523828457;MAITRE DU TERROIR (COUTUME);COUTUME GALERIE LAFAYETTE;;56.10A;PRIV_RESTAURANT;PRIVE;Restauration traditionnelle;40 BOULEVARD HAUSSMANN 75009 PARIS;75009;PARIS;75;Île-de-France;11;21;21;50 à 99 salariés;99;N;ETI;13;2022-01-02;4.498288843258043;48.87326437;2.3320655741;False;5710;[];[];56.10A;2026-06-15T18:08:54.318161;70;CHAUDE;69300;13860
52382845700128;523828457;MAITRE DU TERROIR (COUTUME);;;56.10A;PRIV_RESTAURANT;PRIVE;Restauration traditionnelle;63 RUE DU FAUBOURG POISSONNIERE 75009 PARIS;75009;PARIS;75;Île-de-France;11;21;21;50 à 99 salariés;99;N;ETI;13;2022-12-01;3.586584531143053;48.875341766;2.3480549313;False;5710;[];[];56.10A;2026-06-15T18:08:54.318161;70;CHAUDE;69300;13860
92108052900024;921080529;NCI SGA MANAGEMENT;;;56.10A;PRIV_RESTAURANT;PRIVE;Restauration traditionnelle;C/O ORIAL PARIS 11 B PASSAGE DOISY 75017 PARIS;75017;PARIS;75;Île-de-France;11;21;21;50 à 99 salariés;99;N;PME;10;2024-05-17;2.127310061601643;48.8780757857814;2.29216365160987;True;5710;[];[];56.10A;2026-06-15T18:08:54.319162;70;CHAUDE;69300;13860
92108052900107;921080529;NCI SGA MANAGEMENT;;;56.10A;PRIV_RESTAURANT;PRIVE;Restauration traditionnelle;15 AVENUE CARNOT 75017 PARIS;75017;PARIS;75;Île-de-France;11;21;21;50 à 99 salariés;99;O;PME;10;2025-11-14;0.6324435318275154;48.8759524813841;2.29277879052258;False;5710;[];[];56.10A;2026-06-15T18:08:54.319162;70;CHAUDE;69300;13860
49938844500110;499388445;ECP FRANCE (BS XII);;BS XII;56.10A;PRIV_RESTAURANT;PRIVE;Restauration traditionnelle;150 BOULEVARD VICTOR HUGO 93400 SAINT-OUEN-SUR-SEINE;93400;SAINT-OUEN-SUR-SEINE;93;Île-de-France;11;41;41;500 à 999 salariés;999;N;GE;11;2025-07-01;1.0047912388774811;48.9046451679596;2.32146679363701;True;5710;[];[];56.10A;2026-06-15T18:08:54.319162;70;CHAUDE;699300;139860
51123394200057;511233942;SOLI;MAMIE BURGER;;56.10A;PRIV_RESTAURANT;PRIVE;Restauration traditionnelle;16 RUE DE LA MICHODIERE 75002 PARIS;75002;PARIS;75;Île-de-France;11;21;21;50 à 99 salariés;99;N;PME;15;2013-10-01;12.752908966461328;48.870250849;2.3350197506;False;5710;[];[];56.10A;2026-06-15T18:08:54.319162;70;CHAUDE;69300;13860
79841941200118;798419412;IPPUDO PARIS;;;56.10A;PRIV_RESTAURANT;PRIVE;Restauration traditionnelle;34 RUE DU DRAGON 75006 PARIS;75006;PARIS;75;Île-de-France;11;22;22;100 à 199 salariés;199;N;PME;11;2024-01-01;2.5023956194387407;48.852859514;2.3303917711;True;5710;[];[];56.10A;2026-06-15T18:08:54.691454;70;CHAUDE;139300;27860
49487823400082;494878234;VOLFONI EXPLOITATION;VOLFONI;;56.10A;PRIV_RESTAURANT;PRIVE;Restauration traditionnelle;55 RUE DEGUINGAND 92300 LEVALLOIS-PERRET;92300;LEVALLOIS-PERRET;92;Île-de-France;11;21;21;50 à 99 salariés;99;N;GE;10;2022-12-05;3.575633127994524;48.894184072192;2.29695280931253;True;5710;[];[];56.10A;2026-06-15T18:08:54.694676;70;CHAUDE;69300;13860
40370185700092;403701857;SRAM (SRAM);;SRAM;56.10A;PRIV_RESTAURANT;PRIVE;Restauration traditionnelle;150 BOULEVARD VICTOR HUGO 93400 SAINT-OUEN-SUR-SEINE;93400;SAINT-OUEN-SUR-SEINE;93;Île-de-France;11;22;22;100 à 199 salariés;199;N;GE;9;2025-07-01;1.0047912388774811;48.9046451679596;2.32146679363701;True;5710;[];[];56.10A;2026-06-15T18:08:55.104027;70;CHAUDE;139300;27860
38454551300028;384545513;SAINT HONORE;;;56.10A;PRIV_RESTAURANT;PRIVE;Restauration traditionnelle;NUM VOIE 239 A 241 239 RUE SAINT-HONORE 75001 PARIS;75001;PARIS;75;Île-de-France;11;32;32;250 à 499 salariés;499;O;ETI;9;1993-02-27;33.34428473648186;48.866775586;2.3278353342;False;5308;[];[];56.10A;2026-06-15T18:08:55.104027;70;CHAUDE;349300;69860
90450264800044;904502648;BRASSERIE MARTIN;BRASSERIE MARTIN;;56.10A;PRIV_RESTAURANT;PRIVE;Restauration traditionnelle;45 RUE DE TURBIGO 75003 PARIS;75003;PARIS;75;Île-de-France;11;21;21;50 à 99 salariés;99;N;ETI;6;2025-06-30;1.0075290896646132;48.8650191293795;2.35369158947661;True;5710;[];[];56.10A;2026-06-15T18:08:55.105580;70;CHAUDE;69300;13860
90450264800069;904502648;BRASSERIE MARTIN;;;56.10A;PRIV_RESTAURANT;PRIVE;Restauration traditionnelle;16 AVENUE VICTORIA 75001 PARIS;75001;PARIS;75;Île-de-France;11;21;21;50 à 99 salariés;99;N;ETI;6;2025-08-01;0.919917864476386;48.8581552246191;2.34671909419437;False;5710;[];[];56.10A;2026-06-15T18:08:55.105580;70;CHAUDE;69300;13860
95137917100014;951379171;SOCIETE D'EXPLOITATION 3 ROYAL;;;56.10A;PRIV_RESTAURANT;PRIVE;Restauration traditionnelle;38 AVENUE DES CHAMPS ELYSEES 75008 PARIS;75008;PARIS;75;Île-de-France;11;21;21;50 à 99 salariés;99;O;GE;4;2023-04-03;3.249828884325804;48.870207476;2.3079963178;True;5710;[];[];56.10A;2026-06-15T18:08:55.425902;70;CHAUDE;69300;13860
95137917100022;951379171;SOCIETE D'EXPLOITATION 3 ROYAL;;;56.10A;PRIV_RESTAURANT;PRIVE;Restauration traditionnelle;3 RUE ROYALE 75008 PARIS;75008;PARIS;75;Île-de-France;11;21;21;50 à 99 salariés;99;O;GE;4;2023-04-03;3.249828884325804;48.867363338;2.322068432;False;5710;[];[];56.10A;2026-06-15T18:08:55.425902;70;CHAUDE;69300;13860
95137917100048;951379171;SOCIETE D'EXPLOITATION 3 ROYAL;;;56.10A;PRIV_RESTAURANT;PRIVE;Restauration traditionnelle;7 RUE ROYALE 75008 PARIS;75008;PARIS;75;Île-de-France;11;21;21;50 à 99 salariés;99;O;GE;4;2023-09-01;2.836413415468857;48.867564034;2.3224269377;False;5710;[];[];56.10A;2026-06-15T18:08:55.425902;70;CHAUDE;69300;13860
30954203300043;309542033;THOUMIEUX;;;56.10A;PRIV_RESTAURANT;PRIVE;Restauration traditionnelle;2 RUE DE LA COMETE 77 RUE SAINT-DOMINIQUE 75007 PARIS;75007;PARIS;75;Île-de-France;11;22;22;100 à 199 salariés;199;N;ETI;4;2022-01-01;4.501026694045175;48.859767044;2.3087460328;False;5710;[];[];56.10A;2026-06-15T18:08:55.426906;70;CHAUDE;139300;27860
34864849400055;348648494;LA GARE;DEEPFISH;;56.10A;PRIV_RESTAURANT;PRIVE;Restauration traditionnelle;SOUS SOL 19 CHAUSSEE DE LA MUETTE 75016 PARIS;75016;PARIS;75;Île-de-France;11;21;21;50 à 99 salariés;99;N;ETI;7;2021-04-23;5.193702943189596;48.85800365;2.271875818;False;5710;[];[];56.10A;2026-06-15T18:08:55.426906;70;CHAUDE;69300;13860
34864849400063;348648494;LA GARE;ANDIA;;56.10A;PRIV_RESTAURANT;PRIVE;Restauration traditionnelle;REZ DE CHAUSSEE 19 CHAUSSEE DE LA MUETTE 75016 PARIS;75016;PARIS;75;Île-de-France;11;21;21;50 à 99 salariés;99;O;ETI;7;2021-04-23;5.193702943189596;48.85800365;2.271875818;False;5710;[];[];56.10A;2026-06-15T18:08:55.426906;70;CHAUDE;69300;13860
34864849400022;348648494;LA GARE;LA GARE;;56.10A;PRIV_RESTAURANT;PRIVE;Restauration traditionnelle;GARE DE PASSY 19 CHAUSSEE DE LA MUETTE 75016 PARIS;75016;PARIS;75;Île-de-France;11;21;21;50 à 99 salariés;99;N;ETI;7;1996-01-17;30.458590006844627;48.85800365;2.271875818;False;5710;[];[];56.10A;2026-06-15T18:08:55.426906;70;CHAUDE;69300;13860
48246343700038;482463437;SOCIETE DE RESTAURATION DU MUSEE D'ORSAY (SRMO);MUSIAM PARIS;SRMO;56.10A;PRIV_RESTAURANT;PRIVE;Restauration traditionnelle;HONNEUR MUSEE D'ORSAY 1 RUE DE LA LEGION D'HONNEUR 75007 PARIS;75007;PARIS;75;Île-de-France;11;22;22;100 à 199 salariés;199;O;ETI;7;2006-01-01;20.501026694045173;48.860379038;2.325130047;False;5710;[];[];56.10A;2026-06-15T18:08:55.828442;70;CHAUDE;139300;27860
48246343700046;482463437;SOCIETE DE RESTAURATION DU MUSEE D'ORSAY (SRMO);MUSIAM PARIS;SRMO;56.10A;PRIV_RESTAURANT;PRIVE;Restauration traditionnelle;MUSEE DE L ORANGERIE JARDIN DES TUILERIES 75001 PARIS 01;75001;PARIS 01;75;Île-de-France;11;22;22;100 à 199 salariés;199;O;ETI;7;2015-06-01;11.08829568788501;48.861488698;2.3319658798;False;5710;[];[];56.10A;2026-06-15T18:08:55.828442;70;CHAUDE;139300;27860
30149962000013;301499620;GESTION DE SITE ET RESTAUR EN CONCESSION (GSR);LE CIEL DE PARIS;GSR;56.10A;PRIV_RESTAURANT;PRIVE;Restauration traditionnelle;33 AVENUE DU MAINE 75015 PARIS;75015;PARIS;75;Île-de-France;11;21;21;50 à 99 salariés;99;O;GE;8;1975-12-03;50.58179329226557;48.842280902;2.3212363835;False;5710;[];[];56.10A;2026-06-15T18:08:55.828442;70;CHAUDE;69300;13860
30149962000047;301499620;GESTION DE SITE ET RESTAUR EN CONCESSION (GSR);MAISON AMERIQUE;GSR;56.10A;PRIV_RESTAURANT;PRIVE;Restauration traditionnelle;217 BOULEVARD SAINT-GERMAIN 75007 PARIS;75007;PARIS;75;Île-de-France;11;21;21;50 à 99 salariés;99;O;GE;8;1995-03-01;31.34017796030116;48.857136476;2.3234986178;False;5710;[];[];56.10A;2026-06-15T18:08:55.829765;70;CHAUDE;69300;13860
32782338100113;327823381;BEAUMARLY;MARLY;;56.10A;PRIV_RESTAURANT;PRIVE;Restauration traditionnelle;RUE DE RIVOLI 75001 PARIS;75001;PARIS;75;Île-de-France;11;22;22;100 à 199 salariés;199;O;ETI;10;2018-12-28;7.512662559890486;48.861772802;2.3357303053;False;5710;[];[];56.10A;2026-06-15T18:08:55.829765;70;CHAUDE;139300;27860
81267974400043;812679744;FRIENDLY;;;47.11B;PRIV_COMMERCE;PRIVE;Commerce / centres commerciaux;38 RUE DE SEVRES 75007 PARIS;75007;PARIS;75;Île-de-France;11;12;12;20 à 49 salariés;49;N;PME;4;2025-04-17;1.2101300479123889;48.8502673775086;2.3239609544269;False;5499;[];[];56.10A;2026-06-15T18:08:57.040865;70;CHAUDE;24500;4900
78460043900029;784600439;SER LA COUPOLE;;;56.10A;PRIV_RESTAURANT;PRIVE;Restauration traditionnelle;102 BOULEVARD DU MONTPARNASSE 75014 PARIS;75014;PARIS;75;Île-de-France;11;22;22;100 à 199 salariés;199;O;GE;5;1999-01-01;27.50171115674196;48.842213826;2.327961622;False;5599;[];[];56.10A;2026-06-15T18:08:57.041872;70;CHAUDE;139300;27860
39232402600013;392324026;MONTAIGNE SAINT-GERMAIN;L AVENUE;;56.10A;PRIV_RESTAURANT;PRIVE;Restauration traditionnelle;41 AVENUE MONTAIGNE 75008 PARIS;75008;PARIS;75;Île-de-France;11;22;22;100 à 199 salariés;199;O;ETI;3;1993-09-01;32.83504449007529;48.867303296;2.3064248011;True;5499;[];[];56.10A;2026-06-15T18:08:57.507517;70;CHAUDE;139300;27860
39232402600021;392324026;MONTAIGNE SAINT-GERMAIN;;;56.10A;PRIV_RESTAURANT;PRIVE;Restauration traditionnelle;13 RUE SAINT-BENOIT 75006 PARIS;75006;PARIS;75;Île-de-France;11;21;21;50 à 99 salariés;99;O;ETI;3;2006-11-06;19.655030800821358;48.854552977;2.3329800611;False;5499;[];[];56.10A;2026-06-15T18:08:57.507517;70;CHAUDE;69300;13860
39232402600039;392324026;MONTAIGNE SAINT-GERMAIN;;;56.10A;PRIV_RESTAURANT;PRIVE;Restauration traditionnelle;13 RUE SAINT BENOIT ET 4 PLACE SAINT-GERMAIN DES PRES 75006 PARIS;75006;PARIS;75;Île-de-France;11;22;22;100 à 199 salariés;199;N;ETI;3;2009-04-01;17.253935660506503;48.854407458;2.3331569173;False;5499;[];[];56.10A;2026-06-15T18:08:57.507517;70;CHAUDE;139300;27860
34457051000018;344570510;CONTINENTAL CIRCUS;;;56.10A;PRIV_RESTAURANT;PRIVE;Restauration traditionnelle;GARE INVALIDES 75007 PARIS 07;75007;PARIS 07;75;Île-de-France;11;21;21;50 à 99 salariés;99;O;PME;4;1988-04-09;38.23134839151266;48.861899597;2.3145643782;True;5499;[];[];56.10A;2026-06-15T18:08:57.507517;70;CHAUDE;69300;13860
34457051000042;344570510;CONTINENTAL CIRCUS;CHEZ FRANCOISE;;56.10A;PRIV_RESTAURANT;PRIVE;Restauration traditionnelle;10 RUE AMELIE 75007 PARIS;75007;PARIS;75;Île-de-France;11;21;21;50 à 99 salariés;99;O;PME;4;2024-03-21;2.283367556468173;48.8590226178454;2.30744960936732;False;5499;[];[];56.10A;2026-06-15T18:08:57.507517;70;CHAUDE;69300;13860
48457758000034;484577580;HANABI & CO;;;47.11B;PRIV_COMMERCE;PRIVE;Commerce / centres commerciaux;13 RUE RAMEAU 75002 PARIS;75002;PARIS;75;Île-de-France;11;12;12;20 à 49 salariés;49;N;ETI;3;2019-03-29;7.263518138261465;48.867915622;2.3365440699;False;5710;[];[];56.10A;2026-06-15T18:08:59.874629;70;CHAUDE;24500;4900
34235549200071;342355492;DROUANT SA;;;56.10A;PRIV_RESTAURANT;PRIVE;Restauration traditionnelle;7 RUE LAMENNAIS 75008 PARIS;75008;PARIS;75;Île-de-France;11;21;21;50 à 99 salariés;99;N;ETI;7;2019-10-31;6.672142368240931;48.873835312;2.3028775382;True;5599;[];[];56.10A;2026-06-15T18:09:00.522629;70;CHAUDE;69300;13860
34235549200022;342355492;DROUANT SA;;;56.10A;PRIV_RESTAURANT;PRIVE;Restauration traditionnelle;18 RUE GAILLON 75002 PARIS;75002;PARIS;75;Île-de-France;11;21;21;50 à 99 salariés;99;O;ETI;7;1987-11-23;38.60917180013689;48.868703819;2.3344891555;False;5599;[];[];56.10A;2026-06-15T18:09:00.522629;70;CHAUDE;69300;13860
40372872800060;403728728;LA MONTALBANAISE;;;82.11Z;PRIV_BUREAU;PRIVE;Services administratifs combinés;2 RUE AUGEREAU 75007 PARIS;75007;PARIS;75;Île-de-France;11;12;12;20 à 49 salariés;49;N;PME;6;2018-10-01;7.753593429158111;48.857874958;2.3015550195;False;5710;[];[];56.10A;2026-06-15T18:09:02.090897;70;CHAUDE;29400;5880
38066440900089;380664409;AC MARIGNAN;;;82.19Z;PRIV_BUREAU;PRIVE;Services administratifs / bureaux;15 B RUE DE MARIGNAN 75008 PARIS;75008;PARIS;75;Île-de-France;11;12;12;20 à 49 salariés;49;N;PME;8;2018-07-01;8.005475701574264;48.868498295;2.3062294864;False;5710;[];[];56.10A;2026-06-15T18:09:02.553920;70;CHAUDE;29400;5880
91079619200029;910796192;BRASSERIE DES PRES;;;56.10A;PRIV_RESTAURANT;PRIVE;Restauration traditionnelle;4-6-8 4 COUR DU COMMERCE SAINT-ANDRE 75006 PARIS;75006;PARIS;75;Île-de-France;11;21;21;50 à 99 salariés;99;O;ETI;3;2022-02-24;4.353182751540041;48.852900301;2.3392167065;False;5710;[];[];56.10A;2026-06-15T18:09:04.925779;70;CHAUDE;69300;13860
91080707200012;910807072;LAURENT EXPLOITATION;;;56.10A;PRIV_RESTAURANT;PRIVE;Restauration traditionnelle;38 AVENUE DES CHAMPS ELYSEES 75008 PARIS;75008;PARIS;75;Île-de-France;11;21;21;50 à 99 salariés;99;N;PME;2;2022-02-23;4.355920602327173;48.870207476;2.3079963178;True;5710;[];[];56.10A;2026-06-15T18:09:04.926783;70;CHAUDE;69300;13860
91080707200020;910807072;LAURENT EXPLOITATION;LE LAURENT;;56.10A;PRIV_RESTAURANT;PRIVE;Restauration traditionnelle;41 AVENUE GABRIEL 75008 PARIS;75008;PARIS;75;Île-de-France;11;21;21;50 à 99 salariés;99;O;PME;2;2022-02-23;4.355920602327173;48.869201843;2.3131200202;False;5710;[];[];56.10A;2026-06-15T18:09:04.926783;70;CHAUDE;69300;13860
85317723600025;853177236;LA MARINE RESTAURATION;;;56.10A;PRIV_RESTAURANT;PRIVE;Restauration traditionnelle;2 PLACE DE LA CONCORDE 75008 PARIS;75008;PARIS;75;Île-de-France;11;21;21;50 à 99 salariés;99;O;ETI;3;2021-04-19;5.204654346338125;48.86653361;2.322625735;False;5710;[];[];56.10A;2026-06-15T18:09:07.416294;70;CHAUDE;69300;13860
85167724500025;851677245;PARBRAS;LA HALLE AUX GRAINS;;56.10A;PRIV_RESTAURANT;PRIVE;Restauration traditionnelle;BOURSE DE COMMERCE 2 RUE DE VIARMES 75001 PARIS;75001;PARIS;75;Île-de-France;11;21;21;50 à 99 salariés;99;O;PME;2;2020-01-20;6.450376454483231;48.862943509;2.342673726;False;5710;[];[];56.10A;2026-06-15T18:09:07.708755;70;CHAUDE;69300;13860
88777795100021;887777951;JAVEL EXPLOITATION;LA PLAGE PARISIENNE;;56.10A;PRIV_RESTAURANT;PRIVE;Restauration traditionnelle;HAUT PORT DE JAVEL 75015 PARIS;75015;PARIS;75;Île-de-France;11;21;21;50 à 99 salariés;99;O;ETI;2;2020-05-29;6.094455852156058;48.847980723;2.2788421214;False;5710;[];[];56.10A;2026-06-15T18:09:08.052744;70;CHAUDE;69300;13860
80318396100033;803183961;BOFINGER SARL;;;56.10A;PRIV_RESTAURANT;PRIVE;Restauration traditionnelle;55 RUE DEGUINGAND 92300 LEVALLOIS-PERRET;92300;LEVALLOIS-PERRET;92;Île-de-France;11;21;21;50 à 99 salariés;99;N;GE;3;2022-12-12;3.5564681724846;48.894184072192;2.29695280931253;True;5499;[];[];56.10A;2026-06-15T18:09:12.029758;70;CHAUDE;69300;13860
81880242300041;818802423;BIRKA LGE;;;56.10A;PRIV_RESTAURANT;PRIVE;Restauration traditionnelle;55 RUE DEGUINGAND 92300 LEVALLOIS-PERRET;92300;LEVALLOIS-PERRET;92;Île-de-France;11;21;21;50 à 99 salariés;99;O;GE;4;2022-12-05;3.575633127994524;48.894184072192;2.29695280931253;True;5710;[];[];56.10A;2026-06-15T18:09:12.883782;70;CHAUDE;69300;13860
81880242300025;818802423;BIRKA LGE;LE COPENHAGUE / FLORA DANICA / BUTIK FLORA DANICA;;56.10A;PRIV_RESTAURANT;PRIVE;Restauration traditionnelle;142 AVENUE DES CHAMPS ELYSEES 75008 PARIS;75008;PARIS;75;Île-de-France;11;21;21;50 à 99 salariés;99;O;GE;4;2016-03-31;10.255989048596852;48.873218175;2.2989954114;False;5710;[];[];56.10A;2026-06-15T18:09:12.883782;70;CHAUDE;69300;13860
81880243100028;818802431;4 BOULEVARD DES CAPUCINES LGE;LE GRAND CAFE CAPUCINES;;56.10A;PRIV_RESTAURANT;PRIVE;Restauration traditionnelle;4 BOULEVARD DES CAPUCINES 75009 PARIS;75009;PARIS;75;Île-de-France;11;21;21;50 à 99 salariés;99;O;GE;4;2016-05-31;10.088980150581794;48.871097535;2.3335887781;False;5710;[];[];56.10A;2026-06-15T18:09:12.883782;70;CHAUDE;69300;13860
81880244900020;818802449;AU PIED DE COCHON LGE;AU PIED DE COCHON;;56.10A;PRIV_RESTAURANT;PRIVE;Restauration traditionnelle;6 RUE COQUILLIERE 75001 PARIS;75001;PARIS;75;Île-de-France;11;22;22;100 à 199 salariés;199;O;GE;4;2016-03-31;10.255989048596852;48.863504279;2.3437931271;False;5710;[];[];56.10A;2026-06-15T18:09:12.883782;70;CHAUDE;139300;27860
81880245600025;818802456;BRASSERIE LORRAINE LGE;BRASSERIE LORRAINE;;56.10A;PRIV_RESTAURANT;PRIVE;Restauration traditionnelle;272 RUE DU FBG ST HONORE ET ANGLE DU 91 BOULEVARD DE COURCELLES 75008 PARIS;75008;PARIS;75;Île-de-France;11;21;21;50 à 99 salariés;99;O;GE;4;2016-03-31;10.255989048596852;48.878074421;2.2989620889;False;5710;[];[];56.10A;2026-06-15T18:09:12.883782;70;CHAUDE;69300;13860
81880791900027;818807919;LE PROCOPE LGE;LE PROCOPE;;56.10A;PRIV_RESTAURANT;PRIVE;Restauration traditionnelle;13 RUE DE L'ANCIENNE COMEDIE 75006 PARIS;75006;PARIS;75;Île-de-France;11;21;21;50 à 99 salariés;99;O;GE;4;2016-03-31;10.255989048596852;48.853014741;2.3387358084;False;5710;[];[];56.10A;2026-06-15T18:09:12.883782;70;CHAUDE;69300;13860
81905790200010;819057902;LE ROOFTOP DES CHAMPS ELYSEES;;;56.10A;PRIV_RESTAURANT;PRIVE;Restauration traditionnelle;38 AVENUE DES CHAMPS ELYSEES 75008 PARIS;75008;PARIS;75;Île-de-France;11;21;21;50 à 99 salariés;99;N;GE;2;2016-02-25;10.351813826146476;48.870207476;2.3079963178;True;5710;[];[];56.10A;2026-06-15T18:09:12.883782;70;CHAUDE;69300;13860
81905790200028;819057902;LE ROOFTOP DES CHAMPS ELYSEES;;;56.10A;PRIV_RESTAURANT;PRIVE;Restauration traditionnelle;52 AVENUE DES CHAMPS ELYSEES 75008 PARIS;75008;PARIS;75;Île-de-France;11;21;21;50 à 99 salariés;99;O;GE;2;2020-01-13;6.469541409993155;48.870597872;2.3063787516;False;5710;[];[];56.10A;2026-06-15T18:09:12.883782;70;CHAUDE;69300;13860
79940259900028;799402599;24 GV;YEEELS - VERDE PARIS;;56.10A;PRIV_RESTAURANT;PRIVE;Restauration traditionnelle;24 AVENUE GEORGE V 75008 PARIS;75008;PARIS;75;Île-de-France;11;21;21;50 à 99 salariés;99;O;PME;5;2014-01-07;12.484599589322382;48.867652391;2.3015016283;False;5499;[];[];56.10A;2026-06-15T18:09:13.161812;70;CHAUDE;69300;13860
47851125600032;478511256;HERITAGES (HERITAGES);HERITAGES;;47.11B;PRIV_COMMERCE;PRIVE;Commerce / centres commerciaux;9 RUE TREILHARD 75008 PARIS;75008;PARIS;75;Île-de-France;11;12;12;20 à 49 salariés;49;N;PME;3;2011-07-01;15.006160164271048;48.876965705;2.314206982;False;5710;[];[];56.10A;2026-06-15T18:09:17.452761;70;CHAUDE;24500;4900
39893252500023;398932525;GEORGE V EATERTAINMENT;BUDDHA-BAR;;56.10A;PRIV_RESTAURANT;PRIVE;Restauration traditionnelle;8-12 8 RUE BOISSY D'ANGLAS 75008 PARIS;75008;PARIS;75;Île-de-France;11;22;22;100 à 199 salariés;199;O;PME;7;1996-08-05;29.908281998631075;48.868182394;2.3217548609;True;5599;[];[];56.10A;2026-06-15T18:09:18.042919;70;CHAUDE;139300;27860
39893252500072;398932525;GEORGE V EATERTAINMENT;;;56.10A;PRIV_RESTAURANT;PRIVE;Restauration traditionnelle;18 BOULEVARD MALESHERBES 75008 PARIS;75008;PARIS;75;Île-de-France;11;22;22;100 à 199 salariés;199;O;PME;7;2025-07-01;1.0047912388774811;48.8721571260318;2.32229390903752;False;5599;[];[];56.10A;2026-06-15T18:09:18.042919;70;CHAUDE;139300;27860
38870491800050;388704918;L'ALSACE LGE;;;56.10A;PRIV_RESTAURANT;PRIVE;Restauration traditionnelle;55 RUE DEGUINGAND 92300 LEVALLOIS-PERRET;92300;LEVALLOIS-PERRET;92;Île-de-France;11;21;21;50 à 99 salariés;99;N;GE;5;2022-12-05;3.575633127994524;48.894184072192;2.29695280931253;True;5710;[];[];56.10A;2026-06-15T18:09:18.549765;70;CHAUDE;69300;13860
38870491800019;388704918;L'ALSACE LGE;;;56.10A;PRIV_RESTAURANT;PRIVE;Restauration traditionnelle;39 AVENUE DES CHAMPS ELYSEES 75008 PARIS;75008;PARIS;75;Île-de-France;11;21;21;50 à 99 salariés;99;O;GE;5;1992-09-24;33.77138945927447;48.869936267;2.3057502249;False;5710;[];[];56.10A;2026-06-15T18:09:18.549765;70;CHAUDE;69300;13860
50166334800024;501663348;LE VAUDEVILLE SARL;LE VAUDEVILLE;;56.10A;PRIV_RESTAURANT;PRIVE;Restauration traditionnelle;29 RUE VIVIENNE 75002 PARIS;75002;PARIS;75;Île-de-France;11;21;21;50 à 99 salariés;99;O;GE;3;2008-04-01;18.25325119780972;48.869256537;2.340073387;False;5499;[];[];56.10A;2026-06-15T18:09:18.974493;70;CHAUDE;69300;13860
50167714000029;501677140;TERMINUS NORD SARL;TERMINUS NORD;;56.10A;PRIV_RESTAURANT;PRIVE;Restauration traditionnelle;23 RUE DE DUNKERQUE 75010 PARIS;75010;PARIS;75;Île-de-France;11;21;21;50 à 99 salariés;99;O;GE;3;2008-04-01;18.25325119780972;48.879503179;2.3553645397;False;5499;[];[];56.10A;2026-06-15T18:09:18.974493;70;CHAUDE;69300;13860
43168943900039;431689439;MOMENTUM SERVICES LDT;;;56.10A;PRIV_RESTAURANT;PRIVE;Restauration traditionnelle;43 RUE DE DUNKERQUE 75010 PARIS;75010;PARIS;75;Île-de-France;11;31;31;200 à 249 salariés;249;O;PME;3;2013-05-30;13.092402464065708;48.880842798;2.3506005677;False;3120;[];[];56.10A;2026-06-15T18:09:19.264349;70;CHAUDE;174300;34860
32523127200072;325231272;BERTRAND CASUAL FOOD SERVICES SNC;;;56.10A;PRIV_RESTAURANT;PRIVE;Restauration traditionnelle;55 RUE DEGUINGAND 92300 LEVALLOIS-PERRET;92300;LEVALLOIS-PERRET;92;Île-de-France;11;32;32;250 à 499 salariés;499;O;GE;6;2022-12-12;3.5564681724846;48.8941818250563;2.29695301014724;True;5202;[];[];56.10A;2026-06-15T18:09:20.330805;70;CHAUDE;349300;69860
49918215200045;499182152;CALDE AND CO;LE PAVE;;56.10A;PRIV_RESTAURANT;PRIVE;Restauration traditionnelle;10 RUE NICOLAS FLAMEL 7 RUE DES LOMBARDS 75004 PARIS;75004;PARIS;75;Île-de-France;11;21;21;50 à 99 salariés;99;N;PME;5;2016-11-01;9.66735112936345;48.859078025;2.3498359755;True;5499;[];[];56.10A;2026-06-15T18:09:20.632875;70;CHAUDE;69300;13860
49918215200052;499182152;CALDE AND CO;;;56.10A;PRIV_RESTAURANT;PRIVE;Restauration traditionnelle;2 RUE CAMBON 75001 PARIS;75001;PARIS;75;Île-de-France;11;21;21;50 à 99 salariés;99;O;PME;5;2018-08-01;7.920602327173169;48.866212007;2.3254447613;False;5499;[];[];56.10A;2026-06-15T18:09:20.632875;70;CHAUDE;69300;13860
34961000600018;349610006;LA TOUR D'ARGENT;;;56.10A;PRIV_RESTAURANT;PRIVE;Restauration traditionnelle;15 QUAI DE LA TOURNELLE 75005 PARIS;75005;PARIS;75;Île-de-France;11;21;21;50 à 99 salariés;99;O;PME;2;1988-12-26;37.51676933607119;48.849805996;2.355093056;True;5710;[];[];56.10A;2026-06-15T18:09:21.633528;70;CHAUDE;69300;13860
51345060100051;513450601;MAT 3;MATIGNON;;56.10A;PRIV_RESTAURANT;PRIVE;Restauration traditionnelle;28 RUE DE VENISE 75004 PARIS;75004;PARIS;75;Île-de-France;11;22;22;100 à 199 salariés;199;N;ETI;5;2019-01-02;7.498973305954825;48.861183901;2.3509554762;True;5710;[];[];56.10A;2026-06-15T18:09:21.945473;70;CHAUDE;139300;27860
51345060100028;513450601;MAT 3;RIVAL DE LUXE;;56.10A;PRIV_RESTAURANT;PRIVE;Restauration traditionnelle;3 AVENUE MATIGNON 75008 PARIS;75008;PARIS;75;Île-de-France;11;22;22;100 à 199 salariés;199;O;ETI;5;2009-09-01;16.83504449007529;48.869745344;2.3111528642;False;5710;[];[];56.10A;2026-06-15T18:09:21.945473;70;CHAUDE;139300;27860
84144870700023;841448707;UMANIS;;;56.10A;PRIV_RESTAURANT;PRIVE;Restauration traditionnelle;UMANIS TOUR EIFFEL 6 AVENUE GUSTAVE EIFFEL 75007 PARIS;75007;PARIS;75;Île-de-France;11;32;32;250 à 499 salariés;499;O;GE;3;2018-10-01;7.753593429158111;48.857626878;2.2945115379;False;5710;[];[];56.10A;2026-06-15T18:09:22.254247;70;CHAUDE;349300;69860
84464597800025;844645978;COYA PARIS;;;56.10A;PRIV_RESTAURANT;PRIVE;Restauration traditionnelle;53-57 53 RUE DE GRENELLE 75007 PARIS;75007;PARIS;75;Île-de-France;11;21;21;50 à 99 salariés;99;N;PME;2;2019-03-07;7.323750855578371;48.8544132;2.3252134495;False;5710;[];[];56.10A;2026-06-15T18:09:22.561086;70;CHAUDE;69300;13860
83058624400048;830586244;MDC EXPLOITATION;;;56.10A;PRIV_RESTAURANT;PRIVE;Restauration traditionnelle;28 RUE DE VENISE 75004 PARIS;75004;PARIS;75;Île-de-France;11;21;21;50 à 99 salariés;99;N;ETI;4;2020-11-23;5.607118412046543;48.8611821002074;2.35095515790629;True;5710;[];[];56.10A;2026-06-15T18:09:23.481515;70;CHAUDE;69300;13860
83058624400022;830586244;MDC EXPLOITATION;LA MAISON DU CAVIAR;;56.10A;PRIV_RESTAURANT;PRIVE;Restauration traditionnelle;21 RUE QUENTIN-BAUCHART 75008 PARIS;75008;PARIS;75;Île-de-France;11;21;21;50 à 99 salariés;99;O;ETI;4;2017-07-01;9.00479123887748;48.870493032;2.3016500357;False;5710;[];[];56.10A;2026-06-15T18:09:23.481515;70;CHAUDE;69300;13860
85317575000035;853175750;CAFE LAPEROUSE CONCORDE;;;56.10A;PRIV_RESTAURANT;PRIVE;Restauration traditionnelle;12 RUE DE PRESBOURG 75016 PARIS;75016;PARIS;75;Île-de-France;11;21;21;50 à 99 salariés;99;N;PME;3;2021-06-29;5.0102669404517455;48.873945738;2.2928782984;True;5710;[];[];56.10A;2026-06-15T18:09:23.482788;70;CHAUDE;69300;13860
85317575000027;853175750;CAFE LAPEROUSE CONCORDE;;;56.10A;PRIV_RESTAURANT;PRIVE;Restauration traditionnelle;REZ DE CHAUSSEE 2 PLACE DE LA CONCORDE 75008 PARIS;75008;PARIS;75;Île-de-France;11;21;21;50 à 99 salariés;99;N;PME;3;2019-08-09;6.899383983572895;48.86653361;2.322625735;False;5710;[];[];56.10A;2026-06-15T18:09:23.482788;70;CHAUDE;69300;13860
88300830200035;883008302;BRASSERIE DUBILLOT;;;56.10A;PRIV_RESTAURANT;PRIVE;Restauration traditionnelle;45 RUE DE TURBIGO 75003 PARIS;75003;PARIS;75;Île-de-France;11;21;21;50 à 99 salariés;99;N;ETI;4;2025-06-30;1.0075290896646132;48.8650191293795;2.35369158947661;True;5710;[];[];56.10A;2026-06-15T18:09:24.107283;70;CHAUDE;69300;13860
88300830200043;883008302;BRASSERIE DUBILLOT;;;56.10A;PRIV_RESTAURANT;PRIVE;Restauration traditionnelle;222 RUE SAINT-DENIS 75002 PARIS;75002;PARIS;75;Île-de-France;11;21;21;50 à 99 salariés;99;N;ETI;4;2025-06-30;1.0075290896646132;48.8680999589433;2.35193603351515;False;5710;[];[];56.10A;2026-06-15T18:09:24.107283;70;CHAUDE;69300;13860
90527400700012;905274007;BEAUMARLY DEAUVILLE (LE DEAUVILLE);LE DEAUVILLE;;56.10A;PRIV_RESTAURANT;PRIVE;Restauration traditionnelle;28 RUE DE VENISE 75004 PARIS;75004;PARIS;75;Île-de-France;11;21;21;50 à 99 salariés;99;N;ETI;2;2021-11-15;4.629705681040384;48.861183901;2.3509554762;True;5710;[];[];56.10A;2026-06-15T18:09:25.866576;70;CHAUDE;69300;13860
53957285900038;539572859;TOKYO EXPLOITATION;;;56.10A;PRIV_RESTAURANT;PRIVE;Restauration traditionnelle;38 AVENUE DES CHAMPS ELYSEES 75008 PARIS;75008;PARIS;75;Île-de-France;11;21;21;50 à 99 salariés;99;N;GE;3;2018-12-31;7.5044490075290895;48.870207476;2.3079963178;True;5710;[];[];56.10A;2026-06-15T18:09:28.695745;70;CHAUDE;69300;13860
53957285900020;539572859;TOKYO EXPLOITATION;;;56.10A;PRIV_RESTAURANT;PRIVE;Restauration traditionnelle;13 AVENUE DU PRESIDENT WILSON 75016 PARIS;75016;PARIS;75;Île-de-France;11;21;21;50 à 99 salariés;99;O;GE;3;2012-05-15;14.132785763175908;48.864204322;2.2972058571;False;5710;[];[];56.10A;2026-06-15T18:09:28.695745;70;CHAUDE;69300;13860
80164429500025;801644295;MANKO MONTAIGNE;MANKO;;56.10A;PRIV_RESTAURANT;PRIVE;Restauration traditionnelle;15 AVENUE MONTAIGNE 75008 PARIS;75008;PARIS;75;Île-de-France;11;21;21;50 à 99 salariés;99;O;ETI;4;2014-10-07;11.737166324435318;48.865933753;2.3028153342;False;5710;[];[];56.10A;2026-06-15T18:09:29.050260;70;CHAUDE;69300;13860
81346472400026;813464724;SOCIETE D'EXPLOITATION RIVOLI (LOULOU);LOULOU;;56.10A;PRIV_RESTAURANT;PRIVE;Restauration traditionnelle;107 RUE DE RIVOLI 75001 PARIS;75001;PARIS;75;Île-de-France;11;21;21;50 à 99 salariés;99;O;PME;5;2015-10-01;10.754277891854894;48.863026733;2.3334604278;False;5710;[];[];56.10A;2026-06-15T18:09:29.403729;70;CHAUDE;69300;13860
57220300800030;572203008;CAFE RUC;;;56.10A;PRIV_RESTAURANT;PRIVE;Restauration traditionnelle;159 RUE SAINT-HONORE 75001 PARIS;75001;PARIS;75;Île-de-France;11;21;21;50 à 99 salariés;99;O;ETI;3;1900-01-01;126.4996577686516;48.863058421;2.3351151017;True;5710;[];[];56.10A;2026-06-15T18:09:29.686306;70;CHAUDE;69300;13860
57220300800022;572203008;CAFE RUC;;;56.10A;PRIV_RESTAURANT;PRIVE;Restauration traditionnelle;174 RUE DE RIVOLI 75001 PARIS;75001;PARIS;75;Île-de-France;11;21;21;50 à 99 salariés;99;N;ETI;3;1900-01-01;126.4996577686516;48.862927167;2.3349623377;False;5710;[];[];56.10A;2026-06-15T18:09:29.686306;70;CHAUDE;69300;13860
82118045200020;821180452;BRIQUE HOUSE PARIS;LE BALROCK;;56.10A;PRIV_RESTAURANT;PRIVE;Restauration traditionnelle;161 RUE MONTMARTRE 75002 PARIS;75002;PARIS;75;Île-de-France;11;21;21;50 à 99 salariés;99;O;PME;3;2016-06-04;10.078028747433263;48.870923915;2.342737433;False;5710;[];[];56.10A;2026-06-15T18:09:30.979158;70;CHAUDE;69300;13860
90040190200037;900401902;RL EXPLOITATION;;;56.10A;PRIV_RESTAURANT;PRIVE;Restauration traditionnelle;173 BOULEVARD SAINT-GERMAIN 75006 PARIS;75006;PARIS;75;Île-de-France;11;21;21;50 à 99 salariés;99;O;PME;3;2023-05-24;3.1101984941820677;48.854066678;2.3306576902;False;5710;[];[];56.10A;2026-06-15T18:09:31.277841;70;CHAUDE;69300;13860
48007843500017;480078435;RESTAURANT DE L AQUARIUM DE PARIS;;;56.10A;PRIV_RESTAURANT;PRIVE;Restauration traditionnelle;5 AVENUE ALBERT DE MUN 75016 PARIS;75016;PARIS;75;Île-de-France;11;21;21;50 à 99 salariés;99;O;PME;1;2004-11-03;21.661875427789184;48.862102238;2.2907977326;True;5710;[];[];56.10A;2026-06-15T18:09:35.285306;70;CHAUDE;69300;13860
47834330400026;478343304;LE CAFE DE L'HOMME;LE CAFE DE L HOMME;;56.10A;PRIV_RESTAURANT;PRIVE;Restauration traditionnelle;MUSEE DE L HOMME PALAIS DE 17 PL TROCADERO ET 11 NOVEMBRE 75016 PARIS 16;75016;PARIS 16;75;Île-de-France;11;21;21;50 à 99 salariés;99;O;PME;2;2005-01-03;21.49486652977413;48.86184869;2.2872368716;True;5710;[];[];56.10A;2026-06-15T18:09:37.592806;70;CHAUDE;69300;13860
42990359400019;429903594;SNC LE MURAT;;;56.10A;PRIV_RESTAURANT;PRIVE;Restauration traditionnelle;83 RUE D'AUTEUIL 75016 PARIS;75016;PARIS;75;Île-de-France;11;21;21;50 à 99 salariés;99;O;PME;1;2000-03-17;26.2943189596167;48.847796991;2.2591197942;True;5202;[];[];56.10A;2026-06-15T18:09:38.468920;70;CHAUDE;69300;13860
43836210500027;438362105;BRASSERIE LIPP LGE;;;56.10A;PRIV_RESTAURANT;PRIVE;Restauration traditionnelle;151 BOULEVARD SAINT-GERMAIN 75006 PARIS;75006;PARIS;75;Île-de-France;11;21;21;50 à 99 salariés;99;O;GE;2;2002-03-29;24.26283367556468;48.853774678;2.3324161238;True;5710;[];[];56.10A;2026-06-15T18:09:39.352755;70;CHAUDE;69300;13860
50136773400016;501367734;SARL DIEP;;;56.10A;PRIV_RESTAURANT;PRIVE;Restauration traditionnelle;55 RUE PIERRE CHARRON 75008 PARIS;75008;PARIS;75;Île-de-France;11;21;21;50 à 99 salariés;99;O;PME;1;2007-12-04;18.57905544147844;48.869631022;2.3029481193;True;5499;[];[];56.10A;2026-06-15T18:09:42.240176;70;CHAUDE;69300;13860
32720408700016;327204087;SEINO VISION;;;56.10A;PRIV_RESTAURANT;PRIVE;Restauration traditionnelle;EMBARCADERE PORT DE LA BOURDONNAIS 75007 PARIS;75007;PARIS;75;Île-de-France;11;31;31;200 à 249 salariés;249;O;GE;1;1983-04-26;43.186858316221766;48.860371586;2.2938197038;True;5710;[];[];56.10A;2026-06-15T18:09:44.146226;70;CHAUDE;174300;34860
31134941900011;311349419;SOC DE RESTAURATION JB (SRJB);;SRJB;56.10A;PRIV_RESTAURANT;PRIVE;Restauration traditionnelle;15 B RUE DE VAUGIRARD 75006 PARIS;75006;PARIS;75;Île-de-France;11;21;21;50 à 99 salariés;99;O;PME;1;1977-01-01;49.50034223134839;48.848507072;2.3373053246;True;5710;[];[];56.10A;2026-06-15T18:09:44.753275;70;CHAUDE;69300;13860
31563383400041;315633834;SERVICES ET CONSOMMATIONS;;;56.10A;PRIV_RESTAURANT;PRIVE;Restauration traditionnelle;11 QUAI DE CONTI 75006 PARIS;75006;PARIS;75;Île-de-France;11;21;21;50 à 99 salariés;99;O;PME;3;2015-06-02;11.08555783709788;48.856560055;2.3389421383;True;5710;[];[];56.10A;2026-06-15T18:09:45.885680;70;CHAUDE;69300;13860
33436594700012;334365947;DEUX MAGOTS;;;56.10A;PRIV_RESTAURANT;PRIVE;Restauration traditionnelle;6 PLACE SAINT-GERMAIN DES PRES 75006 PARIS;75006;PARIS;75;Île-de-France;11;21;21;50 à 99 salariés;99;O;PME;1;1985-11-22;40.610540725530456;48.854232298;2.3331952751;True;5710;[];[];56.10A;2026-06-15T18:09:46.187537;70;CHAUDE;69300;13860
38859385700013;388593857;LE GRAND COLBERT;;;56.10A;PRIV_RESTAURANT;PRIVE;Restauration traditionnelle;4 RUE VIVIENNE 75002 PARIS;75002;PARIS;75;Île-de-France;11;21;21;50 à 99 salariés;99;O;PME;1;1992-08-23;33.8590006844627;48.867033307;2.3391344934;True;5499;[];[];56.10A;2026-06-15T18:09:54.385664;70;CHAUDE;69300;13860
38955921200029;389559212;CONGRES MAILLOT;;;56.10A;PRIV_RESTAURANT;PRIVE;Restauration traditionnelle;80 AVENUE DE LA GRANDE ARMEE 75017 PARIS;75017;PARIS;75;Île-de-France;11;21;21;50 à 99 salariés;99;O;ETI;2;1993-10-12;32.72279260780287;48.877544818;2.284599551;True;5710;[];[];56.10A;2026-06-15T18:09:56.006276;70;CHAUDE;69300;13860
39012665400024;390126654;AUTEUIL BRASSERIE;AUTEUIL-BRASSERIE;;56.10A;PRIV_RESTAURANT;PRIVE;Restauration traditionnelle;78 RUE D'AUTEUIL 75016 PARIS;75016;PARIS;75;Île-de-France;11;21;21;50 à 99 salariés;99;O;GE;3;1996-03-28;30.26420260095825;48.848356746;2.2598734657;True;5499;[];[];56.10A;2026-06-15T18:09:56.006276;70;CHAUDE;69300;13860
40914298100052;409142981;ROYALTY;;;56.10A;PRIV_RESTAURANT;PRIVE;Restauration traditionnelle;35 AVENUE DES CHAMPS ELYSEES 75008 PARIS;75008;PARIS;75;Île-de-France;11;21;21;50 à 99 salariés;99;O;PME;5;2002-12-30;23.50718685831622;48.869668932;2.306331137;True;5710;[];[];56.10A;2026-06-15T18:09:59.351307;70;CHAUDE;69300;13860
91986386000012;919863860;SHINKO OPERA;;;56.10A;PRIV_RESTAURANT;PRIVE;Restauration traditionnelle;27 BOULEVARD DES ITALIENS 75002 PARIS;75002;PARIS;75;Île-de-France;11;21;21;50 à 99 salariés;99;O;PME;1;2022-09-29;3.759069130732375;48.871012151;2.3354262503;True;5710;[];[];56.10A;2026-06-15T18:10:04.176840;70;CHAUDE;69300;13860
91084677300026;910846773;IRASSHAI;IRASSHAI;;56.10A;PRIV_RESTAURANT;PRIVE;Restauration traditionnelle;40 RUE DU LOUVRE 75001 PARIS;75001;PARIS;75;Île-de-France;11;21;21;50 à 99 salariés;99;O;PME;2;2023-08-17;2.8774811772758384;48.862551672;2.3420370642;True;5710;[];[];56.10A;2026-06-15T18:10:11.967681;70;CHAUDE;69300;13860
91503109000011;915031090;CESAR SAINT HONORE RESTAURATION;;;56.10A;PRIV_RESTAURANT;PRIVE;Restauration traditionnelle;19 RUE DANIELLE CASANOVA 75001 PARIS;75001;PARIS;75;Île-de-France;11;21;21;50 à 99 salariés;99;O;PME;1;2022-06-28;4.01368925393566;48.867702862;2.3320050616;True;5710;[];[];56.10A;2026-06-15T18:10:14.236028;70;CHAUDE;69300;13860
84956900900038;849569009;FOOD SOCIETY PARIS (FOOD SOCIETY PARIS (GAITE));FOOD SOCIETY PARIS (GAITE);;56.10A;PRIV_RESTAURANT;PRIVE;Restauration traditionnelle;LES ATELIERS GAITE 68 AVENUE DU MAINE 75014 PARIS;75014;PARIS;75;Île-de-France;11;22;22;100 à 199 salariés;199;O;PME;3;2022-01-20;4.4490075290896645;48.839209222;2.3217945366;True;5710;[];[];56.10A;2026-06-15T18:10:34.440655;70;CHAUDE;139300;27860
85032344500021;850323445;NEKO RAMEN;;;56.10A;PRIV_RESTAURANT;PRIVE;Restauration traditionnelle;6 RUE DE LA GRANGE BATELIERE 75009 PARIS;75009;PARIS;75;Île-de-France;11;21;21;50 à 99 salariés;99;N;PME;2;2019-07-11;6.978781656399726;48.87313126;2.3421492359;True;5710;[];[];56.10A;2026-06-15T18:10:35.178413;70;CHAUDE;69300;13860
58211448400014;582114484;SOCIETE LE DOME;;;56.10A;PRIV_RESTAURANT;PRIVE;Restauration traditionnelle;108 BOULEVARD DU MONTPARNASSE 75014 PARIS;75014;PARIS;75;Île-de-France;11;21;21;50 à 99 salariés;99;O;PME;1;1958-01-01;68.50102669404518;48.842052863;2.3287988071;True;5499;[];[];56.10A;2026-06-15T18:10:40.876317;70;CHAUDE;69300;13860
59200619100015;592006191;PRINCESSE SA;;;56.10A;PRIV_RESTAURANT;PRIVE;Restauration traditionnelle;15 RUE PRINCESSE 75006 PARIS;75006;PARIS;75;Île-de-France;11;21;21;50 à 99 salariés;99;O;PME;1;1984-03-15;42.299794661190965;48.852044287;2.334654911;True;5710;[];[];56.10A;2026-06-15T18:10:40.876317;70;CHAUDE;69300;13860
50823001800014;508230018;LES JARDINS DE PRESBOURG (LES JARDINS DE PRESBOURG);LES JARDINS DE PRESBOURG;;56.10A;PRIV_RESTAURANT;PRIVE;Restauration traditionnelle;3 AVENUE DE LA GRANDE ARMEE 75016 PARIS;75016;PARIS;75;Île-de-France;11;21;21;50 à 99 salariés;99;O;ETI;2;2008-09-23;17.7741273100616;48.874191309;2.2926585928;True;5710;[];[];56.10A;2026-06-15T18:10:46.708228;70;CHAUDE;69300;13860
81243886900032;812438869;VIVITALY;EATALY;;56.10A;PRIV_RESTAURANT;PRIVE;Restauration traditionnelle;37 RUE STE CROIX BRETONNERIE 75004 PARIS 04;75004;PARIS 04;75;Île-de-France;11;31;31;200 à 249 salariés;249;N;GE;4;2018-09-03;7.83025325119781;48.858697034;2.3544326299;True;5710;[];[];56.10A;2026-06-15T18:11:04.735576;70;CHAUDE;174300;34860
81344288600012;813442886;DAROCO;;;56.10A;PRIV_RESTAURANT;PRIVE;Restauration traditionnelle;6 RUE VIVIENNE 75002 PARIS;75002;PARIS;75;Île-de-France;11;21;21;50 à 99 salariés;99;O;PME;1;2015-09-04;10.82819986310746;48.867148611;2.3391848325;True;5710;[];[];56.10A;2026-06-15T18:11:07.103790;70;CHAUDE;69300;13860
78427305400014;784273054;LA CLOSERIE DES LILAS;;;56.10A;PRIV_RESTAURANT;PRIVE;Restauration traditionnelle;171 BLD DU MONTPARNASSE 171 BOULEVARD DU MONTPARNASSE 75006 PARIS;75006;PARIS;75;Île-de-France;11;21;21;50 à 99 salariés;99;O;PME;2;1900-01-01;126.4996577686516;48.840102515;2.3359566249;True;5710;[];[];56.10A;2026-06-15T18:11:11.408835;70;CHAUDE;69300;13860
53744518100010;537445181;LAPEROUSE HOLDING;;;56.10A;PRIV_RESTAURANT;PRIVE;Restauration traditionnelle;51 QUAI DES GRANDS AUGUSTINS 75006 PARIS;75006;PARIS;75;Île-de-France;11;21;21;50 à 99 salariés;99;O;ETI;4;2011-10-14;14.718685831622176;48.855123991;2.341588972;True;5710;[];[];56.10A;2026-06-15T18:11:17.132619;70;CHAUDE;69300;13860
54204797200014;542047972;ANCIEN RESTAURANT CHARTIER;;;56.10A;PRIV_RESTAURANT;PRIVE;Restauration traditionnelle;7 RUE DU FAUBOURG MONTMARTRE 75009 PARIS;75009;PARIS;75;Île-de-France;11;21;21;50 à 99 salariés;99;O;ETI;2;1954-01-01;72.50102669404518;48.871919346;2.3430398022;True;5710;[];[];56.10A;2026-06-15T18:11:19.623016;70;CHAUDE;69300;13860
59206035400012;592060354;MONTAIGNE ALMA;CHEZ FRANCIS;;56.10A;PRIV_RESTAURANT;PRIVE;Restauration traditionnelle;7 PLACE DE L ALMA 1 AVENUE MONTAIGNE 75008 PARIS;75008;PARIS;75;Île-de-France;11;21;21;50 à 99 salariés;99;O;PME;1;1959-01-01;67.50171115674196;48.865027668;2.3020452798;True;5710;[];[];56.10A;2026-06-15T18:11:19.623016;70;CHAUDE;69300;13860
42126350000041;421263500;SOCIETE FLO EVERGREEN;RAINFOREST CAFE;;56.10A;PRIV_RESTAURANT;PRIVE;Restauration traditionnelle;55 RUE DEGUINGAND 92300 LEVALLOIS-PERRET;92300;LEVALLOIS-PERRET;92;Île-de-France;11;22;22;100 à 199 salariés;199;N;GE;5;2022-12-12;3.5564681724846;48.894184072192;2.29695280931253;True;5710;[];[];56.10A;2026-06-15T18:11:30.953114;70;CHAUDE;139300;27860
44520178300047;445201783;FLO KINGDOM;;;56.10A;PRIV_RESTAURANT;PRIVE;Restauration traditionnelle;55 RUE DEGUINGAND 92300 LEVALLOIS-PERRET;92300;LEVALLOIS-PERRET;92;Île-de-France;11;22;22;100 à 199 salariés;199;N;GE;5;2022-12-12;3.5564681724846;48.894184072192;2.29695280931253;True;5710;[];[];56.10A;2026-06-15T18:11:30.954621;70;CHAUDE;139300;27860
38830044400071;388300444;OB HOLDING;;;56.10A;PRIV_RESTAURANT;PRIVE;Restauration traditionnelle;55 RUE DEGUINGAND 92300 LEVALLOIS-PERRET;92300;LEVALLOIS-PERRET;92;Île-de-France;11;22;22;100 à 199 salariés;199;O;GE;8;2022-11-21;3.6139630390143735;48.894184072192;2.29695280931253;True;5710;[];[];56.10A;2026-06-15T18:13:22.474552;70;CHAUDE;139300;27860
80897782100087;808977821;STREET GROUP;STREET BANGKOK;;56.10C;PRIV_RESTAURANT;PRIVE;Restauration;12 RUE ARISTIDE BRIAND 92300 LEVALLOIS-PERRET;92300;LEVALLOIS-PERRET;92;Île-de-France;11;22;22;100 à 199 salariés;199;O;PME;17;2019-10-25;6.688569472963724;48.8895345008898;2.28179129033031;False;5710;[];[];56.10A;2026-06-15T18:13:39.773949;70;CHAUDE;139300;27860
52382845700045;523828457;MAITRE DU TERROIR (COUTUME);COUTUME LA DEFENSE;;56.10A;PRIV_RESTAURANT;PRIVE;Restauration traditionnelle;8 B ESPLANADE DU GENERAL DE GAULLE 92400 COURBEVOIE;92400;COURBEVOIE;92;Île-de-France;11;21;21;50 à 99 salariés;99;O;ETI;13;2022-01-02;4.498288843258043;48.889005164;2.2475826022;False;5710;[];[];56.10A;2026-06-15T18:13:39.774962;70;CHAUDE;69300;13860
92108052900032;921080529;NCI SGA MANAGEMENT;;;56.10A;PRIV_RESTAURANT;PRIVE;Restauration traditionnelle;6 RUE BELLINI 92800 PUTEAUX;92800;PUTEAUX;92;Île-de-France;11;21;21;50 à 99 salariés;99;O;PME;10;2024-05-17;2.127310061601643;48.8862306881045;2.25044658653605;False;5710;[];[];56.10A;2026-06-15T18:13:39.774962;70;CHAUDE;69300;13860
81282918200029;812829182;IL GRANO;;;82.11Z;PRIV_BUREAU;PRIVE;Services administratifs combinés;36 BOULEVARD D'ARGENSON 92200 NEUILLY-SUR-SEINE;92200;NEUILLY-SUR-SEINE;92;Île-de-France;11;12;12;20 à 49 salariés;49;N;PME;2;2021-06-28;5.0130047912388775;48.8873128221833;2.2666335446006;False;5499;[];[];56.10A;2026-06-15T18:13:43.494996;70;CHAUDE;29400;5880
32523127200080;325231272;BERTRAND CASUAL FOOD SERVICES SNC;;;56.10A;PRIV_RESTAURANT;PRIVE;Restauration traditionnelle;34 RUE MOZART 92110 CLICHY;92110;CLICHY;92;Île-de-France;11;32;32;250 à 499 salariés;499;O;GE;6;2025-06-01;1.0869267624914445;48.9061890414731;2.31699244259332;False;5202;[];[];56.10A;2026-06-15T18:13:46.234333;70;CHAUDE;349300;69860
89496752000012;894967520;B&Z INVESTMENT;STAYA;;56.10A;PRIV_RESTAURANT;PRIVE;Restauration traditionnelle;8 PLACE CHARRAS 92400 COURBEVOIE;92400;COURBEVOIE;92;Île-de-France;11;21;21;50 à 99 salariés;99;O;PME;1;2021-02-06;5.401779603011636;48.894648675;2.2490465263;True;5499;[];[];56.10A;2026-06-15T18:13:57.861500;70;CHAUDE;69300;13860
39999911900015;399999119;WAZI;;;56.10A;PRIV_RESTAURANT;PRIVE;Restauration traditionnelle;14 PLACE DU MARCHE 92200 NEUILLY-SUR-SEINE;92200;NEUILLY-SUR-SEINE;92;Île-de-France;11;21;21;50 à 99 salariés;99;O;ETI;1;1995-01-02;31.498973305954827;48.880752013;2.2755912211;True;5710;[];[];56.10A;2026-06-15T18:14:22.835989;70;CHAUDE;69300;13860
50167469100024;501674691;JULIEN;JULIEN;;56.10A;PRIV_RESTAURANT;PRIVE;Restauration traditionnelle;5-6-TOUR MANHATTAN 16 RUE DU FAUBOURG SAINT-DENIS 75010 PARIS;75010;PARIS;75;Île-de-France;11;21;21;50 à 99 salariés;99;O;ETI;2;2008-03-01;18.338124572210816;48.870557589;2.3531666424;True;5710;[];[];56.10A;2026-06-15T18:14:24.884216;70;CHAUDE;69300;13860
44933116400037;449331164;BRASSERIE POLPO;O RESTAURANT;;56.10A;PRIV_RESTAURANT;PRIVE;Restauration traditionnelle;47 QUAI CHARLES PASQUA 92300 LEVALLOIS-PERRET;92300;LEVALLOIS-PERRET;92;Île-de-France;11;21;21;50 à 99 salariés;99;O;GE;3;2006-09-28;19.761806981519506;48.8991788054407;2.2793224940917;True;5710;[];[];56.10A;2026-06-15T18:14:25.196212;70;CHAUDE;69300;13860
53385404800014;533854048;LIVIO;LIVIO;;56.10A;PRIV_RESTAURANT;PRIVE;Restauration traditionnelle;6 RUE DE LONGCHAMP 92200 NEUILLY-SUR-SEINE;92200;NEUILLY-SUR-SEINE;92;Île-de-France;11;21;21;50 à 99 salariés;99;O;PME;1;2011-07-05;14.99520876112252;48.884578596;2.2580979316;True;5499;[];[];56.10A;2026-06-15T18:14:30.319776;70;CHAUDE;69300;13860
84108585500028;841085855;MAPLAGE;SPLASH;;56.10A;PRIV_RESTAURANT;PRIVE;Restauration traditionnelle;PENICHE ALPAGA 3 PORT VAN GOGH 2 QUAI AULAGNIER 92600 ASNIERES-SUR-SEINE;92600;ASNIERES-SUR-SEINE;92;Île-de-France;11;21;21;50 à 99 salariés;99;O;ETI;3;2019-09-01;6.836413415468857;48.9123773692536;2.30235139783899;True;5710;[];[];56.10A;2026-06-15T18:14:42.254085;70;CHAUDE;69300;13860
82811334000016;828113340;EVAN;BEEFCUT;;56.10A;PRIV_RESTAURANT;PRIVE;Restauration traditionnelle;24 RUE DE BEZONS 92400 COURBEVOIE;92400;COURBEVOIE;92;Île-de-France;11;21;21;50 à 99 salariés;99;O;PME;1;2017-03-06;9.325119780971937;48.895780446;2.2499448814;True;5499;[];[];56.10A;2026-06-15T18:14:54.631145;70;CHAUDE;69300;13860
78432864300019;784328643;LA FERMETTE MARBEUF;LA FERMETTE MARBEUF;;56.10A;PRIV_RESTAURANT;PRIVE;Restauration traditionnelle;5 RUE MARBEUF 75008 PARIS;75008;PARIS;75;Île-de-France;11;21;21;50 à 99 salariés;99;O;PME;4;1959-01-01;67.50171115674196;48.867493941;2.3020899391;True;5710;[];[];56.10A;2026-06-15T18:16:14.608485;70;CHAUDE;69300;13860
38955919600024;389559196;AUBERGE DAB;;;56.10A;PRIV_RESTAURANT;PRIVE;Restauration traditionnelle;161 AVENUE DE MALAKOFF 75016 PARIS;75016;PARIS;75;Île-de-France;11;21;21;50 à 99 salariés;99;O;ETI;2;1993-10-13;32.720054757015745;48.876568542;2.2834047957;True;5710;[];[];56.10A;2026-06-15T18:16:57.210210;70;CHAUDE;69300;13860
44441077300204;444410773;MY AUCHAN;A DEUX PAS;;47.11C;PRIV_COMMERCE;PRIVE;Commerce / centres commerciaux;30 AVENUE DU GENERAL MICHEL BIZOT 75012 PARIS;75012;PARIS;75;Île-de-France;11;21;21;50 à 99 salariés;99;O;GE;25;2016-01-01;10.50239561943874;48.833629013;2.3996216853;False;5710;[];[];47.11D;2026-06-15T18:17:51.275314;70;CHAUDE;49500;9900
48000051200032;480000512;ETABLISSEMENTS CUNY;;;47.11E;PRIV_COMMERCE;PRIVE;Commerce / centres commerciaux;70 72 RUE DU FG DU TEMPLE 169 RUE SAINT-MAUR 75011 PARIS;75011;PARIS;75;Île-de-France;11;22;22;100 à 199 salariés;199;O;ETI;3;2005-08-30;20.84052019164956;48.869994219;2.3728152336;False;5710;[];[];47.11D;2026-06-15T18:17:51.276315;70;CHAUDE;99500;19900
81973073000044;819730730;DISTRIVOLTAIRE;CARREFOUR EXPRESS;;47.11D;PRIV_COMMERCE;PRIVE;Centres commerciaux;57 RUE BLANCHE 75009 PARIS;75009;PARIS;75;Île-de-France;11;12;12;20 à 49 salariés;49;O;PME;4;2025-04-25;1.188227241615332;48.8816389872994;2.33156599442053;True;5499;[];[];47.11D;2026-06-15T18:17:51.276315;70;CHAUDE;24500;4900
91142999100027;911429991;DEMOURS MARKET;CARREFOUR MARKET;;47.11D;PRIV_COMMERCE;PRIVE;Centres commerciaux;3 RUE PIERRE DEMOURS 75017 PARIS;75017;PARIS;75;Île-de-France;11;12;12;20 à 49 salariés;49;O;PME;2;2022-04-01;4.254620123203286;48.87982752;2.2913735287;True;5710;[];[];47.11D;2026-06-15T18:17:51.620000;70;CHAUDE;24500;4900
89091204100021;890912041;VOS COURSES ICI !;CARREFOUR CITY;;47.11D;PRIV_COMMERCE;PRIVE;Centres commerciaux;55 RUE DE GRENELLE 75007 PARIS;75007;PARIS;75;Île-de-France;11;12;12;20 à 49 salariés;49;O;PME;3;2021-12-01;4.58590006844627;48.854611901;2.3253470283;True;5499;[];[];47.11D;2026-06-15T18:17:51.942718;70;CHAUDE;24500;4900
51364796600011;513647966;CUNY DEVELOPPEMENT;;;47.11C;PRIV_COMMERCE;PRIVE;Commerce / centres commerciaux;73 RUE SAINT-ANTOINE 75004 PARIS;75004;PARIS;75;Île-de-France;11;12;12;20 à 49 salariés;49;N;ETI;2;2009-07-01;17.00479123887748;48.854361378;2.363164569;True;5710;[];[];47.11D;2026-06-15T18:17:51.942718;70;CHAUDE;24500;4900
53820323300035;538203233;MILDIS;CARREFOUR CITY;;47.11D;PRIV_COMMERCE;PRIVE;Centres commerciaux;ET 42 AVENUE DE LA MOTTE PICQUET 85 AVENUE BOSQUET 75007 PARIS;75007;PARIS;75;Île-de-France;11;12;12;20 à 49 salariés;49;O;PME;3;2014-06-02;12.084873374401097;48.854922729;2.3056342122;False;5710;[];[];47.11D;2026-06-15T18:17:51.942718;70;CHAUDE;24500;4900
71203743100012;712037431;SUPER DOMINIQUE;;;47.11D;PRIV_COMMERCE;PRIVE;Centres commerciaux;143 RUE SAINT-DOMINIQUE 75007 PARIS;75007;PARIS;75;Île-de-France;11;12;12;20 à 49 salariés;49;O;PME;2;1971-01-01;55.50171115674196;48.857963733;2.3012021821;True;5499;[];[];47.11D;2026-06-15T18:17:51.943721;70;CHAUDE;24500;4900
71203743100038;712037431;SUPER DOMINIQUE;;;47.11B;PRIV_COMMERCE;PRIVE;Commerce / centres commerciaux;6 RUE AUGEREAU 75007 PARIS;75007;PARIS;75;Île-de-France;11;12;12;20 à 49 salariés;49;N;PME;2;1993-10-01;32.75290896646133;48.857667127;2.3016954652;False;5499;[];[];47.11D;2026-06-15T18:17:51.943721;70;CHAUDE;24500;4900
78968066700019;789680667;RAMEYDIS;CARREFOUR CITY;;47.11D;PRIV_COMMERCE;PRIVE;Centres commerciaux;31 RUE RAMEY 75018 PARIS;75018;PARIS;75;Île-de-France;11;12;12;20 à 49 salariés;49;O;PME;2;2012-11-21;13.612594113620808;48.888690223;2.3465131196;True;5710;[];[];47.11D;2026-06-15T18:17:52.254685;70;CHAUDE;24500;4900
78968066700027;789680667;RAMEYDIS;CARREFOUR CITY;;47.11D;PRIV_COMMERCE;PRIVE;Centres commerciaux;29 RUE RAMEY 75018 PARIS;75018;PARIS;75;Île-de-France;11;12;12;20 à 49 salariés;49;N;PME;2;2013-11-01;12.668035592060232;48.888595147;2.3465593172;False;5710;[];[];47.11D;2026-06-15T18:17:52.254685;70;CHAUDE;24500;4900
89975596100013;899755961;IFWT - IN FOOD WE TRUST;;;47.11D;PRIV_COMMERCE;PRIVE;Centres commerciaux;31 RUE DE L'ASSOMPTION 75016 PARIS;75016;PARIS;75;Île-de-France;11;12;12;20 à 49 salariés;49;N;PME;2;2021-05-01;5.171800136892539;48.854411294;2.2700234287;True;5710;[];[];47.11D;2026-06-15T18:17:52.680188;70;CHAUDE;24500;4900
48226686300026;482266863;DISTRI-LABROUSTE;;;47.11D;PRIV_COMMERCE;PRIVE;Centres commerciaux;37 RUE LABROUSTE 75015 PARIS;75015;PARIS;75;Île-de-France;11;12;12;20 à 49 salariés;49;O;PME;3;2006-11-01;19.668720054757017;48.833621022;2.3079839501;True;5499;[];[];47.11D;2026-06-15T18:17:52.681304;70;CHAUDE;24500;4900
48226686300034;482266863;DISTRI-LABROUSTE;TANG FRERES;;47.11D;PRIV_COMMERCE;PRIVE;Centres commerciaux;41 RUE LABROUSTE 75015 PARIS;75015;PARIS;75;Île-de-France;11;12;12;20 à 49 salariés;49;N;PME;3;2010-03-31;16.257357973990416;48.833415028;2.3077910539;False;5499;[];[];47.11D;2026-06-15T18:17:52.681304;70;CHAUDE;24500;4900
31114643500079;311146435;SODIGEMA;;;47.11D;PRIV_COMMERCE;PRIVE;Centres commerciaux;67 RUE DE PICPUS 75012 PARIS;75012;PARIS;75;Île-de-France;11;21;21;50 à 99 salariés;99;O;ETI;3;2025-08-26;0.8514715947980835;48.8419314278148;2.39826995415334;False;5710;[];[];47.11D;2026-06-15T18:17:52.681304;70;CHAUDE;49500;9900
96320179300063;963201793;SOC EXPLOIT MAGASIN NORD EST (SEMNE);;SEMNE;47.11D;PRIV_COMMERCE;PRIVE;Centres commerciaux;117 A 119 119 AVENUE DE FLANDRE 75019 PARIS;75019;PARIS;75;Île-de-France;11;21;21;50 à 99 salariés;99;O;ETI;6;1994-10-01;31.753593429158112;48.8914553088957;2.37733534577385;False;5710;[];[];47.11D;2026-06-15T18:17:52.968139;70;CHAUDE;49500;9900
80299655300029;802996553;TALIFRENOY;;;47.11D;PRIV_COMMERCE;PRIVE;Centres commerciaux;14-16 14 RUE DUFRENOY 75016 PARIS;75016;PARIS;75;Île-de-France;11;12;12;20 à 49 salariés;49;O;PME;3;2015-04-09;11.233401779603012;48.866242031;2.2738779825;True;5710;[];[];47.11D;2026-06-15T18:17:52.969606;70;CHAUDE;24500;4900
80299655300037;802996553;TALIFRENOY;;;47.11D;PRIV_COMMERCE;PRIVE;Centres commerciaux;100 RUE DE LA FAISANDERIE 75016 PARIS;75016;PARIS;75;Île-de-France;11;12;12;20 à 49 salariés;49;O;PME;3;2017-11-29;8.591375770020534;48.86603064;2.2739597215;False;5710;[];[];47.11D;2026-06-15T18:17:52.969606;70;CHAUDE;24500;4900
90244992500020;902449925;J&L RETAIL;CARREFOUR MARKET;;47.11D;PRIV_COMMERCE;PRIVE;Centres commerciaux;67 AVENUE DU GENERAL LECLERC 92100 BOULOGNE-BILLANCOURT;92100;BOULOGNE-BILLANCOURT;92;Île-de-France;11;21;21;50 à 99 salariés;99;O;PME;2;2021-10-04;4.744695414099931;48.829639137;2.2328830507;True;5710;[];[];47.11D;2026-06-15T18:18:16.337976;70;CHAUDE;49500;9900
84332061500027;843320615;SAGANE;;;47.11D;PRIV_COMMERCE;PRIVE;Centres commerciaux;39 RUE PIERRE BROSSOLETTE 92600 ASNIERES-SUR-SEINE;92600;ASNIERES-SUR-SEINE;92;Île-de-France;11;12;12;20 à 49 salariés;49;O;PME;2;2019-07-31;6.924024640657084;48.911757007;2.2942419726;True;5710;[];[];47.11D;2026-06-15T18:18:16.338976;70;CHAUDE;24500;4900
81068182500024;810681825;CITIAMIE;INTERMARCHE;;47.11D;PRIV_COMMERCE;PRIVE;Centres commerciaux;61 AVENUE DE LA MARNE 92600 ASNIERES-SUR-SEINE;92600;ASNIERES-SUR-SEINE;92;Île-de-France;11;12;12;20 à 49 salariés;49;O;PME;2;2016-06-22;10.028747433264886;48.908279254;2.2842206412;True;5710;[];[];47.11D;2026-06-15T18:18:17.084521;70;CHAUDE;24500;4900
21940018100059;219400181;COMMUNE DE CHARENTON LE PONT;ECOLE ELEMENTAIRE ARISTIDE BRIAND A;;85.20Z;PUB_ECOLE;PUBLIC;Enseignement primaire;2 PLACE ARISTIDE BRIAND 94220 CHARENTON-LE-PONT;94220;CHARENTON-LE-PONT;94;Île-de-France;11;11;11;10 à 19 salariés;19;N;ETI;32;1983-12-21;42.53251197809719;48.822505531;2.4132867416;False;7210;[];"[""0941377L""]";84.11Z;2026-06-15T15:56:30.570675;70;CHAUDE;9500;1900
21940018100067;219400181;COMMUNE DE CHARENTON LE PONT;ECOLE ELEMENTAIRE ARISTIDE BRIAND B;;85.20Z;PUB_ECOLE;PUBLIC;Enseignement primaire;2 PLACE ARISTIDE BRIAND 94220 CHARENTON-LE-PONT;94220;CHARENTON-LE-PONT;94;Île-de-France;11;11;11;10 à 19 salariés;19;N;ETI;32;1983-12-21;42.53251197809719;48.822505531;2.4132867416;False;7210;[];"[""0941317W""]";84.11Z;2026-06-15T15:56:30.570675;70;CHAUDE;9500;1900
21940018100109;219400181;COMMUNE DE CHARENTON LE PONT;ECOLE ELEMENTAIRE VALMY;;85.20Z;PUB_ECOLE;PUBLIC;Enseignement primaire;2 RUE DE VALMY 94220 CHARENTON-LE-PONT;94220;CHARENTON-LE-PONT;94;Île-de-France;11;11;11;10 à 19 salariés;19;N;ETI;32;1983-12-21;42.53251197809719;48.826883992;2.4025429801;False;7210;[];"[""0941376K""]";84.11Z;2026-06-15T15:56:30.570675;70;CHAUDE;9500;1900
21940018100133;219400181;COMMUNE DE CHARENTON LE PONT;BIBLIOTHEQUE MUNICIPALE;;91.01Z;PUB_MUSEE;PUBLIC;Gestion des bibliothèques;48 RUE DE PARIS 94220 CHARENTON-LE-PONT;94220;CHARENTON-LE-PONT;94;Île-de-France;11;41;41;500 à 999 salariés;999;N;ETI;32;1970-08-10;55.89596167008898;48.819652079;2.4161701061;False;7210;[];[];84.11Z;2026-06-15T15:56:30.570675;70;CHAUDE;649350;129870
21940018100141;219400181;COMMUNE DE CHARENTON LE PONT;EC ELEMENTAIRE PUB ROBERT DESNOS;;85.20Z;PUB_ECOLE;PUBLIC;Enseignement primaire;1 RUE ROBERT GRENET 94220 CHARENTON-LE-PONT;94220;CHARENTON-LE-PONT;94;Île-de-France;11;11;11;10 à 19 salariés;19;N;ETI;32;1991-09-27;34.76522929500342;48.824337953;2.3970045121;False;7210;[];"[""0941917Y""]";84.11Z;2026-06-15T15:56:30.570675;70;CHAUDE;9500;1900
21940002500033;219400025;COMMUNE D ALFORTVILLE;ECOLE ELEMENTAIRE APPLI OCTOBRE;;85.20Z;PUB_ECOLE;PUBLIC;Enseignement primaire;76 RUE MARCELLIN BERTHELOT 94140 ALFORTVILLE;94140;ALFORTVILLE;94;Île-de-France;11;12;12;20 à 49 salariés;49;N;ETI;29;1983-12-21;42.53251197809719;48.809778239;2.4142567472;False;7210;[];"[""0941245T""]";84.11Z;2026-06-15T15:56:30.570675;70;CHAUDE;24500;4900
21940002500058;219400025;COMMUNE D ALFORTVILLE;ECOLE ELEMENTAIRE PUB MONTAIGNE;;85.20Z;PUB_ECOLE;PUBLIC;Enseignement primaire;2 RUE DE BORDEAUX 94140 ALFORTVILLE;94140;ALFORTVILLE;94;Île-de-France;11;12;12;20 à 49 salariés;49;N;ETI;29;1983-12-21;42.53251197809719;48.7877203539383;2.42842267531084;False;7210;[];"[""0941442G""]";84.11Z;2026-06-15T15:56:30.570675;70;CHAUDE;24500;4900
32862092700017;328620927;SOCIETE DE DISTRIBUTION DUPLEIX SODIPLEIX;;;47.11D;PRIV_COMMERCE;PRIVE;Centres commerciaux;N°4-10 4 RUE DUPLEIX 75015 PARIS;75015;PARIS;75;Île-de-France;11;12;12;20 à 49 salariés;49;O;PME;1;1983-11-16;42.62833675564682;48.852033351;2.2985860551;True;5599;[];[];47.11D;2026-06-15T18:17:53.626421;70;CHAUDE;24500;4900
34324784700019;343247847;SOGIGRENELLE;;;47.11D;PRIV_COMMERCE;PRIVE;Centres commerciaux;23 BOULEVARD DE GRENELLE 75015 PARIS;75015;PARIS;75;Île-de-France;11;12;12;20 à 49 salariés;49;O;GE;1;1987-07-10;38.98151950718686;48.853174307;2.2904453839;True;5202;[];[];47.11D;2026-06-15T18:17:53.626421;70;CHAUDE;24500;4900
35064266600019;350642666;SOJIDIS;CARREFOUR CITY;;47.11D;PRIV_COMMERCE;PRIVE;Centres commerciaux;6 RUE DE REMUSAT 75016 PARIS;75016;PARIS;75;Île-de-France;11;12;12;20 à 49 salariés;49;O;PME;1;1989-04-25;37.18822724161533;48.847931831;2.272312254;True;5710;[];[];47.11D;2026-06-15T18:17:53.969318;70;CHAUDE;24500;4900
43785012600032;437850126;GARDENIA;;;47.11D;PRIV_COMMERCE;PRIVE;Centres commerciaux;110 A 116 RUE DE COLOMBES ET 37 RUE ANDRE CAYRON 92600 ASNIERES-SUR-SEINE;92600;ASNIERES-SUR-SEINE;92;Île-de-France;11;21;21;50 à 99 salariés;99;N;PME;3;2011-12-31;14.505133470225871;48.916596803;2.2783425362;False;5710;[];[];47.11D;2026-06-15T18:18:14.842459;70;CHAUDE;49500;9900
66204015300030;662040153;SAS CLAMART VICTOR HUGO;SUPER U;;47.11D;PRIV_COMMERCE;PRIVE;Centres commerciaux;2 AVENUE VICTOR HUGO 92140 CLAMART;92140;CLAMART;92;Île-de-France;11;21;21;50 à 99 salariés;99;O;PME;3;1998-10-23;27.693360711841205;48.802055621;2.2657307927;False;5710;[];[];47.11D;2026-06-15T18:18:15.133155;70;CHAUDE;49500;9900
48886478600014;488864786;AMBRETHAN;LA FERME DE LEVALLOIS;;47.11D;PRIV_COMMERCE;PRIVE;Centres commerciaux;84 RUE DE VILLIERS 92300 LEVALLOIS-PERRET;92300;LEVALLOIS-PERRET;92;Île-de-France;11;12;12;20 à 49 salariés;49;O;PME;2;2006-02-16;20.3750855578371;48.892587219;2.27781908;False;5710;[];[];47.11D;2026-06-15T18:18:15.134154;70;CHAUDE;24500;4900
48486686800017;484866868;MAVICA;INTERMARCHE;;47.11D;PRIV_COMMERCE;PRIVE;Centres commerciaux;9 RUE BERANGER 92240 MALAKOFF;92240;MALAKOFF;92;Île-de-France;11;21;21;50 à 99 salariés;99;O;PME;1;2005-10-26;20.684462696783022;48.821087958;2.3033309564;True;5710;[];[];47.11D;2026-06-15T18:18:15.747807;70;CHAUDE;49500;9900
32114011300010;321140113;MEVIDIS;FRANPRIX;;47.11D;PRIV_COMMERCE;PRIVE;Centres commerciaux;4 RUE MADIRAA 92400 COURBEVOIE;92400;COURBEVOIE;92;Île-de-France;11;12;12;20 à 49 salariés;49;O;PME;1;1981-04-08;45.23477070499658;48.90603437;2.2697373957;True;5710;[];[];47.11D;2026-06-15T18:18:15.747807;70;CHAUDE;24500;4900
37769233000014;377692330;SARL L V D;CARREFOUR CITY;;47.11D;PRIV_COMMERCE;PRIVE;Centres commerciaux;10 RUE HENRI BARBUSSE 92300 LEVALLOIS-PERRET;92300;LEVALLOIS-PERRET;92;Île-de-France;11;12;12;20 à 49 salariés;49;O;PME;1;1990-03-21;36.284736481861735;48.8910717720574;2.28991161687704;True;5710;[];[];47.11D;2026-06-15T18:18:16.052454;70;CHAUDE;24500;4900
83337497800025;833374978;MARTIDIS;CARREFOUR MARKET;;47.11D;PRIV_COMMERCE;PRIVE;Centres commerciaux;45 RUE GUY MOQUET 75017 PARIS;75017;PARIS;75;Île-de-France;11;12;12;20 à 49 salariés;49;O;PME;2;2017-12-01;8.58590006844627;48.89254256;2.3240567194;True;5710;[];[];47.11D;2026-06-15T18:17:59.547858;70;CHAUDE;24500;4900
84826889200017;848268892;URAIWAN (URAIWAN);CARREFOUR CITY;;47.11D;PRIV_COMMERCE;PRIVE;Centres commerciaux;35 RUE JUSSIEU 75005 PARIS;75005;PARIS;75;Île-de-France;11;12;12;20 à 49 salariés;49;O;PME;1;2019-02-04;7.408624229979466;48.847011575;2.3535548317;True;5499;[];[];47.11D;2026-06-15T18:17:59.888967;70;CHAUDE;24500;4900
84165701800021;841657018;MONGEDIS;CARREFOUR CITY;;47.11D;PRIV_COMMERCE;PRIVE;Centres commerciaux;34 RUE MONGE 75005 PARIS;75005;PARIS;75;Île-de-France;11;12;12;20 à 49 salariés;49;O;PME;2;2018-08-13;7.887748117727583;48.846071407;2.3516642263;True;5499;[];[];47.11D;2026-06-15T18:17:59.889967;70;CHAUDE;24500;4900
91921772900012;919217729;BA DISTRIBUTION;CARREFOUR MARKET;;47.11D;PRIV_COMMERCE;PRIVE;Centres commerciaux;19 BOULEVARD ORNANO 75018 PARIS;75018;PARIS;75;Île-de-France;11;12;12;20 à 49 salariés;49;O;PME;1;2022-09-30;3.756331279945243;48.892539354;2.3480519472;True;5499;[];[];47.11D;2026-06-15T18:18:00.200960;70;CHAUDE;24500;4900
94874176400021;948741764;AMIRDIS;CARREFOUR MARKET;;47.11D;PRIV_COMMERCE;PRIVE;Centres commerciaux;165 RUE NATIONALE 75013 PARIS;75013;PARIS;75;Île-de-France;11;21;21;50 à 99 salariés;99;O;PME;2;2023-04-03;3.249828884325804;48.832431972;2.3623670209;True;5710;[];[];47.11D;2026-06-15T18:18:00.920127;70;CHAUDE;49500;9900
81010669000029;810106690;TALIFEDE;;;47.11D;PRIV_COMMERCE;PRIVE;Centres commerciaux;52-54 52 RUE DE LA FEDERATION 75015 PARIS;75015;PARIS;75;Île-de-France;11;12;12;20 à 49 salariés;49;O;PME;2;2015-12-22;10.52977412731006;48.853543286;2.2947456345;True;5499;[];[];47.11D;2026-06-15T18:18:01.619569;70;CHAUDE;24500;4900
81156596900029;811565969;LAGACHERE (LAGACHERE);INTERMARCHE;;47.11D;PRIV_COMMERCE;PRIVE;Centres commerciaux;60 RUE CHARDON-LAGACHE 75016 PARIS;75016;PARIS;75;Île-de-France;11;12;12;20 à 49 salariés;49;O;PME;2;2016-12-16;9.544147843942506;48.842669044;2.2644228203;True;5710;[];[];47.11D;2026-06-15T18:18:01.619569;70;CHAUDE;24500;4900
72205443400013;722054434;A LA BONNE SOURCE;FRANPRIX;;47.11D;PRIV_COMMERCE;PRIVE;Centres commerciaux;122 A 124 122 RUE MOUFFETARD 75005 PARIS;75005;PARIS;75;Île-de-France;11;12;12;20 à 49 salariés;49;O;GE;2;1972-01-01;54.50239561943874;48.840160956;2.3497048951;True;5202;[];[];47.11D;2026-06-15T18:18:01.620568;70;CHAUDE;24500;4900
82926747500012;829267475;E.R.D;CARREFOUR CITY;;47.11D;PRIV_COMMERCE;PRIVE;Centres commerciaux;9-11 9 RUE ERNEST RENAN 92130 ISSY-LES-MOULINEAUX;92130;ISSY-LES-MOULINEAUX;92;Île-de-France;11;12;12;20 à 49 salariés;49;O;PME;1;2017-04-26;9.1854893908282;48.829357968;2.2834389856;True;5710;[];[];47.11D;2026-06-15T18:18:17.084521;70;CHAUDE;24500;4900
80249866700046;802498667;HOUDIS;;;47.11D;PRIV_COMMERCE;PRIVE;Centres commerciaux;95 BOULEVARD JEAN JAURES 78800 HOUILLES;78800;HOUILLES;78;Île-de-France;11;22;22;100 à 199 salariés;199;O;PME;4;2016-10-28;9.678302532511978;48.9219165753483;2.19846261337828;True;5710;[];[];47.11D;2026-06-15T18:18:06.881525;70;CHAUDE;99500;19900
95073957300026;950739573;JDC DISTRI;CARREFOUR MARKET;;47.11D;PRIV_COMMERCE;PRIVE;Centres commerciaux;37 RUE DE LYON 75012 PARIS;75012;PARIS;75;Île-de-France;11;21;21;50 à 99 salariés;99;O;PME;2;2023-04-27;3.184120465434634;48.848465436;2.3705830249;True;5499;[];[];47.11D;2026-06-15T18:18:02.585117;70;CHAUDE;49500;9900
38765154000024;387651540;SOGIQUATRE;FRANPRIX;;47.11D;PRIV_COMMERCE;PRIVE;Centres commerciaux;17 BOULEVARD HENRI IV 75004 PARIS;75004;PARIS;75;Île-de-France;11;12;12;20 à 49 salariés;49;O;PME;2;2012-08-01;13.919233401779604;48.851690976;2.3637480491;True;5710;[];[];47.11D;2026-06-15T18:17:53.969318;70;CHAUDE;24500;4900
38770435600022;387704356;BASTILLE RIVOLI DISTRIBUTION;;;47.11D;PRIV_COMMERCE;PRIVE;Centres commerciaux;115 A 117 115 RUE SAINT-ANTOINE 75004 PARIS;75004;PARIS;75;Île-de-France;11;12;12;20 à 49 salariés;49;O;PME;2;1992-06-29;34.00958247775496;48.855038631;2.3608107595;True;5710;[];[];47.11D;2026-06-15T18:17:53.969318;70;CHAUDE;24500;4900
38980430300011;389804303;DISTRIBUTION ALIMENTAIRE DE LA CHAPELLE;;;47.11D;PRIV_COMMERCE;PRIVE;Centres commerciaux;008 A 010 8 RUE DE L'EVANGILE 75018 PARIS;75018;PARIS;75;Île-de-France;11;12;12;20 à 49 salariés;49;O;ETI;1;1993-01-03;33.49486652977413;48.891790025;2.3616369761;True;5710;[];[];47.11D;2026-06-15T18:17:53.969318;70;CHAUDE;24500;4900
30765967200017;307659672;SOGILOURMEL;FRANPRIX;;47.11D;PRIV_COMMERCE;PRIVE;Centres commerciaux;32 A 34 32 RUE DE LOURMEL 75015 PARIS;75015;PARIS;75;Île-de-France;11;12;12;20 à 49 salariés;49;O;GE;1;1976-01-01;50.50239561943874;48.848647568;2.2905547161;True;5202;[];[];47.11D;2026-06-15T18:17:53.969318;70;CHAUDE;24500;4900
84959826300028;849598263;ALIFADE;;;47.11D;PRIV_COMMERCE;PRIVE;Centres commerciaux;7 RUE DE CAUMARTIN 75009 PARIS;75009;PARIS;75;Île-de-France;11;12;12;20 à 49 salariés;49;O;PME;2;2024-01-22;2.4449007529089664;48.870670259;2.3276869186;True;5499;[];[];47.11D;2026-06-15T18:17:55.201426;70;CHAUDE;24500;4900
88519655000028;885196550;TURGODIS;CARREFOUR MARKET;;47.11D;PRIV_COMMERCE;PRIVE;Centres commerciaux;61-65 - 12 RUE TURGOT 61 RUE MARGUERITE DE ROCHECHOUART 75009 PARIS;75009;PARIS;75;Île-de-France;11;12;12;20 à 49 salariés;49;N;PME;2;2020-11-02;5.664613278576318;48.880363584;2.3462289907;True;5710;[];[];47.11D;2026-06-15T18:17:55.201426;70;CHAUDE;24500;4900
55206657300015;552066573;MULTIPRIX (SUPER U);;SUPER U;47.11D;PRIV_COMMERCE;PRIVE;Centres commerciaux;103 AVENUE DE CLICHY 75017 PARIS;75017;PARIS;75;Île-de-France;11;12;12;20 à 49 salariés;49;O;PME;1;1955-01-01;71.50171115674196;48.889089116;2.3218084812;True;5710;[];[];47.11D;2026-06-15T18:17:55.202427;70;CHAUDE;24500;4900
50449677900043;504496779;VAUGIRARD DISTRIBUTION;;;47.11D;PRIV_COMMERCE;PRIVE;Centres commerciaux;18 RUE SOUFFLOT 75005 PARIS;75005;PARIS;75;Île-de-France;11;12;12;20 à 49 salariés;49;O;PME;4;2021-07-07;4.988364134154689;48.847144457;2.3424568432;True;5499;[];[];47.11D;2026-06-15T18:17:55.796543;70;CHAUDE;24500;4900
73202623200015;732026232;SARL SOGIQUINZE;FRANPRIX;;47.11D;PRIV_COMMERCE;PRIVE;Centres commerciaux;63 AU 67 67 RUE DE LA CROIX NIVERT 75015 PARIS;75015;PARIS;75;Île-de-France;11;12;12;20 à 49 salariés;49;O;GE;2;1973-01-01;53.50034223134839;48.844416453;2.2968681079;True;5710;[];[];47.11D;2026-06-15T18:17:55.797540;70;CHAUDE;24500;4900
61201512300013;612015123;STOPRIX LEPIC;;;47.11D;PRIV_COMMERCE;PRIVE;Centres commerciaux;17 RUE LEPIC 75018 PARIS;75018;PARIS;75;Île-de-France;11;12;12;20 à 49 salariés;49;O;PME;1;1961-01-01;65.5003422313484;48.884982229;2.3337724645;True;5710;[];[];47.11D;2026-06-15T18:17:55.797540;70;CHAUDE;24500;4900
80801412000014;808014120;SAINTDODIS;CARREFOUR CITY;;47.11D;PRIV_COMMERCE;PRIVE;Centres commerciaux;84 RUE SAINT-DOMINIQUE 75007 PARIS;75007;PARIS;75;Île-de-France;11;12;12;20 à 49 salariés;49;O;PME;1;2014-12-01;11.586584531143052;48.85981374;2.3068836618;True;5710;[];[];47.11D;2026-06-15T18:17:56.084532;70;CHAUDE;24500;4900
80997655800027;809976558;PARIS XIX;;;47.11D;PRIV_COMMERCE;PRIVE;Centres commerciaux;191 BOULEVARD MACDONALD 75019 PARIS;75019;PARIS;75;Île-de-France;11;21;21;50 à 99 salariés;99;O;ETI;2;2016-04-01;10.25325119780972;48.898174018;2.3769370346;True;5710;[];[];47.11D;2026-06-15T18:17:56.084532;70;CHAUDE;49500;9900
81175869700023;811758697;CHARLES BEN'S;;;47.11D;PRIV_COMMERCE;PRIVE;Centres commerciaux;135 RUE DE SEVRES 75006 PARIS;75006;PARIS;75;Île-de-France;11;12;12;20 à 49 salariés;49;O;PME;2;2015-11-27;10.598220396988363;48.847133058;2.3177732778;True;5710;[];[];47.11D;2026-06-15T18:17:56.085531;70;CHAUDE;24500;4900
81187718200022;811877182;SODIGERMAIN;;;47.11D;PRIV_COMMERCE;PRIVE;Centres commerciaux;MARCHE SAINT GERMAIN 14 RUE LOBINEAU 75006 PARIS;75006;PARIS;75;Île-de-France;11;12;12;20 à 49 salariés;49;O;PME;2;2016-07-19;9.95482546201232;48.851722994;2.3355859941;True;5499;[];[];47.11D;2026-06-15T18:17:56.085531;70;CHAUDE;24500;4900
44441077300097;444410773;MY AUCHAN;A DEUX PAS;;47.11D;PRIV_COMMERCE;PRIVE;Centres commerciaux;17 A 19 17 BD EDGAR QUINET 92700 COLOMBES;92700;COLOMBES;92;Île-de-France;11;21;21;50 à 99 salariés;99;O;GE;25;2011-09-01;14.836413415468858;48.924507854;2.2476152438;False;5710;[];[];47.11D;2026-06-15T18:18:14.841459;70;CHAUDE;49500;9900
