rang_ville;domaine_chruth;code_departement;libelle_commune;nb_prospects;nb_societes;nb_chaude;score_moyen;categories_principales
1;PUBLIC;75;PARIS;1247;987;523;64.6;PUB_ECOLE, PUB_MAIRIE, PUB_HOPITAL, PUB_MUSEE
2;PRIVE;75;PARIS;39646;37452;401;46.1;PRIV_SANTE_CENTRE, IMMO_AGENCE, PRIV_SANTE_CABINET, PRIV_BUREAU, PRIV_LOISIRS, PRIV_RESTAURANT, PRIV_COMMERCE
3;PUBLIC;92;PUTEAUX;50;40;35;74.0;PUB_MAIRIE, PUB_ECOLE, PUB_HOPITAL, PUB_MUSEE
4;PUBLIC;93;ROMAINVILLE;39;10;30;74.1;PUB_MAIRIE, PUB_ECOLE, PUB_HOPITAL, PUB_MUSEE
5;PUBLIC;78;VERSAILLES;61;39;29;64.8;PUB_MAIRIE, PUB_ECOLE, PUB_MUSEE, PUB_HOPITAL
6;PUBLIC;92;NANTERRE;38;24;27;71.6;PUB_MAIRIE, PUB_ECOLE, PUB_HOPITAL, PUB_MUSEE
7;PUBLIC;92;BOULOGNE-BILLANCOURT;43;25;25;70.6;PUB_MAIRIE, PUB_ECOLE, PUB_HOPITAL, PUB_MUSEE
8;PUBLIC;93;SAINT-DENIS;41;21;24;67.4;PUB_MAIRIE, PUB_ECOLE, PUB_HOPITAL, PUB_MUSEE
9;PUBLIC;92;NEUILLY-SUR-SEINE;34;20;22;73.5;PUB_MAIRIE, PUB_ECOLE, PUB_HOPITAL, PUB_MUSEE
10;PUBLIC;93;NOISY-LE-GRAND;35;10;21;65.6;PUB_MAIRIE, PUB_ECOLE, PUB_HOPITAL
11;PRIVE;92;LEVALLOIS-PERRET;899;887;21;46.9;PRIV_SANTE_CABINET, PRIV_SANTE_CENTRE, PRIV_LOISIRS, PRIV_RESTAURANT, IMMO_AGENCE, PRIV_BUREAU, PRIV_COMMERCE
12;PUBLIC;92;SURESNES;39;28;19;65.6;PUB_MAIRIE, PUB_ECOLE, PUB_HOPITAL
13;PRIVE;92;COURBEVOIE;745;736;18;45.6;PRIV_SANTE_CABINET, PRIV_SANTE_CENTRE, PRIV_LOISIRS, IMMO_AGENCE, PRIV_BUREAU, PRIV_RESTAURANT, PRIV_COMMERCE
14;PUBLIC;93;AUBERVILLIERS;22;13;17;70.2;PUB_MAIRIE, PUB_ECOLE, PUB_HOPITAL, PUB_MUSEE
15;PUBLIC;92;CLICHY;22;10;16;73.9;PUB_MAIRIE, PUB_ECOLE, PUB_HOPITAL, PUB_MUSEE
16;PUBLIC;93;SAINT-OUEN-SUR-SEINE;21;10;16;73.1;PUB_MAIRIE, PUB_ECOLE, PUB_HOPITAL, PUB_MUSEE
17;PUBLIC;92;COLOMBES;19;10;16;70.3;PUB_MAIRIE, PUB_ECOLE, PUB_HOPITAL, PUB_MUSEE
18;PUBLIC;78;SAINT-GERMAIN-EN-LAYE;30;15;16;67.8;PUB_MAIRIE, PUB_ECOLE, PUB_MUSEE, PUB_HOPITAL
19;PUBLIC;94;IVRY-SUR-SEINE;28;19;16;65.0;PUB_MAIRIE, PUB_ECOLE, PUB_HOPITAL, PUB_MUSEE
20;PUBLIC;94;CRETEIL;38;19;16;63.0;PUB_MAIRIE, PUB_MUSEE, PUB_ECOLE, PUB_HOPITAL
21;PUBLIC;95;ARGENTEUIL;25;13;15;68.8;PUB_MAIRIE, PUB_ECOLE, PUB_HOPITAL, PUB_MUSEE
22;PUBLIC;92;ANTONY;20;10;15;68.8;PUB_MAIRIE, PUB_ECOLE, PUB_HOPITAL
23;PUBLIC;93;MONTREUIL;43;31;15;59.4;PUB_MAIRIE, PUB_ECOLE, PUB_HOPITAL, PUB_MUSEE
24;PUBLIC;93;BAGNOLET;16;5;14;75.6;PUB_MAIRIE, PUB_ECOLE, PUB_HOPITAL
25;PUBLIC;92;MONTROUGE;22;11;14;69.8;PUB_MAIRIE, PUB_ECOLE, PUB_HOPITAL
26;PUBLIC;92;RUEIL-MALMAISON;21;12;14;69.3;PUB_MAIRIE, PUB_ECOLE, PUB_HOPITAL, PUB_MUSEE
27;PUBLIC;92;LEVALLOIS-PERRET;20;12;13;72.0;PUB_MAIRIE, PUB_ECOLE, PUB_HOPITAL, PUB_MUSEE
28;PUBLIC;92;LA GARENNE-COLOMBES;20;11;13;67.5;PUB_MAIRIE, PUB_ECOLE, PUB_HOPITAL, PUB_MUSEE
29;PUBLIC;95;MONTMORENCY;21;10;13;66.7;PUB_MAIRIE, PUB_ECOLE, PUB_HOPITAL, PUB_MUSEE
30;PUBLIC;93;PANTIN;21;13;13;65.5;PUB_MAIRIE, PUB_ECOLE, PUB_HOPITAL, PUB_MUSEE
31;PRIVE;92;PUTEAUX;534;525;13;45.4;PRIV_SANTE_CABINET, PRIV_SANTE_CENTRE, PRIV_LOISIRS, IMMO_AGENCE, PRIV_BUREAU, PRIV_RESTAURANT, PRIV_COMMERCE
32;PUBLIC;93;EPINAY-SUR-SEINE;15;6;12;71.7;PUB_MAIRIE, PUB_ECOLE, PUB_HOPITAL
33;PUBLIC;92;SAINT-CLOUD;18;8;12;71.1;PUB_MAIRIE, PUB_ECOLE, PUB_HOPITAL, PUB_MUSEE
34;PUBLIC;92;ASNIERES-SUR-SEINE;19;10;12;68.2;PUB_MAIRIE, PUB_ECOLE, PUB_HOPITAL, PUB_MUSEE
35;PUBLIC;92;GENNEVILLIERS;20;9;12;66.8;PUB_MAIRIE, PUB_ECOLE, PUB_HOPITAL, PUB_MUSEE
36;PRIVE;92;NEUILLY-SUR-SEINE;1233;1196;12;46.4;PRIV_SANTE_CABINET, PRIV_SANTE_CENTRE, PRIV_LOISIRS, PRIV_BUREAU, IMMO_AGENCE, PRIV_RESTAURANT, PRIV_COMMERCE
37;PUBLIC;94;VILLENEUVE-SAINT-GEORGES;16;5;11;72.8;PUB_MAIRIE, PUB_ECOLE, PUB_HOPITAL
38;PUBLIC;95;BEZONS;14;4;11;72.5;PUB_MAIRIE, PUB_ECOLE, PUB_HOPITAL
39;PUBLIC;92;FONTENAY-AUX-ROSES;16;7;11;70.6;PUB_MAIRIE, PUB_ECOLE, PUB_HOPITAL
40;PUBLIC;92;GARCHES;15;8;11;69.7;PUB_MAIRIE, PUB_ECOLE, PUB_HOPITAL
41;PUBLIC;92;ISSY-LES-MOULINEAUX;20;11;11;68.0;PUB_MAIRIE, PUB_ECOLE, PUB_HOPITAL, PUB_MUSEE
42;PUBLIC;94;VITRY-SUR-SEINE;24;9;11;66.2;PUB_MAIRIE, PUB_ECOLE, PUB_HOPITAL, PUB_MUSEE
43;PUBLIC;93;LA COURNEUVE;11;2;10;72.7;PUB_MAIRIE, PUB_ECOLE
44;PUBLIC;92;VILLENEUVE-LA-GARENNE;13;4;10;71.5;PUB_MAIRIE, PUB_ECOLE, PUB_HOPITAL, PUB_MUSEE
45;PUBLIC;92;SCEAUX;18;8;10;65.6;PUB_MAIRIE, PUB_ECOLE, PUB_HOPITAL, PUB_MUSEE
46;PUBLIC;93;VILLETANEUSE;11;1;9;70.5;PUB_MAIRIE, PUB_ECOLE, PUB_MUSEE
47;PUBLIC;92;CHATILLON;16;7;9;68.8;PUB_MAIRIE, PUB_ECOLE, PUB_HOPITAL, PUB_MUSEE
48;PUBLIC;93;NEUILLY-SUR-MARNE;18;5;9;68.6;PUB_MAIRIE, PUB_ECOLE, PUB_HOPITAL
49;PUBLIC;94;CACHAN;13;3;9;68.5;PUB_MAIRIE, PUB_ECOLE, PUB_HOPITAL
50;PUBLIC;92;BOIS-COLOMBES;12;5;9;67.9;PUB_MAIRIE, PUB_ECOLE, PUB_MUSEE
51;PUBLIC;94;ALFORTVILLE;15;5;9;67.3;PUB_MAIRIE, PUB_ECOLE, PUB_HOPITAL, PUB_MUSEE
52;PUBLIC;92;COURBEVOIE;23;14;9;66.3;PUB_MAIRIE, PUB_ECOLE, PUB_HOPITAL, PUB_MUSEE
53;PUBLIC;92;CLAMART;20;9;9;65.8;PUB_MAIRIE, PUB_ECOLE, PUB_HOPITAL, PUB_MUSEE
54;PUBLIC;94;CHARENTON-LE-PONT;16;7;9;65.0;PUB_MAIRIE, PUB_ECOLE, PUB_MUSEE, PUB_HOPITAL
55;PUBLIC;92;MEUDON;21;12;9;64.8;PUB_MAIRIE, PUB_MUSEE, PUB_ECOLE, PUB_HOPITAL
56;PUBLIC;92;BAGNEUX;14;4;9;64.6;PUB_MAIRIE, PUB_ECOLE, PUB_HOPITAL, PUB_MUSEE
57;PUBLIC;94;SAINT-MAURICE;23;6;9;64.3;PUB_MAIRIE, PUB_ECOLE, PUB_MUSEE, PUB_HOPITAL
58;PUBLIC;93;BOBIGNY;21;12;9;64.0;PUB_MAIRIE, PUB_ECOLE, PUB_HOPITAL, PUB_MUSEE
59;PUBLIC;91;MASSY;24;15;9;60.8;PUB_MAIRIE, PUB_ECOLE, PUB_HOPITAL, PUB_MUSEE
60;PUBLIC;94;SAINT-MAUR-DES-FOSSES;31;23;9;57.1;PUB_MAIRIE, PUB_ECOLE, PUB_HOPITAL, PUB_MUSEE
61;PRIVE;92;ASNIERES-SUR-SEINE;723;709;9;43.6;PRIV_SANTE_CENTRE, PRIV_SANTE_CABINET, PRIV_LOISIRS, IMMO_AGENCE, PRIV_RESTAURANT, PRIV_BUREAU, PRIV_COMMERCE
62;PRIVE;92;BOULOGNE-BILLANCOURT;1634;1618;9;41.9;PRIV_SANTE_CABINET, PRIV_SANTE_CENTRE, PRIV_LOISIRS, PRIV_BUREAU, IMMO_AGENCE, PRIV_RESTAURANT, PRIV_COMMERCE
63;PRIVE;93;SAINT-DENIS;719;711;9;40.7;PRIV_SANTE_CABINET, PRIV_SANTE_CENTRE, PRIV_LOISIRS, IMMO_AGENCE, PRIV_BUREAU, PRIV_RESTAURANT, PRIV_COMMERCE
64;PUBLIC;94;BRY-SUR-MARNE;12;5;8;71.2;PUB_MAIRIE, PUB_ECOLE, PUB_HOPITAL
65;PUBLIC;95;VILLIERS-LE-BEL;15;5;8;69.0;PUB_MAIRIE, PUB_ECOLE, PUB_HOPITAL
66;PUBLIC;92;MALAKOFF;14;5;8;68.9;PUB_MAIRIE, PUB_ECOLE, PUB_HOPITAL
67;PUBLIC;94;SAINT-MANDE;14;7;8;68.2;PUB_MAIRIE, PUB_ECOLE, PUB_MUSEE, PUB_HOPITAL
68;PUBLIC;92;VANVES;16;7;8;67.5;PUB_MAIRIE, PUB_ECOLE, PUB_MUSEE
69;PUBLIC;92;SEVRES;15;6;8;67.3;PUB_MAIRIE, PUB_ECOLE, PUB_HOPITAL, PUB_MUSEE
70;PUBLIC;93;AULNAY-SOUS-BOIS;18;8;8;66.4;PUB_MAIRIE, PUB_ECOLE, PUB_HOPITAL
71;PUBLIC;94;CHAMPIGNY-SUR-MARNE;20;8;8;65.0;PUB_MAIRIE, PUB_ECOLE, PUB_HOPITAL, PUB_MUSEE
72;PUBLIC;93;DRANCY;20;11;8;64.5;PUB_MAIRIE, PUB_ECOLE, PUB_HOPITAL, PUB_MUSEE
73;PUBLIC;93;MONTFERMEIL;20;7;8;63.6;PUB_MAIRIE, PUB_ECOLE, PUB_HOPITAL, PUB_MUSEE
74;PUBLIC;78;LE VESINET;20;10;8;63.0;PUB_MAIRIE, PUB_ECOLE, PUB_HOPITAL
75;PUBLIC;93;NOISY-LE-SEC;22;11;8;61.6;PUB_MAIRIE, PUB_ECOLE, PUB_HOPITAL, PUB_MUSEE
76;PRIVE;92;CLICHY;585;575;8;45.6;PRIV_SANTE_CABINET, PRIV_SANTE_CENTRE, PRIV_LOISIRS, IMMO_AGENCE, PRIV_BUREAU, PRIV_RESTAURANT, PRIV_COMMERCE
77;PRIVE;93;SAINT-OUEN-SUR-SEINE;537;534;8;43.7;PRIV_SANTE_CABINET, PRIV_SANTE_CENTRE, PRIV_LOISIRS, IMMO_AGENCE, PRIV_BUREAU, PRIV_RESTAURANT, PRIV_COMMERCE
78;PRIVE;92;SURESNES;482;479;8;41.9;PRIV_SANTE_CABINET, PRIV_SANTE_CENTRE, PRIV_LOISIRS, IMMO_AGENCE, PRIV_BUREAU, PRIV_RESTAURANT, PRIV_COMMERCE
79;PUBLIC;93;L'ILE-SAINT-DENIS;9;2;7;70.0;PUB_MAIRIE, PUB_ECOLE, PUB_MUSEE
80;PUBLIC;95;ERMONT;14;4;7;67.9;PUB_MAIRIE, PUB_ECOLE, PUB_HOPITAL
81;PUBLIC;78;LE PECQ;13;4;7;66.9;PUB_MAIRIE, PUB_ECOLE
82;PUBLIC;94;CHEVILLY-LARUE;16;6;7;66.6;PUB_MAIRIE, PUB_ECOLE, PUB_HOPITAL
83;PUBLIC;94;CHOISY-LE-ROI;17;9;7;66.5;PUB_MAIRIE, PUB_ECOLE, PUB_HOPITAL, PUB_MUSEE
84;PUBLIC;95;MONTIGNY-LES-CORMEILLES;12;3;7;65.8;PUB_MAIRIE, PUB_ECOLE, PUB_HOPITAL, PUB_MUSEE
85;PUBLIC;94;VILLEJUIF;17;8;7;64.4;PUB_MAIRIE, PUB_ECOLE, PUB_HOPITAL, PUB_MUSEE
86;PUBLIC;78;POISSY;18;8;7;62.7;PUB_MAIRIE, PUB_ECOLE, PUB_HOPITAL, PUB_MUSEE
87;PUBLIC;95;SARCELLES;21;12;7;62.4;PUB_MAIRIE, PUB_ECOLE, PUB_HOPITAL
88;PUBLIC;91;ATHIS-MONS;19;9;7;61.8;PUB_MAIRIE, PUB_ECOLE, PUB_HOPITAL, PUB_MUSEE
89;PUBLIC;92;VILLE-D'AVRAY;8;3;6;74.4;PUB_MAIRIE, PUB_ECOLE, PUB_HOPITAL
90;PUBLIC;94;BONNEUIL-SUR-MARNE;8;3;6;71.2;PUB_MAIRIE, PUB_ECOLE, PUB_MUSEE, PUB_HOPITAL
91;PUBLIC;93;LES LILAS;12;4;6;70.4;PUB_MAIRIE, PUB_ECOLE, PUB_HOPITAL
92;PUBLIC;93;LE PRE-SAINT-GERVAIS;11;3;6;69.1;PUB_MAIRIE, PUB_ECOLE, PUB_MUSEE, PUB_HOPITAL
93;PUBLIC;94;NOGENT-SUR-MARNE;13;5;6;68.8;PUB_MAIRIE, PUB_ECOLE, PUB_MUSEE, PUB_HOPITAL
94;PUBLIC;95;EAUBONNE;15;6;6;67.3;PUB_MAIRIE, PUB_ECOLE, PUB_HOPITAL
95;PUBLIC;94;VALENTON;12;3;6;67.1;PUB_MAIRIE, PUB_ECOLE, PUB_HOPITAL
96;PUBLIC;94;VILLENEUVE-LE-ROI;11;2;6;66.4;PUB_MAIRIE, PUB_ECOLE, PUB_MUSEE
97;PUBLIC;95;GONESSE;15;5;6;65.7;PUB_MAIRIE, PUB_ECOLE, PUB_HOPITAL
98;PUBLIC;92;CHATENAY-MALABRY;16;6;6;65.6;PUB_MAIRIE, PUB_ECOLE, PUB_HOPITAL, PUB_MUSEE
99;PUBLIC;94;ARCUEIL;13;3;6;65.4;PUB_MAIRIE, PUB_ECOLE, PUB_MUSEE
100;PUBLIC;94;GENTILLY;13;4;6;65.0;PUB_MAIRIE, PUB_ECOLE, PUB_MUSEE
101;PUBLIC;93;LIVRY-GARGAN;19;9;6;64.7;PUB_MAIRIE, PUB_ECOLE, PUB_HOPITAL
102;PUBLIC;94;LE PERREUX-SUR-MARNE;15;8;6;64.3;PUB_ECOLE, PUB_HOPITAL, PUB_MUSEE
103;PUBLIC;93;LE BOURGET;11;7;6;64.1;PUB_MAIRIE, PUB_ECOLE, PUB_MUSEE, PUB_HOPITAL
104;PUBLIC;78;MAISONS-LAFFITTE;17;7;6;63.2;PUB_MAIRIE, PUB_ECOLE, PUB_HOPITAL, PUB_MUSEE
105;PUBLIC;94;VINCENNES;16;8;6;63.1;PUB_MAIRIE, PUB_ECOLE, PUB_HOPITAL, PUB_MUSEE
106;PUBLIC;95;GARGES-LES-GONESSE;17;8;6;62.6;PUB_MAIRIE, PUB_ECOLE, PUB_HOPITAL
107;PUBLIC;78;CHATOU;16;7;6;61.9;PUB_MAIRIE, PUB_ECOLE, PUB_HOPITAL, PUB_MUSEE
108;PUBLIC;91;LONGJUMEAU;19;9;6;59.5;PUB_MAIRIE, PUB_ECOLE, PUB_HOPITAL, PUB_MUSEE
109;PRIVE;94;CHARENTON-LE-PONT;355;351;6;41.8;PRIV_SANTE_CABINET, PRIV_SANTE_CENTRE, PRIV_LOISIRS, IMMO_AGENCE, PRIV_BUREAU, PRIV_RESTAURANT, PRIV_COMMERCE
110;PUBLIC;92;LE PLESSIS-ROBINSON;10;3;5;70.0;PUB_MAIRIE, PUB_ECOLE, PUB_HOPITAL
111;PUBLIC;94;FRESNES;12;4;5;68.3;PUB_MAIRIE, PUB_ECOLE, PUB_HOPITAL
112;PUBLIC;94;LE KREMLIN-BICETRE;11;5;5;67.7;PUB_MAIRIE, PUB_ECOLE, PUB_MUSEE, PUB_HOPITAL
113;PUBLIC;91;MORANGIS;10;3;5;67.0;PUB_MAIRIE, PUB_ECOLE, PUB_HOPITAL
114;PUBLIC;93;ROSNY-SOUS-BOIS;13;4;5;66.2;PUB_MAIRIE, PUB_ECOLE, PUB_HOPITAL
115;PUBLIC;94;ORLY;14;4;5;66.1;PUB_MAIRIE, PUB_ECOLE, PUB_HOPITAL, PUB_MUSEE
116;PUBLIC;95;HERBLAY-SUR-SEINE;15;6;5;65.7;PUB_MAIRIE, PUB_MUSEE, PUB_ECOLE, PUB_HOPITAL
117;PUBLIC;94;THIAIS;16;6;5;64.7;PUB_MAIRIE, PUB_ECOLE, PUB_HOPITAL
118;PUBLIC;93;STAINS;16;8;5;64.1;PUB_MAIRIE, PUB_ECOLE, PUB_HOPITAL, PUB_MUSEE
119;PUBLIC;93;SEVRAN;15;5;5;64.0;PUB_MAIRIE, PUB_ECOLE
120;PUBLIC;78;SARTROUVILLE;16;6;5;63.8;PUB_MAIRIE, PUB_ECOLE, PUB_HOPITAL
121;PUBLIC;93;BONDY;15;6;5;63.7;PUB_MAIRIE, PUB_ECOLE, PUB_HOPITAL, PUB_MUSEE
122;PUBLIC;92;BOURG-LA-REINE;10;4;5;63.5;PUB_MAIRIE, PUB_ECOLE, PUB_HOPITAL, PUB_MUSEE
123;PUBLIC;78;MARLY-LE-ROI;16;6;5;63.1;PUB_MAIRIE, PUB_ECOLE, PUB_HOPITAL
124;PRIVE;92;NANTERRE;527;513;5;41.8;PRIV_SANTE_CABINET, PRIV_SANTE_CENTRE, PRIV_LOISIRS, IMMO_AGENCE, PRIV_BUREAU, PRIV_RESTAURANT, PRIV_COMMERCE
125;PRIVE;93;AUBERVILLIERS;526;521;5;40.2;PRIV_SANTE_CABINET, PRIV_SANTE_CENTRE, PRIV_LOISIRS, PRIV_BUREAU, IMMO_AGENCE, PRIV_RESTAURANT, PRIV_COMMERCE
126;PUBLIC;91;PARAY-VIEILLE-POSTE;7;3;4;68.6;PUB_MAIRIE, PUB_ECOLE, PUB_MUSEE
127;PUBLIC;95;FRANCONVILLE;10;2;4;68.5;PUB_MAIRIE, PUB_ECOLE, PUB_HOPITAL
128;PUBLIC;95;BEAUCHAMP;9;3;4;67.2;PUB_MAIRIE, PUB_ECOLE, PUB_HOPITAL
129;PUBLIC;91;VERRIERES-LE-BUISSON;7;2;4;67.1;PUB_MAIRIE, PUB_ECOLE
130;PUBLIC;93;GAGNY;12;3;4;67.1;PUB_MAIRIE, PUB_ECOLE
131;PUBLIC;93;DUGNY;10;2;4;67.0;PUB_MAIRIE, PUB_ECOLE, PUB_MUSEE
132;PUBLIC;78;MONTESSON;11;3;4;66.8;PUB_MAIRIE, PUB_ECOLE, PUB_MUSEE, PUB_HOPITAL
133;PUBLIC;93;LE RAINCY;11;4;4;66.8;PUB_MAIRIE, PUB_ECOLE, PUB_MUSEE, PUB_HOPITAL
134;PUBLIC;94;L'HAY-LES-ROSES;11;2;4;65.9;PUB_MAIRIE, PUB_ECOLE, PUB_HOPITAL
135;PUBLIC;93;VILLEMOMBLE;14;4;4;65.4;PUB_MAIRIE, PUB_ECOLE, PUB_HOPITAL
136;PUBLIC;78;LE CHESNAY-ROCQUENCOURT;15;6;4;65.0;PUB_MAIRIE, PUB_ECOLE, PUB_HOPITAL
137;PUBLIC;78;SAINT-CYR-L'ECOLE;10;2;4;65.0;PUB_MAIRIE, PUB_ECOLE, PUB_HOPITAL
138;PUBLIC;78;VIROFLAY;11;4;4;64.5;PUB_MAIRIE, PUB_ECOLE, PUB_HOPITAL, PUB_MUSEE
139;PUBLIC;91;IGNY;9;2;4;64.4;PUB_MAIRIE, PUB_ECOLE
140;PUBLIC;78;LA CELLE-SAINT-CLOUD;13;4;4;64.2;PUB_MAIRIE, PUB_ECOLE, PUB_HOPITAL, PUB_MUSEE
141;PUBLIC;93;LES PAVILLONS-SOUS-BOIS;10;2;4;63.5;PUB_MAIRIE, PUB_ECOLE, PUB_MUSEE
142;PUBLIC;95;CORMEILLES-EN-PARISIS;12;3;4;63.3;PUB_MAIRIE, PUB_ECOLE, PUB_MUSEE
143;PUBLIC;91;PALAISEAU;14;5;4;61.4;PUB_MAIRIE, PUB_ECOLE, PUB_HOPITAL, PUB_MUSEE
144;PUBLIC;94;MAISONS-ALFORT;14;5;4;61.4;PUB_MAIRIE, PUB_ECOLE, PUB_MUSEE
145;PUBLIC;78;ACHERES;15;4;4;59.5;PUB_MAIRIE, PUB_ECOLE, PUB_HOPITAL, PUB_MUSEE
146;PUBLIC;93;PIERREFITTE-SUR-SEINE;11;8;4;57.3;PUB_MAIRIE, PUB_ECOLE, PUB_HOPITAL, PUB_MUSEE
147;PRIVE;92;ISSY-LES-MOULINEAUX;610;604;4;43.0;PRIV_SANTE_CABINET, PRIV_SANTE_CENTRE, PRIV_LOISIRS, IMMO_AGENCE, PRIV_BUREAU, PRIV_RESTAURANT, PRIV_COMMERCE
148;PRIVE;93;BAGNOLET;291;289;4;41.3;PRIV_SANTE_CABINET, PRIV_SANTE_CENTRE, PRIV_LOISIRS, PRIV_RESTAURANT, IMMO_AGENCE, PRIV_BUREAU, PRIV_COMMERCE
149;PRIVE;93;MONTREUIL;947;930;4;39.1;PRIV_SANTE_CENTRE, PRIV_SANTE_CABINET, PRIV_LOISIRS, IMMO_AGENCE, PRIV_BUREAU, PRIV_RESTAURANT, PRIV_COMMERCE
150;PRIVE;95;ARGENTEUIL;614;610;4;38.1;PRIV_SANTE_CABINET, PRIV_SANTE_CENTRE, PRIV_LOISIRS, IMMO_AGENCE, PRIV_RESTAURANT, PRIV_BUREAU, PRIV_COMMERCE
151;PUBLIC;91;CHAMPLAN;4;1;3;72.5;PUB_MAIRIE, PUB_ECOLE
152;PUBLIC;91;VILLEBON-SUR-YVETTE;6;2;3;70.3;PUB_MAIRIE, PUB_ECOLE
153;PUBLIC;78;CHAMBOURCY;5;1;3;70.0;PUB_MAIRIE, PUB_ECOLE
154;PUBLIC;91;BIEVRES;5;2;3;69.0;PUB_MAIRIE, PUB_ECOLE, PUB_HOPITAL
155;PUBLIC;91;WISSOUS;6;2;3;68.3;PUB_MAIRIE, PUB_ECOLE
156;PUBLIC;95;GROSLAY;7;2;3;66.4;PUB_MAIRIE, PUB_ECOLE, PUB_HOPITAL
157;PUBLIC;78;NOISY-LE-ROI;6;2;3;65.8;PUB_MAIRIE, PUB_ECOLE
158;PUBLIC;78;LE PORT-MARLY;8;6;3;65.6;PUB_MAIRIE, PUB_ECOLE, PUB_HOPITAL
159;PUBLIC;95;TAVERNY;13;4;3;65.0;PUB_MAIRIE, PUB_ECOLE, PUB_HOPITAL
160;PUBLIC;95;EZANVILLE;9;2;3;65.0;PUB_MAIRIE, PUB_ECOLE, PUB_HOPITAL
161;PUBLIC;94;RUNGIS;7;2;3;64.3;PUB_MAIRIE, PUB_ECOLE, PUB_MUSEE
162;PUBLIC;78;HOUILLES;12;3;3;64.2;PUB_MAIRIE, PUB_ECOLE
163;PUBLIC;78;CARRIERES-SUR-SEINE;10;2;3;64.0;PUB_MAIRIE, PUB_ECOLE
164;PUBLIC;93;LE BLANC-MESNIL;15;6;3;63.7;PUB_MAIRIE, PUB_ECOLE, PUB_HOPITAL, PUB_MUSEE
165;PUBLIC;94;JOINVILLE-LE-PONT;10;2;3;63.5;PUB_MAIRIE, PUB_ECOLE, PUB_MUSEE
166;PUBLIC;92;CHAVILLE;9;1;3;63.3;PUB_MAIRIE, PUB_ECOLE
167;PUBLIC;95;ANDILLY;7;4;3;62.9;PUB_MAIRIE, PUB_ECOLE, PUB_HOPITAL
168;PUBLIC;78;LOUVECIENNES;8;4;3;62.5;PUB_MAIRIE, PUB_ECOLE, PUB_HOPITAL, PUB_MUSEE
169;PUBLIC;78;BOUGIVAL;7;3;3;62.1;PUB_MAIRIE, PUB_ECOLE, PUB_HOPITAL, PUB_MUSEE
170;PUBLIC;94;FONTENAY-SOUS-BOIS;17;9;3;62.1;PUB_MAIRIE, PUB_ECOLE, PUB_HOPITAL, PUB_MUSEE
171;PUBLIC;94;LIMEIL-BREVANNES;11;3;3;61.7;PUB_ECOLE, PUB_HOPITAL
172;PUBLIC;93;VILLEPINTE;14;5;3;61.6;PUB_MAIRIE, PUB_ECOLE, PUB_HOPITAL
173;PUBLIC;94;VILLIERS-SUR-MARNE;15;6;3;61.3;PUB_MAIRIE, PUB_ECOLE, PUB_HOPITAL
174;PUBLIC;95;OSNY;17;7;3;61.1;PUB_MAIRIE, PUB_ECOLE, PUB_HOPITAL
175;PUBLIC;91;RIS-ORANGIS;15;6;3;60.7;PUB_MAIRIE, PUB_ECOLE, PUB_HOPITAL
176;PUBLIC;91;JUVISY-SUR-ORGE;12;6;3;60.2;PUB_MAIRIE, PUB_ECOLE, PUB_HOPITAL
177;PUBLIC;91;ORSAY;17;8;3;59.6;PUB_MAIRIE, PUB_ECOLE, PUB_HOPITAL, PUB_MUSEE
178;PUBLIC;91;EVRY-COURCOURONNES;36;21;3;58.0;PUB_MAIRIE, PUB_ECOLE, PUB_HOPITAL, PUB_MUSEE
179;PUBLIC;95;CERGY;36;19;3;57.8;PUB_MAIRIE, PUB_ECOLE, PUB_HOPITAL, PUB_MUSEE
180;PUBLIC;95;PONTOISE;25;13;3;57.4;PUB_MAIRIE, PUB_ECOLE, PUB_HOPITAL
181;PRIVE;94;LE KREMLIN-BICETRE;145;145;3;42.7;PRIV_SANTE_CABINET, PRIV_SANTE_CENTRE, PRIV_LOISIRS, IMMO_AGENCE, PRIV_BUREAU, PRIV_RESTAURANT, PRIV_COMMERCE
182;PRIVE;94;IVRY-SUR-SEINE;457;455;3;41.5;PRIV_SANTE_CABINET, PRIV_SANTE_CENTRE, PRIV_LOISIRS, IMMO_AGENCE, PRIV_BUREAU, PRIV_RESTAURANT, PRIV_COMMERCE
183;PRIVE;92;COLOMBES;531;529;3;40.4;PRIV_SANTE_CABINET, PRIV_SANTE_CENTRE, PRIV_LOISIRS, IMMO_AGENCE, PRIV_BUREAU, PRIV_RESTAURANT, PRIV_COMMERCE
184;PRIVE;78;VERSAILLES;1043;1012;3;37.8;PRIV_SANTE_CABINET, PRIV_SANTE_CENTRE, PRIV_LOISIRS, IMMO_AGENCE, PRIV_BUREAU, PRIV_RESTAURANT, PRIV_COMMERCE
185;PUBLIC;75;PARIS 04;3;3;2;75.0;PUB_MAIRIE
186;PUBLIC;91;VILLEBON SUR YVETTE;2;1;2;72.5;PUB_ECOLE
187;PUBLIC;95;MONTLIGNON;3;1;2;71.7;PUB_MAIRIE, PUB_ECOLE
188;PUBLIC;92;RUEIL MALMAISON;2;1;2;70.0;PUB_ECOLE
189;PUBLIC;95;BOUFFEMONT;6;2;2;66.7;PUB_MAIRIE, PUB_ECOLE, PUB_HOPITAL
190;PUBLIC;95;DOMONT;10;2;2;65.5;PUB_MAIRIE, PUB_ECOLE, PUB_HOPITAL
191;PUBLIC;95;SANNOIS;10;1;2;65.5;PUB_MAIRIE, PUB_ECOLE
192;PUBLIC;91;BALLAINVILLIERS;6;2;2;65.3;PUB_MAIRIE, PUB_ECOLE, PUB_HOPITAL
193;PUBLIC;78;FONTENAY-LE-FLEURY;6;1;2;65.0;PUB_ECOLE
194;PUBLIC;78;BUC;4;1;2;65.0;PUB_MAIRIE, PUB_ECOLE
195;PUBLIC;94;ABLON-SUR-SEINE;4;1;2;65.0;PUB_MAIRIE, PUB_ECOLE
196;PUBLIC;95;SOISY SS MONTMORENCY;4;2;2;65.0;PUB_ECOLE
197;PUBLIC;91;CROSNE;7;2;2;64.6;PUB_MAIRIE, PUB_ECOLE, PUB_HOPITAL
198;PUBLIC;95;SAINT-LEU-LA-FORET;8;1;2;64.4;PUB_MAIRIE, PUB_ECOLE
199;PUBLIC;91;SACLAY;6;2;2;64.2;PUB_MAIRIE, PUB_ECOLE, PUB_HOPITAL
200;PUBLIC;95;MOISSELLES;4;2;2;63.2;PUB_MAIRIE, PUB_ECOLE, PUB_HOPITAL
201;PUBLIC;91;CHILLY-MAZARIN;11;2;2;61.8;PUB_MAIRIE, PUB_ECOLE, PUB_MUSEE
202;PUBLIC;94;ORMESSON-SUR-MARNE;8;1;2;61.8;PUB_MAIRIE, PUB_ECOLE
203;PUBLIC;95;ENGHIEN-LES-BAINS;9;5;2;61.1;PUB_MAIRIE, PUB_ECOLE, PUB_HOPITAL
204;PUBLIC;94;BOISSY-SAINT-LEGER;15;5;2;60.8;PUB_MAIRIE, PUB_ECOLE, PUB_HOPITAL
205;PUBLIC;94;SUCY-EN-BRIE;12;3;2;59.0;PUB_MAIRIE, PUB_ECOLE, PUB_HOPITAL
206;PUBLIC;95;MONTMAGNY;14;6;2;58.9;PUB_MAIRIE, PUB_ECOLE, PUB_HOPITAL
207;PUBLIC;78;GUYANCOURT;14;5;2;58.9;PUB_MAIRIE, PUB_ECOLE, PUB_HOPITAL
208;PUBLIC;95;L'ISLE-ADAM;12;4;2;58.2;PUB_MAIRIE, PUB_ECOLE, PUB_HOPITAL
209;PUBLIC;94;CHENNEVIERES-SUR-MARNE;13;3;2;57.9;PUB_MAIRIE, PUB_ECOLE, PUB_MUSEE
210;PUBLIC;93;TREMBLAY-EN-FRANCE;17;7;2;57.2;PUB_MAIRIE, PUB_ECOLE, PUB_HOPITAL, PUB_MUSEE
211;PUBLIC;78;SAINT-REMY-LES-CHEVREUSE;9;4;2;57.0;PUB_MAIRIE, PUB_ECOLE, PUB_HOPITAL, PUB_MUSEE
212;PUBLIC;95;ENNERY;6;3;2;57.0;PUB_MAIRIE, PUB_ECOLE, PUB_HOPITAL, PUB_MUSEE
213;PUBLIC;78;LES LOGES-EN-JOSAS;8;6;2;56.9;PUB_MAIRIE, PUB_ECOLE, PUB_HOPITAL, PUB_MUSEE
214;PUBLIC;91;SAINTE-GENEVIEVE-DES-BOIS;16;5;2;56.7;PUB_MAIRIE, PUB_ECOLE, PUB_HOPITAL
215;PUBLIC;91;SAULX-LES-CHARTREUX;9;4;2;56.1;PUB_MAIRIE, PUB_ECOLE, PUB_MUSEE
216;PUBLIC;91;DRAVEIL;16;7;2;54.8;PUB_MAIRIE, PUB_ECOLE, PUB_HOPITAL, PUB_MUSEE
217;PUBLIC;91;VIRY-CHATILLON;15;6;2;54.3;PUB_ECOLE, PUB_MAIRIE, PUB_HOPITAL, PUB_MUSEE
218;PUBLIC;91;YERRES;15;5;2;54.3;PUB_MAIRIE, PUB_ECOLE, PUB_HOPITAL
219;PUBLIC;91;BRUNOY;14;6;2;54.1;PUB_MAIRIE, PUB_ECOLE, PUB_HOPITAL, PUB_MUSEE
220;PUBLIC;78;BAILLY;10;8;2;54.0;PUB_MAIRIE, PUB_ECOLE, PUB_MUSEE
221;PRIVE;75;PARIS 16;38;38;2;50.0;PRIV_SANTE_CABINET, PRIV_SANTE_CENTRE, PRIV_LOISIRS, IMMO_AGENCE, PRIV_BUREAU, PRIV_RESTAURANT
222;PRIVE;92;RUEIL-MALMAISON;663;651;2;41.6;PRIV_SANTE_CABINET, PRIV_SANTE_CENTRE, PRIV_LOISIRS, IMMO_AGENCE, PRIV_RESTAURANT, PRIV_BUREAU, PRIV_COMMERCE
223;PRIVE;92;SAINT-CLOUD;321;319;2;41.2;PRIV_SANTE_CABINET, PRIV_SANTE_CENTRE, PRIV_LOISIRS, IMMO_AGENCE, PRIV_BUREAU, PRIV_RESTAURANT, PRIV_COMMERCE
224;PRIVE;92;MALAKOFF;229;228;2;41.2;PRIV_SANTE_CABINET, PRIV_SANTE_CENTRE, PRIV_LOISIRS, IMMO_AGENCE, PRIV_BUREAU, PRIV_RESTAURANT, PRIV_COMMERCE
225;PRIVE;94;VINCENNES;620;612;2;39.8;PRIV_SANTE_CABINET, PRIV_SANTE_CENTRE, PRIV_LOISIRS, IMMO_AGENCE, PRIV_BUREAU, PRIV_RESTAURANT, PRIV_COMMERCE
226;PRIVE;95;BEZONS;191;191;2;39.3;PRIV_SANTE_CABINET, PRIV_SANTE_CENTRE, PRIV_LOISIRS, IMMO_AGENCE, PRIV_BUREAU, PRIV_RESTAURANT, PRIV_COMMERCE
227;PRIVE;94;RUNGIS;69;69;2;38.9;PRIV_SANTE_CABINET, PRIV_SANTE_CENTRE, PRIV_LOISIRS, IMMO_AGENCE, PRIV_BUREAU, PRIV_RESTAURANT, PRIV_COMMERCE
228;PRIVE;78;LE CHESNAY-ROCQUENCOURT;314;312;2;38.3;PRIV_SANTE_CENTRE, PRIV_SANTE_CABINET, PRIV_LOISIRS, IMMO_AGENCE, PRIV_BUREAU, PRIV_RESTAURANT, PRIV_COMMERCE
229;PRIVE;92;ANTONY;525;511;2;38.0;PRIV_SANTE_CABINET, IMMO_AGENCE, PRIV_SANTE_CENTRE, PRIV_LOISIRS, PRIV_BUREAU, PRIV_RESTAURANT, PRIV_COMMERCE
230;PRIVE;94;NOGENT-SUR-MARNE;328;323;2;37.8;PRIV_SANTE_CABINET, PRIV_SANTE_CENTRE, PRIV_LOISIRS, IMMO_AGENCE, PRIV_BUREAU, PRIV_RESTAURANT, PRIV_COMMERCE
231;PRIVE;93;AULNAY-SOUS-BOIS;426;419;2;37.5;PRIV_SANTE_CABINET, PRIV_SANTE_CENTRE, PRIV_LOISIRS, IMMO_AGENCE, PRIV_BUREAU, PRIV_COMMERCE, PRIV_RESTAURANT
232;PRIVE;95;BOUFFEMONT;33;33;2;37.2;PRIV_SANTE_CABINET, PRIV_SANTE_CENTRE, PRIV_LOISIRS, IMMO_AGENCE, PRIV_BUREAU, PRIV_RESTAURANT
233;PRIVE;78;MAISONS-LAFFITTE;263;260;2;37.1;PRIV_SANTE_CABINET, PRIV_SANTE_CENTRE, PRIV_LOISIRS, IMMO_AGENCE, PRIV_BUREAU, PRIV_RESTAURANT, PRIV_COMMERCE
234;PRIVE;94;CRETEIL;569;564;2;37.1;PRIV_SANTE_CABINET, PRIV_SANTE_CENTRE, PRIV_LOISIRS, IMMO_AGENCE, PRIV_BUREAU, PRIV_RESTAURANT, PRIV_COMMERCE
235;PRIVE;95;MONTMORENCY;199;198;2;37.0;PRIV_SANTE_CABINET, PRIV_SANTE_CENTRE, PRIV_LOISIRS, IMMO_AGENCE, PRIV_BUREAU, PRIV_RESTAURANT, PRIV_COMMERCE
236;PRIVE;94;FONTENAY-SOUS-BOIS;354;349;2;36.8;PRIV_LOISIRS, PRIV_SANTE_CABINET, PRIV_SANTE_CENTRE, IMMO_AGENCE, PRIV_BUREAU, PRIV_RESTAURANT, PRIV_COMMERCE
237;PRIVE;94;CHOISY-LE-ROI;234;233;2;36.2;PRIV_SANTE_CABINET, PRIV_SANTE_CENTRE, PRIV_LOISIRS, IMMO_AGENCE, PRIV_BUREAU, PRIV_RESTAURANT, PRIV_COMMERCE
238;PRIVE;94;CHAMPIGNY-SUR-MARNE;421;420;2;36.2;PRIV_SANTE_CABINET, PRIV_SANTE_CENTRE, PRIV_LOISIRS, IMMO_AGENCE, PRIV_BUREAU, PRIV_RESTAURANT, PRIV_COMMERCE
239;PRIVE;93;VILLEPINTE;174;171;2;32.1;PRIV_SANTE_CENTRE, PRIV_SANTE_CABINET, PRIV_LOISIRS, IMMO_AGENCE, PRIV_BUREAU, PRIV_RESTAURANT, PRIV_COMMERCE
240;PUBLIC;75;PARIS 19;1;1;1;85.0;PUB_HOPITAL
241;PUBLIC;75;PARIS 7;1;1;1;85.0;PUB_MAIRIE
242;PUBLIC;92;BOULOGNE BILLANCOURT;1;1;1;85.0;PUB_HOPITAL
243;PUBLIC;75;PARIS 16;1;1;1;80.0;PUB_MUSEE
244;PUBLIC;94;KREMLIN BICETRE;1;1;1;80.0;PUB_MAIRIE
245;PUBLIC;75;PARIS 17;1;1;1;75.0;PUB_MAIRIE
246;PUBLIC;75;PARIS 6;1;1;1;75.0;PUB_MUSEE
247;PUBLIC;78;VELIZY VILLACOUBLAY;1;1;1;75.0;PUB_ECOLE
248;PUBLIC;92;ISSY LES MOULINEAUX;1;1;1;75.0;PUB_MAIRIE
249;PUBLIC;93;CLICHY SOUS BOIS;1;1;1;75.0;PUB_MAIRIE
250;PUBLIC;94;CHOISY LE ROI;1;1;1;75.0;PUB_MAIRIE
251;PUBLIC;94;LE PERREUX SUR MARNE;1;1;1;75.0;PUB_MAIRIE
252;PUBLIC;94;LIMEIL BREVANNES;1;1;1;75.0;PUB_MAIRIE
253;PUBLIC;94;VILLIERS SUR MARNE;1;1;1;75.0;PUB_ECOLE
254;PUBLIC;95;FRETTE SUR SEINE (LA);1;1;1;75.0;PUB_MAIRIE
255;PUBLIC;91;BOUSSY ST ANTOINE;1;1;1;72.0;PUB_HOPITAL
256;PUBLIC;95;ISLE ADAM;1;1;1;72.0;PUB_HOPITAL
257;PUBLIC;75;PARIS 08;2;2;1;70.0;PUB_MAIRIE
258;PUBLIC;91;PARAY VIEILLE POSTE;1;1;1;70.0;PUB_MAIRIE
259;PUBLIC;92;LEVALLOIS PERRET;1;1;1;70.0;PUB_ECOLE
260;PUBLIC;94;BRY SUR MARNE;2;1;1;67.5;PUB_ECOLE, PUB_MUSEE
261;PUBLIC;95;LE PLESSIS-BOUCHARD;5;1;1;65.0;PUB_MAIRIE, PUB_ECOLE
262;PUBLIC;78;FONTENAY LE FLEURY;3;1;1;65.0;PUB_MAIRIE, PUB_ECOLE
263;PUBLIC;95;MARGENCY;3;1;1;65.0;PUB_MAIRIE, PUB_ECOLE
264;PUBLIC;95;BONNEUIL-EN-FRANCE;2;1;1;65.0;PUB_MAIRIE, PUB_ECOLE
265;PUBLIC;95;SAINT-PRIX;6;1;1;64.2;PUB_MAIRIE, PUB_ECOLE
266;PUBLIC;95;LE THILLAY;4;1;1;63.0;PUB_MAIRIE, PUB_ECOLE
267;PUBLIC;92;MARNES-LA-COQUETTE;4;2;1;62.5;PUB_MAIRIE, PUB_ECOLE
268;PUBLIC;94;ST MAUR DES FOSSES;2;2;1;62.5;PUB_MAIRIE, PUB_ECOLE
269;PUBLIC;77;BROU-SUR-CHANTEREINE;5;2;1;62.0;PUB_MAIRIE, PUB_ECOLE, PUB_HOPITAL
270;PUBLIC;91;VILLIERS-SUR-ORGE;5;3;1;62.0;PUB_MAIRIE, PUB_ECOLE, PUB_HOPITAL
271;PUBLIC;95;SOISY-SOUS-MONTMORENCY;8;3;1;61.9;PUB_MAIRIE, PUB_ECOLE, PUB_HOPITAL
272;PUBLIC;92;VAUCRESSON;6;2;1;61.7;PUB_MAIRIE, PUB_ECOLE
273;PUBLIC;78;L'ETANG-LA-VILLE;3;2;1;61.7;PUB_MAIRIE, PUB_ECOLE
274;PUBLIC;91;QUINCY-SOUS-SENART;9;4;1;61.4;PUB_MAIRIE, PUB_ECOLE, PUB_HOPITAL
275;PUBLIC;78;CHEVREUSE;8;4;1;61.4;PUB_MAIRIE, PUB_ECOLE, PUB_HOPITAL
276;PUBLIC;95;ARNOUVILLE;11;4;1;61.4;PUB_MAIRIE, PUB_ECOLE, PUB_HOPITAL
277;PUBLIC;78;LE MESNIL-LE-ROI;5;2;1;61.0;PUB_MAIRIE, PUB_ECOLE
278;PUBLIC;95;SAINT-BRICE-SOUS-FORET;11;3;1;60.9;PUB_MAIRIE, PUB_ECOLE, PUB_HOPITAL
279;PUBLIC;95;DEUIL-LA-BARRE;12;5;1;60.8;PUB_MAIRIE, PUB_ECOLE, PUB_HOPITAL, PUB_MUSEE
280;PUBLIC;78;VELIZY-VILLACOUBLAY;10;2;1;60.5;PUB_MAIRIE, PUB_ECOLE, PUB_MUSEE
281;PUBLIC;91;VAUHALLAN;3;1;1;60.0;PUB_MAIRIE, PUB_ECOLE
282;PUBLIC;91;SOISY-SUR-SEINE;6;2;1;59.5;PUB_MAIRIE, PUB_ECOLE, PUB_HOPITAL
283;PUBLIC;91;VIGNEUX-SUR-SEINE;11;3;1;59.3;PUB_MAIRIE, PUB_ECOLE, PUB_HOPITAL
284;PUBLIC;95;SAINT-GRATIEN;13;4;1;59.2;PUB_MAIRIE, PUB_ECOLE, PUB_MUSEE
285;PUBLIC;91;GRIGNY;12;3;1;59.1;PUB_MAIRIE, PUB_ECOLE, PUB_HOPITAL
286;PUBLIC;91;VARENNES-JARCY;5;2;1;59.0;PUB_MAIRIE, PUB_ECOLE, PUB_HOPITAL
287;PUBLIC;93;NEUILLY-PLAISANCE;13;4;1;58.8;PUB_MAIRIE, PUB_ECOLE, PUB_HOPITAL
288;PUBLIC;95;FOSSES;11;3;1;58.8;PUB_MAIRIE, PUB_ECOLE, PUB_HOPITAL
289;PUBLIC;93;GOURNAY-SUR-MARNE;4;2;1;58.5;PUB_MAIRIE, PUB_ECOLE, PUB_MUSEE
290;PUBLIC;95;MENUCOURT;7;2;1;58.4;PUB_MAIRIE, PUB_ECOLE, PUB_HOPITAL
291;PUBLIC;95;BESSANCOURT;7;3;1;58.1;PUB_MAIRIE, PUB_ECOLE, PUB_MUSEE
292;PUBLIC;78;JOUARS-PONTCHARTRAIN;4;2;1;58.0;PUB_MAIRIE, PUB_ECOLE, PUB_HOPITAL
293;PUBLIC;78;JOUY-EN-JOSAS;7;1;1;57.9;PUB_MAIRIE, PUB_ECOLE
294;PUBLIC;94;VILLECRESNES;10;3;1;57.5;PUB_MAIRIE, PUB_ECOLE, PUB_HOPITAL
295;PUBLIC;78;CROISSY-SUR-SEINE;6;3;1;57.5;PUB_MAIRIE, PUB_ECOLE, PUB_MUSEE
296;PUBLIC;78;ELANCOURT;12;3;1;57.4;PUB_MAIRIE, PUB_ECOLE, PUB_HOPITAL
297;PUBLIC;78;TRAPPES;16;6;1;57.3;PUB_MAIRIE, PUB_ECOLE, PUB_HOPITAL, PUB_MUSEE
298;PUBLIC;91;LONGPONT-SUR-ORGE;7;2;1;57.0;PUB_MAIRIE, PUB_ECOLE, PUB_HOPITAL
299;PUBLIC;78;CONFLANS-SAINTE-HONORINE;14;6;1;56.5;PUB_MAIRIE, PUB_ECOLE, PUB_HOPITAL, PUB_MUSEE
300;PUBLIC;78;MAREIL-MARLY;4;2;1;56.2;PUB_MAIRIE, PUB_ECOLE, PUB_MUSEE
301;PUBLIC;94;LA QUEUE-EN-BRIE;10;2;1;56.0;PUB_MAIRIE, PUB_ECOLE, PUB_HOPITAL
302;PUBLIC;77;PONTAULT-COMBAULT;16;7;1;55.4;PUB_MAIRIE, PUB_ECOLE, PUB_HOPITAL
303;PUBLIC;77;BRIE-COMTE-ROBERT;12;4;1;55.4;PUB_MAIRIE, PUB_ECOLE, PUB_HOPITAL, PUB_MUSEE
304;PUBLIC;78;PLAISIR;14;4;1;55.2;PUB_MAIRIE, PUB_ECOLE, PUB_HOPITAL
305;PUBLIC;95;DEUIL LA BARRE;3;2;1;55.0;PUB_ECOLE
306;PUBLIC;91;BRIIS-SOUS-FORGES;7;4;1;54.9;PUB_MAIRIE, PUB_ECOLE, PUB_HOPITAL
307;PUBLIC;95;SAINT-OUEN-L'AUMONE;15;6;1;54.7;PUB_MAIRIE, PUB_ECOLE, PUB_HOPITAL
308;PUBLIC;95;ECOUEN;10;5;1;54.5;PUB_MAIRIE, PUB_ECOLE, PUB_MUSEE
309;PUBLIC;95;LOUVRES;10;3;1;54.5;PUB_MAIRIE, PUB_ECOLE, PUB_HOPITAL
310;PUBLIC;77;CHELLES;15;7;1;53.9;PUB_MAIRIE, PUB_ECOLE, PUB_HOPITAL, PUB_MUSEE
311;PUBLIC;78;LES MUREAUX;13;5;1;52.2;PUB_MAIRIE, PUB_ECOLE, PUB_HOPITAL
312;PRIVE;75;PARIS 07;10;10;1;51.5;PRIV_SANTE_CENTRE, IMMO_AGENCE, PRIV_BUREAU, PRIV_RESTAURANT
313;PUBLIC;91;BURES-SUR-YVETTE;10;4;1;51.0;PUB_MAIRIE, PUB_ECOLE, PUB_HOPITAL, PUB_MUSEE
314;PRIVE;75;PARIS 04;21;21;1;50.3;PRIV_SANTE_CABINET, PRIV_SANTE_CENTRE, PRIV_LOISIRS, IMMO_AGENCE, PRIV_BUREAU, PRIV_RESTAURANT, PRIV_COMMERCE
315;PRIVE;75;PARIS 01;15;15;1;47.3;IMMO_AGENCE, PRIV_RESTAURANT, PRIV_COMMERCE
316;PRIVE;94;VITRY SUR SEINE;6;6;1;42.5;PRIV_SANTE_CENTRE, PRIV_BUREAU, PRIV_RESTAURANT, PRIV_COMMERCE
317;PRIVE;92;VILLENEUVE-LA-GARENNE;86;85;1;42.1;PRIV_SANTE_CENTRE, PRIV_SANTE_CABINET, PRIV_LOISIRS, IMMO_AGENCE, PRIV_RESTAURANT, PRIV_COMMERCE
318;PRIVE;94;CACHAN;179;178;1;42.0;PRIV_SANTE_CABINET, PRIV_SANTE_CENTRE, PRIV_LOISIRS, IMMO_AGENCE, PRIV_BUREAU, PRIV_RESTAURANT, PRIV_COMMERCE
319;PRIVE;92;VANVES;205;204;1;41.9;PRIV_SANTE_CABINET, PRIV_SANTE_CENTRE, PRIV_LOISIRS, IMMO_AGENCE, PRIV_BUREAU, PRIV_RESTAURANT, PRIV_COMMERCE
320;PRIVE;92;LA GARENNE-COLOMBES;269;268;1;41.7;PRIV_SANTE_CABINET, PRIV_SANTE_CENTRE, PRIV_LOISIRS, IMMO_AGENCE, PRIV_BUREAU, PRIV_RESTAURANT, PRIV_COMMERCE
321;PRIVE;92;BOIS-COLOMBES;229;228;1;41.5;PRIV_SANTE_CABINET, PRIV_SANTE_CENTRE, PRIV_LOISIRS, IMMO_AGENCE, PRIV_BUREAU, PRIV_RESTAURANT, PRIV_COMMERCE
322;PRIVE;93;LE PRE-SAINT-GERVAIS;142;142;1;41.4;PRIV_SANTE_CABINET, PRIV_SANTE_CENTRE, PRIV_LOISIRS, IMMO_AGENCE, PRIV_BUREAU, PRIV_RESTAURANT, PRIV_COMMERCE
323;PRIVE;78;FONTENAY LE FLEURY;4;4;1;41.2;PRIV_SANTE_CABINET, PRIV_SANTE_CENTRE, IMMO_AGENCE
324;PRIVE;92;BOURG-LA-REINE;157;156;1;40.8;PRIV_SANTE_CABINET, PRIV_SANTE_CENTRE, PRIV_LOISIRS, IMMO_AGENCE, PRIV_BUREAU, PRIV_RESTAURANT, PRIV_COMMERCE
325;PRIVE;92;GARCHES;177;170;1;40.8;PRIV_SANTE_CABINET, PRIV_SANTE_CENTRE, PRIV_LOISIRS, IMMO_AGENCE, PRIV_BUREAU, PRIV_RESTAURANT, PRIV_COMMERCE
326;PRIVE;92;BAGNEUX;202;201;1;40.7;PRIV_SANTE_CABINET, PRIV_SANTE_CENTRE, PRIV_LOISIRS, IMMO_AGENCE, PRIV_BUREAU, PRIV_RESTAURANT, PRIV_COMMERCE
327;PRIVE;92;CLAMART;470;462;1;40.6;PRIV_SANTE_CABINET, PRIV_SANTE_CENTRE, PRIV_LOISIRS, IMMO_AGENCE, PRIV_BUREAU, PRIV_RESTAURANT, PRIV_COMMERCE
328;PRIVE;93;PANTIN;533;529;1;40.4;PRIV_SANTE_CABINET, PRIV_SANTE_CENTRE, IMMO_AGENCE, PRIV_LOISIRS, PRIV_BUREAU, PRIV_COMMERCE, PRIV_RESTAURANT
329;PRIVE;93;EPINAY-SUR-SEINE;241;238;1;39.6;PRIV_SANTE_CABINET, PRIV_SANTE_CENTRE, PRIV_LOISIRS, IMMO_AGENCE, PRIV_BUREAU, PRIV_RESTAURANT, PRIV_COMMERCE
330;PRIVE;93;L'ILE-SAINT-DENIS;48;48;1;39.6;PRIV_SANTE_CABINET, PRIV_SANTE_CENTRE, PRIV_LOISIRS, IMMO_AGENCE, PRIV_BUREAU, PRIV_RESTAURANT, PRIV_COMMERCE
331;PRIVE;78;JOUY-EN-JOSAS;55;55;1;38.3;PRIV_SANTE_CABINET, PRIV_SANTE_CENTRE, PRIV_LOISIRS, IMMO_AGENCE, PRIV_BUREAU, PRIV_RESTAURANT
332;PRIVE;91;SACLAY;30;30;1;37.7;PRIV_SANTE_CENTRE, PRIV_SANTE_CABINET, PRIV_LOISIRS, IMMO_AGENCE, PRIV_BUREAU, PRIV_RESTAURANT, PRIV_COMMERCE
333;PRIVE;91;MASSY;362;360;1;37.5;PRIV_SANTE_CABINET, PRIV_SANTE_CENTRE, PRIV_LOISIRS, IMMO_AGENCE, PRIV_BUREAU, PRIV_RESTAURANT, PRIV_COMMERCE
334;PRIVE;78;SAINT-GERMAIN-EN-LAYE;531;523;1;37.5;PRIV_SANTE_CABINET, PRIV_SANTE_CENTRE, PRIV_LOISIRS, IMMO_AGENCE, PRIV_BUREAU, PRIV_RESTAURANT, PRIV_COMMERCE
335;PRIVE;95;MONTMAGNY;68;68;1;37.5;PRIV_SANTE_CABINET, PRIV_SANTE_CENTRE, PRIV_LOISIRS, IMMO_AGENCE, PRIV_BUREAU, PRIV_RESTAURANT, PRIV_COMMERCE
336;PRIVE;78;MONTESSON;113;113;1;37.2;PRIV_SANTE_CABINET, PRIV_SANTE_CENTRE, PRIV_LOISIRS, IMMO_AGENCE, PRIV_BUREAU, PRIV_RESTAURANT, PRIV_COMMERCE
337;PRIVE;95;SOISY-SOUS-MONTMORENCY;116;116;1;37.1;PRIV_SANTE_CENTRE, PRIV_SANTE_CABINET, PRIV_LOISIRS, IMMO_AGENCE, PRIV_BUREAU, PRIV_RESTAURANT, PRIV_COMMERCE
338;PRIVE;78;LE VESINET;179;175;1;37.1;PRIV_SANTE_CENTRE, PRIV_SANTE_CABINET, PRIV_LOISIRS, IMMO_AGENCE, PRIV_BUREAU, PRIV_RESTAURANT, PRIV_COMMERCE
339;PRIVE;78;LOUVECIENNES;66;65;1;37.0;PRIV_SANTE_CABINET, PRIV_SANTE_CENTRE, PRIV_LOISIRS, IMMO_AGENCE, PRIV_RESTAURANT, PRIV_BUREAU, PRIV_COMMERCE
340;PRIVE;94;VITRY-SUR-SEINE;468;462;1;37.0;PRIV_SANTE_CABINET, PRIV_SANTE_CENTRE, PRIV_LOISIRS, IMMO_AGENCE, PRIV_RESTAURANT, PRIV_BUREAU, PRIV_COMMERCE
341;PRIVE;94;MAISONS-ALFORT;421;419;1;36.9;PRIV_SANTE_CABINET, PRIV_SANTE_CENTRE, PRIV_LOISIRS, IMMO_AGENCE, PRIV_BUREAU, PRIV_RESTAURANT, PRIV_COMMERCE
342;PRIVE;95;SARCELLES;362;355;1;36.9;PRIV_SANTE_CABINET, PRIV_SANTE_CENTRE, PRIV_LOISIRS, IMMO_AGENCE, PRIV_BUREAU, PRIV_RESTAURANT, PRIV_COMMERCE
343;PRIVE;93;PIERREFITTE-SUR-SEINE;114;112;1;36.8;PRIV_SANTE_CENTRE, PRIV_SANTE_CABINET, PRIV_LOISIRS, PRIV_BUREAU, IMMO_AGENCE, PRIV_RESTAURANT, PRIV_COMMERCE
344;PRIVE;93;BOBIGNY;248;244;1;36.7;PRIV_SANTE_CABINET, PRIV_SANTE_CENTRE, PRIV_LOISIRS, PRIV_RESTAURANT, IMMO_AGENCE, PRIV_BUREAU, PRIV_COMMERCE
345;PRIVE;91;BIEVRES;50;49;1;36.7;PRIV_SANTE_CABINET, PRIV_SANTE_CENTRE, PRIV_LOISIRS, IMMO_AGENCE, PRIV_BUREAU, PRIV_RESTAURANT, PRIV_COMMERCE
346;PRIVE;95;TAVERNY;195;194;1;36.6;PRIV_SANTE_CENTRE, PRIV_SANTE_CABINET, PRIV_LOISIRS, IMMO_AGENCE, PRIV_BUREAU, PRIV_RESTAURANT, PRIV_COMMERCE
347;PRIVE;78;LE PECQ;98;98;1;36.5;PRIV_SANTE_CENTRE, PRIV_SANTE_CABINET, PRIV_LOISIRS, IMMO_AGENCE, PRIV_BUREAU, PRIV_RESTAURANT
348;PRIVE;78;HOUILLES;240;236;1;36.4;PRIV_SANTE_CABINET, PRIV_SANTE_CENTRE, PRIV_LOISIRS, IMMO_AGENCE, PRIV_BUREAU, PRIV_RESTAURANT, PRIV_COMMERCE
349;PRIVE;94;VILLENEUVE-SAINT-GEORGES;130;130;1;36.3;PRIV_SANTE_CABINET, PRIV_SANTE_CENTRE, PRIV_BUREAU, PRIV_LOISIRS, IMMO_AGENCE, PRIV_RESTAURANT, PRIV_COMMERCE
350;PRIVE;95;SAINT-GRATIEN;165;162;1;36.2;PRIV_SANTE_CABINET, PRIV_SANTE_CENTRE, PRIV_LOISIRS, IMMO_AGENCE, PRIV_BUREAU, PRIV_RESTAURANT, PRIV_COMMERCE
351;PRIVE;93;STAINS;180;178;1;36.1;PRIV_SANTE_CABINET, PRIV_SANTE_CENTRE, PRIV_LOISIRS, IMMO_AGENCE, PRIV_BUREAU, PRIV_RESTAURANT, PRIV_COMMERCE
352;PRIVE;95;GONESSE;147;146;1;36.0;PRIV_SANTE_CABINET, PRIV_SANTE_CENTRE, PRIV_LOISIRS, IMMO_AGENCE, PRIV_COMMERCE, PRIV_BUREAU, PRIV_RESTAURANT
353;PRIVE;93;ROSNY-SOUS-BOIS;275;272;1;35.7;PRIV_SANTE_CABINET, PRIV_SANTE_CENTRE, PRIV_LOISIRS, PRIV_BUREAU, IMMO_AGENCE, PRIV_RESTAURANT, PRIV_COMMERCE
354;PRIVE;93;DUGNY;29;29;1;35.6;PRIV_SANTE_CABINET, PRIV_LOISIRS, IMMO_AGENCE, PRIV_BUREAU, PRIV_RESTAURANT
355;PRIVE;93;DRANCY;328;327;1;35.5;PRIV_SANTE_CABINET, PRIV_SANTE_CENTRE, PRIV_LOISIRS, IMMO_AGENCE, PRIV_BUREAU, PRIV_RESTAURANT, PRIV_COMMERCE
356;PRIVE;93;LE BOURGET;95;94;1;35.2;PRIV_SANTE_CABINET, PRIV_SANTE_CENTRE, PRIV_LOISIRS, IMMO_AGENCE, PRIV_BUREAU, PRIV_RESTAURANT, PRIV_COMMERCE
357;PRIVE;93;NOISY-LE-GRAND;414;412;1;34.4;PRIV_SANTE_CABINET, PRIV_SANTE_CENTRE, PRIV_LOISIRS, IMMO_AGENCE, PRIV_BUREAU, PRIV_RESTAURANT, PRIV_COMMERCE
358;PRIVE;91;SAULX-LES-CHARTREUX;42;42;1;33.8;PRIV_SANTE_CABINET, PRIV_SANTE_CENTRE, PRIV_LOISIRS, IMMO_AGENCE, PRIV_BUREAU, PRIV_RESTAURANT, PRIV_COMMERCE
359;PRIVE;95;ROISSY-EN-FRANCE;63;62;1;31.8;PRIV_SANTE_CABINET, PRIV_LOISIRS, IMMO_AGENCE, PRIV_BUREAU, PRIV_RESTAURANT, PRIV_COMMERCE
360;PUBLIC;91;EPINAY SUR ORGE;1;1;0;67.0;PUB_HOPITAL
361;PUBLIC;91;VIRY CHATILLON;1;1;0;67.0;PUB_MAIRIE
362;PUBLIC;95;ERAGNY-SUR-OISE;1;1;0;67.0;PUB_MAIRIE
363;PUBLIC;92;LE PLESSIS ROBINSON;2;1;0;65.0;PUB_ECOLE
364;PUBLIC;94;BONNEUIL SUR MARNE;4;1;0;63.8;PUB_ECOLE
365;PUBLIC;77;POMPONNE;3;1;0;63.7;PUB_MAIRIE, PUB_ECOLE
366;PUBLIC;95;COURDIMANCHE;6;1;0;62.0;PUB_MAIRIE, PUB_ECOLE
367;PUBLIC;77;BUSSY-SAINT-MARTIN;3;2;0;62.0;PUB_MAIRIE
368;PUBLIC;77;SERVON;2;1;0;62.0;PUB_MAIRIE, PUB_ECOLE
369;PRIVE;75;PARIS 6E ARRONDISSEMENT;1;1;0;62.0;PRIV_LOISIRS
370;PUBLIC;91;BRETIGNY SUR ORGE;1;1;0;62.0;PUB_MUSEE
371;PUBLIC;95;LA FRETTE-SUR-SEINE;3;1;0;61.7;PUB_ECOLE
372;PUBLIC;77;LOGNES;12;3;0;61.2;PUB_MAIRIE, PUB_ECOLE
373;PUBLIC;95;BAILLET-EN-FRANCE;5;1;0;61.0;PUB_MAIRIE, PUB_ECOLE
374;PUBLIC;78;CHANTELOUP-LES-VIGNES;11;2;0;60.6;PUB_MAIRIE, PUB_ECOLE, PUB_HOPITAL
375;PUBLIC;95;MERIEL;6;1;0;60.3;PUB_MAIRIE, PUB_ECOLE
376;PUBLIC;91;LEUVILLE-SUR-ORGE;3;1;0;60.3;PUB_MAIRIE, PUB_ECOLE
377;PUBLIC;94;MANDRES-LES-ROSES;3;1;0;60.3;PUB_MAIRIE, PUB_ECOLE
378;PUBLIC;95;BUTRY-SUR-OISE;3;1;0;60.3;PUB_MAIRIE, PUB_ECOLE
379;PUBLIC;77;LE MEE SUR SEINE;3;2;0;60.0;PUB_MUSEE, PUB_MAIRIE, PUB_HOPITAL
380;PUBLIC;21;DIJON;2;2;0;60.0;PUB_HOPITAL
381;PUBLIC;30;NIMES;2;2;0;60.0;PUB_HOPITAL
382;PUBLIC;60;CLERMONT;2;2;0;60.0;PUB_HOPITAL
383;PUBLIC;78;NOISY LE ROI;2;1;0;60.0;PUB_ECOLE
384;PUBLIC;78;TOUSSUS-LE-NOBLE;2;1;0;60.0;PUB_MAIRIE, PUB_ECOLE
385;PUBLIC;95;PISCOP;2;1;0;60.0;PUB_MAIRIE, PUB_ECOLE
386;PUBLIC;03;MOULINS;1;1;0;60.0;PUB_HOPITAL
387;PUBLIC;10;SAINT-PARRES-AUX-TERTRES;1;1;0;60.0;PUB_HOPITAL
388;PUBLIC;13;AUBAGNE;1;1;0;60.0;PUB_HOPITAL
389;PUBLIC;16;ANGOULEME;1;1;0;60.0;PUB_HOPITAL
390;PUBLIC;22;PLOUGUERNEVEL;1;1;0;60.0;PUB_HOPITAL
391;PUBLIC;24;LA FORCE;1;1;0;60.0;PUB_HOPITAL
392;PUBLIC;26;MONTELIMAR;1;1;0;60.0;PUB_HOPITAL
393;PUBLIC;27;VERNON;1;1;0;60.0;PUB_HOPITAL
394;PUBLIC;28;NOGENT-LE-PHAYE;1;1;0;60.0;PUB_HOPITAL
395;PUBLIC;30;ALES;1;1;0;60.0;PUB_HOPITAL
396;PUBLIC;31;L'UNION;1;1;0;60.0;PUB_HOPITAL
397;PUBLIC;34;BEZIERS;1;1;0;60.0;PUB_HOPITAL
398;PUBLIC;34;CASTELNAU-LE-LEZ;1;1;0;60.0;PUB_HOPITAL
399;PUBLIC;44;VERTOU;1;1;0;60.0;PUB_HOPITAL
400;PUBLIC;47;AGEN;1;1;0;60.0;PUB_HOPITAL
401;PUBLIC;54;NANCY;1;1;0;60.0;PUB_HOPITAL
402;PUBLIC;56;NOYAL-PONTIVY;1;1;0;60.0;PUB_HOPITAL
403;PUBLIC;61;ALENCON;1;1;0;60.0;PUB_HOPITAL
404;PUBLIC;69;RILLIEUX-LA-PAPE;1;1;0;60.0;PUB_HOPITAL
405;PUBLIC;72;LE GRAND-LUCE;1;1;0;60.0;PUB_HOPITAL
406;PUBLIC;75;PARIS 4;1;1;0;60.0;PUB_HOPITAL
407;PUBLIC;78;ETANG-LA-VILLE (L );1;1;0;60.0;PUB_ECOLE
408;PUBLIC;83;OLLIOULES;1;1;0;60.0;PUB_HOPITAL
409;PUBLIC;84;CARPENTRAS;1;1;0;60.0;PUB_HOPITAL
410;PUBLIC;91;VERRIERES LE BUISSON;1;1;0;60.0;PUB_ECOLE
411;PUBLIC;95;ST LEU LA FORET;1;1;0;60.0;PUB_ECOLE
412;PUBLIC;971;BAIE MAHAULT;1;1;0;60.0;PUB_HOPITAL
413;PUBLIC;78;FEUCHEROLLES;7;3;0;59.9;PUB_MAIRIE, PUB_ECOLE
414;PUBLIC;91;MONTGERON;9;1;0;59.8;PUB_MAIRIE, PUB_ECOLE
415;PUBLIC;91;VILLEMOISSON-SUR-ORGE;7;2;0;59.6;PUB_MAIRIE, PUB_ECOLE, PUB_MUSEE
416;PUBLIC;77;NOISIEL;16;6;0;59.5;PUB_MAIRIE, PUB_ECOLE
417;PUBLIC;95;GOUSSAINVILLE;10;2;0;59.5;PUB_MAIRIE, PUB_ECOLE, PUB_MUSEE
418;PUBLIC;78;LA VERRIERE;6;2;0;59.5;PUB_MAIRIE, PUB_ECOLE
419;PUBLIC;91;BOUSSY-SAINT-ANTOINE;6;1;0;59.5;PUB_MAIRIE, PUB_ECOLE
420;PUBLIC;77;LE PIN;2;1;0;59.5;PUB_MAIRIE, PUB_ECOLE
421;PUBLIC;77;VILLEVAUDE;2;1;0;59.5;PUB_MAIRIE, PUB_ECOLE
422;PUBLIC;95;ATTAINVILLE;2;1;0;59.5;PUB_MAIRIE, PUB_ECOLE
423;PUBLIC;95;MAFFLIERS;2;1;0;59.5;PUB_MAIRIE, PUB_ECOLE
424;PUBLIC;95;VILLERON;2;1;0;59.5;PUB_MAIRIE, PUB_ECOLE
425;PUBLIC;77;CROISSY-BEAUBOURG;5;3;0;59.0;PUB_MAIRIE, PUB_ECOLE
426;PUBLIC;95;MONTSOULT;5;2;0;59.0;PUB_MAIRIE, PUB_ECOLE
427;PUBLIC;93;CLICHY-SOUS-BOIS;9;2;0;58.9;PUB_ECOLE, PUB_HOPITAL
428;PUBLIC;91;FLEURY-MEROGIS;6;1;0;58.7;PUB_MAIRIE, PUB_ECOLE
429;PUBLIC;95;LUZARCHES;6;3;0;58.7;PUB_MAIRIE, PUB_ECOLE
430;PUBLIC;77;COLLEGIEN;3;1;0;58.7;PUB_MAIRIE, PUB_ECOLE
431;PUBLIC;77;FERRIERES-EN-BRIE;3;1;0;58.7;PUB_MAIRIE, PUB_ECOLE
432;PUBLIC;78;CRESPIERES;3;1;0;58.7;PUB_MAIRIE, PUB_ECOLE
433;PUBLIC;78;VAUX-SUR-SEINE;3;1;0;58.7;PUB_MAIRIE, PUB_ECOLE
434;PUBLIC;91;ETIOLLES;3;1;0;58.7;PUB_MAIRIE, PUB_ECOLE
435;PUBLIC;91;LE PLESSIS-PATE;3;1;0;58.7;PUB_MAIRIE, PUB_ECOLE
436;PUBLIC;94;MAROLLES-EN-BRIE;3;1;0;58.7;PUB_MAIRIE, PUB_ECOLE
437;PUBLIC;94;NOISEAU;3;1;0;58.7;PUB_MAIRIE, PUB_ECOLE
438;PUBLIC;94;LE PLESSIS-TREVISE;8;1;0;58.2;PUB_MAIRIE, PUB_ECOLE
439;PUBLIC;77;TORCY;13;4;0;58.2;PUB_MAIRIE, PUB_ECOLE
440;PUBLIC;91;LINAS;5;1;0;58.0;PUB_MAIRIE, PUB_ECOLE
441;PUBLIC;93;VAUJOURS;5;1;0;58.0;PUB_MAIRIE, PUB_ECOLE
442;PUBLIC;91;TIGERY;3;1;0;58.0;PUB_MAIRIE, PUB_ECOLE
443;PUBLIC;95;PIERRELAYE;6;1;0;57.8;PUB_MAIRIE, PUB_ECOLE
444;PUBLIC;95;VEMARS;4;1;0;57.8;PUB_MAIRIE, PUB_ECOLE
445;PUBLIC;77;COURTRY;7;1;0;57.7;PUB_MAIRIE, PUB_ECOLE
446;PUBLIC;77;CHAUCONIN-NEUFMONTIERS;2;1;0;57.5;PUB_MAIRIE, PUB_ECOLE
447;PUBLIC;95;JOUY-LE-MOUTIER;11;2;0;57.5;PUB_MAIRIE, PUB_ECOLE
448;PUBLIC;95;ROISSY-EN-FRANCE;12;7;0;57.0;PUB_MAIRIE, PUB_ECOLE
449;PUBLIC;77;MITRY-MORY;10;1;0;57.0;PUB_MAIRIE, PUB_ECOLE
450;PUBLIC;91;EPINAY-SUR-ORGE;8;2;0;57.0;PUB_MAIRIE, PUB_ECOLE
451;PUBLIC;78;ORGEVAL;7;4;0;57.0;PUB_MAIRIE, PUB_ECOLE, PUB_MUSEE
452;PUBLIC;91;MONTLHERY;7;2;0;57.0;PUB_MAIRIE, PUB_ECOLE
453;PUBLIC;91;VILLEJUST;3;1;0;57.0;PUB_MAIRIE, PUB_ECOLE
454;PUBLIC;77;COMPANS;2;1;0;57.0;PUB_MAIRIE, PUB_ECOLE
455;PUBLIC;77;LE MESNIL-AMELOT;2;1;0;57.0;PUB_MAIRIE, PUB_ECOLE
456;PUBLIC;78;LES ALLUETS-LE-ROI;2;1;0;57.0;PUB_MAIRIE, PUB_ECOLE
457;PUBLIC;91;GOMETZ-LA-VILLE;2;1;0;57.0;PUB_MAIRIE, PUB_ECOLE
458;PUBLIC;95;NEUVILLE-SUR-OISE;2;1;0;57.0;PUB_MAIRIE, PUB_ECOLE
459;PUBLIC;77;GUERMANTES;1;1;0;57.0;PUB_MAIRIE
460;PUBLIC;91;GIF SUR YVETTE;1;1;0;57.0;PUB_ECOLE
461;PUBLIC;94;MAROLLES EN BRIE;1;1;0;57.0;PUB_ECOLE
462;PUBLIC;95;MESNIL-AUBRY;1;1;0;57.0;PUB_MAIRIE
463;PUBLIC;77;CHESSY;8;2;0;56.9;PUB_MAIRIE, PUB_ECOLE
464;PUBLIC;95;SAINT-WITZ;3;1;0;56.7;PUB_MAIRIE, PUB_ECOLE
465;PUBLIC;77;CLAYE-SOUILLY;10;2;0;56.5;PUB_MAIRIE, PUB_ECOLE, PUB_MUSEE
466;PUBLIC;78;LE MESNIL-SAINT-DENIS;7;2;0;56.4;PUB_MAIRIE, PUB_ECOLE
467;PUBLIC;77;SAINT-PATHUS;4;1;0;56.2;PUB_MAIRIE, PUB_ECOLE
468;PUBLIC;95;PARMAIN;6;1;0;56.2;PUB_MAIRIE, PUB_ECOLE
469;PUBLIC;95;VAUREAL;11;1;0;56.1;PUB_MAIRIE, PUB_ECOLE
470;PUBLIC;77;GUIGNES;5;1;0;56.0;PUB_MAIRIE, PUB_ECOLE
471;PUBLIC;91;FONTENAY-LES-BRIIS;2;1;0;56.0;PUB_MAIRIE, PUB_ECOLE
472;PUBLIC;78;MEULAN-EN-YVELINES;13;4;0;55.8;PUB_MAIRIE, PUB_ECOLE, PUB_HOPITAL
473;PUBLIC;78;ECQUEVILLY;4;1;0;55.8;PUB_MAIRIE, PUB_ECOLE
474;PUBLIC;78;MAURECOURT;4;1;0;55.8;PUB_MAIRIE, PUB_ECOLE
475;PUBLIC;78;CARRIERES-SOUS-POISSY;11;1;0;55.6;PUB_MAIRIE, PUB_ECOLE
476;PUBLIC;91;MARCOUSSIS;7;3;0;55.6;PUB_MAIRIE, PUB_ECOLE, PUB_HOPITAL
477;PUBLIC;78;MONTIGNY-LE-BRETONNEUX;16;7;0;55.4;PUB_MAIRIE, PUB_ECOLE, PUB_HOPITAL
478;PUBLIC;77;VAIRES-SUR-MARNE;9;1;0;55.3;PUB_MAIRIE, PUB_ECOLE
479;PUBLIC;91;EPINAY-SOUS-SENART;9;1;0;55.3;PUB_MAIRIE, PUB_ECOLE
480;PUBLIC;95;BELLOY-EN-FRANCE;3;1;0;55.3;PUB_MAIRIE, PUB_ECOLE
481;PUBLIC;95;CHAUMONTEL;3;1;0;55.3;PUB_MAIRIE, PUB_ECOLE
482;PUBLIC;77;LESIGNY;8;1;0;55.1;PUB_MAIRIE, PUB_ECOLE
483;PUBLIC;77;ROISSY-EN-BRIE;10;1;0;55.0;PUB_MAIRIE, PUB_ECOLE
484;PUBLIC;93;COUBRON;5;1;0;55.0;PUB_MAIRIE, PUB_ECOLE
485;PUBLIC;77;OISSERY;3;1;0;55.0;PUB_MAIRIE, PUB_ECOLE
486;PUBLIC;44;NANTES;2;2;0;55.0;PUB_MAIRIE
487;PUBLIC;75;PARIS 14;2;2;0;55.0;PUB_MAIRIE
488;PUBLIC;78;LE TREMBLAY-SUR-MAULDRE;2;1;0;55.0;PUB_MAIRIE
489;PUBLIC;95;BOUQUEVAL;2;1;0;55.0;PUB_MAIRIE, PUB_ECOLE
490;PUBLIC;974;SAINT-DENIS;2;2;0;55.0;PUB_MAIRIE
491;PRIVE;78;SAINT-CYR-L ECOLE;1;1;0;55.0;PRIV_RESTAURANT
492;PUBLIC;09;FOIX;1;1;0;55.0;PUB_MAIRIE
493;PUBLIC;28;MORANCEZ;1;1;0;55.0;PUB_HOPITAL
494;PUBLIC;33;BORDEAUX;1;1;0;55.0;PUB_MAIRIE
495;PUBLIC;35;PONT-PEAN;1;1;0;55.0;PUB_HOPITAL
496;PUBLIC;71;LOUHANS;1;1;0;55.0;PUB_HOPITAL
497;PUBLIC;75;PARIS 15;1;1;0;55.0;PUB_MAIRIE
498;PUBLIC;76;LE HAVRE;1;1;0;55.0;PUB_HOPITAL
499;PUBLIC;76;ROUEN;1;1;0;55.0;PUB_MAIRIE
500;PUBLIC;77;SAMOIS SUR SEINE;1;1;0;55.0;PUB_MAIRIE
501;PUBLIC;78;CARRIERES SUR SEINE;1;1;0;55.0;PUB_ECOLE
502;PUBLIC;78;RENNEMOULIN;1;1;0;55.0;PUB_MAIRIE
503;PUBLIC;83;COGOLIN;1;1;0;55.0;PUB_HOPITAL
504;PUBLIC;88;THAON-LES-VOSGES;1;1;0;55.0;PUB_MAIRIE
505;PUBLIC;94;CHEVILLY LARUE;1;1;0;55.0;PUB_ECOLE
506;PUBLIC;95;VAUDHERLAND;1;1;0;55.0;PUB_MAIRIE
507;PUBLIC;91;BONDOUFLE;7;1;0;54.9;PUB_MAIRIE, PUB_ECOLE
508;PUBLIC;78;MAUREPAS;12;3;0;54.6;PUB_MAIRIE, PUB_ECOLE, PUB_MUSEE
509;PUBLIC;77;VERT-SAINT-DENIS;10;2;0;54.5;PUB_MAIRIE, PUB_ECOLE, PUB_MUSEE
510;PUBLIC;77;VILLEPARISIS;10;1;0;54.5;PUB_MAIRIE, PUB_ECOLE
511;PUBLIC;78;BOIS-D'ARCY;8;1;0;54.5;PUB_MAIRIE, PUB_ECOLE
512;PUBLIC;95;PUISEUX-EN-FRANCE;8;4;0;54.5;PUB_MAIRIE, PUB_ECOLE, PUB_HOPITAL
513;PUBLIC;77;GOUVERNES;2;1;0;54.5;PUB_MAIRIE, PUB_ECOLE
514;PUBLIC;78;CHAPET;2;1;0;54.5;PUB_MAIRIE, PUB_ECOLE
515;PUBLIC;95;MOURS;2;1;0;54.5;PUB_MAIRIE, PUB_ECOLE
516;PUBLIC;77;MONTEVRAIN;9;2;0;54.4;PUB_MAIRIE, PUB_ECOLE, PUB_HOPITAL
517;PUBLIC;77;LAGNY-SUR-MARNE;14;5;0;54.3;PUB_MAIRIE, PUB_ECOLE, PUB_HOPITAL, PUB_MUSEE
518;PUBLIC;91;SAINT-MICHEL-SUR-ORGE;10;1;0;54.0;PUB_MAIRIE, PUB_ECOLE
519;PUBLIC;95;MERY-SUR-OISE;10;1;0;54.0;PUB_MAIRIE, PUB_ECOLE
520;PUBLIC;95;VIGNY;5;3;0;54.0;PUB_MAIRIE, PUB_ECOLE
521;PUBLIC;78;VILLENNES-SUR-SEINE;7;3;0;53.9;PUB_MAIRIE, PUB_ECOLE
522;PUBLIC;77;MELUN;35;19;0;53.7;PUB_MAIRIE, PUB_MUSEE, PUB_ECOLE, PUB_HOPITAL
523;PUBLIC;78;CHATEAUFORT;3;1;0;53.7;PUB_MAIRIE, PUB_ECOLE
524;PUBLIC;91;LES MOLIERES;3;1;0;53.7;PUB_MAIRIE, PUB_ECOLE
525;PUBLIC;95;FONTENAY-EN-PARISIS;3;1;0;53.7;PUB_MAIRIE, PUB_ECOLE
526;PUBLIC;78;VOISINS-LE-BRETONNEUX;13;3;0;53.5;PUB_MAIRIE, PUB_ECOLE
527;PUBLIC;78;CLAYES-SOUS-BOIS (LES);2;1;0;53.5;PUB_MAIRIE, PUB_ECOLE
528;PUBLIC;77;CHANTELOUP-EN-BRIE;3;1;0;53.3;PUB_MAIRIE, PUB_ECOLE
529;PUBLIC;77;RUBELLES;3;1;0;53.3;PUB_MAIRIE, PUB_ECOLE
530;PUBLIC;77;VILLENEUVE-SAINT-DENIS;3;2;0;53.3;PUB_MAIRIE, PUB_ECOLE, PUB_HOPITAL
531;PUBLIC;77;VILLENOY;3;1;0;53.3;PUB_MAIRIE, PUB_ECOLE
532;PUBLIC;78;HARDRICOURT;3;1;0;53.3;PUB_MAIRIE, PUB_ECOLE
533;PUBLIC;91;LE COUDRAY-MONTCEAUX;3;1;0;53.3;PUB_MAIRIE, PUB_ECOLE
534;PUBLIC;78;MAGNY-LES-HAMEAUX;12;2;0;53.2;PUB_MAIRIE, PUB_ECOLE, PUB_MUSEE
535;PUBLIC;78;VERNOUILLET;8;3;0;53.2;PUB_MAIRIE, PUB_ECOLE, PUB_MUSEE
536;PUBLIC;95;ASNIERES-SUR-OISE;5;3;0;53.2;PUB_MAIRIE, PUB_ECOLE
537;PUBLIC;77;CHAMPS-SUR-MARNE;9;1;0;53.1;PUB_MAIRIE, PUB_ECOLE
538;PUBLIC;91;BRETIGNY-SUR-ORGE;11;2;0;53.1;PUB_MAIRIE, PUB_ECOLE
539;PUBLIC;78;ANDRESY;10;2;0;53.0;PUB_MAIRIE, PUB_ECOLE
540;PUBLIC;91;MORSANG-SUR-ORGE;10;1;0;53.0;PUB_MAIRIE, PUB_ECOLE
541;PUBLIC;77;CREGY-LES-MEAUX;5;1;0;53.0;PUB_MAIRIE, PUB_ECOLE
542;PUBLIC;77;VERNOU-LA-CELLE-SUR-SEINE;5;1;0;53.0;PUB_MAIRIE, PUB_ECOLE
543;PUBLIC;91;NOZAY;5;1;0;53.0;PUB_MAIRIE, PUB_ECOLE
544;PUBLIC;95;MARINES;5;3;0;53.0;PUB_MAIRIE, PUB_ECOLE, PUB_HOPITAL
545;PUBLIC;77;BUSSY-SAINT-GEORGES;14;5;0;52.9;PUB_MAIRIE, PUB_ECOLE, PUB_HOPITAL, PUB_MUSEE
546;PUBLIC;91;ARPAJON;12;6;0;52.9;PUB_MAIRIE, PUB_ECOLE, PUB_HOPITAL
547;PUBLIC;91;LA VILLE-DU-BOIS;6;2;0;52.8;PUB_MAIRIE, PUB_ECOLE
548;PUBLIC;91;DOURDAN;11;5;0;52.7;PUB_MAIRIE, PUB_ECOLE, PUB_HOPITAL
549;PUBLIC;95;VIARMES;7;4;0;52.7;PUB_MAIRIE, PUB_ECOLE
550;PUBLIC;77;SAINT-THIBAULT-DES-VIGNES;8;3;0;52.6;PUB_MAIRIE, PUB_ECOLE, PUB_HOPITAL
551;PUBLIC;77;THORIGNY-SUR-MARNE;8;1;0;52.6;PUB_MAIRIE, PUB_ECOLE
552;PUBLIC;91;GIF-SUR-YVETTE;9;3;0;52.6;PUB_MAIRIE, PUB_ECOLE, PUB_MUSEE
553;PUBLIC;77;EMERAINVILLE;10;1;0;52.5;PUB_MAIRIE, PUB_ECOLE
554;PUBLIC;78;HOUDAN;8;3;0;52.5;PUB_MAIRIE, PUB_ECOLE, PUB_HOPITAL
555;PUBLIC;77;MAREUIL-LES-MEAUX;6;4;0;52.5;PUB_MAIRIE, PUB_ECOLE, PUB_HOPITAL
556;PUBLIC;77;NANDY;6;1;0;52.5;PUB_MAIRIE, PUB_ECOLE
557;PUBLIC;77;ANNET-SUR-MARNE;4;1;0;52.5;PUB_MAIRIE, PUB_ECOLE
558;PUBLIC;91;LA NORVILLE;4;2;0;52.5;PUB_MAIRIE, PUB_ECOLE, PUB_MUSEE
559;PUBLIC;77;CHALIFERT;2;1;0;52.5;PUB_MAIRIE, PUB_ECOLE
560;PUBLIC;77;EVRY-GREGY-SUR-YERRE;2;1;0;52.5;PUB_MAIRIE, PUB_ECOLE
561;PUBLIC;77;FUBLAINES;2;1;0;52.5;PUB_MAIRIE, PUB_ECOLE
562;PUBLIC;77;SOIGNOLLES-EN-BRIE;2;1;0;52.5;PUB_MAIRIE, PUB_ECOLE
563;PUBLIC;78;BAZEMONT;2;1;0;52.5;PUB_MAIRIE, PUB_ECOLE
564;PUBLIC;78;GAMBAIS;2;1;0;52.5;PUB_MAIRIE, PUB_ECOLE
565;PUBLIC;91;D'HUISON-LONGUEVILLE;2;1;0;52.5;PUB_MAIRIE, PUB_ECOLE
566;PUBLIC;95;NESLES-LA-VALLEE;2;1;0;52.5;PUB_MAIRIE, PUB_ECOLE
567;PUBLIC;78;VERNEUIL-SUR-SEINE;11;2;0;52.5;PUB_MAIRIE, PUB_ECOLE, PUB_MUSEE
568;PUBLIC;91;LA FERTE-ALAIS;7;2;0;52.1;PUB_MAIRIE, PUB_ECOLE, PUB_HOPITAL
569;PUBLIC;78;TRIEL-SUR-SEINE;9;3;0;52.0;PUB_MAIRIE, PUB_ECOLE, PUB_MUSEE
570;PUBLIC;78;VILLEPREUX;9;2;0;52.0;PUB_MAIRIE, PUB_ECOLE, PUB_MUSEE
571;PUBLIC;95;AUVERS-SUR-OISE;9;4;0;52.0;PUB_MAIRIE, PUB_ECOLE, PUB_MUSEE
572;PUBLIC;77;TRILPORT;5;2;0;52.0;PUB_MAIRIE, PUB_ECOLE
573;PUBLIC;78;BUCHELAY;5;3;0;52.0;PUB_MAIRIE, PUB_ECOLE, PUB_HOPITAL
574;PUBLIC;94;SANTENY;5;3;0;52.0;PUB_MAIRIE, PUB_ECOLE, PUB_MUSEE
575;PUBLIC;77;GRESSY;3;2;0;52.0;PUB_MAIRIE, PUB_ECOLE
576;PUBLIC;77;MAUREGARD;3;1;0;52.0;PUB_MAIRIE, PUB_ECOLE
577;PUBLIC;78;CHAVENAY;3;1;0;52.0;PUB_MAIRIE, PUB_ECOLE
578;PUBLIC;91;GOMETZ-LE-CHATEL;3;1;0;52.0;PUB_MAIRIE, PUB_ECOLE
579;PUBLIC;78;DAVRON;2;1;0;52.0;PUB_MAIRIE, PUB_ECOLE
580;PUBLIC;91;BOULLAY-LES-TROUX;2;1;0;52.0;PUB_MAIRIE, PUB_ECOLE
581;PUBLIC;91;JANVRY;2;1;0;52.0;PUB_MAIRIE, PUB_ECOLE
582;PUBLIC;95;CHENNEVIERES-LES-LOUVRES;2;1;0;52.0;PUB_MAIRIE, PUB_ECOLE
583;PUBLIC;95;MAREIL-EN-FRANCE;2;1;0;52.0;PUB_MAIRIE, PUB_ECOLE
584;PUBLIC;95;NOINTEL;2;1;0;52.0;PUB_MAIRIE, PUB_ECOLE
585;PUBLIC;95;PUISEUX-PONTOISE;2;1;0;52.0;PUB_MAIRIE, PUB_ECOLE
586;PUBLIC;95;SEUGY;2;1;0;52.0;PUB_MAIRIE, PUB_ECOLE
587;PUBLIC;95;VILLAINES-SOUS-BOIS;2;1;0;52.0;PUB_MAIRIE, PUB_ECOLE
588;PUBLIC;95;VILLIERS-ADAM;2;1;0;52.0;PUB_MAIRIE, PUB_ECOLE
589;PUBLIC;77;SAINT THIBAULT DES VIGNES;1;1;0;52.0;PUB_ECOLE
590;PUBLIC;91;VIGNEUX SUR SEINE;1;1;0;52.0;PUB_ECOLE
591;PUBLIC;95;ST OUEN L AUMONE;1;1;0;52.0;PUB_ECOLE
592;PUBLIC;91;SAVIGNY-SUR-ORGE;13;4;0;51.8;PUB_MAIRIE, PUB_ECOLE, PUB_MUSEE
593;PUBLIC;78;AUBERGENVILLE;11;4;0;51.8;PUB_MAIRIE, PUB_ECOLE, PUB_HOPITAL
594;PUBLIC;77;OZOIR-LA-FERRIERE;13;4;0;51.8;PUB_MAIRIE, PUB_ECOLE, PUB_MUSEE
595;PUBLIC;77;MEAUX;24;11;0;51.7;PUB_MAIRIE, PUB_MUSEE, PUB_ECOLE, PUB_HOPITAL
596;PUBLIC;95;PERSAN;9;1;0;51.7;PUB_MAIRIE, PUB_ECOLE
597;PUBLIC;77;CHEVRY-COSSIGNY;3;1;0;51.7;PUB_MAIRIE, PUB_ECOLE
598;PUBLIC;77;MOUSSY-LE-NEUF;3;1;0;51.7;PUB_MAIRIE, PUB_ECOLE
599;PUBLIC;77;SAINT-GERMAIN-SUR-MORIN;3;1;0;51.7;PUB_MAIRIE, PUB_ECOLE
600;PUBLIC;77;SAINT-MARD;3;1;0;51.7;PUB_MAIRIE, PUB_ECOLE
601;PUBLIC;77;VERNEUIL-L'ETANG;3;1;0;51.7;PUB_MAIRIE, PUB_ECOLE
602;PUBLIC;78;EVECQUEMONT;3;2;0;51.7;PUB_MAIRIE, PUB_ECOLE, PUB_HOPITAL
603;PUBLIC;78;VIEILLE-EGLISE-EN-YVELINES;3;2;0;51.7;PUB_MAIRIE, PUB_ECOLE, PUB_HOPITAL
604;PUBLIC;91;BAULNE;3;1;0;51.7;PUB_MAIRIE, PUB_ECOLE
605;PUBLIC;91;LE VAL-SAINT-GERMAIN;3;1;0;51.7;PUB_MAIRIE, PUB_ECOLE
606;PUBLIC;77;DAMMARIE-LES-LYS;16;5;0;51.6;PUB_MAIRIE, PUB_ECOLE, PUB_HOPITAL
607;PUBLIC;78;MANTES-LA-JOLIE;24;13;0;51.5;PUB_MAIRIE, PUB_ECOLE, PUB_HOPITAL, PUB_MUSEE
608;PUBLIC;77;MAGNY-LE-HONGRE;7;1;0;51.4;PUB_MAIRIE, PUB_ECOLE
609;PUBLIC;77;LIEUSAINT;11;3;0;51.4;PUB_MAIRIE, PUB_ECOLE, PUB_HOPITAL
610;PUBLIC;77;SERRIS;15;4;0;51.3;PUB_MAIRIE, PUB_ECOLE, PUB_HOPITAL
611;PUBLIC;95;PRESLES;7;4;0;51.3;PUB_MAIRIE, PUB_ECOLE
612;PUBLIC;77;DAMMARTIN-EN-GOELE;8;2;0;51.2;PUB_MAIRIE, PUB_ECOLE
613;PUBLIC;77;CRECY-LA-CHAPELLE;4;2;0;51.2;PUB_MAIRIE, PUB_ECOLE
614;PUBLIC;95;ERAGNY;11;3;0;51.1;PUB_ECOLE, PUB_MUSEE
615;PUBLIC;77;SAVIGNY-LE-TEMPLE;15;4;0;51.0;PUB_MAIRIE, PUB_ECOLE, PUB_HOPITAL
616;PRIVE;75;PARIS 08;7;7;0;51.0;PRIV_SANTE_CABINET, PRIV_SANTE_CENTRE, PRIV_LOISIRS, PRIV_RESTAURANT, PRIV_BUREAU
617;PUBLIC;77;BOISSISE-LE-ROI;5;2;0;51.0;PUB_MAIRIE, PUB_ECOLE, PUB_HOPITAL
618;PUBLIC;78;RICHEBOURG;5;3;0;51.0;PUB_MAIRIE, PUB_ECOLE, PUB_HOPITAL
619;PUBLIC;77;VAUX-LE-PENIL;11;3;0;50.9;PUB_MAIRIE, PUB_ECOLE, PUB_MUSEE
620;PUBLIC;78;LES CLAYES-SOUS-BOIS;9;2;0;50.9;PUB_ECOLE, PUB_MUSEE
621;PUBLIC;77;JOSSIGNY;6;5;0;50.8;PUB_MAIRIE, PUB_ECOLE, PUB_HOPITAL
622;PUBLIC;91;BREUILLET;6;2;0;50.8;PUB_MAIRIE, PUB_ECOLE
623;PUBLIC;95;BRUYERES-SUR-OISE;6;1;0;50.8;PUB_MAIRIE, PUB_ECOLE
624;PUBLIC;91;CORBEIL-ESSONNES;20;12;0;50.8;PUB_MAIRIE, PUB_ECOLE, PUB_HOPITAL, PUB_MUSEE
625;PUBLIC;95;MARLY-LA-VILLE;8;2;0;50.8;PUB_MAIRIE, PUB_ECOLE, PUB_HOPITAL
626;PUBLIC;78;NEAUPHLE-LE-CHATEAU;4;2;0;50.8;PUB_MAIRIE, PUB_ECOLE
627;PUBLIC;95;FREPILLON;4;2;0;50.8;PUB_MAIRIE, PUB_ECOLE, PUB_MUSEE
628;PUBLIC;77;MORMANT;7;3;0;50.7;PUB_MAIRIE, PUB_ECOLE
629;PUBLIC;91;OLLAINVILLE;7;1;0;50.7;PUB_MAIRIE, PUB_ECOLE
630;PUBLIC;91;SAINT-PIERRE-DU-PERRAY;10;2;0;50.5;PUB_MAIRIE, PUB_ECOLE
631;PUBLIC;78;DAMPIERRE-EN-YVELINES;3;2;0;50.3;PUB_MAIRIE, PUB_ECOLE
632;PUBLIC;78;MEDAN;3;2;0;50.3;PUB_MAIRIE, PUB_ECOLE, PUB_MUSEE
633;PUBLIC;78;THIVERVAL-GRIGNON;3;1;0;50.3;PUB_MAIRIE, PUB_ECOLE
634;PUBLIC;91;SAINT-AUBIN;3;2;0;50.3;PUB_MAIRIE, PUB_ECOLE
635;PUBLIC;91;VILLIERS-LE-BACLE;3;1;0;50.3;PUB_MAIRIE, PUB_ECOLE
636;PUBLIC;91;MENNECY;13;4;0;50.0;PUB_MAIRIE, PUB_ECOLE, PUB_HOPITAL
637;PUBLIC;91;ETRECHY;8;2;0;50.0;PUB_MAIRIE, PUB_ECOLE
638;PUBLIC;77;LA FERTE-GAUCHER;7;3;0;50.0;PUB_MAIRIE, PUB_ECOLE
639;PUBLIC;77;FONTENAY-TRESIGNY;6;2;0;50.0;PUB_MAIRIE, PUB_ECOLE
640;PUBLIC;77;LA ROCHETTE;6;2;0;50.0;PUB_MAIRIE, PUB_ECOLE
641;PUBLIC;77;OTHIS;5;1;0;50.0;PUB_MAIRIE, PUB_ECOLE
642;PUBLIC;78;BULLION;5;2;0;50.0;PUB_MAIRIE, PUB_ECOLE, PUB_HOPITAL
643;PUBLIC;77;JOUARRE;4;2;0;50.0;PUB_MAIRIE, PUB_ECOLE, PUB_HOPITAL
644;PUBLIC;78;BOUAFLE;4;1;0;50.0;PUB_MAIRIE, PUB_ECOLE
645;PUBLIC;91;SAINTRY-SUR-SEINE;4;1;0;50.0;PUB_MAIRIE, PUB_ECOLE
646;PUBLIC;77;CHARTRETTES;3;1;0;50.0;PUB_MAIRIE, PUB_ECOLE
647;PUBLIC;77;FAVIERES;3;1;0;50.0;PUB_MAIRIE, PUB_ECOLE
648;PUBLIC;77;MONTHYON;3;2;0;50.0;PUB_MAIRIE, PUB_ECOLE
649;PUBLIC;77;PRINGY;3;1;0;50.0;PUB_MAIRIE, PUB_ECOLE
650;PUBLIC;77;SAINT-SOUPPLETS;3;1;0;50.0;PUB_MAIRIE, PUB_ECOLE
651;PUBLIC;78;BONNIERES-SUR-SEINE;3;1;0;50.0;PUB_MAIRIE, PUB_ECOLE
652;PUBLIC;78;FLINS-SUR-SEINE;3;1;0;50.0;PUB_MAIRIE, PUB_ECOLE
653;PUBLIC;78;GALLUIS;3;1;0;50.0;PUB_MAIRIE, PUB_ECOLE
654;PUBLIC;78;JUZIERS;3;1;0;50.0;PUB_MAIRIE, PUB_ECOLE
655;PUBLIC;78;VILLIERS-SAINT-FREDERIC;3;1;0;50.0;PUB_MAIRIE, PUB_ECOLE
656;PUBLIC;91;AUVERS-SAINT-GEORGES;3;1;0;50.0;PUB_MAIRIE, PUB_ECOLE
657;PUBLIC;91;BOISSY-SOUS-SAINT-YON;3;1;0;50.0;PUB_MAIRIE, PUB_ECOLE
658;PUBLIC;91;SAINT-VRAIN;3;1;0;50.0;PUB_MAIRIE, PUB_ECOLE
659;PRIVE;75;PARIS 4;2;2;0;50.0;PRIV_SANTE_CABINET
660;PUBLIC;77;BOULEURS;2;1;0;50.0;PUB_MAIRIE, PUB_ECOLE
661;PUBLIC;77;COUTEVROULT;2;1;0;50.0;PUB_MAIRIE, PUB_ECOLE
662;PUBLIC;77;GERMIGNY-L'EVEQUE;2;1;0;50.0;PUB_MAIRIE, PUB_ECOLE
663;PUBLIC;77;ISLES-LES-VILLENOY;2;1;0;50.0;PUB_MAIRIE, PUB_ECOLE
664;PUBLIC;77;LA HOUSSAYE-EN-BRIE;2;1;0;50.0;PUB_MAIRIE, PUB_ECOLE
665;PUBLIC;77;MOUSSY-LE-VIEUX;2;1;0;50.0;PUB_MAIRIE, PUB_ECOLE
666;PUBLIC;77;REAU;2;1;0;50.0;PUB_MAIRIE, PUB_ECOLE
667;PUBLIC;77;ROUVRES;2;1;0;50.0;PUB_MAIRIE, PUB_ECOLE
668;PUBLIC;77;VILLENEUVE-LE-COMTE;2;1;0;50.0;PUB_MAIRIE, PUB_ECOLE
669;PUBLIC;78;AULNAY-SUR-MAULDRE;2;1;0;50.0;PUB_MAIRIE, PUB_ECOLE
670;PUBLIC;78;BAZAINVILLE;2;1;0;50.0;PUB_MAIRIE, PUB_ECOLE
671;PUBLIC;78;LEVIS-SAINT-NOM;2;1;0;50.0;PUB_MAIRIE, PUB_ECOLE
672;PUBLIC;78;MEZY-SUR-SEINE;2;1;0;50.0;PUB_MAIRIE, PUB_ECOLE
673;PUBLIC;78;SAINT-LEGER-EN-YVELINES;2;1;0;50.0;PUB_MAIRIE, PUB_ECOLE
674;PUBLIC;78;SAINT-REMY-L'HONORE;2;1;0;50.0;PUB_MAIRIE, PUB_ECOLE
675;PUBLIC;78;SONCHAMP;2;1;0;50.0;PUB_MAIRIE, PUB_ECOLE
676;PUBLIC;91;AVRAINVILLE;2;1;0;50.0;PUB_MAIRIE, PUB_ECOLE
677;PUBLIC;91;FONTENAY-LE-VICOMTE;2;1;0;50.0;PUB_MAIRIE, PUB_ECOLE
678;PUBLIC;91;ROINVILLE;2;1;0;50.0;PUB_MAIRIE, PUB_ECOLE
679;PUBLIC;91;SAINT-MAURICE-MONTCOURONNE;2;1;0;50.0;PUB_MAIRIE, PUB_ECOLE
680;PUBLIC;21;NOLAY;1;1;0;50.0;PUB_MAIRIE
681;PUBLIC;29;LANDERNEAU;1;1;0;50.0;PUB_ECOLE
682;PUBLIC;57;METZ;1;1;0;50.0;PUB_HOPITAL
683;PUBLIC;69;VILLEURBANNE;1;1;0;50.0;PUB_HOPITAL
684;PUBLIC;75;PARIS 07;1;1;0;50.0;PUB_MUSEE
685;PUBLIC;75;PARIS 12;1;1;0;50.0;PUB_MAIRIE
686;PUBLIC;93;AULNAY SOUS BOIS;1;1;0;50.0;PUB_HOPITAL
687;PUBLIC;93;ROSNY SOUS BOIS;1;1;0;50.0;PUB_HOPITAL
688;PUBLIC;974;SAINT-PIERRE;1;1;0;50.0;PUB_MAIRIE
689;PUBLIC;976;MAMOUDZOU;1;1;0;50.0;PUB_MAIRIE
690;PRIVE;92;LEVALLOIS PERRET;40;40;0;49.7;PRIV_SANTE_CABINET, PRIV_SANTE_CENTRE, PRIV_LOISIRS, IMMO_AGENCE, PRIV_RESTAURANT, PRIV_COMMERCE
691;PUBLIC;78;SAINT-NOM-LA-BRETECHE;6;4;0;49.7;PUB_MAIRIE, PUB_ECOLE, PUB_MUSEE
692;PUBLIC;95;SAINT-MARTIN-DU-TERTRE;3;1;0;49.7;PUB_MAIRIE, PUB_ECOLE
693;PUBLIC;91;EGLY;11;4;0;49.5;PUB_MAIRIE, PUB_ECOLE, PUB_HOPITAL, PUB_MUSEE
694;PUBLIC;78;SAINT-LAMBERT;2;1;0;49.5;PUB_MAIRIE, PUB_ECOLE
695;PUBLIC;95;BOISEMONT;2;1;0;49.5;PUB_MAIRIE, PUB_ECOLE
696;PUBLIC;95;GENICOURT;2;1;0;49.5;PUB_MAIRIE, PUB_ECOLE
697;PUBLIC;95;NERVILLE-LA-FORET;2;1;0;49.5;PUB_MAIRIE, PUB_ECOLE
698;PUBLIC;91;MILLY-LA-FORET;6;3;0;49.2;PUB_MAIRIE, PUB_ECOLE, PUB_HOPITAL
699;PUBLIC;91;ETAMPES;25;13;0;49.0;PUB_MAIRIE, PUB_ECOLE, PUB_HOPITAL, PUB_MUSEE
700;PUBLIC;77;MONTEREAU-FAULT-YONNE;15;6;0;49.0;PUB_MAIRIE, PUB_ECOLE, PUB_HOPITAL
701;PUBLIC;78;ABLIS;5;2;0;49.0;PUB_MAIRIE, PUB_ECOLE
702;PUBLIC;78;FOLLAINVILLE-DENNEMONT;5;2;0;49.0;PUB_MAIRIE, PUB_ECOLE, PUB_HOPITAL
703;PUBLIC;78;LES ESSARTS-LE-ROI;5;1;0;49.0;PUB_MAIRIE, PUB_ECOLE
704;PUBLIC;91;LE MEREVILLOIS;5;1;0;49.0;PUB_MAIRIE, PUB_ECOLE
705;PUBLIC;77;NEMOURS;14;5;0;48.9;PUB_MAIRIE, PUB_ECOLE, PUB_HOPITAL
706;PUBLIC;77;VARENNES-SUR-SEINE;4;1;0;48.8;PUB_MAIRIE, PUB_ECOLE
707;PUBLIC;78;MEZIERES-SUR-SEINE;4;1;0;48.8;PUB_MAIRIE, PUB_ECOLE
708;PUBLIC;78;MONTFORT-L'AMAURY;4;2;0;48.8;PUB_MAIRIE, PUB_ECOLE, PUB_MUSEE
709;PUBLIC;78;SEPTEUIL;4;1;0;48.8;PUB_MAIRIE, PUB_ECOLE
710;PUBLIC;91;ANGERVILLE;4;1;0;48.8;PUB_MAIRIE, PUB_ECOLE
711;PUBLIC;95;CHAMPAGNE-SUR-OISE;9;2;0;48.7;PUB_MAIRIE, PUB_ECOLE, PUB_MUSEE
712;PUBLIC;78;SAINT-GERMAIN-DE-LA-GRANGE;3;1;0;48.7;PUB_MAIRIE, PUB_ECOLE
713;PUBLIC;91;LES ULIS;14;5;0;48.6;PUB_MAIRIE, PUB_ECOLE, PUB_HOPITAL
714;PUBLIC;77;LE MEE-SUR-SEINE;11;1;0;48.6;PUB_MAIRIE, PUB_ECOLE
715;PUBLIC;78;BEYNES;7;1;0;48.4;PUB_MAIRIE, PUB_ECOLE
716;PUBLIC;77;GRETZ-ARMAINVILLIERS;6;1;0;48.3;PUB_MAIRIE, PUB_ECOLE
717;PUBLIC;91;LARDY;6;2;0;48.3;PUB_MAIRIE, PUB_ECOLE
718;PUBLIC;95;SURVILLIERS;6;1;0;48.3;PUB_MAIRIE, PUB_ECOLE
719;PRIVE;92;BOURG LA REINE;3;3;0;48.3;PRIV_SANTE_CABINET, PRIV_SANTE_CENTRE
720;PUBLIC;77;CHAMIGNY;3;2;0;48.3;PUB_MAIRIE, PUB_ECOLE, PUB_HOPITAL
721;PUBLIC;77;DAMPMART;3;1;0;48.3;PUB_MAIRIE, PUB_ECOLE
722;PUBLIC;77;GRISY-SUISNES;3;1;0;48.3;PUB_MAIRIE, PUB_ECOLE
723;PUBLIC;77;GUERARD;3;1;0;48.3;PUB_MAIRIE, PUB_ECOLE
724;PUBLIC;77;LIVRY-SUR-SEINE;3;1;0;48.3;PUB_MAIRIE, PUB_ECOLE
725;PUBLIC;78;GARANCIERES;3;1;0;48.3;PUB_MAIRIE, PUB_ECOLE
726;PUBLIC;78;LES BREVIAIRES;3;1;0;48.3;PUB_MAIRIE, PUB_ECOLE
727;PUBLIC;91;BOUTIGNY-SUR-ESSONNE;3;1;0;48.3;PUB_MAIRIE, PUB_ECOLE
728;PUBLIC;91;VERT-LE-PETIT;3;1;0;48.3;PUB_MAIRIE, PUB_ECOLE
729;PUBLIC;77;CESSON;11;2;0;48.2;PUB_MAIRIE, PUB_ECOLE
730;PUBLIC;95;MAGNY-EN-VEXIN;11;5;0;48.2;PUB_MAIRIE, PUB_ECOLE, PUB_HOPITAL
731;PUBLIC;78;EPONE;8;2;0;48.1;PUB_MAIRIE, PUB_ECOLE
732;PUBLIC;77;ESBLY;5;1;0;48.0;PUB_MAIRIE, PUB_ECOLE
733;PUBLIC;91;VILLABE;5;1;0;48.0;PUB_MAIRIE, PUB_ECOLE
734;PUBLIC;94;PERIGNY;5;3;0;48.0;PUB_MAIRIE, PUB_ECOLE, PUB_MUSEE
735;PRIVE;75;PARIS 7;4;4;0;48.0;PRIV_SANTE_CENTRE, PRIV_LOISIRS, PRIV_RESTAURANT
736;PUBLIC;78;LE PERRAY-EN-YVELINES;7;3;0;47.9;PUB_MAIRIE, PUB_ECOLE, PUB_MUSEE
737;PUBLIC;77;COMBS-LA-VILLE;11;3;0;47.7;PUB_MAIRIE, PUB_ECOLE, PUB_HOPITAL
738;PUBLIC;77;COULOMMIERS;15;7;0;47.7;PUB_MAIRIE, PUB_ECOLE, PUB_HOPITAL
739;PUBLIC;77;CHATEAU-LANDON;6;2;0;47.5;PUB_MAIRIE, PUB_ECOLE
740;PUBLIC;77;QUINCY-VOISINS;6;1;0;47.5;PUB_MAIRIE, PUB_ECOLE
741;PUBLIC;78;MAGNANVILLE;6;1;0;47.5;PUB_MAIRIE, PUB_ECOLE
742;PUBLIC;77;NEUFMOUTIERS-EN-BRIE;4;3;0;47.5;PUB_MAIRIE, PUB_ECOLE, PUB_HOPITAL, PUB_MUSEE
743;PUBLIC;78;PORCHEVILLE;4;1;0;47.5;PUB_MAIRIE, PUB_ECOLE
744;PUBLIC;91;CHAMARANDE;4;1;0;47.5;PUB_MAIRIE, PUB_ECOLE
745;PUBLIC;91;MAROLLES-EN-HUREPOIX;4;1;0;47.5;PUB_MAIRIE, PUB_ECOLE
746;PUBLIC;95;BOISSY-L'AILLERIE;4;2;0;47.5;PUB_MAIRIE, PUB_ECOLE
747;PUBLIC;95;CHARS;4;1;0;47.5;PUB_MAIRIE, PUB_ECOLE
748;PUBLIC;77;CELY;2;1;0;47.5;PUB_MAIRIE, PUB_ECOLE
749;PUBLIC;77;CHAMBRY;2;1;0;47.5;PUB_MAIRIE, PUB_ECOLE
750;PUBLIC;77;CHARNY;2;1;0;47.5;PUB_MAIRIE, PUB_ECOLE
751;PUBLIC;77;GREZ-SUR-LOING;2;1;0;47.5;PUB_MAIRIE, PUB_ECOLE
752;PUBLIC;77;JOUY-LE-CHATEL;2;1;0;47.5;PUB_MAIRIE, PUB_ECOLE
753;PUBLIC;77;LA CELLE-SUR-MORIN;2;1;0;47.5;PUB_MAIRIE, PUB_ECOLE
754;PUBLIC;77;LA CHAPELLE-GAUTHIER;2;1;0;47.5;PUB_MAIRIE, PUB_ECOLE
755;PUBLIC;77;LIVERDY-EN-BRIE;2;1;0;47.5;PUB_MAIRIE, PUB_ECOLE
756;PUBLIC;77;PENCHARD;2;1;0;47.5;PUB_MAIRIE, PUB_ECOLE
757;PUBLIC;77;POINCY;2;1;0;47.5;PUB_MAIRIE, PUB_ECOLE
758;PUBLIC;77;SALINS;2;1;0;47.5;PUB_MAIRIE, PUB_ECOLE
759;PUBLIC;78;NEAUPHLE-LE-VIEUX;2;1;0;47.5;PUB_MAIRIE, PUB_ECOLE
760;PUBLIC;78;NEZEL;2;1;0;47.5;PUB_MAIRIE, PUB_ECOLE
761;PUBLIC;78;ORCEMONT;2;1;0;47.5;PUB_MAIRIE, PUB_ECOLE
762;PUBLIC;78;SAINT REMY L'HONORE;2;2;0;47.5;PUB_MUSEE
763;PUBLIC;91;BREUX-JOUY;2;1;0;47.5;PUB_MAIRIE, PUB_ECOLE
764;PUBLIC;91;GUIBEVILLE;2;1;0;47.5;PUB_MAIRIE, PUB_ECOLE
765;PUBLIC;91;LES GRANGES-LE-ROI;2;1;0;47.5;PUB_MAIRIE, PUB_ECOLE
766;PUBLIC;95;CORMEILLES-EN-VEXIN;2;1;0;47.5;PUB_MAIRIE, PUB_ECOLE
767;PUBLIC;91;SAINT-GERMAIN-LES-ARPAJON;10;2;0;47.3;PUB_MAIRIE, PUB_ECOLE
768;PRIVE;75;PARIS 10;27;27;0;47.1;PRIV_SANTE_CENTRE, PRIV_LOISIRS, IMMO_AGENCE, PRIV_RESTAURANT
769;PUBLIC;77;BAILLY-ROMAINVILLIERS;7;2;0;47.1;PUB_MAIRIE, PUB_ECOLE, PUB_MUSEE
770;PUBLIC;91;LISSES;9;3;0;47.1;PUB_MAIRIE, PUB_ECOLE, PUB_HOPITAL
771;PUBLIC;78;RAMBOUILLET;19;8;0;47.1;PUB_MAIRIE, PUB_ECOLE, PUB_HOPITAL
772;PUBLIC;78;LIMAY;10;1;0;47.0;PUB_MAIRIE, PUB_ECOLE
773;PUBLIC;77;BRAY-SUR-SEINE;5;1;0;47.0;PUB_MAIRIE, PUB_ECOLE
774;PUBLIC;77;LUMIGNY-NESLES-ORMEAUX;5;1;0;47.0;PUB_MAIRIE, PUB_ECOLE
775;PUBLIC;78;COIGNIERES;5;1;0;47.0;PUB_MAIRIE, PUB_ECOLE
776;PUBLIC;78;SAINT-ARNOULT-EN-YVELINES;5;1;0;47.0;PUB_MAIRIE, PUB_ECOLE
777;PUBLIC;91;SACLAS;5;2;0;47.0;PUB_MAIRIE, PUB_ECOLE, PUB_HOPITAL
778;PUBLIC;78;AIGREMONT;3;2;0;47.0;PUB_MAIRIE, PUB_ECOLE, PUB_MUSEE
779;PUBLIC;91;SAINT-JEAN-DE-BEAUREGARD;2;1;0;47.0;PUB_MAIRIE, PUB_ECOLE
780;PUBLIC;95;NOISY-SUR-OISE;2;1;0;47.0;PUB_MAIRIE, PUB_ECOLE
781;PUBLIC;77;CARNETIN;1;1;0;47.0;PUB_MAIRIE
782;PUBLIC;78;MILON-LA-CHAPELLE;1;1;0;47.0;PUB_MAIRIE
783;PUBLIC;78;SAINT-FORGET;1;1;0;47.0;PUB_MAIRIE
784;PUBLIC;95;BELLEFONTAINE;1;1;0;47.0;PUB_MAIRIE
785;PUBLIC;95;EPIAIS-LES-LOUVRES;1;1;0;47.0;PUB_MAIRIE
786;PUBLIC;95;LASSY;1;1;0;47.0;PUB_MAIRIE
787;PUBLIC;95;LE MESNIL-AUBRY;1;1;0;47.0;PUB_ECOLE
788;PUBLIC;78;MANTES-LA-VILLE;13;4;0;46.9;PUB_MAIRIE, PUB_ECOLE, PUB_MUSEE
789;PUBLIC;91;LIMOURS;7;3;0;46.9;PUB_MAIRIE, PUB_ECOLE, PUB_HOPITAL, PUB_MUSEE
790;PUBLIC;95;BEAUMONT-SUR-OISE;13;6;0;46.8;PUB_MAIRIE, PUB_ECOLE, PUB_HOPITAL, PUB_MUSEE
791;PUBLIC;77;MOISSY-CRAMAYEL;12;3;0;46.7;PUB_MAIRIE, PUB_ECOLE, PUB_HOPITAL, PUB_MUSEE
792;PUBLIC;78;FRENEUSE;9;2;0;46.7;PUB_MAIRIE, PUB_ECOLE
793;PUBLIC;77;NANTEUIL-LES-MEAUX;6;1;0;46.7;PUB_MAIRIE, PUB_ECOLE
794;PRIVE;75;PARIS 2;3;3;0;46.7;PRIV_RESTAURANT
795;PUBLIC;77;BOISSISE-LA-BERTRAND;3;1;0;46.7;PUB_MAIRIE, PUB_ECOLE
796;PUBLIC;77;BOISSY-LE-CHATEL;3;1;0;46.7;PUB_MAIRIE, PUB_ECOLE
797;PUBLIC;77;COUBERT;3;1;0;46.7;PUB_MAIRIE, PUB_ECOLE
798;PUBLIC;77;JUILLY;3;1;0;46.7;PUB_MAIRIE, PUB_ECOLE
799;PUBLIC;77;MOISENAY;3;2;0;46.7;PUB_MAIRIE, PUB_ECOLE
800;PUBLIC;77;OZOUER-LE-VOULGIS;3;1;0;46.7;PUB_MAIRIE, PUB_ECOLE
801;PUBLIC;77;PONTCARRE;3;1;0;46.7;PUB_MAIRIE, PUB_ECOLE
802;PUBLIC;77;PRESLES-EN-BRIE;3;1;0;46.7;PUB_MAIRIE, PUB_ECOLE
803;PUBLIC;77;VARREDDES;3;1;0;46.7;PUB_MAIRIE, PUB_ECOLE
804;PUBLIC;78;AUFFARGIS;3;1;0;46.7;PUB_MAIRIE, PUB_ECOLE
805;PUBLIC;78;CIVRY-LA-FORET;3;1;0;46.7;PUB_MAIRIE, PUB_ECOLE
806;PUBLIC;78;GUERVILLE;3;1;0;46.7;PUB_MAIRIE, PUB_ECOLE
807;PUBLIC;78;MERE;3;1;0;46.7;PUB_MAIRIE, PUB_ECOLE
808;PUBLIC;78;SAINTE-MESME;3;1;0;46.7;PUB_MAIRIE, PUB_ECOLE
809;PUBLIC;91;BOURAY-SUR-JUINE;3;1;0;46.7;PUB_MAIRIE, PUB_ECOLE
810;PUBLIC;91;BRIERES-LES-SCELLES;3;1;0;46.7;PUB_MAIRIE, PUB_ECOLE
811;PUBLIC;91;CHEPTAINVILLE;3;1;0;46.7;PUB_MAIRIE, PUB_ECOLE
812;PUBLIC;91;JANVILLE-SUR-JUINE;3;1;0;46.7;PUB_MAIRIE, PUB_ECOLE
813;PUBLIC;91;SOISY-SUR-ECOLE;3;1;0;46.7;PUB_MAIRIE, PUB_ECOLE
814;PUBLIC;78;MAULE;7;2;0;46.4;PUB_MAIRIE, PUB_ECOLE
815;PUBLIC;77;CHAUMES-EN-BRIE;4;2;0;46.2;PUB_MAIRIE, PUB_ECOLE
816;PUBLIC;78;SAINT-MARTIN-LA-GARENNE;4;1;0;46.2;PUB_MAIRIE, PUB_ECOLE
817;PUBLIC;91;CHAMPCUEIL;4;1;0;46.2;PUB_MAIRIE, PUB_ECOLE
818;PUBLIC;91;ORMOY;4;1;0;46.2;PUB_MAIRIE, PUB_ECOLE
819;PUBLIC;77;LE CHATELET-EN-BRIE;10;3;0;46.0;PUB_MAIRIE, PUB_ECOLE
820;PUBLIC;77;TOURNAN-EN-BRIE;10;3;0;46.0;PUB_MAIRIE, PUB_ECOLE, PUB_HOPITAL
821;PUBLIC;77;DONNEMARIE-DONTILLY;5;2;0;46.0;PUB_MAIRIE, PUB_ECOLE
822;PUBLIC;77;LES CHAPELLES-BOURBON;5;3;0;46.0;PUB_MAIRIE, PUB_ECOLE
823;PUBLIC;77;MONTRY;5;1;0;46.0;PUB_MAIRIE, PUB_ECOLE
824;PUBLIC;77;OCQUERRE;5;2;0;46.0;PUB_MAIRIE, PUB_ECOLE
825;PUBLIC;78;ROSNY-SUR-SEINE;5;1;0;46.0;PUB_MAIRIE, PUB_ECOLE
826;PUBLIC;91;CERNY;5;3;0;46.0;PUB_MAIRIE, PUB_ECOLE, PUB_MUSEE
827;PUBLIC;77;FEROLLES-ATTILLY;2;1;0;46.0;PUB_MAIRIE, PUB_ECOLE
828;PRIVE;75;PARIS 15;22;22;0;46.0;PRIV_SANTE_CABINET, PRIV_SANTE_CENTRE, PRIV_LOISIRS, IMMO_AGENCE, PRIV_BUREAU, PRIV_RESTAURANT, PRIV_COMMERCE
829;PUBLIC;77;SAINT-FARGEAU-PONTHIERRY;12;3;0;45.8;PUB_MAIRIE, PUB_ECOLE, PUB_MUSEE
830;PUBLIC;78;GARGENVILLE;6;2;0;45.8;PUB_MAIRIE, PUB_ECOLE
831;PUBLIC;91;ITTEVILLE;6;1;0;45.8;PUB_MAIRIE, PUB_ECOLE
832;PUBLIC;91;MORIGNY-CHAMPIGNY;6;2;0;45.8;PUB_MAIRIE, PUB_ECOLE
833;PRIVE;92;NEUILLY SUR SEINE;11;11;0;45.8;PRIV_SANTE_CENTRE, PRIV_LOISIRS, IMMO_AGENCE, PRIV_RESTAURANT, PRIV_COMMERCE
834;PUBLIC;91;BALLANCOURT-SUR-ESSONNE;8;3;0;45.6;PUB_MAIRIE, PUB_ECOLE
835;PRIVE;75;PARIS 18;20;20;0;45.3;PRIV_SANTE_CABINET, PRIV_SANTE_CENTRE, PRIV_LOISIRS, IMMO_AGENCE, PRIV_BUREAU, PRIV_RESTAURANT
836;PRIVE;75;PARIS 9;20;20;0;45.2;PRIV_SANTE_CENTRE, PRIV_LOISIRS, IMMO_AGENCE, PRIV_BUREAU, PRIV_RESTAURANT
837;PUBLIC;77;SOUPPES-SUR-LOING;6;1;0;45.0;PUB_MAIRIE, PUB_ECOLE, PUB_MUSEE
838;PUBLIC;78;MORAINVILLIERS;6;2;0;45.0;PUB_MAIRIE, PUB_ECOLE, PUB_MUSEE
839;PUBLIC;77;CONCHES-SUR-GONDOIRE;5;3;0;45.0;PUB_MAIRIE, PUB_ECOLE
840;PUBLIC;91;PUSSAY;5;2;0;45.0;PUB_MAIRIE, PUB_ECOLE
841;PUBLIC;77;LIZY-SUR-OURCQ;4;2;0;45.0;PUB_MAIRIE, PUB_ECOLE
842;PUBLIC;91;BRUYERES-LE-CHATEL;4;2;0;45.0;PUB_MAIRIE, PUB_ECOLE, PUB_MUSEE
843;PUBLIC;91;FORGES-LES-BAINS;4;2;0;45.0;PUB_MAIRIE, PUB_ECOLE, PUB_MUSEE
844;PRIVE;94;CHAMPIGNY SUR MARNE;3;3;0;45.0;PRIV_SANTE_CABINET, PRIV_SANTE_CENTRE
845;PUBLIC;77;BARBIZON;3;2;0;45.0;PUB_MUSEE, PUB_MAIRIE, PUB_ECOLE
846;PUBLIC;77;MAINCY;3;1;0;45.0;PUB_MAIRIE, PUB_ECOLE
847;PUBLIC;77;MORTCERF;3;2;0;45.0;PUB_MAIRIE, PUB_ECOLE
848;PUBLIC;77;SEINE-PORT;3;1;0;45.0;PUB_MAIRIE, PUB_ECOLE
849;PUBLIC;77;VILLIERS-SUR-MORIN;3;1;0;45.0;PUB_MAIRIE, PUB_ECOLE
850;PUBLIC;77;VOULANGIS;3;1;0;45.0;PUB_MAIRIE, PUB_ECOLE
851;PUBLIC;78;CERNAY-LA-VILLE;3;1;0;45.0;PUB_MAIRIE, PUB_ECOLE
852;PUBLIC;78;CONDE-SUR-VESGRE;3;2;0;45.0;PUB_MAIRIE, PUB_ECOLE
853;PUBLIC;78;FONTENAY-MAUVOISIN;3;1;0;45.0;PUB_MAIRIE, PUB_ECOLE
854;PUBLIC;78;GROSROUVRE;3;1;0;45.0;PUB_MAIRIE, PUB_ECOLE
855;PUBLIC;78;GUERNES;3;1;0;45.0;PUB_MAIRIE, PUB_ECOLE
856;PUBLIC;78;LA FALAISE;3;1;0;45.0;PUB_MAIRIE, PUB_ECOLE
857;PUBLIC;78;LES MESNULS;3;1;0;45.0;PUB_MAIRIE, PUB_ECOLE
858;PUBLIC;78;MONTAINVILLE;3;1;0;45.0;PUB_MAIRIE, PUB_ECOLE
859;PUBLIC;78;ORGERUS;3;1;0;45.0;PUB_MAIRIE, PUB_ECOLE
860;PUBLIC;78;ROCHEFORT-EN-YVELINES;3;2;0;45.0;PUB_MAIRIE, PUB_ECOLE
861;PUBLIC;78;SAINT-MARTIN-DE-BRETHENCOURT;3;1;0;45.0;PUB_MAIRIE, PUB_ECOLE
862;PUBLIC;78;VERT;3;1;0;45.0;PUB_MAIRIE, PUB_ECOLE
863;PUBLIC;91;ANGERVILLIERS;3;1;0;45.0;PUB_MAIRIE, PUB_ECOLE
864;PUBLIC;91;CHEVANNES;3;1;0;45.0;PUB_MAIRIE, PUB_ECOLE
865;PUBLIC;91;CORBREUSE;3;1;0;45.0;PUB_MAIRIE, PUB_ECOLE
866;PUBLIC;91;LEUDEVILLE;3;1;0;45.0;PUB_MAIRIE, PUB_ECOLE
867;PUBLIC;91;SAINT-CYR-SOUS-DOURDAN;3;1;0;45.0;PUB_MAIRIE, PUB_ECOLE
868;PUBLIC;91;SERMAISE;3;1;0;45.0;PUB_MAIRIE, PUB_ECOLE
869;PUBLIC;91;VERT-LE-GRAND;3;1;0;45.0;PUB_MAIRIE, PUB_ECOLE
870;PUBLIC;95;BRAY-ET-LU;3;1;0;45.0;PUB_MAIRIE, PUB_ECOLE
871;PUBLIC;95;LA ROCHE-GUYON;3;2;0;45.0;PUB_MAIRIE, PUB_ECOLE, PUB_HOPITAL
872;PRIVE;75;PARIS 05;2;2;0;45.0;PRIV_SANTE_CENTRE, PRIV_RESTAURANT
873;PUBLIC;75;PARIS 10;2;2;0;45.0;PUB_MUSEE
874;PUBLIC;77;BEAUMONT-DU-GATINAIS;2;1;0;45.0;PUB_MAIRIE, PUB_ECOLE
875;PUBLIC;77;CHAILLY-EN-BRIE;2;1;0;45.0;PUB_MAIRIE, PUB_ECOLE
876;PUBLIC;77;CHAMPDEUIL;2;1;0;45.0;PUB_MAIRIE, PUB_ECOLE
877;PUBLIC;77;CHATRES;2;1;0;45.0;PUB_MAIRIE, PUB_ECOLE
878;PUBLIC;77;FRESNES-SUR-MARNE;2;1;0;45.0;PUB_MAIRIE, PUB_ECOLE
879;PUBLIC;77;MARCHEMORET;2;1;0;45.0;PUB_MAIRIE, PUB_ECOLE
880;PUBLIC;77;MESSY;2;1;0;45.0;PUB_MAIRIE, PUB_ECOLE
881;PUBLIC;77;MONCOURT-FROMONVILLE;2;1;0;45.0;PUB_MAIRIE, PUB_ECOLE
882;PUBLIC;77;MONTEREAU FAULT YONNE;2;1;0;45.0;PUB_ECOLE
883;PUBLIC;77;PRECY-SUR-MARNE;2;1;0;45.0;PUB_MAIRIE, PUB_ECOLE
884;PUBLIC;77;SAINT-SAUVEUR-SUR-ECOLE;2;1;0;45.0;PUB_MAIRIE, PUB_ECOLE
885;PUBLIC;77;SAINTE-COLOMBE;2;1;0;45.0;PUB_MAIRIE, PUB_ECOLE
886;PUBLIC;77;SIVRY-COURTRY;2;1;0;45.0;PUB_MAIRIE, PUB_ECOLE
887;PUBLIC;77;THIEUX;2;1;0;45.0;PUB_MAIRIE, PUB_ECOLE
888;PUBLIC;77;VILLENEUVE-SOUS-DAMMARTIN;2;1;0;45.0;PUB_MAIRIE, PUB_ECOLE
889;PUBLIC;77;YEBLES;2;1;0;45.0;PUB_MAIRIE, PUB_ECOLE
890;PUBLIC;78;AUTEUIL;2;1;0;45.0;PUB_MAIRIE, PUB_ECOLE
891;PUBLIC;78;CLAIREFONTAINE-EN-YVELINES;2;1;0;45.0;PUB_MAIRIE, PUB_ECOLE
892;PUBLIC;78;DROCOURT;2;1;0;45.0;PUB_MAIRIE, PUB_ECOLE
893;PUBLIC;78;GAILLON-SUR-MONTCIENT;2;1;0;45.0;PUB_MAIRIE, PUB_ECOLE
894;PUBLIC;78;GOUPILLIERES;2;1;0;45.0;PUB_MAIRIE, PUB_ECOLE
895;PUBLIC;78;GUITRANCOURT;2;1;0;45.0;PUB_MAIRIE, PUB_ECOLE
896;PUBLIC;78;JUMEAUVILLE;2;1;0;45.0;PUB_MAIRIE, PUB_ECOLE
897;PUBLIC;78;LA CELLE-LES-BORDES;2;1;0;45.0;PUB_MAIRIE, PUB_ECOLE
898;PUBLIC;78;LAINVILLE-EN-VEXIN;2;1;0;45.0;PUB_MAIRIE, PUB_ECOLE
899;PUBLIC;78;MARCQ;2;1;0;45.0;PUB_MAIRIE, PUB_ECOLE
900;PUBLIC;78;PONTHEVRARD;2;1;0;45.0;PUB_MAIRIE, PUB_ECOLE
901;PUBLIC;78;TACOIGNIERES;2;1;0;45.0;PUB_MAIRIE, PUB_ECOLE
902;PUBLIC;78;VILLIERS-LE-MAHIEU;2;1;0;45.0;PUB_MAIRIE, PUB_ECOLE
903;PUBLIC;91;ECHARCON;2;1;0;45.0;PUB_MAIRIE, PUB_ECOLE
904;PUBLIC;95;AINCOURT;2;1;0;45.0;PUB_MAIRIE, PUB_ECOLE
905;PUBLIC;95;GENAINVILLE;2;1;0;45.0;PUB_MAIRIE, PUB_ECOLE
906;PUBLIC;95;SAGY;2;1;0;45.0;PUB_MAIRIE, PUB_ECOLE
907;PUBLIC;95;US;2;1;0;45.0;PUB_MAIRIE, PUB_ECOLE
908;PUBLIC;95;VALLANGOUJARD;2;1;0;45.0;PUB_MAIRIE, PUB_ECOLE
909;PUBLIC;971;LES ABYMES;2;2;0;45.0;PUB_HOPITAL
910;PRIVE;02;CHARLY-SUR-MARNE;1;1;0;45.0;PRIV_COMMERCE
911;PRIVE;38;OYTIER-SAINT-OBLAS;1;1;0;45.0;PRIV_COMMERCE
912;PRIVE;47;MARMANDE;1;1;0;45.0;PRIV_COMMERCE
913;PRIVE;51;GUEUX;1;1;0;45.0;PRIV_COMMERCE
914;PRIVE;56;HENNEBONT;1;1;0;45.0;PRIV_COMMERCE
915;PRIVE;57;ENNERY;1;1;0;45.0;PRIV_COMMERCE
916;PRIVE;60;CREVECŒUR-LE-GRAND;1;1;0;45.0;PRIV_COMMERCE
917;PRIVE;60;NEUILLY-EN-THELLE;1;1;0;45.0;PRIV_COMMERCE
918;PRIVE;66;LLUPIA;1;1;0;45.0;PRIV_COMMERCE
919;PRIVE;68;SAINTE-CROIX-EN-PLAINE;1;1;0;45.0;PRIV_COMMERCE
920;PRIVE;75;PARIS 7E ARRONDISSEMENT;1;1;0;45.0;IMMO_AGENCE
921;PRIVE;78;JOUY EN JOSAS;1;1;0;45.0;PRIV_RESTAURANT
922;PRIVE;85;LA GUERINIERE;1;1;0;45.0;PRIV_COMMERCE
923;PRIVE;86;CHASSENEUIL-DU-POITOU;1;1;0;45.0;PRIV_BUREAU
924;PRIVE;91;VILLEBON SUR YVETTE;1;1;0;45.0;PRIV_SANTE_CENTRE
925;PRIVE;92;VILLE D AVRAY;1;1;0;45.0;PRIV_SANTE_CABINET
926;PRIVE;92;VILLENEUVE LA GARENNE;1;1;0;45.0;PRIV_SANTE_CABINET
927;PUBLIC;60;GOUVIEUX;1;1;0;45.0;PUB_ECOLE
928;PUBLIC;69;LA MULATIERE;1;1;0;45.0;PUB_MUSEE
929;PUBLIC;77;BOISSETTES;1;1;0;45.0;PUB_MAIRIE
930;PUBLIC;77;CRECY LA CHAPELLE;1;1;0;45.0;PUB_ECOLE
931;PUBLIC;77;VILLIERS-EN-BIERE;1;1;0;45.0;PUB_MAIRIE
932;PUBLIC;78;MAREIL-LE-GUYON;1;1;0;45.0;PUB_MAIRIE
933;PUBLIC;78;SAINT CYR L'ECOLE;1;1;0;45.0;PUB_ECOLE
934;PUBLIC;94;CHARENTON LE PONT;1;1;0;45.0;PUB_MUSEE
935;PUBLIC;987;PAPEETE;1;1;0;45.0;PUB_MAIRIE
936;PUBLIC;95;BETHEMONT-LA-FORET;2;1;0;44.5;PUB_MAIRIE, PUB_ECOLE
937;PUBLIC;95;CHAUVRY;2;1;0;44.5;PUB_MAIRIE, PUB_ECOLE
938;PUBLIC;95;HEROUVILLE-EN-VEXIN;2;1;0;44.5;PUB_MAIRIE, PUB_ECOLE
939;PUBLIC;95;LE PLESSIS-LUZARCHES;2;1;0;44.5;PUB_MAIRIE, PUB_ECOLE
940;PUBLIC;95;LIVILLIERS;2;1;0;44.5;PUB_MAIRIE, PUB_ECOLE
941;PUBLIC;77;PROVINS;22;8;0;44.3;PUB_MAIRIE, PUB_ECOLE, PUB_HOPITAL, PUB_MUSEE
942;PUBLIC;91;SAINT-GERMAIN-LES-CORBEIL;7;3;0;44.3;PUB_MAIRIE, PUB_ECOLE, PUB_MUSEE
943;PUBLIC;77;BOIS-LE-ROI;6;3;0;44.2;PUB_MAIRIE, PUB_ECOLE, PUB_HOPITAL, PUB_MUSEE
944;PUBLIC;77;LA FERTE-SOUS-JOUARRE;6;1;0;44.2;PUB_MAIRIE, PUB_ECOLE
945;PRIVE;75;PARIS 17;19;19;0;44.1;PRIV_SANTE_CABINET, PRIV_SANTE_CENTRE, PRIV_LOISIRS, IMMO_AGENCE, PRIV_BUREAU, PRIV_RESTAURANT, PRIV_COMMERCE
946;PRIVE;92;BOIS COLOMBES;8;8;0;44.0;PRIV_SANTE_CABINET, PRIV_SANTE_CENTRE, PRIV_LOISIRS, IMMO_AGENCE
947;PUBLIC;77;SAINT-MAMMES;5;2;0;44.0;PUB_MAIRIE, PUB_ECOLE
948;PUBLIC;78;BONNELLES;5;2;0;44.0;PUB_MAIRIE, PUB_ECOLE, PUB_MUSEE
949;PRIVE;92;FONTENAY AUX ROSES;12;12;0;43.9;PRIV_SANTE_CENTRE, PRIV_LOISIRS, IMMO_AGENCE, PRIV_RESTAURANT, PRIV_COMMERCE
950;PRIVE;75;PARIS 09;8;8;0;43.9;PRIV_SANTE_CABINET, PRIV_SANTE_CENTRE, PRIV_LOISIRS, IMMO_AGENCE, PRIV_RESTAURANT
951;PRIVE;75;PARIS 11;74;74;0;43.8;PRIV_SANTE_CENTRE, PRIV_SANTE_CABINET, PRIV_LOISIRS, IMMO_AGENCE, PRIV_BUREAU, PRIV_RESTAURANT, PRIV_COMMERCE
952;PUBLIC;77;FAREMOUTIERS;4;2;0;43.8;PUB_MAIRIE, PUB_ECOLE
953;PUBLIC;77;LONGUEVILLE;4;1;0;43.8;PUB_MAIRIE, PUB_ECOLE
954;PUBLIC;77;SAINT-GERMAIN-LAVAL;4;1;0;43.8;PUB_MAIRIE, PUB_ECOLE
955;PUBLIC;78;BENNECOURT;4;1;0;43.8;PUB_MAIRIE, PUB_ECOLE
956;PUBLIC;78;LA QUEUE-LES-YVELINES;4;2;0;43.8;PUB_MAIRIE, PUB_ECOLE
957;PUBLIC;78;SAULX-MARCHAIS;4;3;0;43.8;PUB_MAIRIE, PUB_ECOLE, PUB_MUSEE
958;PRIVE;94;ORMESSON SUR MARNE;2;2;0;43.5;PRIV_SANTE_CENTRE, PRIV_RESTAURANT
959;PRIVE;93;LE PRE SAINT GERVAIS;5;5;0;43.4;PRIV_SANTE_CENTRE, PRIV_LOISIRS, IMMO_AGENCE, PRIV_BUREAU
960;PUBLIC;91;SAINT-CHERON;6;2;0;43.3;PUB_MAIRIE, PUB_ECOLE, PUB_MUSEE
961;PUBLIC;77;BEAUTHEIL-SAINTS;3;1;0;43.3;PUB_MAIRIE, PUB_ECOLE
962;PUBLIC;77;BELLOT;3;2;0;43.3;PUB_MAIRIE, PUB_ECOLE
963;PUBLIC;77;CHOISY-EN-BRIE;3;2;0;43.3;PUB_MAIRIE, PUB_ECOLE
964;PUBLIC;77;HERICY;3;1;0;43.3;PUB_MAIRIE, PUB_ECOLE
965;PUBLIC;77;LIMOGES-FOURCHES;3;2;0;43.3;PUB_MAIRIE, PUB_ECOLE
966;PUBLIC;77;ROZAY-EN-BRIE;3;1;0;43.3;PUB_MAIRIE, PUB_ECOLE
967;PUBLIC;77;SAINT-JEAN-LES-DEUX-JUMEAUX;3;2;0;43.3;PUB_MAIRIE, PUB_ECOLE
968;PUBLIC;78;BREVAL;3;1;0;43.3;PUB_MAIRIE, PUB_ECOLE
969;PUBLIC;78;MAREIL-SUR-MAULDRE;3;1;0;43.3;PUB_MAIRIE, PUB_ECOLE
970;PUBLIC;78;ORVILLIERS;3;1;0;43.3;PUB_MAIRIE, PUB_ECOLE
971;PUBLIC;78;THOIRY;3;2;0;43.3;PUB_MAIRIE, PUB_ECOLE
972;PUBLIC;91;MAISSE;3;1;0;43.3;PUB_MAIRIE, PUB_ECOLE
973;PRIVE;75;PARIS 06;3;3;0;43.0;PRIV_LOISIRS, PRIV_BUREAU
974;PRIVE;75;PARIS 13;11;11;0;42.9;PRIV_SANTE_CABINET, PRIV_SANTE_CENTRE, PRIV_LOISIRS, IMMO_AGENCE, PRIV_RESTAURANT, PRIV_COMMERCE
975;PRIVE;75;PARIS 20;6;6;0;42.8;PRIV_SANTE_CABINET, PRIV_SANTE_CENTRE, PRIV_LOISIRS, PRIV_BUREAU
976;PRIVE;75;PARIS 12;98;98;0;42.7;PRIV_SANTE_CABINET, PRIV_SANTE_CENTRE, PRIV_LOISIRS, IMMO_AGENCE, PRIV_BUREAU, PRIV_RESTAURANT, PRIV_COMMERCE
977;PUBLIC;77;NANGIS;12;4;0;42.5;PUB_MAIRIE, PUB_ECOLE, PUB_MUSEE
978;PRIVE;75;PARIS 1;4;4;0;42.5;IMMO_AGENCE, PRIV_RESTAURANT
979;PRIVE;95;BONNEUIL-EN-FRANCE;4;4;0;42.5;PRIV_SANTE_CABINET, PRIV_BUREAU, PRIV_RESTAURANT
980;PUBLIC;77;CHAMPEAUX;4;2;0;42.5;PUB_MAIRIE, PUB_ECOLE
981;PUBLIC;77;LONGPERRIER;4;2;0;42.5;PUB_MAIRIE, PUB_ECOLE, PUB_MUSEE
982;PUBLIC;77;MAROLLES-SUR-SEINE;4;2;0;42.5;PUB_MAIRIE, PUB_ECOLE
983;PUBLIC;77;POMMEUSE;4;2;0;42.5;PUB_MAIRIE, PUB_ECOLE, PUB_MUSEE
984;PUBLIC;77;REBAIS;4;2;0;42.5;PUB_MAIRIE, PUB_ECOLE
985;PUBLIC;77;SAINT-PIERRE-LES-NEMOURS;4;1;0;42.5;PUB_MAIRIE, PUB_ECOLE
986;PUBLIC;95;BERNES-SUR-OISE;4;2;0;42.5;PUB_MAIRIE, PUB_ECOLE, PUB_MUSEE
987;PUBLIC;77;BLANDY;2;1;0;42.5;PUB_MAIRIE, PUB_ECOLE
988;PUBLIC;77;BOUTIGNY;2;1;0;42.5;PUB_MAIRIE, PUB_ECOLE
989;PUBLIC;77;CHANGIS-SUR-MARNE;2;1;0;42.5;PUB_MAIRIE, PUB_ECOLE
990;PUBLIC;77;CHENOISE-CUCHARMOY;2;1;0;42.5;PUB_MAIRIE, PUB_ECOLE
991;PUBLIC;77;CREVECŒUR-EN-BRIE;2;1;0;42.5;PUB_MAIRIE, PUB_ECOLE
992;PUBLIC;77;DARVAULT;2;1;0;42.5;PUB_MAIRIE, PUB_ECOLE
993;PUBLIC;77;ETREPILLY;2;1;0;42.5;PUB_MAIRIE, PUB_ECOLE
994;PUBLIC;77;GRANDPUITS-BAILLY-CARROIS;2;1;0;42.5;PUB_MAIRIE, PUB_ECOLE
995;PUBLIC;77;IVERNY;2;1;0;42.5;PUB_MAIRIE, PUB_ECOLE
996;PUBLIC;77;MARY-SUR-MARNE;2;1;0;42.5;PUB_MAIRIE, PUB_ECOLE
997;PUBLIC;77;PAMFOU;2;1;0;42.5;PUB_MAIRIE, PUB_ECOLE
998;PUBLIC;77;SAINT-MESMES;2;1;0;42.5;PUB_MAIRIE, PUB_ECOLE
999;PUBLIC;77;SAMMERON;2;1;0;42.5;PUB_MAIRIE, PUB_ECOLE
1000;PUBLIC;77;SANCY;2;1;0;42.5;PUB_MAIRIE, PUB_ECOLE
1001;PUBLIC;77;SOURDUN;2;1;0;42.5;PUB_MAIRIE, PUB_ECOLE
1002;PUBLIC;77;TIGEAUX;2;1;0;42.5;PUB_MAIRIE, PUB_ECOLE
1003;PUBLIC;77;TRILBARDOU;2;1;0;42.5;PUB_MAIRIE, PUB_ECOLE
1004;PUBLIC;77;URY;2;1;0;42.5;PUB_MAIRIE, PUB_ECOLE
1005;PUBLIC;77;VILLEROY;2;1;0;42.5;PUB_MAIRIE, PUB_ECOLE
1006;PUBLIC;78;ANDELU;2;1;0;42.5;PUB_MAIRIE, PUB_ECOLE
1007;PUBLIC;78;AUFFREVILLE-BRASSEUIL;2;1;0;42.5;PUB_MAIRIE, PUB_ECOLE
1008;PUBLIC;78;AUTOUILLET;2;1;0;42.5;PUB_MAIRIE, PUB_ECOLE
1009;PUBLIC;78;BOISSY-SANS-AVOIR;2;1;0;42.5;PUB_MAIRIE, PUB_ECOLE
1010;PUBLIC;78;BRUEIL-EN-VEXIN;2;1;0;42.5;PUB_MAIRIE, PUB_ECOLE
1011;PUBLIC;78;DAMMARTIN-EN-SERVE;2;1;0;42.5;PUB_MAIRIE, PUB_ECOLE
1012;PUBLIC;78;HARGEVILLE;2;1;0;42.5;PUB_MAIRIE, PUB_ECOLE
1013;PUBLIC;78;JAMBVILLE;2;1;0;42.5;PUB_MAIRIE, PUB_ECOLE
1014;PUBLIC;78;PRUNAY-LE-TEMPLE;2;1;0;42.5;PUB_MAIRIE, PUB_ECOLE
1015;PUBLIC;78;SAINT-HILARION;2;1;0;42.5;PUB_MAIRIE, PUB_ECOLE
1016;PUBLIC;78;SENLISSE;2;1;0;42.5;PUB_MAIRIE, PUB_ECOLE
1017;PUBLIC;78;TESSANCOURT-SUR-AUBETTE;2;1;0;42.5;PUB_MAIRIE, PUB_ECOLE
1018;PUBLIC;91;COURANCES;2;1;0;42.5;PUB_MAIRIE, PUB_ECOLE
1019;PUBLIC;91;COURSON-MONTELOUP;2;1;0;42.5;PUB_MAIRIE, PUB_ECOLE
1020;PUBLIC;91;MONDEVILLE;2;1;0;42.5;PUB_MAIRIE, PUB_ECOLE
1021;PUBLIC;91;ORMOY-LA-RIVIERE;2;1;0;42.5;PUB_MAIRIE, PUB_ECOLE
1022;PUBLIC;91;PECQUEUSE;2;1;0;42.5;PUB_MAIRIE, PUB_ECOLE
1023;PUBLIC;91;SAINT-YON;2;1;0;42.5;PUB_MAIRIE, PUB_ECOLE
1024;PUBLIC;91;ST GERMAIN LES CORBEIL;2;1;0;42.5;PUB_ECOLE
1025;PUBLIC;95;AVERNES;2;1;0;42.5;PUB_MAIRIE, PUB_ECOLE
1026;PUBLIC;95;BREANCON;2;1;0;42.5;PUB_MAIRIE, PUB_ECOLE
1027;PUBLIC;95;CLERY-EN-VEXIN;2;1;0;42.5;PUB_MAIRIE, PUB_ECOLE
1028;PUBLIC;95;FREMAINVILLE;2;1;0;42.5;PUB_MAIRIE, PUB_ECOLE
1029;PUBLIC;95;HARAVILLIERS;2;1;0;42.5;PUB_MAIRIE, PUB_ECOLE
1030;PUBLIC;95;LONGUESSE;2;1;0;42.5;PUB_MAIRIE, PUB_ECOLE
1031;PUBLIC;95;NUCOURT;2;1;0;42.5;PUB_MAIRIE, PUB_ECOLE
1032;PUBLIC;95;SAINT-CLAIR-SUR-EPTE;2;1;0;42.5;PUB_MAIRIE, PUB_ECOLE
1033;PUBLIC;95;VETHEUIL;2;1;0;42.5;PUB_MAIRIE, PUB_ECOLE
1034;PUBLIC;95;VILLERS-EN-ARTHIES;2;1;0;42.5;PUB_MAIRIE, PUB_ECOLE
1035;PRIVE;93;EPINAY SUR SEINE;9;9;0;42.4;PRIV_SANTE_CABINET, PRIV_SANTE_CENTRE, PRIV_LOISIRS, IMMO_AGENCE, PRIV_BUREAU
1036;PUBLIC;77;AVON;11;3;0;42.3;PUB_MAIRIE, PUB_ECOLE, PUB_HOPITAL
1037;PRIVE;75;PARIS 14;12;12;0;42.2;PRIV_SANTE_CABINET, PRIV_SANTE_CENTRE, PRIV_LOISIRS, IMMO_AGENCE, PRIV_BUREAU, PRIV_RESTAURANT
1038;PRIVE;94;KREMLIN BICETRE;4;4;0;42.2;PRIV_SANTE_CABINET, PRIV_SANTE_CENTRE, PRIV_LOISIRS
1039;PRIVE;75;PARIS 19;15;15;0;42.1;PRIV_SANTE_CABINET, PRIV_SANTE_CENTRE, PRIV_LOISIRS, IMMO_AGENCE, PRIV_RESTAURANT
1040;PUBLIC;77;MORET-LOING-ET-ORVANNE;15;6;0;42.0;PUB_MAIRIE, PUB_ECOLE, PUB_MUSEE
1041;PRIVE;93;L ILE SAINT DENIS;5;5;0;42.0;PRIV_BUREAU, PRIV_RESTAURANT
1042;PUBLIC;77;VILLEMARECHAL;5;2;0;42.0;PUB_MAIRIE, PUB_ECOLE
1043;PRIVE;75;PARIS 5;2;2;0;42.0;PRIV_LOISIRS
1044;PRIVE;77;SAMOIS SUR SEINE;1;1;0;42.0;PRIV_LOISIRS
1045;PUBLIC;95;JAGNY-SOUS-BOIS;1;1;0;42.0;PUB_MAIRIE
1046;PRIVE;92;MONTROUGE;470;461;0;41.8;PRIV_SANTE_CABINET, PRIV_SANTE_CENTRE, PRIV_LOISIRS, PRIV_BUREAU, IMMO_AGENCE, PRIV_RESTAURANT, PRIV_COMMERCE
1047;PRIVE;92;SEVRES;223;221;0;41.7;PRIV_SANTE_CABINET, PRIV_SANTE_CENTRE, PRIV_LOISIRS, IMMO_AGENCE, PRIV_BUREAU, PRIV_RESTAURANT, PRIV_COMMERCE
1048;PRIVE;75;PARIS 8;6;6;0;41.7;IMMO_AGENCE, PRIV_BUREAU, PRIV_RESTAURANT
1049;PUBLIC;78;ISSOU;6;2;0;41.7;PUB_MAIRIE, PUB_ECOLE, PUB_MUSEE
1050;PRIVE;94;L HAY LES ROSES;3;3;0;41.7;PRIV_SANTE_CABINET, PRIV_SANTE_CENTRE
1051;PRIVE;95;ST BRICE SOUS FORET;3;3;0;41.7;PRIV_SANTE_CENTRE, PRIV_RESTAURANT
1052;PUBLIC;77;AUBEPIERRE-OZOUER-LE-REPOS;3;1;0;41.7;PUB_MAIRIE, PUB_ECOLE
1053;PUBLIC;77;BETON-BAZOCHES;3;2;0;41.7;PUB_MAIRIE, PUB_ECOLE
1054;PUBLIC;77;BOURRON-MARLOTTE;3;1;0;41.7;PUB_MAIRIE, PUB_ECOLE
1055;PUBLIC;77;CANNES-ECLUSE;3;1;0;41.7;PUB_MAIRIE, PUB_ECOLE
1056;PUBLIC;77;FOUJU;3;2;0;41.7;PUB_MAIRIE, PUB_ECOLE
1057;PUBLIC;77;LA CHAPELLE-LA-REINE;3;1;0;41.7;PUB_MAIRIE, PUB_ECOLE
1058;PUBLIC;77;SAINT-REMY-DE-LA-VANNE;3;1;0;41.7;PUB_MAIRIE, PUB_ECOLE
1059;PUBLIC;77;VOISENON;3;2;0;41.7;PUB_MAIRIE, PUB_ECOLE
1060;PUBLIC;77;VULAINES-SUR-SEINE;3;1;0;41.7;PUB_MAIRIE, PUB_ECOLE
1061;PUBLIC;78;BEHOUST;3;2;0;41.7;PUB_MAIRIE, PUB_ECOLE
1062;PUBLIC;78;GOUSSONVILLE;3;2;0;41.7;PUB_MAIRIE, PUB_ECOLE
1063;PUBLIC;78;LIMETZ-VILLEZ;3;1;0;41.7;PUB_MAIRIE, PUB_ECOLE
1064;PUBLIC;91;BOUTERVILLIERS;3;2;0;41.7;PUB_MAIRIE, PUB_ECOLE
1065;PUBLIC;91;BOUVILLE;3;1;0;41.7;PUB_MAIRIE, PUB_ECOLE
1066;PUBLIC;91;MOIGNY-SUR-ECOLE;3;1;0;41.7;PUB_MAIRIE, PUB_ECOLE
1067;PUBLIC;95;ABLEIGES;3;1;0;41.7;PUB_MAIRIE, PUB_ECOLE
1068;PUBLIC;95;SAINT-GERVAIS;3;1;0;41.7;PUB_MAIRIE, PUB_ECOLE
1069;PRIVE;92;BOULOGNE BILLANCOURT;87;87;0;41.6;PRIV_SANTE_CABINET, PRIV_SANTE_CENTRE, PRIV_LOISIRS, IMMO_AGENCE, PRIV_BUREAU, PRIV_RESTAURANT
1070;PRIVE;94;ARCUEIL;140;137;0;41.6;PRIV_SANTE_CABINET, PRIV_SANTE_CENTRE, PRIV_LOISIRS, IMMO_AGENCE, PRIV_BUREAU, PRIV_RESTAURANT, PRIV_COMMERCE
1071;PRIVE;93;LES LILAS;228;227;0;41.6;PRIV_SANTE_CABINET, PRIV_SANTE_CENTRE, PRIV_LOISIRS, IMMO_AGENCE, PRIV_BUREAU, PRIV_RESTAURANT, PRIV_COMMERCE
1072;PRIVE;92;CHATILLON;237;233;0;41.5;PRIV_SANTE_CABINET, PRIV_SANTE_CENTRE, PRIV_LOISIRS, IMMO_AGENCE, PRIV_BUREAU, PRIV_RESTAURANT, PRIV_COMMERCE
1073;PRIVE;92;GENNEVILLIERS;206;205;0;41.5;PRIV_SANTE_CABINET, PRIV_SANTE_CENTRE, PRIV_LOISIRS, IMMO_AGENCE, PRIV_BUREAU, PRIV_RESTAURANT, PRIV_COMMERCE
1074;PRIVE;92;LE PLESSIS ROBINSON;7;7;0;41.4;PRIV_SANTE_CABINET, PRIV_SANTE_CENTRE, IMMO_AGENCE, PRIV_RESTAURANT, PRIV_COMMERCE
1075;PRIVE;94;SAINT-MANDE;272;271;0;41.4;PRIV_SANTE_CABINET, PRIV_SANTE_CENTRE, PRIV_LOISIRS, PRIV_BUREAU, IMMO_AGENCE, PRIV_RESTAURANT, PRIV_COMMERCE
1076;PUBLIC;77;GASTINS;4;2;0;41.2;PUB_MAIRIE, PUB_ECOLE
1077;PUBLIC;77;PERTHES;4;2;0;41.2;PUB_MAIRIE, PUB_ECOLE, PUB_MUSEE
1078;PUBLIC;91;VAUGRIGNEUSE;4;2;0;41.2;PUB_MAIRIE, PUB_ECOLE
1079;PRIVE;94;GENTILLY;130;129;0;41.2;PRIV_SANTE_CABINET, PRIV_SANTE_CENTRE, PRIV_LOISIRS, IMMO_AGENCE, PRIV_BUREAU, PRIV_RESTAURANT, PRIV_COMMERCE
1080;PUBLIC;77;MOUROUX;5;1;0;41.0;PUB_MAIRIE, PUB_ECOLE
1081;PUBLIC;77;THOMERY;5;2;0;41.0;PUB_MAIRIE, PUB_ECOLE, PUB_MUSEE
1082;PUBLIC;78;GAZERAN;5;4;0;41.0;PUB_MAIRIE, PUB_ECOLE, PUB_HOPITAL
1083;PUBLIC;95;VALMONDOIS;5;4;0;41.0;PUB_MAIRIE, PUB_ECOLE, PUB_MUSEE
1084;PRIVE;92;VILLE D'AVRAY;2;2;0;41.0;PRIV_SANTE_CABINET, PRIV_LOISIRS
1085;PUBLIC;78;CHOISEL;2;1;0;41.0;PUB_MAIRIE
1086;PUBLIC;95;VILLIERS-LE-SEC;2;1;0;41.0;PUB_MAIRIE, PUB_ECOLE
1087;PRIVE;92;FONTENAY-AUX-ROSES;128;127;0;40.9;PRIV_SANTE_CABINET, PRIV_SANTE_CENTRE, PRIV_LOISIRS, IMMO_AGENCE, PRIV_BUREAU, PRIV_RESTAURANT, PRIV_COMMERCE
1088;PUBLIC;77;COUPVRAY;6;3;0;40.8;PUB_MAIRIE, PUB_ECOLE, PUB_MUSEE
1089;PRIVE;94;CHEVILLY LARUE;10;10;0;40.7;PRIV_SANTE_CENTRE, PRIV_LOISIRS, IMMO_AGENCE, PRIV_RESTAURANT
1090;PRIVE;92;RUEIL MALMAISON;17;17;0;40.6;PRIV_SANTE_CABINET, PRIV_SANTE_CENTRE, PRIV_LOISIRS, IMMO_AGENCE
1091;PRIVE;93;NOISY LE SEC;4;4;0;40.5;PRIV_SANTE_CENTRE, PRIV_LOISIRS, PRIV_BUREAU, PRIV_RESTAURANT
1092;PRIVE;92;VILLE-D'AVRAY;77;77;0;40.2;PRIV_SANTE_CABINET, PRIV_SANTE_CENTRE, PRIV_LOISIRS, IMMO_AGENCE, PRIV_BUREAU, PRIV_RESTAURANT, PRIV_COMMERCE
1093;PUBLIC;77;CHAILLY-EN-BIERE;4;2;0;40.0;PUB_MAIRIE, PUB_ECOLE, PUB_HOPITAL
1094;PUBLIC;77;CONDE-SAINTE-LIBIAIRE;4;2;0;40.0;PUB_MAIRIE, PUB_ECOLE
1095;PUBLIC;77;DAMMARTIN-SUR-TIGEAUX;4;3;0;40.0;PUB_MAIRIE, PUB_ECOLE, PUB_MUSEE
1096;PUBLIC;77;EGREVILLE;4;2;0;40.0;PUB_MAIRIE, PUB_ECOLE
1097;PUBLIC;78;MAULETTE;4;2;0;40.0;PUB_MAIRIE, PUB_ECOLE
1098;PUBLIC;91;GIRONVILLE-SUR-ESSONNE;4;2;0;40.0;PUB_MAIRIE, PUB_ECOLE
1099;PRIVE;75;PARIS 6;3;3;0;40.0;PRIV_RESTAURANT
1100;PRIVE;94;SAINT MANDE;3;3;0;40.0;IMMO_AGENCE, PRIV_BUREAU
1101;PRIVE;95;SOISY SS MONTMORENCY;3;3;0;40.0;PRIV_SANTE_CABINET, PRIV_SANTE_CENTRE, IMMO_AGENCE
1102;PUBLIC;77;AMILLIS;3;2;0;40.0;PUB_MAIRIE, PUB_ECOLE
1103;PUBLIC;77;BAGNEAUX-SUR-LOING;3;1;0;40.0;PUB_MAIRIE, PUB_ECOLE
1104;PUBLIC;77;CONGIS-SUR-THEROUANNE;3;1;0;40.0;PUB_MAIRIE, PUB_ECOLE
1105;PUBLIC;77;JABLINES;3;2;0;40.0;PUB_MAIRIE, PUB_ECOLE
1106;PUBLIC;77;JOUY-SUR-MORIN;3;1;0;40.0;PUB_MAIRIE, PUB_ECOLE
1107;PUBLIC;77;LA CHAPELLE-MOUTILS;3;2;0;40.0;PUB_MAIRIE, PUB_ECOLE
1108;PUBLIC;77;LA GRANDE-PAROISSE;3;1;0;40.0;PUB_MAIRIE, PUB_ECOLE
1109;PUBLIC;77;MAISONCELLES-EN-BRIE;3;2;0;40.0;PUB_MAIRIE, PUB_ECOLE
1110;PUBLIC;77;MARLES-EN-BRIE;3;2;0;40.0;PUB_MAIRIE, PUB_ECOLE, PUB_MUSEE
1111;PUBLIC;77;MONTIGNY-SUR-LOING;3;1;0;40.0;PUB_MAIRIE, PUB_ECOLE
1112;PUBLIC;77;NOISY-SUR-ECOLE;3;1;0;40.0;PUB_MAIRIE, PUB_ECOLE
1113;PUBLIC;77;SAACY-SUR-MARNE;3;2;0;40.0;PUB_MAIRIE, PUB_ECOLE
1114;PUBLIC;77;SAINT-CYR-SUR-MORIN;3;1;0;40.0;PUB_MAIRIE, PUB_ECOLE
1115;PUBLIC;77;SAINT-SIMEON;3;2;0;40.0;PUB_MAIRIE, PUB_ECOLE
1116;PUBLIC;77;SAMOIS-SUR-SEINE;3;1;0;40.0;PUB_MAIRIE, PUB_ECOLE
1117;PUBLIC;77;SAMOREAU;3;1;0;40.0;PUB_MAIRIE, PUB_ECOLE
1118;PUBLIC;77;SOLERS;3;2;0;40.0;PUB_MAIRIE, PUB_ECOLE, PUB_MUSEE
1119;PUBLIC;77;VILLIERS-SAINT-GEORGES;3;2;0;40.0;PUB_MAIRIE, PUB_ECOLE
1120;PUBLIC;77;VOULX;3;1;0;40.0;PUB_MAIRIE, PUB_ECOLE
1121;PUBLIC;78;ADAINVILLE;3;2;0;40.0;PUB_MAIRIE, PUB_ECOLE
1122;PUBLIC;78;BLARU;3;1;0;40.0;PUB_MAIRIE, PUB_ECOLE
1123;PUBLIC;78;FONTENAY-SAINT-PERE;3;2;0;40.0;PUB_MAIRIE, PUB_ECOLE
1124;PUBLIC;78;POIGNY-LA-FORET;3;2;0;40.0;PUB_MAIRIE, PUB_ECOLE
1125;PUBLIC;78;SAINT-MARTIN-DES-CHAMPS;3;1;0;40.0;PUB_MAIRIE, PUB_ECOLE
1126;PUBLIC;91;BOISSY-LE-CUTTE;3;1;0;40.0;PUB_MAIRIE, PUB_ECOLE
1127;PUBLIC;91;GUIGNEVILLE-SUR-ESSONNE;3;1;0;40.0;PUB_MAIRIE, PUB_ECOLE
1128;PUBLIC;95;SERAINCOURT;3;2;0;40.0;PUB_MAIRIE, PUB_ECOLE
1129;PUBLIC;77;ACHERES-LA-FORET;2;1;0;40.0;PUB_MAIRIE, PUB_ECOLE
1130;PUBLIC;77;BAZOCHES-LES-BRAY;2;1;0;40.0;PUB_MAIRIE, PUB_ECOLE
1131;PUBLIC;77;BOMBON;2;1;0;40.0;PUB_MAIRIE, PUB_ECOLE
1132;PUBLIC;77;CHALAUTRE-LA-GRANDE;2;1;0;40.0;PUB_MAIRIE, PUB_ECOLE
1133;PUBLIC;77;CHARMENTRAY;2;1;0;40.0;PUB_MAIRIE, PUB_ECOLE
1134;PUBLIC;77;CHEVRU;2;1;0;40.0;PUB_MAIRIE, PUB_ECOLE
1135;PUBLIC;77;CRISENOY;2;1;0;40.0;PUB_MAIRIE, PUB_ECOLE
1136;PUBLIC;77;DOUY-LA-RAMEE;2;1;0;40.0;PUB_MAIRIE, PUB_ECOLE
1137;PUBLIC;77;FAY-LES-NEMOURS;2;1;0;40.0;PUB_MAIRIE
1138;PUBLIC;77;FONTAINE-FOURCHES;2;1;0;40.0;PUB_MAIRIE, PUB_ECOLE
1139;PUBLIC;77;FONTAINE-LE-PORT;2;1;0;40.0;PUB_MAIRIE, PUB_ECOLE
1140;PUBLIC;77;FONTENAILLES;2;1;0;40.0;PUB_MAIRIE, PUB_ECOLE
1141;PUBLIC;77;FORFRY;2;1;0;40.0;PUB_MAIRIE, PUB_ECOLE
1142;PUBLIC;77;LA CHAPELLE-RABLAIS;2;1;0;40.0;PUB_MAIRIE, PUB_ECOLE
1143;PUBLIC;77;LA CROIX-EN-BRIE;2;1;0;40.0;PUB_MAIRIE, PUB_ECOLE
1144;PUBLIC;77;LA GENEVRAYE;2;1;0;40.0;PUB_MAIRIE, PUB_ECOLE
1145;PUBLIC;77;LE VAUDOUE;2;1;0;40.0;PUB_MAIRIE, PUB_ECOLE
1146;PUBLIC;77;LES ORMES-SUR-VOULZIE;2;1;0;40.0;PUB_MAIRIE, PUB_ECOLE
1147;PUBLIC;77;LESCHES;2;1;0;40.0;PUB_MAIRIE, PUB_ECOLE
1148;PUBLIC;77;LISSY;2;1;0;40.0;PUB_MAIRIE, PUB_ECOLE
1149;PUBLIC;77;MAY-EN-MULTIEN;2;1;0;40.0;PUB_MAIRIE, PUB_ECOLE
1150;PUBLIC;77;MONTEREAU-SUR-LE-JARD;2;1;0;40.0;PUB_MAIRIE, PUB_ECOLE
1151;PUBLIC;77;MONTGE-EN-GOELE;2;1;0;40.0;PUB_MAIRIE, PUB_ECOLE
1152;PUBLIC;77;MOUSSEAUX-LES-BRAY;2;1;0;40.0;PUB_MAIRIE, PUB_ECOLE
1153;PUBLIC;77;RAMPILLON;2;1;0;40.0;PUB_MAIRIE, PUB_ECOLE
1154;PUBLIC;77;REUIL-EN-BRIE;2;1;0;40.0;PUB_MAIRIE, PUB_ECOLE
1155;PUBLIC;77;SAINT-LOUP-DE-NAUD;2;1;0;40.0;PUB_MAIRIE, PUB_ECOLE
1156;PUBLIC;77;USSY-SUR-MARNE;2;1;0;40.0;PUB_MAIRIE, PUB_ECOLE
1157;PUBLIC;77;VILLECERF;2;1;0;40.0;PUB_MAIRIE, PUB_ECOLE
1158;PUBLIC;77;VILLEMAREUIL;2;1;0;40.0;PUB_MAIRIE, PUB_ECOLE
1159;PUBLIC;77;VINANTES;2;1;0;40.0;PUB_MAIRIE, PUB_ECOLE
1160;PUBLIC;78;BOURDONNE;2;1;0;40.0;PUB_MAIRIE, PUB_ECOLE
1161;PUBLIC;78;COURGENT;2;1;0;40.0;PUB_MAIRIE, PUB_ECOLE
1162;PUBLIC;78;GAMBAISEUIL;2;1;0;40.0;PUB_MAIRIE
1163;PUBLIC;78;JOUY-MAUVOISIN;2;1;0;40.0;PUB_MAIRIE, PUB_ECOLE
1164;PUBLIC;78;LONGVILLIERS;2;2;0;40.0;PUB_ECOLE, PUB_MAIRIE
1165;PUBLIC;78;MONTALET-LE-BOIS;2;1;0;40.0;PUB_MAIRIE, PUB_ECOLE
1166;PUBLIC;78;ORPHIN;2;1;0;40.0;PUB_MAIRIE, PUB_ECOLE
1167;PUBLIC;78;OSMOY;2;1;0;40.0;PUB_MAIRIE, PUB_ECOLE
1168;PUBLIC;78;PRUNAY-EN-YVELINES;2;1;0;40.0;PUB_MAIRIE, PUB_ECOLE
1169;PUBLIC;78;ROSAY;2;1;0;40.0;PUB_MAIRIE, PUB_ECOLE
1170;PUBLIC;78;SAILLY;2;1;0;40.0;PUB_MAIRIE, PUB_ECOLE
1171;PUBLIC;78;SOINDRES;2;1;0;40.0;PUB_MAIRIE, PUB_ECOLE
1172;PUBLIC;78;VILLETTE;2;1;0;40.0;PUB_MAIRIE, PUB_ECOLE
1173;PUBLIC;91;BOISSY-LE-SEC;2;1;0;40.0;PUB_MAIRIE, PUB_ECOLE
1174;PUBLIC;91;DANNEMOIS;2;1;0;40.0;PUB_MAIRIE, PUB_ECOLE
1175;PUBLIC;91;NAINVILLE-LES-ROCHES;2;1;0;40.0;PUB_MAIRIE, PUB_ECOLE
1176;PUBLIC;91;ORVEAU;2;1;0;40.0;PUB_MAIRIE, PUB_ECOLE
1177;PUBLIC;91;SAINT-SULPICE-DE-FAVIERES;2;1;0;40.0;PUB_MAIRIE, PUB_ECOLE
1178;PUBLIC;91;VIDELLES;2;1;0;40.0;PUB_MAIRIE, PUB_ECOLE
1179;PUBLIC;95;ARTHIES;2;1;0;40.0;PUB_MAIRIE, PUB_ECOLE
1180;PUBLIC;95;CHERENCE;2;1;0;40.0;PUB_MAIRIE, PUB_ECOLE
1181;PUBLIC;95;CONDECOURT;2;1;0;40.0;PUB_MAIRIE, PUB_ECOLE
1182;PUBLIC;95;COURCELLES-SUR-VIOSNE;2;1;0;40.0;PUB_MAIRIE, PUB_ECOLE
1183;PUBLIC;95;FREMECOURT;2;1;0;40.0;PUB_MAIRIE, PUB_ECOLE
1184;PUBLIC;95;FROUVILLE;2;1;0;40.0;PUB_MAIRIE, PUB_ECOLE
1185;PUBLIC;95;GRISY-LES-PLATRES;2;1;0;40.0;PUB_MAIRIE, PUB_ECOLE
1186;PUBLIC;95;MAUDETOUR-EN-VEXIN;2;1;0;40.0;PUB_MAIRIE, PUB_ECOLE
1187;PUBLIC;95;MONTGEROULT;2;1;0;40.0;PUB_MAIRIE, PUB_ECOLE
1188;PUBLIC;95;RONQUEROLLES;2;1;0;40.0;PUB_MAIRIE, PUB_ECOLE
1189;PUBLIC;95;SAINT-CYR-EN-ARTHIES;2;1;0;40.0;PUB_MAIRIE, PUB_ECOLE
1190;PUBLIC;95;SANTEUIL;2;1;0;40.0;PUB_MAIRIE, PUB_ECOLE
1191;PUBLIC;95;VIENNE-EN-ARTHIES;2;1;0;40.0;PUB_MAIRIE, PUB_ECOLE
1192;PRIVE;01;POLLIAT;1;1;0;40.0;PRIV_COMMERCE
1193;PRIVE;09;SAVIGNAC-LES-ORMEAUX;1;1;0;40.0;PRIV_COMMERCE
1194;PRIVE;24;LA ROCHEBEAUCOURT-ET-ARGENTINE;1;1;0;40.0;IMMO_AGENCE
1195;PRIVE;32;MARCIAC;1;1;0;40.0;PRIV_COMMERCE
1196;PRIVE;34;CERS;1;1;0;40.0;PRIV_COMMERCE
1197;PRIVE;45;LA CHAPELLE-SAINT-MESMIN;1;1;0;40.0;PRIV_COMMERCE
1198;PRIVE;56;GUER;1;1;0;40.0;PRIV_COMMERCE
1199;PRIVE;60;AUNEUIL;1;1;0;40.0;PRIV_COMMERCE
1200;PRIVE;60;HERMES;1;1;0;40.0;PRIV_COMMERCE
1201;PRIVE;71;LE BREUIL;1;1;0;40.0;PRIV_BUREAU
1202;PRIVE;75;PARIS 10E ARRONDISSEMENT;1;1;0;40.0;IMMO_AGENCE
1203;PRIVE;79;LA CRECHE;1;1;0;40.0;PRIV_COMMERCE
1204;PUBLIC;67;GEISPOLSHEIM;1;1;0;40.0;PUB_MUSEE
1205;PUBLIC;77;ARGENTIERES;1;1;0;40.0;PUB_MAIRIE
1206;PUBLIC;77;COURCHAMP;1;1;0;40.0;PUB_MAIRIE
1207;PUBLIC;77;DOUE;1;1;0;40.0;PUB_MAIRIE
1208;PUBLIC;77;GRANDE-PAROISSE (LA);1;1;0;40.0;PUB_ECOLE
1209;PUBLIC;77;NANTOUILLET;1;1;0;40.0;PUB_MAIRIE
1210;PUBLIC;77;VIGNELY;1;1;0;40.0;PUB_MAIRIE
1211;PUBLIC;78;FAVRIEUX;1;1;0;40.0;PUB_MAIRIE
1212;PUBLIC;78;FLACOURT;1;1;0;40.0;PUB_MAIRIE
1213;PUBLIC;78;ORSONVILLE;1;1;0;40.0;PUB_MAIRIE
1214;PUBLIC;78;PARAY-DOUAVILLE;1;1;0;40.0;PUB_MAIRIE
1215;PUBLIC;78;TREMBLAY-SUR-MAULDRE (LE);1;1;0;40.0;PUB_ECOLE
1216;PUBLIC;84;AVIGNON;1;1;0;40.0;PUB_MUSEE
1217;PUBLIC;91;AUVERNAUX;1;1;0;40.0;PUB_MAIRIE
1218;PUBLIC;91;CHAUFFOUR-LES-ETRECHY;1;1;0;40.0;PUB_MAIRIE
1219;PUBLIC;91;MAUCHAMPS;1;1;0;40.0;PUB_MAIRIE
1220;PUBLIC;95;GUIRY-EN-VEXIN;1;1;0;40.0;PUB_MAIRIE
1221;PUBLIC;95;THEMERICOURT;1;1;0;40.0;PUB_MAIRIE
1222;PRIVE;94;VILLEJUIF;351;350;0;39.9;PRIV_SANTE_CABINET, PRIV_SANTE_CENTRE, PRIV_LOISIRS, IMMO_AGENCE, PRIV_BUREAU, PRIV_RESTAURANT, PRIV_COMMERCE
1223;PRIVE;92;MEUDON;363;359;0;39.7;PRIV_SANTE_CABINET, PRIV_SANTE_CENTRE, PRIV_LOISIRS, PRIV_BUREAU, IMMO_AGENCE, PRIV_RESTAURANT, PRIV_COMMERCE
1224;PRIVE;94;IVRY SUR SEINE;7;7;0;39.6;PRIV_SANTE_CABINET, PRIV_LOISIRS, PRIV_RESTAURANT
1225;PRIVE;92;MARNES-LA-COQUETTE;22;22;0;39.4;PRIV_SANTE_CABINET, PRIV_SANTE_CENTRE, PRIV_LOISIRS, PRIV_BUREAU, IMMO_AGENCE, PRIV_RESTAURANT
1226;PRIVE;91;VIGNEUX SUR SEINE;4;4;0;39.2;PRIV_SANTE_CABINET, PRIV_SANTE_CENTRE, IMMO_AGENCE
1227;PRIVE;92;LA GARENNE COLOMBES;15;15;0;39.1;PRIV_SANTE_CENTRE, PRIV_LOISIRS, IMMO_AGENCE, PRIV_BUREAU
1228;PRIVE;94;BONNEUIL-SUR-MARNE;100;99;0;39.1;PRIV_SANTE_CABINET, PRIV_SANTE_CENTRE, PRIV_LOISIRS, IMMO_AGENCE, PRIV_BUREAU, PRIV_RESTAURANT, PRIV_COMMERCE
1229;PUBLIC;77;FONTAINEBLEAU;22;13;0;38.9;PUB_MAIRIE, PUB_ECOLE, PUB_HOPITAL, PUB_MUSEE
1230;PRIVE;94;CHARENTON LE PONT;11;11;0;38.8;PRIV_SANTE_CABINET, PRIV_SANTE_CENTRE, PRIV_LOISIRS, IMMO_AGENCE, PRIV_BUREAU
1231;PRIVE;91;VAUHALLAN;15;15;0;38.8;PRIV_SANTE_CABINET, PRIV_SANTE_CENTRE, PRIV_LOISIRS, IMMO_AGENCE, PRIV_BUREAU, PRIV_RESTAURANT
1232;PRIVE;78;CARRIERES-SUR-SEINE;91;91;0;38.8;PRIV_SANTE_CABINET, PRIV_SANTE_CENTRE, PRIV_LOISIRS, PRIV_COMMERCE, IMMO_AGENCE, PRIV_BUREAU, PRIV_RESTAURANT
1233;PUBLIC;77;COUILLY-PONT-AUX-DAMES;4;3;0;38.8;PUB_MAIRIE, PUB_ECOLE, PUB_MUSEE
1234;PUBLIC;78;BOINVILLE-LE-GAILLARD;4;2;0;38.8;PUB_MAIRIE, PUB_ECOLE
1235;PUBLIC;78;LONGNES;4;2;0;38.8;PUB_MAIRIE, PUB_ECOLE
1236;PRIVE;95;ERMONT;209;204;0;38.7;PRIV_SANTE_CABINET, PRIV_SANTE_CENTRE, PRIV_LOISIRS, IMMO_AGENCE, PRIV_BUREAU, PRIV_RESTAURANT, PRIV_COMMERCE
1237;PRIVE;94;BRY SUR MARNE;6;6;0;38.7;PRIV_SANTE_CENTRE, PRIV_LOISIRS, PRIV_BUREAU, PRIV_RESTAURANT
1238;PRIVE;93;LA COURNEUVE;217;216;0;38.6;PRIV_SANTE_CABINET, PRIV_SANTE_CENTRE, PRIV_LOISIRS, IMMO_AGENCE, PRIV_BUREAU, PRIV_RESTAURANT, PRIV_COMMERCE
1239;PRIVE;94;CHEVILLY-LARUE;102;100;0;38.6;PRIV_SANTE_CABINET, PRIV_SANTE_CENTRE, PRIV_LOISIRS, IMMO_AGENCE, PRIV_BUREAU, PRIV_RESTAURANT, PRIV_COMMERCE
1240;PRIVE;78;LE PORT-MARLY;73;71;0;38.5;PRIV_SANTE_CABINET, PRIV_SANTE_CENTRE, PRIV_LOISIRS, IMMO_AGENCE, PRIV_BUREAU, PRIV_RESTAURANT, PRIV_COMMERCE
1241;PRIVE;78;L'ETANG-LA-VILLE;46;46;0;38.5;PRIV_SANTE_CABINET, PRIV_SANTE_CENTRE, PRIV_LOISIRS, IMMO_AGENCE, PRIV_BUREAU, PRIV_RESTAURANT, PRIV_COMMERCE
1242;PRIVE;94;LE PERREUX SUR MARNE;2;2;0;38.5;PRIV_SANTE_CENTRE, PRIV_LOISIRS
1243;PRIVE;91;CHAMPLAN;19;19;0;38.5;PRIV_LOISIRS, PRIV_SANTE_CABINET, PRIV_SANTE_CENTRE, IMMO_AGENCE, PRIV_BUREAU, PRIV_RESTAURANT
1244;PRIVE;95;ENGHIEN-LES-BAINS;194;194;0;38.4;PRIV_SANTE_CABINET, PRIV_SANTE_CENTRE, PRIV_LOISIRS, IMMO_AGENCE, PRIV_BUREAU, PRIV_RESTAURANT, PRIV_COMMERCE
1245;PRIVE;94;FONTENAY SOUS BOIS;26;26;0;38.4;PRIV_SANTE_CABINET, PRIV_SANTE_CENTRE, PRIV_LOISIRS, IMMO_AGENCE, PRIV_BUREAU, PRIV_RESTAURANT
1246;PUBLIC;77;BOUGLIGNY;3;2;0;38.3;PUB_MAIRIE, PUB_ECOLE
1247;PUBLIC;77;CHATENAY-SUR-SEINE;3;1;0;38.3;PUB_MAIRIE, PUB_ECOLE
1248;PUBLIC;77;MACHAULT;3;2;0;38.3;PUB_MAIRIE, PUB_ECOLE
1249;PUBLIC;77;PECY;3;2;0;38.3;PUB_MAIRIE, PUB_ECOLE
1250;PUBLIC;77;SAINT-AUGUSTIN;3;1;0;38.3;PUB_MAIRIE, PUB_ECOLE
1251;PUBLIC;77;VAUCOURTOIS;3;2;0;38.3;PUB_MAIRIE, PUB_ECOLE
1252;PUBLIC;78;ARNOUVILLE-LES-MANTES;3;2;0;38.3;PUB_MAIRIE, PUB_ECOLE, PUB_MUSEE
1253;PUBLIC;78;BOINVILLE-EN-MANTOIS;3;2;0;38.3;PUB_MAIRIE, PUB_ECOLE
1254;PUBLIC;78;CRAVENT;3;1;0;38.3;PUB_MAIRIE, PUB_ECOLE
1255;PUBLIC;78;MOISSON;3;1;0;38.3;PUB_MAIRIE, PUB_ECOLE
1256;PUBLIC;78;OINVILLE-SUR-MONTCIENT;3;2;0;38.3;PUB_MAIRIE, PUB_ECOLE
1257;PUBLIC;91;VAYRES-SUR-ESSONNE;3;1;0;38.3;PUB_MAIRIE, PUB_ECOLE
1258;PUBLIC;95;ARRONVILLE;3;2;0;38.3;PUB_MAIRIE, PUB_ECOLE
1259;PRIVE;78;BUC;40;40;0;38.1;PRIV_SANTE_CABINET, PRIV_SANTE_CENTRE, PRIV_LOISIRS, IMMO_AGENCE, PRIV_BUREAU, PRIV_RESTAURANT, PRIV_COMMERCE
1260;PRIVE;78;VELIZY-VILLACOUBLAY;180;177;0;38.0;PRIV_SANTE_CABINET, PRIV_SANTE_CENTRE, PRIV_LOISIRS, IMMO_AGENCE, PRIV_BUREAU, PRIV_RESTAURANT, PRIV_COMMERCE
1261;PRIVE;92;SCEAUX;196;195;0;38.0;PRIV_SANTE_CABINET, PRIV_SANTE_CENTRE, PRIV_LOISIRS, IMMO_AGENCE, PRIV_BUREAU, PRIV_RESTAURANT, PRIV_COMMERCE
1262;PRIVE;93;SAINT DENIS;13;13;0;38.0;PRIV_SANTE_CENTRE, PRIV_LOISIRS, PRIV_BUREAU, PRIV_RESTAURANT
1263;PRIVE;92;SAINT CLOUD;13;13;0;37.8;PRIV_SANTE_CABINET, PRIV_SANTE_CENTRE, PRIV_LOISIRS, IMMO_AGENCE, PRIV_RESTAURANT
1264;PRIVE;93;AULNAY SOUS BOIS;25;25;0;37.8;PRIV_SANTE_CABINET, PRIV_SANTE_CENTRE, PRIV_LOISIRS, IMMO_AGENCE, PRIV_BUREAU, PRIV_RESTAURANT
1265;PRIVE;94;BRY-SUR-MARNE;156;156;0;37.8;PRIV_SANTE_CABINET, PRIV_SANTE_CENTRE, PRIV_LOISIRS, IMMO_AGENCE, PRIV_BUREAU, PRIV_RESTAURANT, PRIV_COMMERCE
1266;PRIVE;91;VERRIERES-LE-BUISSON;111;110;0;37.8;PRIV_SANTE_CABINET, PRIV_SANTE_CENTRE, PRIV_LOISIRS, IMMO_AGENCE, PRIV_BUREAU, PRIV_RESTAURANT, PRIV_COMMERCE
1267;PRIVE;91;ATHIS MONS;8;8;0;37.8;PRIV_SANTE_CABINET, PRIV_LOISIRS
1268;PRIVE;91;PALAISEAU;231;228;0;37.5;PRIV_SANTE_CABINET, PRIV_SANTE_CENTRE, PRIV_LOISIRS, IMMO_AGENCE, PRIV_BUREAU, PRIV_RESTAURANT, PRIV_COMMERCE
1269;PRIVE;78;VIROFLAY;136;133;0;37.5;PRIV_SANTE_CABINET, PRIV_SANTE_CENTRE, PRIV_LOISIRS, IMMO_AGENCE, PRIV_BUREAU, PRIV_RESTAURANT, PRIV_COMMERCE
1270;PUBLIC;77;CHAMPAGNE-SUR-SEINE;8;2;0;37.5;PUB_MAIRIE, PUB_ECOLE, PUB_MUSEE
1271;PRIVE;78;CLAYES-SOUS-BOIS (LES);4;4;0;37.5;PRIV_SANTE_CABINET, PRIV_LOISIRS, IMMO_AGENCE, PRIV_BUREAU
1272;PRIVE;78;MESNIL-LE-ROI (LE);4;4;0;37.5;PRIV_SANTE_CENTRE, IMMO_AGENCE
1273;PUBLIC;72;LE MANS;4;4;0;37.5;PUB_HOPITAL, PUB_MUSEE
1274;PUBLIC;77;BEAUCHERY-SAINT-MARTIN;4;1;0;37.5;PUB_MAIRIE, PUB_ECOLE
1275;PUBLIC;34;MONTPELLIER;2;2;0;37.5;PUB_HOPITAL, PUB_MUSEE
1276;PUBLIC;69;LYON;2;2;0;37.5;PUB_MAIRIE, PUB_MUSEE
1277;PUBLIC;77;AUFFERVILLE;2;1;0;37.5;PUB_MAIRIE, PUB_ECOLE
1278;PUBLIC;77;BANNOST-VILLEGAGNON;2;1;0;37.5;PUB_MAIRIE, PUB_ECOLE
1279;PUBLIC;77;BARCY;2;1;0;37.5;PUB_MAIRIE, PUB_ECOLE
1280;PUBLIC;77;BRANSLES;2;1;0;37.5;PUB_MAIRIE, PUB_ECOLE
1281;PUBLIC;77;BUTHIERS;2;1;0;37.5;PUB_MAIRIE, PUB_ECOLE
1282;PUBLIC;77;CHAINTREAUX;2;1;0;37.5;PUB_MAIRIE, PUB_ECOLE
1283;PUBLIC;77;CHAUFFRY;2;1;0;37.5;PUB_MAIRIE, PUB_ECOLE
1284;PUBLIC;77;CITRY;2;1;0;37.5;PUB_MAIRIE, PUB_ECOLE
1285;PUBLIC;77;COULOMMES;2;1;0;37.5;PUB_MAIRIE, PUB_ECOLE
1286;PUBLIC;77;CUISY;2;1;0;37.5;PUB_MAIRIE, PUB_ECOLE
1287;PUBLIC;77;ECHOUBOULAINS;2;1;0;37.5;PUB_MAIRIE, PUB_ECOLE
1288;PUBLIC;77;ESMANS;2;1;0;37.5;PUB_MAIRIE, PUB_ECOLE
1289;PUBLIC;77;GURCY-LE-CHATEL;2;1;0;37.5;PUB_MAIRIE, PUB_ECOLE
1290;PUBLIC;77;HERME;2;1;0;37.5;PUB_MAIRIE, PUB_ECOLE
1291;PUBLIC;77;ISLES-LES-MELDEUSES;2;1;0;37.5;PUB_MAIRIE, PUB_ECOLE
1292;PUBLIC;77;LA BROSSE-MONTCEAUX;2;1;0;37.5;PUB_MAIRIE, PUB_ECOLE
1293;PUBLIC;77;LE PLESSIS-AUX-BOIS;2;1;0;37.5;PUB_MAIRIE, PUB_ECOLE
1294;PUBLIC;77;LECHELLE;2;1;0;37.5;PUB_MAIRIE, PUB_ECOLE
1295;PUBLIC;77;MAISON-ROUGE;2;1;0;37.5;PUB_MAIRIE, PUB_ECOLE
1296;PUBLIC;77;MARCILLY;2;1;0;37.5;PUB_MAIRIE, PUB_ECOLE
1297;PUBLIC;77;MELZ-SUR-SEINE;2;1;0;37.5;PUB_MAIRIE, PUB_ECOLE
1298;PUBLIC;77;MISY-SUR-YONNE;2;1;0;37.5;PUB_MAIRIE, PUB_ECOLE
1299;PUBLIC;77;MONTCEAUX-LES-MEAUX;2;1;0;37.5;PUB_MAIRIE, PUB_ECOLE
1300;PUBLIC;77;POIGNY;2;1;0;37.5;PUB_MAIRIE, PUB_ECOLE
1301;PUBLIC;77;POLIGNY;2;1;0;37.5;PUB_MAIRIE, PUB_ECOLE
1302;PUBLIC;77;PUISIEUX;2;1;0;37.5;PUB_MAIRIE, PUB_ECOLE
1303;PUBLIC;77;QUIERS;2;1;0;37.5;PUB_MAIRIE, PUB_ECOLE
1304;PUBLIC;77;SAINT-DENIS-LES-REBAIS;2;1;0;37.5;PUB_MAIRIE, PUB_ECOLE
1305;PUBLIC;77;SAINT-FIACRE;2;1;0;37.5;PUB_MAIRIE, PUB_ECOLE
1306;PUBLIC;77;SAINT-GERMAIN-LAXIS;2;1;0;37.5;PUB_MAIRIE, PUB_ECOLE
1307;PUBLIC;77;SAINT-GERMAIN-SUR-ECOLE;2;1;0;37.5;PUB_MAIRIE, PUB_ECOLE
1308;PUBLIC;77;SAINT-OUEN-EN-BRIE;2;1;0;37.5;PUB_MAIRIE, PUB_ECOLE
1309;PUBLIC;77;SAINTE-AULDE;2;1;0;37.5;PUB_MAIRIE, PUB_ECOLE
1310;PUBLIC;77;SOISY-BOUY;2;1;0;37.5;PUB_MAIRIE, PUB_ECOLE
1311;PUBLIC;77;THOURY-FEROTTES;2;1;0;37.5;PUB_MAIRIE, PUB_ECOLE
1312;PUBLIC;77;VALENCE-EN-BRIE;2;1;0;37.5;PUB_MAIRIE, PUB_ECOLE
1313;PUBLIC;77;VERDELOT;2;1;0;37.5;PUB_MAIRIE, PUB_ECOLE
1314;PUBLIC;77;VILLENEUVE-LES-BORDES;2;1;0;37.5;PUB_MAIRIE, PUB_ECOLE
1315;PUBLIC;78;BOINVILLIERS;2;1;0;37.5;PUB_MAIRIE, PUB_ECOLE
1316;PUBLIC;78;BREUIL-BOIS-ROBERT;2;1;0;37.5;PUB_MAIRIE, PUB_ECOLE
1317;PUBLIC;78;EMANCE;2;1;0;37.5;PUB_MAIRIE, PUB_ECOLE
1318;PUBLIC;78;FLEXANVILLE;2;1;0;37.5;PUB_MAIRIE, PUB_ECOLE
1319;PUBLIC;78;GOMMECOURT;2;1;0;37.5;PUB_MAIRIE, PUB_ECOLE
1320;PUBLIC;78;LA VILLENEUVE-EN-CHEVRIE;2;1;0;37.5;PUB_MAIRIE, PUB_ECOLE
1321;PUBLIC;78;MITTAINVILLE;2;1;0;37.5;PUB_MAIRIE, PUB_ECOLE
1322;PUBLIC;78;MONTCHAUVET;2;1;0;37.5;PUB_MAIRIE
1323;PUBLIC;78;NOTRE-DAME-DE-LA-MER;2;1;0;37.5;PUB_MAIRIE, PUB_ECOLE
1324;PUBLIC;91;BOIS-HERPIN;2;1;0;37.5;PUB_MAIRIE, PUB_ECOLE
1325;PUBLIC;91;BOISSY-LA-RIVIERE;2;1;0;37.5;PUB_MAIRIE, PUB_ECOLE
1326;PUBLIC;91;LA FORET-LE-ROI;2;1;0;37.5;PUB_MAIRIE, PUB_ECOLE
1327;PUBLIC;91;MORSANG-SUR-SEINE;2;1;0;37.5;PUB_MAIRIE, PUB_ECOLE
1328;PUBLIC;91;RICHARVILLE;2;1;0;37.5;PUB_MAIRIE, PUB_ECOLE
1329;PUBLIC;91;SOUZY-LA-BRICHE;2;1;0;37.5;PUB_MAIRIE, PUB_ECOLE
1330;PUBLIC;91;TORFOU;2;1;0;37.5;PUB_MAIRIE, PUB_ECOLE
1331;PUBLIC;91;VILLECONIN;2;1;0;37.5;PUB_MAIRIE, PUB_ECOLE
1332;PUBLIC;95;BERVILLE;2;1;0;37.5;PUB_MAIRIE, PUB_ECOLE
1333;PUBLIC;95;BRIGNANCOURT;2;1;0;37.5;PUB_MAIRIE, PUB_ECOLE
1334;PUBLIC;95;CHAUSSY;2;1;0;37.5;PUB_MAIRIE, PUB_ECOLE
1335;PUBLIC;95;HEDOUVILLE;2;1;0;37.5;PUB_MAIRIE, PUB_ECOLE
1336;PUBLIC;95;HODENT;2;1;0;37.5;PUB_MAIRIE, PUB_ECOLE
1337;PUBLIC;95;LE BELLAY-EN-VEXIN;2;1;0;37.5;PUB_MAIRIE, PUB_ECOLE
1338;PUBLIC;95;LE PERCHAY;2;1;0;37.5;PUB_MAIRIE, PUB_ECOLE
1339;PUBLIC;95;WY-DIT-JOLI-VILLAGE;2;1;0;37.5;PUB_MAIRIE, PUB_ECOLE
1340;PRIVE;93;VILLETANEUSE;34;34;0;37.4;PRIV_SANTE_CABINET, PRIV_SANTE_CENTRE, PRIV_LOISIRS, IMMO_AGENCE, PRIV_BUREAU, PRIV_RESTAURANT, PRIV_COMMERCE
1341;PRIVE;92;LE PLESSIS-ROBINSON;190;188;0;37.4;PRIV_SANTE_CABINET, PRIV_SANTE_CENTRE, PRIV_LOISIRS, IMMO_AGENCE, PRIV_BUREAU, PRIV_RESTAURANT, PRIV_COMMERCE
1342;PRIVE;78;CARRIERES SUR SEINE;3;3;0;37.3;PRIV_LOISIRS, PRIV_BUREAU
1343;PRIVE;92;CHAVILLE;140;139;0;37.3;PRIV_SANTE_CABINET, PRIV_SANTE_CENTRE, PRIV_LOISIRS, IMMO_AGENCE, PRIV_BUREAU, PRIV_RESTAURANT, PRIV_COMMERCE
1344;PRIVE;94;THIAIS;179;178;0;37.2;PRIV_SANTE_CABINET, PRIV_SANTE_CENTRE, PRIV_LOISIRS, IMMO_AGENCE, PRIV_BUREAU, PRIV_RESTAURANT, PRIV_COMMERCE
1345;PRIVE;95;MARGENCY;22;22;0;37.2;PRIV_SANTE_CABINET, PRIV_SANTE_CENTRE, PRIV_LOISIRS, IMMO_AGENCE, PRIV_BUREAU, PRIV_COMMERCE
1346;PRIVE;94;JOINVILLE-LE-PONT;159;158;0;37.1;PRIV_SANTE_CABINET, PRIV_SANTE_CENTRE, PRIV_LOISIRS, IMMO_AGENCE, PRIV_BUREAU, PRIV_RESTAURANT, PRIV_COMMERCE
1347;PRIVE;93;ROMAINVILLE;202;200;0;37.0;PRIV_SANTE_CABINET, PRIV_SANTE_CENTRE, PRIV_LOISIRS, IMMO_AGENCE, PRIV_BUREAU, PRIV_RESTAURANT, PRIV_COMMERCE
1348;PRIVE;93;ROSNY SOUS BOIS;11;11;0;37.0;PRIV_SANTE_CABINET, PRIV_LOISIRS, IMMO_AGENCE, PRIV_RESTAURANT
1349;PRIVE;92;ISSY LES MOULINEAUX;5;5;0;37.0;IMMO_AGENCE, PRIV_RESTAURANT
1350;PUBLIC;77;TOUQUIN;5;3;0;37.0;PUB_MAIRIE, PUB_ECOLE
1351;PRIVE;94;PERIGNY SUR YERRES;2;2;0;37.0;PRIV_SANTE_CENTRE
1352;PRIVE;77;CLAYE SOUILLY;1;1;0;37.0;PRIV_SANTE_CENTRE
1353;PRIVE;78;DAVRON;1;1;0;37.0;PRIV_SANTE_CENTRE
1354;PRIVE;78;TRIEL SUR SEINE;1;1;0;37.0;PRIV_SANTE_CENTRE
1355;PRIVE;94;LA QUEUE EN BRIE;1;1;0;37.0;PRIV_RESTAURANT
1356;PUBLIC;95;CHATENAY-EN-FRANCE;1;1;0;37.0;PUB_MAIRIE
1357;PRIVE;78;MARLY-LE-ROI;152;151;0;36.9;PRIV_SANTE_CABINET, PRIV_SANTE_CENTRE, PRIV_LOISIRS, IMMO_AGENCE, PRIV_BUREAU, PRIV_RESTAURANT, PRIV_COMMERCE
1358;PRIVE;94;LE PERREUX-SUR-MARNE;326;324;0;36.9;PRIV_SANTE_CABINET, PRIV_SANTE_CENTRE, PRIV_LOISIRS, IMMO_AGENCE, PRIV_BUREAU, PRIV_RESTAURANT, PRIV_COMMERCE
1359;PRIVE;94;FRESNES;140;139;0;36.9;PRIV_SANTE_CABINET, PRIV_SANTE_CENTRE, PRIV_LOISIRS, IMMO_AGENCE, PRIV_BUREAU, PRIV_RESTAURANT, PRIV_COMMERCE
1360;PRIVE;95;FRANCONVILLE;208;204;0;36.9;PRIV_SANTE_CABINET, PRIV_SANTE_CENTRE, PRIV_LOISIRS, IMMO_AGENCE, PRIV_BUREAU, PRIV_RESTAURANT
1361;PRIVE;78;LE MESNIL-LE-ROI;41;41;0;36.8;PRIV_SANTE_CABINET, PRIV_SANTE_CENTRE, PRIV_LOISIRS, IMMO_AGENCE, PRIV_BUREAU, PRIV_RESTAURANT, PRIV_COMMERCE
1362;PRIVE;94;MAISONS ALFORT;5;5;0;36.8;PRIV_SANTE_CENTRE, PRIV_LOISIRS, IMMO_AGENCE
1363;PRIVE;94;SAINT-MAUR-DES-FOSSES;933;921;0;36.7;PRIV_SANTE_CABINET, PRIV_SANTE_CENTRE, PRIV_LOISIRS, PRIV_BUREAU, IMMO_AGENCE, PRIV_RESTAURANT, PRIV_COMMERCE
1364;PUBLIC;77;LORREZ-LE-BOCAGE-PREAUX;6;4;0;36.7;PUB_MAIRIE, PUB_ECOLE
1365;PRIVE;75;PARIS 19E ARRONDISSEMENT;3;3;0;36.7;PRIV_BUREAU, PRIV_RESTAURANT
1366;PRIVE;94;JOINVILLE LE PONT;3;3;0;36.7;PRIV_RESTAURANT, IMMO_AGENCE
1367;PRIVE;94;ST MAURICE;3;3;0;36.7;PRIV_SANTE_CENTRE, IMMO_AGENCE, PRIV_RESTAURANT
1368;PUBLIC;77;COURPALAY;3;1;0;36.7;PUB_MAIRIE, PUB_ECOLE
1369;PUBLIC;77;LUZANCY;3;1;0;36.7;PUB_MAIRIE, PUB_ECOLE
1370;PUBLIC;77;MONS-EN-MONTOIS;3;2;0;36.7;PUB_MAIRIE, PUB_ECOLE
1371;PUBLIC;77;MONTIGNY-LENCOUP;3;1;0;36.7;PUB_MAIRIE, PUB_ECOLE
1372;PUBLIC;77;NANTEUIL-SUR-MARNE;3;2;0;36.7;PUB_MAIRIE, PUB_ECOLE
1373;PUBLIC;77;VILLENEUVE-SUR-BELLOT;3;1;0;36.7;PUB_MAIRIE, PUB_ECOLE
1374;PUBLIC;78;BAZOCHES-SUR-GUYONNE;3;2;0;36.7;PUB_MAIRIE, PUB_ECOLE, PUB_MUSEE
1375;PUBLIC;78;LA BOISSIERE-ECOLE;3;2;0;36.7;PUB_MAIRIE, PUB_ECOLE
1376;PUBLIC;78;LOMMOYE;3;2;0;36.7;PUB_MAIRIE, PUB_ECOLE
1377;PUBLIC;78;MONDREVILLE;3;1;0;36.7;PUB_MAIRIE, PUB_ECOLE
1378;PUBLIC;91;ONCY-SUR-ECOLE;3;1;0;36.7;PUB_MAIRIE, PUB_ECOLE
1379;PUBLIC;91;VILLENEUVE-SUR-AUVERS;3;1;0;36.7;PUB_MAIRIE, PUB_ECOLE
1380;PUBLIC;95;EPIAIS-RHUS;3;2;0;36.7;PUB_MAIRIE, PUB_ECOLE, PUB_MUSEE
1381;PUBLIC;95;LABBEVILLE;3;2;0;36.7;PUB_MAIRIE, PUB_ECOLE
1382;PRIVE;94;VILLIERS-SUR-MARNE;169;169;0;36.6;PRIV_SANTE_CABINET, PRIV_SANTE_CENTRE, PRIV_LOISIRS, IMMO_AGENCE, PRIV_BUREAU, PRIV_RESTAURANT, PRIV_COMMERCE
1383;PRIVE;95;GROSLAY;76;75;0;36.6;PRIV_SANTE_CABINET, PRIV_SANTE_CENTRE, PRIV_LOISIRS, IMMO_AGENCE, PRIV_BUREAU, PRIV_RESTAURANT, PRIV_COMMERCE
1384;PRIVE;95;DOMONT;124;124;0;36.6;PRIV_SANTE_CABINET, PRIV_SANTE_CENTRE, PRIV_LOISIRS, IMMO_AGENCE, PRIV_BUREAU, PRIV_RESTAURANT
1385;PRIVE;78;CHATOU;254;251;0;36.5;PRIV_SANTE_CABINET, PRIV_SANTE_CENTRE, PRIV_LOISIRS, IMMO_AGENCE, PRIV_BUREAU, PRIV_RESTAURANT, PRIV_COMMERCE
1386;PRIVE;95;DEUIL LA BARRE;8;8;0;36.5;PRIV_LOISIRS, IMMO_AGENCE, PRIV_RESTAURANT, PRIV_COMMERCE
1387;PRIVE;94;SAINT-MAURICE;116;115;0;36.4;PRIV_SANTE_CABINET, PRIV_SANTE_CENTRE, PRIV_LOISIRS, PRIV_BUREAU, IMMO_AGENCE, PRIV_RESTAURANT, PRIV_COMMERCE
1388;PRIVE;95;SAINT-LEU-LA-FORET;152;151;0;36.4;PRIV_SANTE_CABINET, PRIV_SANTE_CENTRE, PRIV_LOISIRS, IMMO_AGENCE, PRIV_BUREAU, PRIV_RESTAURANT
1389;PRIVE;95;CORMEILLES-EN-PARISIS;163;163;0;36.4;PRIV_SANTE_CABINET, PRIV_SANTE_CENTRE, PRIV_LOISIRS, IMMO_AGENCE, PRIV_BUREAU, PRIV_RESTAURANT, PRIV_COMMERCE
1390;PRIVE;93;VILLEMOMBLE;222;218;0;36.4;PRIV_SANTE_CABINET, PRIV_SANTE_CENTRE, PRIV_LOISIRS, IMMO_AGENCE, PRIV_BUREAU, PRIV_RESTAURANT, PRIV_COMMERCE
1391;PRIVE;94;L'HAY-LES-ROSES;132;132;0;36.4;PRIV_SANTE_CABINET, PRIV_SANTE_CENTRE, PRIV_LOISIRS, IMMO_AGENCE, PRIV_BUREAU, PRIV_RESTAURANT, PRIV_COMMERCE
1392;PRIVE;95;SAINT-PRIX;55;55;0;36.4;PRIV_SANTE_CABINET, PRIV_SANTE_CENTRE, PRIV_LOISIRS, IMMO_AGENCE, PRIV_BUREAU, PRIV_RESTAURANT
1393;PRIVE;94;ALFORTVILLE;307;304;0;36.4;PRIV_SANTE_CABINET, PRIV_SANTE_CENTRE, PRIV_LOISIRS, IMMO_AGENCE, PRIV_BUREAU, PRIV_RESTAURANT, PRIV_COMMERCE
1394;PRIVE;95;BEAUCHAMP;79;78;0;36.4;PRIV_LOISIRS, PRIV_SANTE_CABINET, PRIV_SANTE_CENTRE, IMMO_AGENCE, PRIV_BUREAU, PRIV_RESTAURANT
1395;PRIVE;78;MAREIL-MARLY;44;43;0;36.4;PRIV_SANTE_CABINET, PRIV_SANTE_CENTRE, PRIV_LOISIRS, IMMO_AGENCE, PRIV_BUREAU, PRIV_RESTAURANT, PRIV_COMMERCE
1396;PRIVE;78;TOUSSUS-LE-NOBLE;13;13;0;36.4;PRIV_SANTE_CENTRE, PRIV_LOISIRS, IMMO_AGENCE, PRIV_BUREAU, PRIV_RESTAURANT
1397;PRIVE;94;CHOISY LE ROI;13;13;0;36.4;PRIV_SANTE_CABINET, PRIV_SANTE_CENTRE, PRIV_LOISIRS, PRIV_BUREAU, PRIV_RESTAURANT
1398;PRIVE;93;LE RAINCY;245;243;0;36.4;PRIV_BUREAU, PRIV_SANTE_CABINET, PRIV_SANTE_CENTRE, PRIV_LOISIRS, IMMO_AGENCE, PRIV_RESTAURANT, PRIV_COMMERCE
1399;PRIVE;95;GARGES LES GONESSE;3;3;0;36.3;PRIV_SANTE_CABINET, PRIV_LOISIRS
1400;PRIVE;78;NOISY-LE-ROI;89;89;0;36.3;PRIV_SANTE_CABINET, PRIV_SANTE_CENTRE, PRIV_LOISIRS, IMMO_AGENCE, PRIV_BUREAU, PRIV_RESTAURANT, PRIV_COMMERCE
1401;PRIVE;91;CHILLY-MAZARIN;112;112;0;36.3;PRIV_SANTE_CABINET, PRIV_SANTE_CENTRE, PRIV_LOISIRS, PRIV_COMMERCE, IMMO_AGENCE, PRIV_BUREAU, PRIV_RESTAURANT
1402;PRIVE;95;LA FRETTE-SUR-SEINE;36;36;0;36.2;PRIV_SANTE_CABINET, PRIV_SANTE_CENTRE, PRIV_LOISIRS, IMMO_AGENCE, PRIV_BUREAU, PRIV_RESTAURANT, PRIV_COMMERCE
1403;PRIVE;91;PARAY-VIEILLE-POSTE;51;50;0;36.2;PRIV_SANTE_CABINET, PRIV_SANTE_CENTRE, PRIV_LOISIRS, IMMO_AGENCE, PRIV_BUREAU, PRIV_RESTAURANT, PRIV_COMMERCE
1404;PRIVE;94;LIMEIL BREVANNES;9;9;0;36.2;PRIV_SANTE_CABINET, PRIV_SANTE_CENTRE, PRIV_LOISIRS, IMMO_AGENCE, PRIV_RESTAURANT
1405;PRIVE;93;BONDY;257;257;0;36.2;PRIV_SANTE_CABINET, PRIV_SANTE_CENTRE, PRIV_LOISIRS, IMMO_AGENCE, PRIV_BUREAU, PRIV_RESTAURANT, PRIV_COMMERCE
1406;PRIVE;95;LE PLESSIS-BOUCHARD;58;58;0;36.2;PRIV_SANTE_CABINET, PRIV_SANTE_CENTRE, PRIV_LOISIRS, PRIV_BUREAU, IMMO_AGENCE, PRIV_RESTAURANT, PRIV_COMMERCE
1407;PRIVE;94;ST MAUR DES FOSSES;16;16;0;36.2;PRIV_SANTE_CENTRE, PRIV_LOISIRS, IMMO_AGENCE, PRIV_BUREAU, PRIV_RESTAURANT
1408;PRIVE;95;SANNOIS;168;167;0;36.2;PRIV_SANTE_CABINET, PRIV_SANTE_CENTRE, PRIV_LOISIRS, PRIV_BUREAU, IMMO_AGENCE, PRIV_RESTAURANT, PRIV_COMMERCE
1409;PRIVE;93;NOISY-LE-SEC;206;204;0;36.2;PRIV_SANTE_CABINET, PRIV_SANTE_CENTRE, PRIV_LOISIRS, IMMO_AGENCE, PRIV_BUREAU, PRIV_RESTAURANT, PRIV_COMMERCE
1410;PRIVE;95;MONTIGNY-LES-CORMEILLES;86;86;0;36.1;PRIV_SANTE_CABINET, PRIV_SANTE_CENTRE, PRIV_LOISIRS, IMMO_AGENCE, PRIV_BUREAU, PRIV_RESTAURANT, PRIV_COMMERCE
1411;PRIVE;78;SAINT-CYR-L'ECOLE;108;108;0;36.1;PRIV_SANTE_CABINET, PRIV_SANTE_CENTRE, PRIV_LOISIRS, IMMO_AGENCE, PRIV_BUREAU, PRIV_RESTAURANT, PRIV_COMMERCE
1412;PRIVE;95;PISCOP;11;11;0;36.1;PRIV_LOISIRS, IMMO_AGENCE, PRIV_BUREAU, PRIV_RESTAURANT, PRIV_COMMERCE
1413;PRIVE;95;GARGES-LES-GONESSE;159;157;0;36.1;PRIV_SANTE_CABINET, PRIV_SANTE_CENTRE, PRIV_LOISIRS, IMMO_AGENCE, PRIV_BUREAU, PRIV_RESTAURANT, PRIV_COMMERCE
1414;PRIVE;78;CROISSY-SUR-SEINE;109;108;0;36.1;PRIV_SANTE_CABINET, PRIV_SANTE_CENTRE, PRIV_LOISIRS, IMMO_AGENCE, PRIV_BUREAU, PRIV_RESTAURANT, PRIV_COMMERCE
1415;PRIVE;92;VAUCRESSON;81;81;0;36.0;PRIV_SANTE_CABINET, PRIV_SANTE_CENTRE, PRIV_LOISIRS, IMMO_AGENCE, PRIV_BUREAU, PRIV_RESTAURANT
1416;PRIVE;93;NEUILLY-SUR-MARNE;166;164;0;36.0;PRIV_SANTE_CABINET, PRIV_SANTE_CENTRE, PRIV_LOISIRS, IMMO_AGENCE, PRIV_BUREAU, PRIV_RESTAURANT, PRIV_COMMERCE
1417;PRIVE;31;BLAGNAC;5;5;0;36.0;PRIV_SANTE_CABINET, PRIV_BUREAU, PRIV_RESTAURANT
1418;PRIVE;95;DEUIL-LA-BARRE;148;148;0;36.0;PRIV_SANTE_CABINET, PRIV_SANTE_CENTRE, PRIV_LOISIRS, IMMO_AGENCE, PRIV_BUREAU, PRIV_RESTAURANT, PRIV_COMMERCE
1419;PRIVE;95;ECOUEN;45;43;0;35.9;PRIV_SANTE_CABINET, PRIV_SANTE_CENTRE, PRIV_LOISIRS, IMMO_AGENCE, PRIV_BUREAU, PRIV_RESTAURANT, PRIV_COMMERCE
1420;PRIVE;95;EAUBONNE;166;163;0;35.9;PRIV_SANTE_CABINET, PRIV_SANTE_CENTRE, PRIV_LOISIRS, IMMO_AGENCE, PRIV_BUREAU, PRIV_RESTAURANT, PRIV_COMMERCE
1421;PRIVE;95;HERBLAY-SUR-SEINE;233;231;0;35.8;PRIV_SANTE_CABINET, PRIV_SANTE_CENTRE, PRIV_LOISIRS, PRIV_BUREAU, IMMO_AGENCE, PRIV_RESTAURANT, PRIV_COMMERCE
1422;PRIVE;94;NOGENT SUR MARNE;6;6;0;35.8;PRIV_SANTE_CABINET, PRIV_SANTE_CENTRE, IMMO_AGENCE, PRIV_RESTAURANT
1423;PRIVE;93;GAGNY;210;209;0;35.8;PRIV_SANTE_CABINET, PRIV_SANTE_CENTRE, PRIV_LOISIRS, IMMO_AGENCE, PRIV_BUREAU, PRIV_RESTAURANT, PRIV_COMMERCE
1424;PRIVE;93;LIVRY-GARGAN;255;254;0;35.8;PRIV_SANTE_CABINET, PRIV_SANTE_CENTRE, PRIV_LOISIRS, IMMO_AGENCE, PRIV_BUREAU, PRIV_RESTAURANT, PRIV_COMMERCE
1425;PRIVE;78;BOUGIVAL;93;92;0;35.8;PRIV_SANTE_CABINET, PRIV_SANTE_CENTRE, PRIV_LOISIRS, IMMO_AGENCE, PRIV_BUREAU, PRIV_RESTAURANT
1426;PRIVE;78;BAILLY;34;34;0;35.8;PRIV_SANTE_CABINET, PRIV_SANTE_CENTRE, PRIV_LOISIRS, IMMO_AGENCE, PRIV_BUREAU, PRIV_RESTAURANT
1427;PRIVE;93;NEUILLY-PLAISANCE;156;154;0;35.7;PRIV_SANTE_CABINET, PRIV_SANTE_CENTRE, PRIV_LOISIRS, PRIV_RESTAURANT, IMMO_AGENCE, PRIV_BUREAU, PRIV_COMMERCE
1428;PRIVE;78;SARTROUVILLE;350;350;0;35.6;PRIV_SANTE_CABINET, PRIV_SANTE_CENTRE, PRIV_LOISIRS, IMMO_AGENCE, PRIV_BUREAU, PRIV_RESTAURANT, PRIV_COMMERCE
1429;PRIVE;94;ORLY;91;91;0;35.6;PRIV_SANTE_CABINET, PRIV_SANTE_CENTRE, PRIV_LOISIRS, IMMO_AGENCE, PRIV_BUREAU, PRIV_RESTAURANT, PRIV_COMMERCE
1430;PRIVE;95;VILLIERS-LE-BEL;124;122;0;35.5;PRIV_SANTE_CABINET, PRIV_SANTE_CENTRE, PRIV_LOISIRS, IMMO_AGENCE, PRIV_BUREAU, PRIV_RESTAURANT, PRIV_COMMERCE
1431;PRIVE;91;MORANGIS;134;133;0;35.5;PRIV_LOISIRS, PRIV_SANTE_CABINET, PRIV_SANTE_CENTRE, PRIV_BUREAU, PRIV_RESTAURANT, IMMO_AGENCE
1432;PRIVE;91;ATHIS-MONS;215;214;0;35.5;PRIV_SANTE_CABINET, PRIV_SANTE_CENTRE, PRIV_LOISIRS, IMMO_AGENCE, PRIV_BUREAU, PRIV_RESTAURANT, PRIV_COMMERCE
1433;PRIVE;92;CHATENAY-MALABRY;218;214;0;35.5;PRIV_SANTE_CABINET, PRIV_SANTE_CENTRE, PRIV_LOISIRS, IMMO_AGENCE, PRIV_BUREAU, PRIV_RESTAURANT, PRIV_COMMERCE
1434;PRIVE;94;CHENNEVIERES SUR MARNE;4;4;0;35.5;PRIV_SANTE_CABINET, IMMO_AGENCE, PRIV_RESTAURANT
1435;PRIVE;93;SEVRAN;189;189;0;35.5;PRIV_SANTE_CABINET, PRIV_SANTE_CENTRE, PRIV_LOISIRS, IMMO_AGENCE, PRIV_BUREAU, PRIV_RESTAURANT, PRIV_COMMERCE
1436;PRIVE;78;LA CELLE-SAINT-CLOUD;155;154;0;35.3;PRIV_SANTE_CABINET, PRIV_SANTE_CENTRE, PRIV_LOISIRS, IMMO_AGENCE, PRIV_BUREAU, PRIV_RESTAURANT
1437;PRIVE;93;NOISY LE GRAND;6;6;0;35.3;PRIV_SANTE_CABINET, PRIV_SANTE_CENTRE, IMMO_AGENCE, PRIV_BUREAU, PRIV_RESTAURANT
1438;PRIVE;78;CHAMBOURCY;70;69;0;35.3;PRIV_SANTE_CABINET, PRIV_SANTE_CENTRE, PRIV_LOISIRS, IMMO_AGENCE, PRIV_BUREAU, PRIV_RESTAURANT, PRIV_COMMERCE
1439;PRIVE;94;VILLENEUVE-LE-ROI;100;100;0;35.3;PRIV_SANTE_CABINET, PRIV_SANTE_CENTRE, PRIV_LOISIRS, IMMO_AGENCE, PRIV_BUREAU, PRIV_RESTAURANT
1440;PRIVE;95;MONTLIGNON;24;24;0;35.2;PRIV_SANTE_CABINET, PRIV_SANTE_CENTRE, PRIV_LOISIRS, IMMO_AGENCE, PRIV_BUREAU, PRIV_RESTAURANT
1441;PRIVE;95;ARNOUVILLE;99;99;0;35.2;PRIV_SANTE_CABINET, PRIV_SANTE_CENTRE, PRIV_LOISIRS, IMMO_AGENCE, PRIV_BUREAU, PRIV_RESTAURANT, PRIV_COMMERCE
1442;PRIVE;94;VALENTON;67;67;0;35.1;PRIV_SANTE_CABINET, PRIV_SANTE_CENTRE, PRIV_LOISIRS, IMMO_AGENCE, PRIV_BUREAU, PRIV_RESTAURANT, PRIV_COMMERCE
1443;PRIVE;93;LES PAVILLONS-SOUS-BOIS;188;188;0;35.1;PRIV_SANTE_CABINET, PRIV_SANTE_CENTRE, PRIV_LOISIRS, IMMO_AGENCE, PRIV_BUREAU, PRIV_RESTAURANT, PRIV_COMMERCE
1444;PRIVE;94;ABLON-SUR-SEINE;39;39;0;35.1;PRIV_SANTE_CABINET, PRIV_SANTE_CENTRE, PRIV_LOISIRS, IMMO_AGENCE, PRIV_BUREAU, PRIV_RESTAURANT
1445;PRIVE;94;SUCY-EN-BRIE;174;172;0;35.0;PRIV_SANTE_CABINET, PRIV_SANTE_CENTRE, PRIV_LOISIRS, IMMO_AGENCE, PRIV_BUREAU, PRIV_RESTAURANT, PRIV_COMMERCE
1446;PRIVE;91;IGNY;63;62;0;35.0;PRIV_SANTE_CABINET, PRIV_SANTE_CENTRE, PRIV_LOISIRS, IMMO_AGENCE, PRIV_BUREAU, PRIV_RESTAURANT, PRIV_COMMERCE
1447;PRIVE;93;LIVRY GARGAN;7;7;0;35.0;PRIV_SANTE_CABINET, IMMO_AGENCE, PRIV_BUREAU, PRIV_RESTAURANT
1448;PUBLIC;77;COURTOMER;4;3;0;35.0;PUB_MAIRIE, PUB_ECOLE, PUB_MUSEE
1449;PUBLIC;77;SAINT-BRICE;4;3;0;35.0;PUB_MAIRIE, PUB_ECOLE, PUB_HOPITAL
1450;PUBLIC;78;RAIZEUX;4;3;0;35.0;PUB_MAIRIE, PUB_ECOLE, PUB_MUSEE
1451;PUBLIC;77;ARBONNE-LA-FORET;3;1;0;35.0;PUB_MAIRIE, PUB_ECOLE
1452;PUBLIC;77;FROMONT;3;2;0;35.0;PUB_MAIRIE, PUB_ECOLE
1453;PUBLIC;77;GOUAIX;3;1;0;35.0;PUB_MAIRIE, PUB_ECOLE
1454;PUBLIC;78;ALLAINVILLE;3;1;0;35.0;PUB_MAIRIE, PUB_ECOLE
1455;PUBLIC;78;HERBEVILLE;3;2;0;35.0;PUB_MAIRIE, PUB_ECOLE, PUB_MUSEE
1456;PUBLIC;78;TILLY;3;1;0;35.0;PUB_MAIRIE, PUB_ECOLE
1457;PUBLIC;91;CHALO-SAINT-MARS;3;1;0;35.0;PUB_MAIRIE, PUB_ECOLE
1458;PRIVE;22;LOUDEAC;2;2;0;35.0;PRIV_SANTE_CENTRE, PRIV_COMMERCE
1459;PRIVE;75;PARIS 1ER ARRONDISSEMENT;2;2;0;35.0;PRIV_BUREAU, PRIV_RESTAURANT
1460;PRIVE;76;LE GRAND-QUEVILLY;2;2;0;35.0;PRIV_RESTAURANT, PRIV_COMMERCE
1461;PUBLIC;77;ANDREZEL;2;1;0;35.0;PUB_MAIRIE, PUB_ECOLE
1462;PUBLIC;77;BEZALLES;2;1;0;35.0;PUB_MAIRIE, PUB_ECOLE
1463;PUBLIC;77;BLENNES;2;1;0;35.0;PUB_MAIRIE, PUB_ECOLE
1464;PUBLIC;77;BREAU;2;1;0;35.0;PUB_MAIRIE
1465;PUBLIC;77;BUSSIERES;2;1;0;35.0;PUB_MAIRIE, PUB_ECOLE
1466;PUBLIC;77;CERNEUX;2;1;0;35.0;PUB_MAIRIE, PUB_ECOLE
1467;PUBLIC;77;CHALAUTRE-LA-PETITE;2;1;0;35.0;PUB_MAIRIE, PUB_ECOLE
1468;PUBLIC;77;CHENOU;2;1;0;35.0;PUB_MAIRIE, PUB_ECOLE
1469;PUBLIC;77;CHEVRAINVILLIERS;2;1;0;35.0;PUB_MAIRIE, PUB_ECOLE
1470;PUBLIC;77;COCHEREL;2;1;0;35.0;PUB_MAIRIE, PUB_ECOLE
1471;PUBLIC;77;COULOMBS-EN-VALOIS;2;1;0;35.0;PUB_MAIRIE, PUB_ECOLE
1472;PUBLIC;77;COURQUETAINE;2;1;0;35.0;PUB_MAIRIE, PUB_ECOLE
1473;PUBLIC;77;DORMELLES;2;1;0;35.0;PUB_MAIRIE, PUB_ECOLE
1474;PUBLIC;77;EVERLY;2;1;0;35.0;PUB_MAIRIE, PUB_ECOLE
1475;PUBLIC;77;FERICY;2;1;0;35.0;PUB_MAIRIE, PUB_ECOLE
1476;PUBLIC;77;FLAGY;2;1;0;35.0;PUB_MAIRIE, PUB_ECOLE
1477;PUBLIC;77;FLEURY-EN-BIERE;2;1;0;35.0;PUB_MAIRIE, PUB_ECOLE
1478;PUBLIC;77;LA TRETOIRE;2;1;0;35.0;PUB_MAIRIE, PUB_ECOLE
1479;PUBLIC;77;LARCHANT;2;1;0;35.0;PUB_MAIRIE, PUB_ECOLE
1480;PUBLIC;77;LE PLESSIS-L'EVEQUE;2;1;0;35.0;PUB_MAIRIE, PUB_ECOLE
1481;PUBLIC;77;LES ECRENNES;2;1;0;35.0;PUB_MAIRIE, PUB_ECOLE
1482;PUBLIC;77;LIZINES;2;1;0;35.0;PUB_MAIRIE, PUB_ECOLE
1483;PUBLIC;77;LOUAN-VILLEGRUIS-FONTAINE;2;1;0;35.0;PUB_MAIRIE, PUB_ECOLE
1484;PUBLIC;77;MERY-SUR-MARNE;2;1;0;35.0;PUB_MAIRIE, PUB_ECOLE
1485;PUBLIC;77;MONTCEAUX-LES-PROVINS;2;1;0;35.0;PUB_MAIRIE, PUB_ECOLE
1486;PUBLIC;77;MOUY-SUR-SEINE;2;1;0;35.0;PUB_MAIRIE, PUB_ECOLE
1487;PUBLIC;77;NANTEAU-SUR-LUNAIN;2;1;0;35.0;PUB_MAIRIE, PUB_ECOLE
1488;PUBLIC;77;NOISY-RUDIGNON;2;1;0;35.0;PUB_MAIRIE, PUB_ECOLE
1489;PUBLIC;77;NONVILLE;2;1;0;35.0;PUB_MAIRIE, PUB_ECOLE
1490;PUBLIC;77;NOYEN-SUR-SEINE;2;1;0;35.0;PUB_MAIRIE, PUB_ECOLE
1491;PUBLIC;77;ORLY-SUR-MORIN;2;1;0;35.0;PUB_MAIRIE, PUB_ECOLE
1492;PUBLIC;77;PALEY;2;1;0;35.0;PUB_MAIRIE, PUB_ECOLE
1493;PUBLIC;77;PEZARCHES;2;1;0;35.0;PUB_MAIRIE, PUB_ECOLE
1494;PUBLIC;77;PIERRE-LEVEE;2;1;0;35.0;PUB_MAIRIE, PUB_ECOLE
1495;PUBLIC;77;SAINT-BARTHELEMY;2;1;0;35.0;PUB_MAIRIE, PUB_ECOLE
1496;PUBLIC;77;SAINT-HILLIERS;2;1;0;35.0;PUB_MAIRIE, PUB_ECOLE
1497;PUBLIC;77;SAINT-MARTIN-DU-BOSCHET;2;1;0;35.0;PUB_MAIRIE, PUB_ECOLE
1498;PUBLIC;77;SAINT-MARTIN-EN-BIERE;2;1;0;35.0;PUB_MAIRIE, PUB_ECOLE
1499;PUBLIC;77;SANCY-LES-PROVINS;2;1;0;35.0;PUB_MAIRIE, PUB_ECOLE
1500;PUBLIC;77;SAVINS;2;1;0;35.0;PUB_MAIRIE, PUB_ECOLE
1501;PUBLIC;77;SIGNY-SIGNETS;2;1;0;35.0;PUB_MAIRIE, PUB_ECOLE
1502;PUBLIC;77;SOGNOLLES-EN-MONTOIS;2;1;0;35.0;PUB_MAIRIE, PUB_ECOLE
1503;PUBLIC;77;VAUDOY-EN-BRIE;2;1;0;35.0;PUB_MAIRIE, PUB_ECOLE
1504;PUBLIC;77;VILLE-SAINT-JACQUES;2;1;0;35.0;PUB_MAIRIE, PUB_ECOLE
1505;PUBLIC;77;VILLEBEON;2;1;0;35.0;PUB_MAIRIE, PUB_ECOLE
1506;PUBLIC;77;VILLEMER;2;1;0;35.0;PUB_MAIRIE, PUB_ECOLE
1507;PUBLIC;77;VILLENAUXE-LA-PETITE;2;1;0;35.0;PUB_MAIRIE, PUB_ECOLE
1508;PUBLIC;77;VILLIERS-SOUS-GREZ;2;1;0;35.0;PUB_MAIRIE, PUB_ECOLE
1509;PUBLIC;77;VIMPELLES;2;1;0;35.0;PUB_MAIRIE, PUB_ECOLE
1510;PUBLIC;77;VOINSLES;2;1;0;35.0;PUB_MAIRIE, PUB_ECOLE
1511;PUBLIC;78;BOISSY-MAUVOISIN;2;1;0;35.0;PUB_MAIRIE, PUB_ECOLE
1512;PUBLIC;78;GRESSEY;2;1;0;35.0;PUB_MAIRIE, PUB_ECOLE
1513;PUBLIC;78;HAUTEVILLE (LA);2;1;0;35.0;PUB_MAIRIE, PUB_ECOLE
1514;PUBLIC;78;HERMERAY;2;1;0;35.0;PUB_MAIRIE, PUB_ECOLE
1515;PUBLIC;78;MERICOURT;2;1;0;35.0;PUB_MAIRIE, PUB_ECOLE
1516;PUBLIC;78;MOUSSEAUX-SUR-SEINE;2;1;0;35.0;PUB_MAIRIE, PUB_ECOLE
1517;PUBLIC;78;PERDREAUVILLE;2;1;0;35.0;PUB_MAIRIE, PUB_ECOLE
1518;PUBLIC;78;VICQ;2;1;0;35.0;PUB_MAIRIE, PUB_MUSEE
1519;PUBLIC;91;ABBEVILLE-LA-RIVIERE;2;1;0;35.0;PUB_MAIRIE, PUB_ECOLE
1520;PUBLIC;91;AUTHON-LA-PLAINE;2;1;0;35.0;PUB_MAIRIE, PUB_ECOLE
1521;PUBLIC;91;BLANDY;2;1;0;35.0;PUB_MAIRIE, PUB_ECOLE
1522;PUBLIC;91;LA FORET-SAINTE-CROIX;2;2;0;35.0;PUB_MAIRIE
1523;PUBLIC;91;MAROLLES-EN-BEAUCE;2;1;0;35.0;PUB_MAIRIE, PUB_ECOLE
1524;PUBLIC;91;MESPUITS;2;1;0;35.0;PUB_MAIRIE, PUB_ECOLE
1525;PUBLIC;91;VALPUISEAUX;2;1;0;35.0;PUB_MAIRIE, PUB_ECOLE
1526;PUBLIC;95;LE HEAULME;2;1;0;35.0;PUB_MAIRIE, PUB_ECOLE
1527;PUBLIC;95;LE PLESSIS-GASSOT;2;1;0;35.0;PUB_MAIRIE, PUB_ECOLE
1528;PRIVE;09;LA BASTIDE-DE-SEROU;1;1;0;35.0;PRIV_COMMERCE
1529;PRIVE;13;MARSEILLE 13EME;1;1;0;35.0;PRIV_RESTAURANT
1530;PRIVE;16;CHATEAUBERNARD;1;1;0;35.0;PRIV_RESTAURANT
1531;PRIVE;49;BEAUCOUZE;1;1;0;35.0;PRIV_BUREAU
1532;PRIVE;59;ENNETIERES-EN-WEPPES;1;1;0;35.0;PRIV_RESTAURANT
1533;PRIVE;62;CAMPAGNE-LES-WARDRECQUES;1;1;0;35.0;PRIV_COMMERCE
1534;PRIVE;68;UNGERSHEIM;1;1;0;35.0;PRIV_RESTAURANT
1535;PRIVE;69;LYON 2EME;1;1;0;35.0;PRIV_BUREAU
1536;PRIVE;76;LA VAUPALIERE;1;1;0;35.0;PRIV_RESTAURANT
1537;PRIVE;76;TOURVILLE-LA-RIVIERE;1;1;0;35.0;PRIV_BUREAU
1538;PRIVE;78;CROISSY SUR SEINE;1;1;0;35.0;PRIV_RESTAURANT
1539;PRIVE;89;CHASSY;1;1;0;35.0;PRIV_RESTAURANT
1540;PRIVE;95;ST GRATIEN;1;1;0;35.0;IMMO_AGENCE
1541;PUBLIC;11;FANJEAUX;1;1;0;35.0;PUB_ECOLE
1542;PUBLIC;14;COLLEVILLE-SUR-MER;1;1;0;35.0;PUB_MUSEE
1543;PUBLIC;31;TOULOUSE;1;1;0;35.0;PUB_MUSEE
1544;PUBLIC;35;LOHEAC;1;1;0;35.0;PUB_MUSEE
1545;PUBLIC;77;ARVILLE;1;1;0;35.0;PUB_MAIRIE
1546;PUBLIC;77;BEAUVOIR;1;1;0;35.0;PUB_MAIRIE
1547;PUBLIC;77;BOISDON;1;1;0;35.0;PUB_MAIRIE
1548;PUBLIC;77;BURCY;1;1;0;35.0;PUB_MAIRIE
1549;PUBLIC;77;CHATEAUBLEAU;1;1;0;35.0;PUB_MAIRIE
1550;PUBLIC;77;CHATENOY;1;1;0;35.0;PUB_MAIRIE
1551;PUBLIC;77;CHATILLON-LA-BORDE;1;1;0;35.0;PUB_MAIRIE
1552;PUBLIC;77;COURTACON;1;1;0;35.0;PUB_MAIRIE
1553;PUBLIC;77;FONTAINS;1;1;0;35.0;PUB_MAIRIE
1554;PUBLIC;77;FORGES;1;1;0;35.0;PUB_MAIRIE
1555;PUBLIC;77;GESVRES-LE-CHAPITRE;1;1;0;35.0;PUB_MAIRIE
1556;PUBLIC;77;GIRONVILLE;1;1;0;35.0;PUB_MAIRIE
1557;PUBLIC;77;GRAVON;1;1;0;35.0;PUB_MAIRIE
1558;PUBLIC;77;GRISY-SUR-SEINE;1;1;0;35.0;PUB_MAIRIE
1559;PUBLIC;77;ICHY;1;1;0;35.0;PUB_MAIRIE
1560;PUBLIC;77;LA CHAPELLE-SAINT-SULPICE;1;1;0;35.0;PUB_MAIRIE
1561;PUBLIC;77;LAVAL-EN-BRIE;1;1;0;35.0;PUB_MAIRIE
1562;PUBLIC;77;LESCHEROLLES;1;1;0;35.0;PUB_MAIRIE
1563;PUBLIC;77;LEUDON-EN-BRIE;1;1;0;35.0;PUB_MAIRIE
1564;PUBLIC;77;MEIGNEUX;1;1;0;35.0;PUB_MAIRIE
1565;PUBLIC;77;MONTIGNY-LE-GUESDIER;1;1;0;35.0;PUB_MAIRIE
1566;PUBLIC;77;MONTMACHOUX;1;1;0;35.0;PUB_MAIRIE
1567;PUBLIC;77;MORTERY;1;1;0;35.0;PUB_MAIRIE
1568;PUBLIC;77;NANTEAU-SUR-ESSONNE;1;1;0;35.0;PUB_MAIRIE
1569;PUBLIC;77;OBSONVILLE;1;1;0;35.0;PUB_MAIRIE
1570;PUBLIC;77;SAINT-MARS-VIEUX-MAISONS;1;1;0;35.0;PUB_MAIRIE
1571;PUBLIC;77;SEPT-SORTS;1;1;0;35.0;PUB_MAIRIE
1572;PUBLIC;77;VILLIERS-SUR-SEINE;1;1;0;35.0;PUB_MAIRIE
1573;PUBLIC;78;MENERVILLE;1;1;0;35.0;PUB_MAIRIE
1574;PUBLIC;84;BONNIEUX;1;1;0;35.0;PUB_MUSEE
1575;PUBLIC;91;ARRANCOURT;1;1;0;35.0;PUB_MAIRIE
1576;PUBLIC;91;CONGERVILLE-THIONVILLE;1;1;0;35.0;PUB_MAIRIE
1577;PUBLIC;91;FONTAINE-LA-RIVIERE;1;1;0;35.0;PUB_MAIRIE
1578;PUBLIC;91;ROINVILLIERS;1;1;0;35.0;PUB_MAIRIE
1579;PUBLIC;91;SAINT-CYR-LA-RIVIERE;1;1;0;35.0;PUB_MAIRIE
1580;PUBLIC;95;BANTHELU;1;1;0;35.0;PUB_MAIRIE
1581;PUBLIC;95;HAUTE-ISLE;1;1;0;35.0;PUB_MAIRIE
1582;PUBLIC;95;NEUILLY-EN-VEXIN;1;1;0;35.0;PUB_MAIRIE
1583;PUBLIC;95;THEUVILLE;1;1;0;35.0;PUB_MAIRIE
1584;PRIVE;91;WISSOUS;63;63;0;34.9;PRIV_SANTE_CABINET, PRIV_SANTE_CENTRE, PRIV_LOISIRS, IMMO_AGENCE, PRIV_BUREAU, PRIV_RESTAURANT, PRIV_COMMERCE
1585;PRIVE;95;SAINT-BRICE-SOUS-FORET;135;133;0;34.9;PRIV_SANTE_CABINET, PRIV_SANTE_CENTRE, PRIV_LOISIRS, IMMO_AGENCE, PRIV_BUREAU, PRIV_RESTAURANT, PRIV_COMMERCE
1586;PRIVE;94;CHENNEVIERES-SUR-MARNE;123;121;0;34.8;PRIV_SANTE_CABINET, PRIV_SANTE_CENTRE, PRIV_LOISIRS, IMMO_AGENCE, PRIV_BUREAU, PRIV_RESTAURANT, PRIV_COMMERCE
1587;PRIVE;75;PARIS 02;5;5;0;34.8;PRIV_LOISIRS, PRIV_RESTAURANT
1588;PRIVE;93;NEUILLY PLAISANCE;4;4;0;34.8;PRIV_LOISIRS, IMMO_AGENCE
1589;PRIVE;93;CLICHY-SOUS-BOIS;88;88;0;34.7;PRIV_SANTE_CABINET, PRIV_SANTE_CENTRE, PRIV_LOISIRS, IMMO_AGENCE, PRIV_BUREAU, PRIV_RESTAURANT, PRIV_COMMERCE
1590;PRIVE;93;LE BLANC-MESNIL;269;267;0;34.7;PRIV_SANTE_CABINET, PRIV_SANTE_CENTRE, PRIV_LOISIRS, IMMO_AGENCE, PRIV_BUREAU, PRIV_COMMERCE, PRIV_RESTAURANT
1591;PRIVE;95;VILLAINES-SOUS-BOIS;6;6;0;34.5;PRIV_SANTE_CABINET, PRIV_SANTE_CENTRE, IMMO_AGENCE, PRIV_BUREAU
1592;PRIVE;78;CONFLANS SAINTE HONORINE;4;4;0;34.5;PRIV_SANTE_CENTRE, IMMO_AGENCE, PRIV_RESTAURANT
1593;PRIVE;77;SAINT THIBAULT DES VIGNES;2;2;0;34.5;PRIV_SANTE_CABINET, PRIV_SANTE_CENTRE
1594;PRIVE;95;BESSANCOURT;56;56;0;34.5;PRIV_SANTE_CABINET, PRIV_SANTE_CENTRE, PRIV_LOISIRS, IMMO_AGENCE, PRIV_BUREAU, PRIV_RESTAURANT, PRIV_COMMERCE
1595;PRIVE;95;EZANVILLE;55;55;0;34.4;PRIV_SANTE_CABINET, PRIV_SANTE_CENTRE, PRIV_LOISIRS, IMMO_AGENCE, PRIV_BUREAU, PRIV_RESTAURANT, PRIV_COMMERCE
1596;PRIVE;95;ENGHIEN LES BAINS;5;5;0;34.4;PRIV_LOISIRS, IMMO_AGENCE, PRIV_RESTAURANT
1597;PRIVE;95;VILLIERS LE BEL;7;7;0;34.3;IMMO_AGENCE, PRIV_BUREAU, PRIV_COMMERCE
1598;PRIVE;94;LIMEIL-BREVANNES;103;102;0;34.3;PRIV_SANTE_CABINET, PRIV_SANTE_CENTRE, PRIV_LOISIRS, IMMO_AGENCE, PRIV_BUREAU, PRIV_RESTAURANT, PRIV_COMMERCE
1599;PRIVE;95;LE THILLAY;31;31;0;34.2;PRIV_SANTE_CENTRE, PRIV_LOISIRS, IMMO_AGENCE, PRIV_BUREAU, PRIV_RESTAURANT, PRIV_COMMERCE
1600;PRIVE;91;LONGJUMEAU;158;158;0;34.0;PRIV_SANTE_CABINET, PRIV_SANTE_CENTRE, PRIV_LOISIRS, IMMO_AGENCE, PRIV_BUREAU, PRIV_RESTAURANT, PRIV_COMMERCE
1601;PUBLIC;77;CROUY-SUR-OURCQ;5;3;0;34.0;PUB_MAIRIE, PUB_ECOLE, PUB_HOPITAL, PUB_MUSEE
1602;PRIVE;94;VILLIERS SUR MARNE;4;4;0;34.0;PRIV_SANTE_CABINET, PRIV_LOISIRS
1603;PRIVE;95;LIVILLIERS;1;1;0;34.0;PRIV_LOISIRS
1604;PRIVE;94;ORMESSON-SUR-MARNE;73;73;0;34.0;PRIV_SANTE_CABINET, PRIV_SANTE_CENTRE, PRIV_LOISIRS, IMMO_AGENCE, PRIV_BUREAU, PRIV_RESTAURANT, PRIV_COMMERCE
1605;PRIVE;95;ST LEU LA FORET;5;5;0;33.8;PRIV_SANTE_CENTRE, PRIV_LOISIRS, IMMO_AGENCE
1606;PRIVE;78;PECQ (LE);4;4;0;33.8;PRIV_SANTE_CABINET, IMMO_AGENCE, PRIV_BUREAU
1607;PRIVE;95;ANDILLY;50;50;0;33.7;PRIV_SANTE_CABINET, PRIV_SANTE_CENTRE, PRIV_LOISIRS, IMMO_AGENCE, PRIV_BUREAU, PRIV_RESTAURANT
1608;PRIVE;95;ST OUEN L AUMONE;3;3;0;33.7;PRIV_SANTE_CABINET, PRIV_BUREAU, PRIV_RESTAURANT
1609;PRIVE;78;ACHERES;112;111;0;33.7;PRIV_SANTE_CABINET, PRIV_SANTE_CENTRE, PRIV_LOISIRS, IMMO_AGENCE, PRIV_BUREAU, PRIV_RESTAURANT, PRIV_COMMERCE
1610;PRIVE;93;MONTFERMEIL;134;134;0;33.6;IMMO_AGENCE, PRIV_SANTE_CABINET, PRIV_SANTE_CENTRE, PRIV_LOISIRS, PRIV_BUREAU, PRIV_RESTAURANT, PRIV_COMMERCE
1611;PRIVE;78;FONTENAY-LE-FLEURY;55;55;0;33.6;PRIV_SANTE_CABINET, PRIV_SANTE_CENTRE, PRIV_LOISIRS, IMMO_AGENCE, PRIV_BUREAU, PRIV_RESTAURANT, PRIV_COMMERCE
1612;PRIVE;94;BONNEUIL SUR MARNE;2;2;0;33.5;PRIV_LOISIRS, PRIV_BUREAU
1613;PRIVE;78;CELLE-SAINT-CLOUD (LA);6;6;0;33.3;PRIV_SANTE_CENTRE, IMMO_AGENCE, PRIV_BUREAU
1614;PUBLIC;77;AMPONVILLE;3;2;0;33.3;PUB_MAIRIE, PUB_ECOLE
1615;PUBLIC;77;CHALMAISON;3;1;0;33.3;PUB_MAIRIE, PUB_ECOLE
1616;PUBLIC;77;SABLONNIERES;3;2;0;33.3;PUB_MAIRIE, PUB_ECOLE
1617;PUBLIC;91;GUILLERVAL;3;1;0;33.3;PUB_MAIRIE, PUB_ECOLE
1618;PRIVE;93;NEUILLY SUR MARNE;13;13;0;33.2;PRIV_SANTE_CABINET, PRIV_SANTE_CENTRE, PRIV_LOISIRS, IMMO_AGENCE
1619;PRIVE;78;POISSY;290;288;0;33.1;PRIV_SANTE_CABINET, PRIV_SANTE_CENTRE, PRIV_LOISIRS, IMMO_AGENCE, PRIV_BUREAU, PRIV_RESTAURANT, PRIV_COMMERCE
1620;PRIVE;77;GRESSY;5;5;0;33.0;PRIV_SANTE_CABINET, PRIV_SANTE_CENTRE, PRIV_BUREAU, PRIV_RESTAURANT
1621;PRIVE;92;MARNES LA COQUETTE;4;4;0;33.0;PRIV_SANTE_CABINET, PRIV_LOISIRS, IMMO_AGENCE
1622;PRIVE;91;GIF SUR YVETTE;3;3;0;33.0;PRIV_SANTE_CENTRE, PRIV_RESTAURANT
1623;PRIVE;91;VILLEBON-SUR-YVETTE;69;69;0;32.8;PRIV_SANTE_CABINET, PRIV_SANTE_CENTRE, PRIV_LOISIRS, IMMO_AGENCE, PRIV_BUREAU, PRIV_RESTAURANT, PRIV_COMMERCE
1624;PRIVE;95;MOISSELLES;12;12;0;32.8;PRIV_SANTE_CENTRE, PRIV_LOISIRS, IMMO_AGENCE, PRIV_BUREAU, PRIV_RESTAURANT
1625;PRIVE;93;GOURNAY-SUR-MARNE;70;70;0;32.5;PRIV_SANTE_CABINET, PRIV_SANTE_CENTRE, PRIV_LOISIRS, IMMO_AGENCE, PRIV_BUREAU, PRIV_RESTAURANT, PRIV_COMMERCE
1626;PUBLIC;77;ARMENTIERES-EN-BRIE;4;3;0;32.5;PUB_MAIRIE, PUB_ECOLE, PUB_MUSEE
1627;PUBLIC;77;BERNAY-VILBERT;4;2;0;32.5;PUB_MAIRIE, PUB_ECOLE
1628;PUBLIC;78;BOISSETS;4;3;0;32.5;PUB_MAIRIE, PUB_ECOLE
1629;PRIVE;59;CUINCY;2;2;0;32.5;PRIV_SANTE_CABINET, PRIV_COMMERCE
1630;PRIVE;76;BIHOREL;2;2;0;32.5;PRIV_SANTE_CENTRE, PRIV_COMMERCE
1631;PRIVE;78;RENNEMOULIN;2;2;0;32.5;IMMO_AGENCE, PRIV_BUREAU
1632;PRIVE;81;SAINT-SULPICE-LA-POINTE;2;2;0;32.5;PRIV_SANTE_CABINET, PRIV_COMMERCE
1633;PUBLIC;29;BREST;2;2;0;32.5;PUB_MAIRIE, PUB_MUSEE
1634;PUBLIC;77;AUGERS-EN-BRIE;2;1;0;32.5;PUB_MAIRIE, PUB_ECOLE
1635;PUBLIC;77;BALLOY;2;1;0;32.5;PUB_MAIRIE, PUB_ECOLE
1636;PUBLIC;77;BASSEVELLE;2;1;0;32.5;PUB_MAIRIE, PUB_ECOLE
1637;PUBLIC;77;BOITRON;2;1;0;32.5;PUB_MAIRIE, PUB_ECOLE
1638;PUBLIC;77;CESSOY-EN-MONTOIS;2;1;0;32.5;PUB_MAIRIE, PUB_ECOLE
1639;PUBLIC;77;CHAMPCENEST;2;2;0;32.5;PUB_MAIRIE
1640;PUBLIC;77;CHARTRONGES;2;1;0;32.5;PUB_MAIRIE, PUB_ECOLE
1641;PUBLIC;77;CHEVRY-EN-SEREINE;2;1;0;32.5;PUB_MAIRIE, PUB_ECOLE
1642;PUBLIC;77;CLOS-FONTAINE;2;1;0;32.5;PUB_MAIRIE, PUB_ECOLE
1643;PUBLIC;77;COUTENCON;2;1;0;32.5;PUB_MAIRIE, PUB_ECOLE
1644;PUBLIC;77;DAGNY;2;1;0;32.5;PUB_MAIRIE, PUB_ECOLE
1645;PUBLIC;77;DHUISY;2;1;0;32.5;PUB_MAIRIE, PUB_ECOLE
1646;PUBLIC;77;EGLIGNY;2;1;0;32.5;PUB_MAIRIE, PUB_ECOLE
1647;PUBLIC;77;GERMIGNY-SOUS-COULOMBS;2;1;0;32.5;PUB_MAIRIE, PUB_ECOLE
1648;PUBLIC;77;GUERCHEVILLE;2;1;0;32.5;PUB_MAIRIE, PUB_ECOLE
1649;PUBLIC;77;HAUTEFEUILLE;2;1;0;32.5;PUB_MAIRIE, PUB_ECOLE
1650;PUBLIC;77;JAULNES;2;1;0;32.5;PUB_MAIRIE, PUB_ECOLE
1651;PUBLIC;77;JUTIGNY;2;1;0;32.5;PUB_MAIRIE, PUB_ECOLE
1652;PUBLIC;77;LA CHAPELLE-IGER;2;1;0;32.5;PUB_MAIRIE, PUB_ECOLE
1653;PUBLIC;77;LA TOMBE;2;1;0;32.5;PUB_MAIRIE, PUB_ECOLE
1654;PUBLIC;77;LE PLESSIS-PLACY;2;1;0;32.5;PUB_MAIRIE, PUB_ECOLE
1655;PUBLIC;77;LUISETAINES;2;1;0;32.5;PUB_MAIRIE, PUB_ECOLE
1656;PUBLIC;77;MAROLLES-EN-BRIE;2;1;0;32.5;PUB_MAIRIE, PUB_ECOLE
1657;PUBLIC;77;MAUPERTHUIS;2;1;0;32.5;PUB_MAIRIE, PUB_ECOLE
1658;PUBLIC;77;MEILLERAY;2;1;0;32.5;PUB_MAIRIE, PUB_ECOLE
1659;PUBLIC;77;MONDREVILLE;2;1;0;32.5;PUB_MAIRIE, PUB_ECOLE
1660;PUBLIC;77;MONTOLIVET;2;1;0;32.5;PUB_MAIRIE, PUB_ECOLE
1661;PUBLIC;77;PAROY;2;1;0;32.5;PUB_MAIRIE, PUB_ECOLE
1662;PUBLIC;77;RECLOSES;2;1;0;32.5;PUB_MAIRIE, PUB_ECOLE
1663;PUBLIC;77;REMAUVILLE;2;1;0;32.5;PUB_MAIRIE, PUB_ECOLE
1664;PUBLIC;77;ROUILLY;2;1;0;32.5;PUB_MAIRIE, PUB_ECOLE
1665;PUBLIC;77;RUMONT;2;1;0;32.5;PUB_MAIRIE, PUB_ECOLE
1666;PUBLIC;77;SAINT-MARTIN-DES-CHAMPS;2;1;0;32.5;PUB_MAIRIE, PUB_ECOLE
1667;PUBLIC;77;SAINT-MERY;2;1;0;32.5;PUB_MAIRIE, PUB_ECOLE
1668;PUBLIC;77;TANCROU;2;1;0;32.5;PUB_MAIRIE, PUB_ECOLE
1669;PUBLIC;77;THENISY;2;1;0;32.5;PUB_MAIRIE, PUB_ECOLE
1670;PUBLIC;77;TOUSSON;2;1;0;32.5;PUB_MAIRIE, PUB_ECOLE
1671;PUBLIC;77;TREUZY-LEVELAY;2;1;0;32.5;PUB_MAIRIE, PUB_ECOLE
1672;PUBLIC;77;TROCY-EN-MULTIEN;2;1;0;32.5;PUB_MAIRIE, PUB_ECOLE
1673;PUBLIC;77;VILLUIS;2;1;0;32.5;PUB_MAIRIE, PUB_ECOLE
1674;PUBLIC;77;VINCY-MANŒUVRE;2;1;0;32.5;PUB_MAIRIE, PUB_ECOLE
1675;PUBLIC;77;VOULTON;2;1;0;32.5;PUB_MAIRIE, PUB_ECOLE
1676;PUBLIC;78;CHAUFOUR-LES-BONNIERES;2;1;0;32.5;PUB_MAIRIE, PUB_ECOLE
1677;PUBLIC;78;MILLEMONT;2;2;0;32.5;PUB_MAIRIE, PUB_MUSEE
1678;PUBLIC;78;SAINT-ILLIERS-LA-VILLE;2;1;0;32.5;PUB_MAIRIE, PUB_ECOLE
1679;PUBLIC;78;SAINT-ILLIERS-LE-BOIS;2;1;0;32.5;PUB_MAIRIE, PUB_ECOLE
1680;PUBLIC;91;BOIGNEVILLE;2;1;0;32.5;PUB_MAIRIE, PUB_ECOLE
1681;PUBLIC;91;BUNO-BONNEVAUX;2;1;0;32.5;PUB_MAIRIE, PUB_ECOLE
1682;PUBLIC;91;CHALOU-MOULINEUX;2;1;0;32.5;PUB_MAIRIE, PUB_ECOLE
1683;PUBLIC;91;MEROBERT;2;1;0;32.5;PUB_MAIRIE, PUB_ECOLE
1684;PUBLIC;91;MONNERVILLE;2;1;0;32.5;PUB_MAIRIE, PUB_ECOLE
1685;PUBLIC;91;PLESSIS-SAINT-BENOIST;2;1;0;32.5;PUB_MAIRIE, PUB_ECOLE
1686;PUBLIC;91;PRUNAY-SUR-ESSONNE;2;1;0;32.5;PUB_MAIRIE, PUB_ECOLE
1687;PUBLIC;91;PUISELET-LE-MARAIS;2;1;0;32.5;PUB_MAIRIE, PUB_ECOLE
1688;PUBLIC;91;SAINT-ESCOBILLE;2;1;0;32.5;PUB_MAIRIE, PUB_ECOLE
1689;PUBLIC;91;SAINT-HILAIRE;2;1;0;32.5;PUB_MAIRIE, PUB_ECOLE
1690;PUBLIC;95;BUHY;2;1;0;32.5;PUB_MAIRIE, PUB_ECOLE
1691;PUBLIC;95;LA CHAPELLE-EN-VEXIN;2;1;0;32.5;PUB_MAIRIE, PUB_ECOLE
1692;PUBLIC;95;MONTREUIL-SUR-EPTE;2;1;0;32.5;PUB_MAIRIE, PUB_ECOLE
1693;PUBLIC;95;OMERVILLE;2;1;0;32.5;PUB_MAIRIE, PUB_ECOLE
1694;PRIVE;77;LE MESNIL-AMELOT;11;11;0;32.4;PRIV_SANTE_CABINET, PRIV_LOISIRS, PRIV_RESTAURANT, PRIV_COMMERCE
1695;PRIVE;77;ROISSY EN BRIE;11;11;0;32.4;PRIV_SANTE_CABINET, PRIV_SANTE_CENTRE, PRIV_LOISIRS
1696;PRIVE;95;PUISEUX-PONTOISE;10;10;0;32.2;PRIV_SANTE_CENTRE, PRIV_LOISIRS, IMMO_AGENCE, PRIV_RESTAURANT
1697;PRIVE;95;PIERRELAYE;66;66;0;32.1;PRIV_SANTE_CABINET, PRIV_SANTE_CENTRE, PRIV_LOISIRS, IMMO_AGENCE, PRIV_BUREAU, PRIV_RESTAURANT
1698;PRIVE;94;BOISSY-SAINT-LEGER;91;90;0;32.0;PRIV_SANTE_CABINET, PRIV_SANTE_CENTRE, PRIV_LOISIRS, IMMO_AGENCE, PRIV_BUREAU, PRIV_RESTAURANT, PRIV_COMMERCE
1699;PRIVE;91;VILLIERS-LE-BACLE;6;6;0;32.0;PRIV_SANTE_CENTRE, IMMO_AGENCE, PRIV_RESTAURANT
1700;PRIVE;60;LE PLESSIS-BELLEVILLE;5;5;0;32.0;PRIV_SANTE_CABINET, PRIV_SANTE_CENTRE, IMMO_AGENCE, PRIV_RESTAURANT
1701;PRIVE;95;HEROUVILLE-EN-VEXIN;4;4;0;32.0;PRIV_SANTE_CENTRE, IMMO_AGENCE, PRIV_RESTAURANT
1702;PRIVE;95;LASSY;2;2;0;32.0;PRIV_BUREAU, PRIV_RESTAURANT
1703;PRIVE;14;FIRFOL;1;1;0;32.0;PRIV_LOISIRS
1704;PRIVE;56;SURZUR;1;1;0;32.0;PRIV_LOISIRS
1705;PRIVE;59;SAINT-AMAND-LES-EAUX;1;1;0;32.0;PRIV_LOISIRS
1706;PRIVE;77;VERNEUIL L'ETANG;1;1;0;32.0;PRIV_LOISIRS
1707;PRIVE;78;PARAY-DOUAVILLE;1;1;0;32.0;PRIV_LOISIRS
1708;PRIVE;78;VESINET (LE);1;1;0;32.0;PRIV_LOISIRS
1709;PRIVE;79;MELLE;1;1;0;32.0;PRIV_LOISIRS
1710;PRIVE;93;PIERREFITTE SUR SEINE;1;1;0;32.0;PRIV_LOISIRS
1711;PRIVE;95;BOUQUEVAL;1;1;0;32.0;PRIV_LOISIRS
1712;PRIVE;77;SAINT-THIBAULT-DES-VIGNES;53;52;0;31.9;PRIV_SANTE_CABINET, PRIV_SANTE_CENTRE, PRIV_LOISIRS, IMMO_AGENCE, PRIV_BUREAU, PRIV_RESTAURANT, PRIV_COMMERCE
1713;PRIVE;77;BUSSY-SAINT-MARTIN;4;4;0;31.8;PRIV_LOISIRS, IMMO_AGENCE, PRIV_BUREAU
1714;PRIVE;51;THILLOIS;3;3;0;31.7;PRIV_RESTAURANT
1715;PUBLIC;95;AMBLEVILLE;3;1;0;31.7;PUB_MAIRIE, PUB_ECOLE
1716;PRIVE;78;GUYANCOURT;146;146;0;31.6;PRIV_SANTE_CABINET, PRIV_SANTE_CENTRE, PRIV_LOISIRS, IMMO_AGENCE, PRIV_BUREAU, PRIV_RESTAURANT, PRIV_COMMERCE
1717;PRIVE;77;THORIGNY SUR MARNE;5;5;0;31.6;PRIV_SANTE_CENTRE, PRIV_BUREAU
1718;PRIVE;77;EMERAINVILLE;39;39;0;31.6;PRIV_SANTE_CABINET, PRIV_SANTE_CENTRE, PRIV_LOISIRS, IMMO_AGENCE, PRIV_BUREAU, PRIV_RESTAURANT, PRIV_COMMERCE
1719;PRIVE;78;CHOISEL;7;7;0;31.3;PRIV_SANTE_CABINET, PRIV_SANTE_CENTRE, IMMO_AGENCE, PRIV_BUREAU, PRIV_RESTAURANT
1720;PRIVE;91;GOMETZ-LA-VILLE;20;20;0;31.2;PRIV_SANTE_CENTRE, PRIV_LOISIRS, IMMO_AGENCE, PRIV_BUREAU, PRIV_RESTAURANT, PRIV_COMMERCE
1721;PRIVE;95;ISLE ADAM;25;25;0;31.2;PRIV_SANTE_CABINET, PRIV_SANTE_CENTRE, PRIV_LOISIRS, IMMO_AGENCE, PRIV_RESTAURANT
1722;PRIVE;95;AUVERS SUR OISE;6;6;0;31.0;PRIV_SANTE_CENTRE, PRIV_LOISIRS, IMMO_AGENCE, PRIV_RESTAURANT, PRIV_COMMERCE
1723;PRIVE;78;ESSARTS-LE-ROI (LES);2;2;0;31.0;PRIV_LOISIRS, PRIV_COMMERCE
1724;PRIVE;77;SERVON;38;38;0;30.9;PRIV_SANTE_CABINET, PRIV_SANTE_CENTRE, PRIV_LOISIRS, IMMO_AGENCE, PRIV_BUREAU, PRIV_RESTAURANT
1725;PRIVE;95;ERAGNY-SUR-OISE;6;6;0;30.8;IMMO_AGENCE, PRIV_BUREAU, PRIV_RESTAURANT
1726;PRIVE;91;ST MICHEL SUR ORGE;9;9;0;30.8;PRIV_SANTE_CABINET, PRIV_LOISIRS, IMMO_AGENCE
1727;PRIVE;95;PLESSIS-BOUCHARD (LE);3;3;0;30.7;PRIV_LOISIRS, IMMO_AGENCE
1728;PRIVE;91;VIRY CHATILLON;7;7;0;30.6;PRIV_SANTE_CABINET, PRIV_SANTE_CENTRE, PRIV_RESTAURANT
1729;PRIVE;95;MENUCOURT;32;32;0;30.5;PRIV_SANTE_CABINET, PRIV_SANTE_CENTRE, PRIV_LOISIRS, IMMO_AGENCE, PRIV_BUREAU, PRIV_RESTAURANT, PRIV_COMMERCE
1730;PRIVE;93;LE BLANC MESNIL;4;4;0;30.5;PRIV_LOISIRS, IMMO_AGENCE, PRIV_RESTAURANT
1731;PRIVE;95;L'ISLE ADAM;2;2;0;30.5;PRIV_LOISIRS, PRIV_RESTAURANT
1732;PRIVE;78;MONTIGNY-LE-BRETONNEUX;294;288;0;30.4;PRIV_SANTE_CABINET, PRIV_SANTE_CENTRE, PRIV_LOISIRS, IMMO_AGENCE, PRIV_BUREAU, PRIV_RESTAURANT, PRIV_COMMERCE
1733;PRIVE;91;ORSAY;138;136;0;30.4;PRIV_SANTE_CABINET, PRIV_SANTE_CENTRE, PRIV_LOISIRS, IMMO_AGENCE, PRIV_BUREAU, PRIV_RESTAURANT, PRIV_COMMERCE
1734;PRIVE;91;EPINAY-SOUS-SENART;41;41;0;30.4;PRIV_SANTE_CABINET, PRIV_SANTE_CENTRE, PRIV_LOISIRS, IMMO_AGENCE, PRIV_BUREAU, PRIV_RESTAURANT, PRIV_COMMERCE
1735;PRIVE;78;MONTIGNY LE BRETONNEUX;3;3;0;30.3;IMMO_AGENCE, PRIV_RESTAURANT
1736;PRIVE;91;VILLIERS-SUR-ORGE;20;20;0;30.2;PRIV_SANTE_CABINET, PRIV_SANTE_CENTRE, PRIV_LOISIRS, IMMO_AGENCE, PRIV_BUREAU, PRIV_RESTAURANT
1737;PRIVE;93;GOURNAY SUR MARNE;9;9;0;30.1;PRIV_SANTE_CABINET, PRIV_SANTE_CENTRE, PRIV_LOISIRS, IMMO_AGENCE, PRIV_RESTAURANT
1738;PRIVE;91;FLEURY-MEROGIS;38;37;0;30.1;PRIV_SANTE_CABINET, PRIV_LOISIRS, IMMO_AGENCE, PRIV_BUREAU, PRIV_RESTAURANT, PRIV_COMMERCE
1739;PUBLIC;95;COMMENY;5;3;0;30.0;PUB_MAIRIE, PUB_ECOLE, PUB_MUSEE
1740;PRIVE;29;ROSPORDEN;3;3;0;30.0;PRIV_SANTE_CENTRE, PRIV_COMMERCE
1741;PUBLIC;77;LE PLESSIS-FEU-AUSSOUX;3;2;0;30.0;PUB_MAIRIE, PUB_ECOLE
1742;PUBLIC;77;VENDREST;3;1;0;30.0;PUB_MAIRIE, PUB_ECOLE
1743;PRIVE;13;GARDANNE;2;2;0;30.0;PRIV_SANTE_CENTRE, PRIV_RESTAURANT
1744;PRIVE;23;GUERET;2;2;0;30.0;PRIV_RESTAURANT, PRIV_COMMERCE
1745;PRIVE;28;BARJOUVILLE;2;2;0;30.0;PRIV_RESTAURANT
1746;PRIVE;40;EUGENIE-LES-BAINS;2;2;0;30.0;PRIV_SANTE_CABINET, PRIV_RESTAURANT
1747;PRIVE;53;CHANGE;2;2;0;30.0;PRIV_SANTE_CENTRE, IMMO_AGENCE
1748;PRIVE;60;BORAN-SUR-OISE;2;2;0;30.0;PRIV_SANTE_CENTRE
1749;PRIVE;60;CHAMANT;2;2;0;30.0;PRIV_SANTE_CABINET
1750;PRIVE;78;MULCENT;2;2;0;30.0;PRIV_SANTE_CENTRE, PRIV_RESTAURANT
1751;PUBLIC;77;DIANT;2;1;0;30.0;PUB_MAIRIE, PUB_ECOLE
1752;PUBLIC;77;GIREMOUTIERS;2;1;0;30.0;PUB_MAIRIE, PUB_ECOLE
1753;PUBLIC;77;HONDEVILLIERS;2;1;0;30.0;PUB_MAIRIE, PUB_ECOLE
1754;PUBLIC;77;JAIGNES;2;1;0;30.0;PUB_MAIRIE, PUB_ECOLE
1755;PUBLIC;77;LA HAUTE-MAISON;2;1;0;30.0;PUB_MAIRIE, PUB_ECOLE
1756;PUBLIC;77;MONTDAUPHIN;2;1;0;30.0;PUB_MAIRIE, PUB_ECOLE
1757;PUBLIC;77;VANVILLE;2;1;0;30.0;PUB_MAIRIE, PUB_ECOLE
1758;PUBLIC;77;VIEUX-CHAMPAGNE;2;1;0;30.0;PUB_MAIRIE, PUB_ECOLE
1759;PUBLIC;78;FLINS-NEUVE-EGLISE;2;1;0;30.0;PUB_MAIRIE
1760;PUBLIC;78;MULCENT;2;1;0;30.0;PUB_MAIRIE
1761;PUBLIC;78;NEAUPHLETTE;2;2;0;30.0;PUB_MAIRIE
1762;PUBLIC;91;CHAMPMOTTEUX;2;1;0;30.0;PUB_MAIRIE, PUB_ECOLE
1763;PUBLIC;95;MOUSSY;2;1;0;30.0;PUB_MAIRIE, PUB_ECOLE
1764;PRIVE;01;THOIRY;1;1;0;30.0;PRIV_SANTE_CENTRE
1765;PRIVE;02;CHAMBRY;1;1;0;30.0;PRIV_RESTAURANT
1766;PRIVE;03;CREUZIER-LE-VIEUX;1;1;0;30.0;PRIV_RESTAURANT
1767;PRIVE;09;BELESTA;1;1;0;30.0;PRIV_COMMERCE
1768;PRIVE;14;BLANGY-LE-CHATEAU;1;1;0;30.0;PRIV_BUREAU
1769;PRIVE;17;LA GRIPPERIE-SAINT-SYMPHORIEN;1;1;0;30.0;PRIV_SANTE_CENTRE
1770;PRIVE;18;BRUERE-ALLICHAMPS;1;1;0;30.0;PRIV_SANTE_CABINET
1771;PRIVE;24;VILLEFRANCHE-DU-PERIGORD;1;1;0;30.0;PRIV_COMMERCE
1772;PRIVE;27;VESLY;1;1;0;30.0;PRIV_SANTE_CENTRE
1773;PRIVE;29;ROSCOFF;1;1;0;30.0;PRIV_BUREAU
1774;PRIVE;2A;ALBITRECCIA;1;1;0;30.0;PRIV_SANTE_CENTRE
1775;PRIVE;30;ST GILLES;1;1;0;30.0;IMMO_AGENCE
1776;PRIVE;31;AUZEVILLE-TOLOSANE;1;1;0;30.0;PRIV_RESTAURANT
1777;PRIVE;32;REANS;1;1;0;30.0;PRIV_SANTE_CENTRE
1778;PRIVE;33;CASTRES-GIRONDE;1;1;0;30.0;PRIV_SANTE_CENTRE
1779;PRIVE;33;MONTAGNE;1;1;0;30.0;PRIV_RESTAURANT
1780;PRIVE;34;VAILHAN;1;1;0;30.0;PRIV_RESTAURANT
1781;PRIVE;35;BOURG-DES-COMPTES;1;1;0;30.0;PRIV_BUREAU
1782;PRIVE;35;ST JACQUES DE LA LANDE;1;1;0;30.0;PRIV_RESTAURANT
1783;PRIVE;38;EYBENS;1;1;0;30.0;PRIV_RESTAURANT
1784;PRIVE;41;CHAMBORD;1;1;0;30.0;PRIV_RESTAURANT
1785;PRIVE;43;YSSINGEAUX;1;1;0;30.0;PRIV_SANTE_CABINET
1786;PRIVE;49;BEAUFORT-EN-ANJOU;1;1;0;30.0;PRIV_SANTE_CENTRE
1787;PRIVE;51;PIERRY;1;1;0;30.0;PRIV_RESTAURANT
1788;PRIVE;53;VILLAINES-LA-JUHEL;1;1;0;30.0;PRIV_COMMERCE
1789;PRIVE;54;HOUDEMONT;1;1;0;30.0;PRIV_RESTAURANT
1790;PRIVE;55;FRESNES-EN-WOEVRE;1;1;0;30.0;PRIV_SANTE_CENTRE
1791;PRIVE;57;AMNEVILLE;1;1;0;30.0;PRIV_RESTAURANT
1792;PRIVE;57;LE BAN ST MARTIN;1;1;0;30.0;IMMO_AGENCE
1793;PRIVE;58;GUERIGNY;1;1;0;30.0;PRIV_SANTE_CABINET
1794;PRIVE;59;RAISMES;1;1;0;30.0;PRIV_COMMERCE
1795;PRIVE;60;AMBLAINVILLE;1;1;0;30.0;PRIV_SANTE_CENTRE
1796;PRIVE;60;ERMENONVILLE;1;1;0;30.0;PRIV_SANTE_CABINET
1797;PRIVE;60;FRESNE-LEGUILLON;1;1;0;30.0;PRIV_SANTE_CENTRE
1798;PRIVE;60;LAGNY-LE-SEC;1;1;0;30.0;PRIV_SANTE_CABINET
1799;PRIVE;60;VER-SUR-LAUNETTE;1;1;0;30.0;PRIV_SANTE_CENTRE
1800;PRIVE;60;VINEUIL-SAINT-FIRMIN;1;1;0;30.0;PRIV_SANTE_CENTRE
1801;PRIVE;61;FLERS;1;1;0;30.0;PRIV_RESTAURANT
1802;PRIVE;61;LA CHAPELLE-MONTLIGEON;1;1;0;30.0;PRIV_SANTE_CENTRE
1803;PRIVE;63;BRASSAC-LES-MINES;1;1;0;30.0;PRIV_COMMERCE
1804;PRIVE;67;LA WANTZENAU;1;1;0;30.0;IMMO_AGENCE
1805;PRIVE;69;COLOMBIER-SAUGNIEU;1;1;0;30.0;PRIV_RESTAURANT
1806;PRIVE;74;SAINT GERVAIS LES BAINS;1;1;0;30.0;PRIV_RESTAURANT
1807;PRIVE;76;CANY-BARVILLE;1;1;0;30.0;PRIV_COMMERCE
1808;PRIVE;76;LILLEBONNE;1;1;0;30.0;PRIV_COMMERCE
1809;PRIVE;77;LE MEE SUR SEINE;1;1;0;30.0;PRIV_RESTAURANT
1810;PRIVE;77;VILLEMAREUIL;1;1;0;30.0;PRIV_SANTE_CENTRE
1811;PRIVE;78;BOINVILLIERS;1;1;0;30.0;PRIV_SANTE_CENTRE
1812;PRIVE;78;FAVRIEUX;1;1;0;30.0;PRIV_SANTE_CENTRE
1813;PRIVE;78;JOUY-MAUVOISIN;1;1;0;30.0;PRIV_SANTE_CENTRE
1814;PRIVE;78;ORVILLIERS;1;1;0;30.0;PRIV_SANTE_CENTRE
1815;PRIVE;78;PORT-MARLY (LE);1;1;0;30.0;IMMO_AGENCE
1816;PRIVE;78;SAINT-REMY-L HONORE;1;1;0;30.0;PRIV_SANTE_CENTRE
1817;PRIVE;78;VILLETTE;1;1;0;30.0;PRIV_SANTE_CENTRE
1818;PRIVE;81;SAIX;1;1;0;30.0;PRIV_RESTAURANT
1819;PRIVE;85;L'HERMENAULT;1;1;0;30.0;PRIV_SANTE_CABINET
1820;PRIVE;94;VILLENEUVE ST GEORGES;1;1;0;30.0;PRIV_RESTAURANT
1821;PRIVE;95;BRIGNANCOURT;1;1;0;30.0;PRIV_SANTE_CENTRE
1822;PRIVE;95;FRETTE SUR SEINE (LA);1;1;0;30.0;IMMO_AGENCE
1823;PRIVE;95;SAINT-CYR-EN-ARTHIES;1;1;0;30.0;PRIV_RESTAURANT
1824;PUBLIC;06;ANTIBES;1;1;0;30.0;PUB_HOPITAL
1825;PUBLIC;40;GRENADE-SUR-L'ADOUR;1;1;0;30.0;PUB_HOPITAL
1826;PUBLIC;45;LE MALESHERBOIS;1;1;0;30.0;PUB_MUSEE
1827;PUBLIC;60;COMPIEGNE;1;1;0;30.0;PUB_HOPITAL
1828;PUBLIC;70;BEAUJEU-SAINT-VALLIER-PIERREJUX-ET-QUITTEUR;1;1;0;30.0;PUB_HOPITAL
1829;PUBLIC;77;AULNOY;1;1;0;30.0;PUB_MAIRIE
1830;PUBLIC;77;BABY;1;1;0;30.0;PUB_MAIRIE
1831;PUBLIC;77;BARBEY;1;1;0;30.0;PUB_MAIRIE
1832;PUBLIC;77;BOISSY-AUX-CAILLES;1;1;0;30.0;PUB_MAIRIE
1833;PUBLIC;77;BOULANCOURT;1;1;0;30.0;PUB_MAIRIE
1834;PUBLIC;77;COURCELLES-EN-BASSEE;1;1;0;30.0;PUB_MAIRIE
1835;PUBLIC;77;FRETOY;1;1;0;30.0;PUB_MAIRIE
1836;PUBLIC;77;GARENTREVILLE;1;1;0;30.0;PUB_MAIRIE
1837;PUBLIC;77;LA MADELEINE-SUR-LOING;1;1;0;30.0;PUB_ECOLE
1838;PUBLIC;77;LES MARETS;1;1;0;30.0;PUB_MAIRIE
1839;PUBLIC;77;MADELEINE-SUR-LOING (LA);1;1;0;30.0;PUB_MAIRIE
1840;PUBLIC;77;MAISONCELLES-EN-GATINAIS;1;1;0;30.0;PUB_MAIRIE
1841;PUBLIC;77;MONTENILS;1;1;0;30.0;PUB_MAIRIE
1842;PUBLIC;77;ORMESSON;1;1;0;30.0;PUB_MAIRIE
1843;PUBLIC;77;PASSY-SUR-SEINE;1;1;0;30.0;PUB_MAIRIE
1844;PUBLIC;77;RUPEREUX;1;1;0;30.0;PUB_MAIRIE
1845;PUBLIC;77;SAINT-GERMAIN-SOUS-DOUE;1;1;0;30.0;PUB_MAIRIE
1846;PUBLIC;77;SAINT-JUST-EN-BRIE;1;1;0;30.0;PUB_MAIRIE
1847;PUBLIC;77;SAINT-LEGER;1;1;0;30.0;PUB_MAIRIE
1848;PUBLIC;77;SAINT-OUEN-SUR-MORIN;1;1;0;30.0;PUB_MAIRIE
1849;PUBLIC;77;SAINT-SAUVEUR-LES-BRAY;1;1;0;30.0;PUB_MAIRIE
1850;PUBLIC;77;SIGY;1;1;0;30.0;PUB_MAIRIE
1851;PUBLIC;77;VAUX-SUR-LUNAIN;1;1;0;30.0;PUB_MAIRIE
1852;PUBLIC;77;VULAINES-LES-PROVINS;1;1;0;30.0;PUB_MAIRIE
1853;PUBLIC;78;DANNEMARIE;1;1;0;30.0;PUB_MAIRIE
1854;PUBLIC;78;GRANDCHAMP;1;1;0;30.0;PUB_MAIRIE
1855;PUBLIC;78;LE TARTRE-GAUDRAN;1;1;0;30.0;PUB_MAIRIE
1856;PUBLIC;78;LE TERTRE-SAINT-DENIS;1;1;0;30.0;PUB_MAIRIE
1857;PUBLIC;78;ROLLEBOISE;1;1;0;30.0;PUB_MAIRIE
1858;PUBLIC;79;NIORT;1;1;0;30.0;PUB_HOPITAL
1859;PUBLIC;80;AMIENS;1;1;0;30.0;PUB_HOPITAL
1860;PUBLIC;91;BROUY;1;1;0;30.0;PUB_MAIRIE
1861;PUBLIC;91;CHATIGNONVILLE;1;1;0;30.0;PUB_MAIRIE
1862;PUBLIC;91;COURDIMANCHE-SUR-ESSONNE;1;1;0;30.0;PUB_MAIRIE
1863;PUBLIC;95;AMENUCOURT;1;1;0;30.0;PUB_MAIRIE
1864;PUBLIC;95;CHARMONT;1;1;0;30.0;PUB_MAIRIE
1865;PUBLIC;95;EPINAY-CHAMPLATREUX;1;1;0;30.0;PUB_MAIRIE
1866;PUBLIC;95;MENOUVILLE;1;1;0;30.0;PUB_MAIRIE
1867;PRIVE;91;GIF-SUR-YVETTE;152;150;0;30.0;PRIV_SANTE_CABINET, PRIV_SANTE_CENTRE, PRIV_LOISIRS, IMMO_AGENCE, PRIV_RESTAURANT, PRIV_BUREAU, PRIV_COMMERCE
1868;PRIVE;95;AUVERS-SUR-OISE;65;62;0;29.9;PRIV_SANTE_CABINET, PRIV_SANTE_CENTRE, PRIV_LOISIRS, IMMO_AGENCE, PRIV_BUREAU, PRIV_RESTAURANT
1869;PRIVE;91;JUVISY-SUR-ORGE;133;131;0;29.9;PRIV_SANTE_CABINET, PRIV_SANTE_CENTRE, PRIV_LOISIRS, IMMO_AGENCE, PRIV_BUREAU, PRIV_RESTAURANT, PRIV_COMMERCE
1870;PRIVE;78;LES CLAYES-SOUS-BOIS;108;104;0;29.9;PRIV_SANTE_CABINET, PRIV_SANTE_CENTRE, PRIV_LOISIRS, IMMO_AGENCE, PRIV_BUREAU, PRIV_RESTAURANT, PRIV_COMMERCE
1871;PRIVE;91;QUINCY-SOUS-SENART;108;108;0;29.9;PRIV_SANTE_CABINET, PRIV_SANTE_CENTRE, PRIV_LOISIRS, IMMO_AGENCE, PRIV_BUREAU, PRIV_RESTAURANT, PRIV_COMMERCE
1872;PRIVE;94;LE PLESSIS-TREVISE;96;95;0;29.9;PRIV_SANTE_CABINET, PRIV_SANTE_CENTRE, PRIV_LOISIRS, IMMO_AGENCE, PRIV_BUREAU, PRIV_RESTAURANT, PRIV_COMMERCE
1873;PRIVE;78;SAINT-REMY-LES-CHEVREUSE;54;54;0;29.8;PRIV_SANTE_CABINET, PRIV_SANTE_CENTRE, PRIV_LOISIRS, IMMO_AGENCE, PRIV_BUREAU, PRIV_RESTAURANT, PRIV_COMMERCE
1874;PRIVE;91;BURES-SUR-YVETTE;61;61;0;29.8;PRIV_SANTE_CABINET, PRIV_SANTE_CENTRE, PRIV_LOISIRS, IMMO_AGENCE, PRIV_RESTAURANT, PRIV_BUREAU, PRIV_COMMERCE
1875;PRIVE;95;ERAGNY;104;104;0;29.8;PRIV_SANTE_CABINET, PRIV_SANTE_CENTRE, PRIV_LOISIRS, IMMO_AGENCE, PRIV_BUREAU, PRIV_RESTAURANT, PRIV_COMMERCE
1876;PRIVE;78;CONFLANS-SAINTE-HONORINE;251;249;0;29.7;PRIV_SANTE_CABINET, PRIV_SANTE_CENTRE, PRIV_LOISIRS, IMMO_AGENCE, PRIV_BUREAU, PRIV_RESTAURANT, PRIV_COMMERCE
1877;PRIVE;77;TORCY;144;142;0;29.7;PRIV_SANTE_CABINET, PRIV_SANTE_CENTRE, PRIV_LOISIRS, IMMO_AGENCE, PRIV_RESTAURANT, PRIV_BUREAU
1878;PRIVE;91;VILLEJUST;35;35;0;29.6;PRIV_SANTE_CABINET, PRIV_SANTE_CENTRE, PRIV_LOISIRS, IMMO_AGENCE, PRIV_BUREAU, PRIV_RESTAURANT
1879;PRIVE;78;BOIS D ARCY;2;2;0;29.5;PRIV_RESTAURANT
1880;PRIVE;95;NOINTEL;2;2;0;29.5;PRIV_SANTE_CENTRE, PRIV_RESTAURANT
1881;PRIVE;95;SEUGY;2;2;0;29.5;PRIV_SANTE_CENTRE, IMMO_AGENCE
1882;PRIVE;95;OSNY;147;147;0;29.4;PRIV_SANTE_CABINET, PRIV_SANTE_CENTRE, PRIV_LOISIRS, IMMO_AGENCE, PRIV_BUREAU, PRIV_RESTAURANT, PRIV_COMMERCE
1883;PRIVE;94;NOISEAU;29;29;0;29.4;PRIV_SANTE_CABINET, PRIV_SANTE_CENTRE, PRIV_LOISIRS, IMMO_AGENCE, PRIV_BUREAU, PRIV_RESTAURANT, PRIV_COMMERCE
1884;PRIVE;77;CLAYE-SOUILLY;98;97;0;29.4;PRIV_SANTE_CABINET, PRIV_SANTE_CENTRE, PRIV_LOISIRS, IMMO_AGENCE, PRIV_RESTAURANT, PRIV_BUREAU
1885;PRIVE;77;CHAMPS-SUR-MARNE;125;125;0;29.4;PRIV_SANTE_CABINET, PRIV_SANTE_CENTRE, PRIV_LOISIRS, IMMO_AGENCE, PRIV_BUREAU, PRIV_RESTAURANT, PRIV_COMMERCE
1886;PRIVE;91;MONTGERON;166;166;0;29.4;PRIV_SANTE_CABINET, PRIV_SANTE_CENTRE, PRIV_LOISIRS, IMMO_AGENCE, PRIV_BUREAU, PRIV_RESTAURANT, PRIV_COMMERCE
1887;PRIVE;77;PONTAULT-COMBAULT;229;229;0;29.4;PRIV_SANTE_CABINET, PRIV_SANTE_CENTRE, PRIV_LOISIRS, IMMO_AGENCE, PRIV_BUREAU, PRIV_RESTAURANT, PRIV_COMMERCE
1888;PRIVE;95;PONTOISE;319;314;0;29.4;PRIV_SANTE_CABINET, PRIV_SANTE_CENTRE, PRIV_LOISIRS, IMMO_AGENCE, PRIV_BUREAU, PRIV_RESTAURANT, PRIV_COMMERCE
1889;PRIVE;77;CHELLES;300;295;0;29.4;PRIV_SANTE_CABINET, PRIV_SANTE_CENTRE, PRIV_LOISIRS, IMMO_AGENCE, PRIV_BUREAU, PRIV_RESTAURANT, PRIV_COMMERCE
1890;PRIVE;91;BALLAINVILLIERS;44;44;0;29.4;PRIV_SANTE_CENTRE, PRIV_SANTE_CABINET, PRIV_LOISIRS, IMMO_AGENCE, PRIV_BUREAU, PRIV_RESTAURANT, PRIV_COMMERCE
1891;PRIVE;94;SANTENY;26;26;0;29.3;PRIV_SANTE_CABINET, PRIV_SANTE_CENTRE, PRIV_LOISIRS, IMMO_AGENCE, PRIV_BUREAU, PRIV_RESTAURANT
1892;PRIVE;78;SAINT-NOM-LA-BRETECHE;83;83;0;29.3;PRIV_SANTE_CABINET, PRIV_SANTE_CENTRE, PRIV_LOISIRS, IMMO_AGENCE, PRIV_BUREAU, PRIV_RESTAURANT, PRIV_COMMERCE
1893;PRIVE;77;MAUREGARD;3;3;0;29.3;PRIV_LOISIRS, IMMO_AGENCE, PRIV_RESTAURANT
1894;PRIVE;95;MERIEL;29;29;0;29.3;PRIV_SANTE_CABINET, PRIV_SANTE_CENTRE, PRIV_LOISIRS, IMMO_AGENCE, PRIV_BUREAU, PRIV_COMMERCE
1895;PRIVE;78;FEUCHEROLLES;28;28;0;29.3;PRIV_SANTE_CABINET, PRIV_SANTE_CENTRE, PRIV_LOISIRS, IMMO_AGENCE, PRIV_BUREAU, PRIV_RESTAURANT
1896;PRIVE;94;LA QUEUE-EN-BRIE;65;65;0;29.2;PRIV_SANTE_CABINET, PRIV_SANTE_CENTRE, PRIV_LOISIRS, IMMO_AGENCE, PRIV_BUREAU, PRIV_RESTAURANT, PRIV_COMMERCE
1897;PRIVE;94;PERIGNY;18;18;0;29.2;PRIV_SANTE_CABINET, PRIV_SANTE_CENTRE, PRIV_LOISIRS, IMMO_AGENCE, PRIV_BUREAU, PRIV_RESTAURANT, PRIV_COMMERCE
1898;PRIVE;95;L'ISLE-ADAM;186;181;0;29.2;PRIV_LOISIRS, PRIV_SANTE_CABINET, PRIV_SANTE_CENTRE, IMMO_AGENCE, PRIV_BUREAU, PRIV_RESTAURANT, PRIV_COMMERCE
1899;PRIVE;77;NOISIEL;70;70;0;29.1;PRIV_SANTE_CABINET, PRIV_SANTE_CENTRE, PRIV_LOISIRS, IMMO_AGENCE, PRIV_BUREAU, PRIV_RESTAURANT, PRIV_COMMERCE
1900;PRIVE;78;MAGNY-LES-HAMEAUX;44;44;0;29.1;PRIV_SANTE_CABINET, PRIV_SANTE_CENTRE, PRIV_LOISIRS, IMMO_AGENCE, PRIV_BUREAU, PRIV_RESTAURANT, PRIV_COMMERCE
1901;PRIVE;91;EVRY-COURCOURONNES;439;428;0;29.1;PRIV_SANTE_CABINET, PRIV_BUREAU, PRIV_SANTE_CENTRE, PRIV_LOISIRS, IMMO_AGENCE, PRIV_RESTAURANT, PRIV_COMMERCE
1902;PRIVE;78;VERNOUILLET;55;55;0;29.1;PRIV_SANTE_CABINET, PRIV_SANTE_CENTRE, PRIV_LOISIRS, IMMO_AGENCE, PRIV_BUREAU, PRIV_RESTAURANT
1903;PRIVE;78;ELANCOURT;144;143;0;29.1;PRIV_SANTE_CABINET, PRIV_SANTE_CENTRE, PRIV_LOISIRS, IMMO_AGENCE, PRIV_BUREAU, PRIV_RESTAURANT, PRIV_COMMERCE
1904;PRIVE;91;LES ULIS;135;135;0;29.0;PRIV_LOISIRS, PRIV_SANTE_CABINET, PRIV_SANTE_CENTRE, IMMO_AGENCE, PRIV_BUREAU, PRIV_RESTAURANT, PRIV_COMMERCE
1905;PRIVE;78;CHATEAUFORT;19;19;0;29.0;PRIV_SANTE_CABINET, PRIV_SANTE_CENTRE, PRIV_LOISIRS, IMMO_AGENCE, PRIV_BUREAU, PRIV_RESTAURANT
1906;PRIVE;95;ENNERY;18;18;0;29.0;PRIV_SANTE_CABINET, PRIV_SANTE_CENTRE, PRIV_LOISIRS, IMMO_AGENCE, PRIV_BUREAU, PRIV_RESTAURANT
1907;PRIVE;95;GRISY-LES-PLATRES;3;3;0;29.0;PRIV_SANTE_CENTRE, PRIV_LOISIRS, IMMO_AGENCE
1908;PRIVE;93;TREMBLAY-EN-FRANCE;179;178;0;29.0;PRIV_SANTE_CABINET, PRIV_SANTE_CENTRE, PRIV_LOISIRS, IMMO_AGENCE, PRIV_BUREAU, PRIV_RESTAURANT, PRIV_COMMERCE
1909;PRIVE;78;BOIS-D'ARCY;83;81;0;29.0;PRIV_SANTE_CABINET, PRIV_SANTE_CENTRE, PRIV_LOISIRS, PRIV_BUREAU, IMMO_AGENCE, PRIV_RESTAURANT, PRIV_COMMERCE
1910;PRIVE;91;BRUNOY;196;196;0;28.9;PRIV_SANTE_CABINET, PRIV_SANTE_CENTRE, PRIV_LOISIRS, IMMO_AGENCE, PRIV_BUREAU, PRIV_RESTAURANT, PRIV_COMMERCE
1911;PRIVE;95;VAUREAL;90;90;0;28.9;PRIV_SANTE_CABINET, PRIV_SANTE_CENTRE, PRIV_LOISIRS, IMMO_AGENCE, PRIV_BUREAU, PRIV_RESTAURANT, PRIV_COMMERCE
1912;PRIVE;77;LOGNES;88;88;0;28.9;PRIV_SANTE_CABINET, PRIV_SANTE_CENTRE, PRIV_LOISIRS, IMMO_AGENCE, PRIV_BUREAU, PRIV_RESTAURANT, PRIV_COMMERCE
1913;PRIVE;78;VOISINS-LE-BRETONNEUX;112;112;0;28.9;PRIV_SANTE_CABINET, PRIV_SANTE_CENTRE, PRIV_LOISIRS, IMMO_AGENCE, PRIV_BUREAU, PRIV_RESTAURANT, PRIV_COMMERCE
1914;PRIVE;78;LES ALLUETS-LE-ROI;10;10;0;28.9;PRIV_SANTE_CENTRE, PRIV_LOISIRS, IMMO_AGENCE, PRIV_BUREAU, PRIV_RESTAURANT
1915;PRIVE;77;BROU-SUR-CHANTEREINE;62;62;0;28.9;PRIV_SANTE_CABINET, PRIV_SANTE_CENTRE, PRIV_LOISIRS, IMMO_AGENCE, PRIV_BUREAU, PRIV_RESTAURANT, PRIV_COMMERCE
1916;PRIVE;78;TRAPPES;159;158;0;28.8;PRIV_SANTE_CABINET, PRIV_SANTE_CENTRE, PRIV_LOISIRS, IMMO_AGENCE, PRIV_BUREAU, PRIV_RESTAURANT, PRIV_COMMERCE
1917;PRIVE;77;FEROLLES-ATTILLY;17;17;0;28.8;PRIV_SANTE_CABINET, PRIV_SANTE_CENTRE, PRIV_LOISIRS, IMMO_AGENCE, PRIV_BUREAU
1918;PRIVE;91;YERRES;218;217;0;28.8;PRIV_SANTE_CABINET, PRIV_SANTE_CENTRE, PRIV_LOISIRS, IMMO_AGENCE, PRIV_BUREAU, PRIV_RESTAURANT, PRIV_COMMERCE
1919;PRIVE;78;VERNEUIL-SUR-SEINE;102;101;0;28.8;PRIV_SANTE_CABINET, PRIV_SANTE_CENTRE, PRIV_LOISIRS, IMMO_AGENCE, PRIV_BUREAU, PRIV_RESTAURANT, PRIV_COMMERCE
1920;PRIVE;78;VILLEPREUX;74;74;0;28.8;PRIV_SANTE_CABINET, PRIV_SANTE_CENTRE, PRIV_LOISIRS, IMMO_AGENCE, PRIV_BUREAU, PRIV_RESTAURANT, PRIV_COMMERCE
1921;PRIVE;91;JANVRY;8;8;0;28.8;PRIV_LOISIRS, IMMO_AGENCE, PRIV_BUREAU, PRIV_RESTAURANT
1922;PRIVE;95;VILLIERS-ADAM;4;4;0;28.8;PRIV_SANTE_CENTRE, PRIV_LOISIRS, PRIV_BUREAU, PRIV_RESTAURANT
1923;PRIVE;77;CROISSY-BEAUBOURG;34;34;0;28.7;PRIV_SANTE_CABINET, PRIV_SANTE_CENTRE, PRIV_LOISIRS, IMMO_AGENCE, PRIV_BUREAU, PRIV_RESTAURANT, PRIV_COMMERCE
1924;PRIVE;94;VILLECRESNES;82;80;0;28.7;PRIV_SANTE_CABINET, PRIV_SANTE_CENTRE, PRIV_LOISIRS, IMMO_AGENCE, PRIV_BUREAU, PRIV_RESTAURANT, PRIV_COMMERCE
1925;PRIVE;78;CHAPET;14;14;0;28.7;PRIV_SANTE_CENTRE, PRIV_LOISIRS, IMMO_AGENCE, PRIV_BUREAU, PRIV_RESTAURANT
1926;PRIVE;91;CROSNE;65;65;0;28.7;PRIV_SANTE_CABINET, PRIV_SANTE_CENTRE, PRIV_LOISIRS, IMMO_AGENCE, PRIV_BUREAU, PRIV_RESTAURANT, PRIV_COMMERCE
1927;PRIVE;78;PLAISIR;184;183;0;28.7;PRIV_SANTE_CABINET, PRIV_SANTE_CENTRE, PRIV_LOISIRS, IMMO_AGENCE, PRIV_BUREAU, PRIV_RESTAURANT, PRIV_COMMERCE
1928;PRIVE;77;VAIRES-SUR-MARNE;62;62;0;28.6;PRIV_SANTE_CABINET, PRIV_SANTE_CENTRE, PRIV_LOISIRS, IMMO_AGENCE, PRIV_BUREAU, PRIV_RESTAURANT, PRIV_COMMERCE
1929;PRIVE;95;CERGY;424;421;0;28.6;PRIV_SANTE_CABINET, PRIV_SANTE_CENTRE, PRIV_LOISIRS, PRIV_RESTAURANT, IMMO_AGENCE, PRIV_BUREAU, PRIV_COMMERCE
1930;PRIVE;78;CHEVREUSE;58;58;0;28.6;PRIV_SANTE_CENTRE, PRIV_SANTE_CABINET, PRIV_LOISIRS, IMMO_AGENCE, PRIV_BUREAU, PRIV_RESTAURANT, PRIV_COMMERCE
1931;PRIVE;95;SAINT-OUEN-L'AUMONE;166;164;0;28.6;PRIV_SANTE_CABINET, PRIV_SANTE_CENTRE, PRIV_LOISIRS, IMMO_AGENCE, PRIV_BUREAU, PRIV_RESTAURANT, PRIV_COMMERCE
1932;PRIVE;78;VILLENNES-SUR-SEINE;78;77;0;28.6;PRIV_SANTE_CABINET, PRIV_SANTE_CENTRE, PRIV_LOISIRS, IMMO_AGENCE, PRIV_BUREAU, PRIV_RESTAURANT, PRIV_COMMERCE
1933;PRIVE;91;GOMETZ-LE-CHATEL;21;21;0;28.6;PRIV_SANTE_CABINET, PRIV_SANTE_CENTRE, PRIV_LOISIRS, IMMO_AGENCE, PRIV_BUREAU, PRIV_RESTAURANT
1934;PRIVE;60;CREIL;7;7;0;28.6;PRIV_SANTE_CABINET, PRIV_SANTE_CENTRE, PRIV_BUREAU
1935;PRIVE;91;VILLEMOISSON-SUR-ORGE;49;49;0;28.5;PRIV_SANTE_CABINET, PRIV_SANTE_CENTRE, PRIV_LOISIRS, IMMO_AGENCE, PRIV_BUREAU, PRIV_RESTAURANT, PRIV_COMMERCE
1936;PRIVE;93;CLICHY SOUS BOIS;2;2;0;28.5;PRIV_SANTE_CABINET, PRIV_LOISIRS
1937;PRIVE;77;COURTRY;38;38;0;28.4;PRIV_LOISIRS, PRIV_SANTE_CABINET, PRIV_SANTE_CENTRE, IMMO_AGENCE, PRIV_BUREAU, PRIV_RESTAURANT
1938;PRIVE;78;SAINT-LAMBERT;5;5;0;28.4;PRIV_SANTE_CENTRE, PRIV_LOISIRS, IMMO_AGENCE, PRIV_RESTAURANT
1939;PRIVE;91;SAINTE-GENEVIEVE-DES-BOIS;211;210;0;28.4;PRIV_SANTE_CABINET, PRIV_SANTE_CENTRE, PRIV_LOISIRS, IMMO_AGENCE, PRIV_BUREAU, PRIV_RESTAURANT, PRIV_COMMERCE
1940;PRIVE;91;DRAVEIL;194;193;0;28.4;PRIV_SANTE_CABINET, PRIV_SANTE_CENTRE, PRIV_LOISIRS, IMMO_AGENCE, PRIV_BUREAU, PRIV_RESTAURANT, PRIV_COMMERCE
1941;PRIVE;91;SOISY-SUR-SEINE;59;59;0;28.4;PRIV_SANTE_CABINET, PRIV_SANTE_CENTRE, PRIV_LOISIRS, IMMO_AGENCE, PRIV_BUREAU, PRIV_RESTAURANT
1942;PRIVE;60;NANTEUIL-LE-HAUDOUIN;3;3;0;28.3;PRIV_SANTE_CABINET, PRIV_SANTE_CENTRE
1943;PRIVE;78;ANDRESY;95;93;0;28.3;PRIV_SANTE_CABINET, PRIV_SANTE_CENTRE, PRIV_LOISIRS, IMMO_AGENCE, PRIV_BUREAU, PRIV_RESTAURANT, PRIV_COMMERCE
1944;PRIVE;91;MONTLHERY;87;86;0;28.3;PRIV_SANTE_CABINET, PRIV_SANTE_CENTRE, PRIV_LOISIRS, IMMO_AGENCE, PRIV_BUREAU, PRIV_RESTAURANT, PRIV_COMMERCE
1945;PRIVE;93;COUBRON;34;34;0;28.3;PRIV_SANTE_CABINET, PRIV_SANTE_CENTRE, PRIV_LOISIRS, IMMO_AGENCE, PRIV_BUREAU, PRIV_RESTAURANT, PRIV_COMMERCE
1946;PRIVE;95;NEUVILLE-SUR-OISE;18;18;0;28.3;PRIV_SANTE_CENTRE, PRIV_LOISIRS, IMMO_AGENCE, PRIV_BUREAU, PRIV_RESTAURANT
1947;PRIVE;78;CHAVENAY;31;30;0;28.3;PRIV_SANTE_CABINET, PRIV_SANTE_CENTRE, PRIV_LOISIRS, IMMO_AGENCE, PRIV_BUREAU, PRIV_RESTAURANT, PRIV_COMMERCE
1948;PRIVE;78;ECQUEVILLY;20;20;0;28.2;PRIV_SANTE_CABINET, PRIV_LOISIRS, IMMO_AGENCE, PRIV_BUREAU, PRIV_COMMERCE
1949;PRIVE;91;LA VILLE-DU-BOIS;47;47;0;28.2;PRIV_SANTE_CABINET, PRIV_SANTE_CENTRE, PRIV_LOISIRS, IMMO_AGENCE, PRIV_BUREAU, PRIV_RESTAURANT
1950;PRIVE;95;FONTENAY-EN-PARISIS;11;11;0;28.2;PRIV_SANTE_CENTRE, PRIV_LOISIRS, IMMO_AGENCE, PRIV_BUREAU
1951;PRIVE;77;VILLEPARISIS;123;122;0;28.2;PRIV_SANTE_CABINET, PRIV_SANTE_CENTRE, PRIV_LOISIRS, IMMO_AGENCE, PRIV_BUREAU, PRIV_RESTAURANT, PRIV_COMMERCE
1952;PRIVE;77;POMPONNE;22;22;0;28.1;PRIV_SANTE_CENTRE, PRIV_LOISIRS, IMMO_AGENCE, PRIV_BUREAU, PRIV_RESTAURANT
1953;PRIVE;91;EPINAY-SUR-ORGE;72;71;0;28.1;PRIV_LOISIRS, PRIV_SANTE_CABINET, PRIV_SANTE_CENTRE, IMMO_AGENCE, PRIV_BUREAU, PRIV_RESTAURANT, PRIV_COMMERCE
1954;PRIVE;95;LOUVRES;72;72;0;28.1;PRIV_SANTE_CABINET, PRIV_SANTE_CENTRE, PRIV_LOISIRS, IMMO_AGENCE, PRIV_BUREAU, PRIV_RESTAURANT
1955;PRIVE;91;ETIOLLES;33;33;0;28.1;PRIV_LOISIRS, PRIV_SANTE_CABINET, PRIV_SANTE_CENTRE, IMMO_AGENCE, PRIV_BUREAU, PRIV_RESTAURANT, PRIV_COMMERCE
1956;PRIVE;91;MORSANG-SUR-ORGE;129;129;0;28.0;PRIV_SANTE_CABINET, PRIV_SANTE_CENTRE, PRIV_LOISIRS, IMMO_AGENCE, PRIV_BUREAU, PRIV_RESTAURANT, PRIV_COMMERCE
1957;PRIVE;21;BEAUNE;5;5;0;28.0;PRIV_BUREAU, PRIV_RESTAURANT, PRIV_COMMERCE
1958;PRIVE;94;SUCY EN BRIE;3;3;0;28.0;PRIV_LOISIRS, IMMO_AGENCE, PRIV_RESTAURANT
1959;PRIVE;91;BOUSSY ST ANTOINE;2;2;0;28.0;PRIV_SANTE_CABINET, PRIV_LOISIRS
1960;PRIVE;78;TRIEL-SUR-SEINE;88;87;0;27.9;PRIV_SANTE_CABINET, PRIV_SANTE_CENTRE, PRIV_LOISIRS, IMMO_AGENCE, PRIV_BUREAU, PRIV_RESTAURANT, PRIV_COMMERCE
1961;PRIVE;91;SAINT-AUBIN;10;10;0;27.9;PRIV_SANTE_CENTRE, PRIV_LOISIRS, IMMO_AGENCE, PRIV_BUREAU, PRIV_RESTAURANT
1962;PRIVE;78;ORGEVAL;117;115;0;27.9;PRIV_SANTE_CABINET, PRIV_SANTE_CENTRE, PRIV_LOISIRS, IMMO_AGENCE, PRIV_BUREAU, PRIV_RESTAURANT, PRIV_COMMERCE
1963;PRIVE;91;NOZAY;34;34;0;27.9;PRIV_SANTE_CABINET, PRIV_SANTE_CENTRE, PRIV_LOISIRS, IMMO_AGENCE, PRIV_BUREAU, PRIV_RESTAURANT
1964;PRIVE;77;MITRY-MORY;77;77;0;27.8;PRIV_SANTE_CABINET, PRIV_SANTE_CENTRE, PRIV_LOISIRS, IMMO_AGENCE, PRIV_BUREAU, PRIV_RESTAURANT, PRIV_COMMERCE
1965;PRIVE;91;MARCOUSSIS;75;74;0;27.8;PRIV_SANTE_CABINET, PRIV_SANTE_CENTRE, PRIV_LOISIRS, IMMO_AGENCE, PRIV_BUREAU, PRIV_RESTAURANT, PRIV_COMMERCE
1966;PRIVE;91;LONGPONT-SUR-ORGE;37;37;0;27.8;PRIV_SANTE_CABINET, PRIV_SANTE_CENTRE, PRIV_LOISIRS, IMMO_AGENCE, PRIV_BUREAU, PRIV_RESTAURANT
1967;PRIVE;94;MAROLLES-EN-BRIE;35;35;0;27.8;PRIV_SANTE_CABINET, PRIV_SANTE_CENTRE, PRIV_LOISIRS, IMMO_AGENCE, PRIV_BUREAU, PRIV_RESTAURANT, PRIV_COMMERCE
1968;PRIVE;77;FERRIERES-EN-BRIE;28;28;0;27.8;PRIV_SANTE_CABINET, PRIV_SANTE_CENTRE, PRIV_LOISIRS, IMMO_AGENCE, PRIV_BUREAU, PRIV_RESTAURANT, PRIV_COMMERCE
1969;PRIVE;91;VIGNEUX-SUR-SEINE;153;151;0;27.8;PRIV_SANTE_CABINET, PRIV_SANTE_CENTRE, PRIV_LOISIRS, IMMO_AGENCE, PRIV_BUREAU, PRIV_RESTAURANT, PRIV_COMMERCE
1970;PRIVE;95;PARMAIN;46;46;0;27.7;PRIV_SANTE_CABINET, PRIV_SANTE_CENTRE, PRIV_LOISIRS, IMMO_AGENCE, PRIV_BUREAU, PRIV_RESTAURANT, PRIV_COMMERCE
1971;PRIVE;91;BRETIGNY-SUR-ORGE;151;150;0;27.7;PRIV_SANTE_CABINET, PRIV_SANTE_CENTRE, PRIV_LOISIRS, IMMO_AGENCE, PRIV_BUREAU, PRIV_RESTAURANT, PRIV_COMMERCE
1972;PRIVE;95;BAILLET-EN-FRANCE;20;20;0;27.7;PRIV_SANTE_CABINET, PRIV_SANTE_CENTRE, PRIV_LOISIRS, IMMO_AGENCE, PRIV_BUREAU, PRIV_RESTAURANT
1973;PRIVE;91;GRIGNY;72;71;0;27.7;PRIV_SANTE_CABINET, PRIV_SANTE_CENTRE, PRIV_LOISIRS, IMMO_AGENCE, PRIV_BUREAU, PRIV_RESTAURANT, PRIV_COMMERCE
1974;PRIVE;77;VILLEVAUDE;9;9;0;27.7;PRIV_SANTE_CABINET, PRIV_SANTE_CENTRE, PRIV_LOISIRS, IMMO_AGENCE, PRIV_BUREAU
1975;PRIVE;91;BURES SUR YVETTE;3;3;0;27.7;PRIV_SANTE_CENTRE, PRIV_LOISIRS, PRIV_RESTAURANT
1976;PRIVE;91;VIRY-CHATILLON;178;176;0;27.7;PRIV_SANTE_CABINET, PRIV_SANTE_CENTRE, PRIV_LOISIRS, IMMO_AGENCE, PRIV_BUREAU, PRIV_RESTAURANT, PRIV_COMMERCE
1977;PRIVE;78;DAMPIERRE-EN-YVELINES;20;20;0;27.6;PRIV_SANTE_CABINET, PRIV_SANTE_CENTRE, PRIV_LOISIRS, IMMO_AGENCE, PRIV_BUREAU, PRIV_RESTAURANT
1978;PRIVE;91;BONDOUFLE;80;80;0;27.6;PRIV_SANTE_CABINET, PRIV_SANTE_CENTRE, PRIV_LOISIRS, IMMO_AGENCE, PRIV_BUREAU, PRIV_RESTAURANT, PRIV_COMMERCE
1979;PRIVE;95;FRANCONVILLE LA GARENNE;8;8;0;27.6;PRIV_SANTE_CENTRE, PRIV_LOISIRS, IMMO_AGENCE
1980;PRIVE;95;MERY-SUR-OISE;68;68;0;27.6;PRIV_SANTE_CABINET, PRIV_SANTE_CENTRE, PRIV_LOISIRS, IMMO_AGENCE, PRIV_BUREAU, PRIV_RESTAURANT, PRIV_COMMERCE
1981;PRIVE;78;MAUREPAS;145;144;0;27.6;PRIV_SANTE_CABINET, PRIV_SANTE_CENTRE, PRIV_LOISIRS, IMMO_AGENCE, PRIV_BUREAU, PRIV_RESTAURANT, PRIV_COMMERCE
1982;PRIVE;91;STE GENEVIEVE DES BOIS;7;7;0;27.6;PRIV_SANTE_CABINET, PRIV_LOISIRS, IMMO_AGENCE, PRIV_RESTAURANT
1983;PRIVE;77;LAGNY-SUR-MARNE;193;190;0;27.6;PRIV_SANTE_CABINET, PRIV_SANTE_CENTRE, PRIV_LOISIRS, PRIV_RESTAURANT, IMMO_AGENCE, PRIV_BUREAU, PRIV_COMMERCE
1984;PRIVE;02;VIRY-NOUREUIL;2;2;0;27.5;PRIV_RESTAURANT
1985;PRIVE;03;YGRANDE;2;2;0;27.5;PRIV_SANTE_CENTRE
1986;PRIVE;13;LE THOLONET;2;2;0;27.5;PRIV_BUREAU, PRIV_RESTAURANT
1987;PRIVE;28;THIRON-GARDAIS;2;2;0;27.5;PRIV_SANTE_CABINET
1988;PRIVE;29;GOUESNOU;2;2;0;27.5;PRIV_SANTE_CABINET, PRIV_BUREAU
1989;PRIVE;29;HUELGOAT;2;2;0;27.5;PRIV_SANTE_CENTRE, PRIV_COMMERCE
1990;PRIVE;34;SAUVIAN;2;2;0;27.5;IMMO_AGENCE, PRIV_COMMERCE
1991;PRIVE;57;TERVILLE;2;2;0;27.5;PRIV_SANTE_CABINET, PRIV_RESTAURANT
1992;PRIVE;67;BISCHOFFSHEIM;2;2;0;27.5;PRIV_SANTE_CABINET, PRIV_RESTAURANT
1993;PRIVE;69;BELLEVILLE-EN-BEAUJOLAIS;2;2;0;27.5;PRIV_SANTE_CENTRE, PRIV_COMMERCE
1994;PRIVE;69;VILLEFRANCHE-SUR-SAONE;2;2;0;27.5;PRIV_SANTE_CENTRE, PRIV_RESTAURANT
1995;PRIVE;75;PARIS 8E ARRONDISSEMENT;2;2;0;27.5;IMMO_AGENCE, PRIV_BUREAU
1996;PRIVE;93;LES PAVILLONS SOUS BOIS;2;2;0;27.5;PRIV_BUREAU, PRIV_RESTAURANT
1997;PRIVE;95;GOUSSAINVILLE;129;128;0;27.5;PRIV_SANTE_CABINET, PRIV_SANTE_CENTRE, PRIV_LOISIRS, IMMO_AGENCE, PRIV_BUREAU, PRIV_RESTAURANT, PRIV_COMMERCE
1998;PRIVE;77;ROISSY-EN-BRIE;85;85;0;27.5;PRIV_SANTE_CABINET, PRIV_SANTE_CENTRE, PRIV_LOISIRS, IMMO_AGENCE, PRIV_BUREAU, PRIV_RESTAURANT, PRIV_COMMERCE
1999;PRIVE;91;SAVIGNY-SUR-ORGE;228;228;0;27.5;PRIV_SANTE_CABINET, PRIV_SANTE_CENTRE, PRIV_LOISIRS, IMMO_AGENCE, PRIV_BUREAU, PRIV_RESTAURANT, PRIV_COMMERCE
2000;PRIVE;78;LE MESNIL-SAINT-DENIS;57;57;0;27.4;PRIV_SANTE_CABINET, PRIV_SANTE_CENTRE, PRIV_LOISIRS, IMMO_AGENCE, PRIV_BUREAU, PRIV_RESTAURANT, PRIV_COMMERCE
2001;PRIVE;91;BREUX-JOUY;5;5;0;27.4;PRIV_SANTE_CENTRE, PRIV_LOISIRS
2002;PRIVE;95;JOUY-LE-MOUTIER;68;67;0;27.4;PRIV_SANTE_CABINET, PRIV_SANTE_CENTRE, PRIV_LOISIRS, IMMO_AGENCE, PRIV_BUREAU, PRIV_RESTAURANT, PRIV_COMMERCE
2003;PRIVE;95;FREPILLON;17;17;0;27.4;PRIV_SANTE_CABINET, PRIV_SANTE_CENTRE, PRIV_LOISIRS, IMMO_AGENCE, PRIV_BUREAU, PRIV_RESTAURANT
2004;PRIVE;77;LE PIN;7;7;0;27.3;PRIV_SANTE_CENTRE, PRIV_LOISIRS, IMMO_AGENCE, PRIV_RESTAURANT
2005;PRIVE;91;SAINT-MICHEL-SUR-ORGE;88;88;0;27.3;PRIV_SANTE_CABINET, PRIV_SANTE_CENTRE, PRIV_LOISIRS, IMMO_AGENCE, PRIV_BUREAU, PRIV_RESTAURANT
2006;PRIVE;78;LA VERRIERE;21;21;0;27.2;PRIV_SANTE_CENTRE, PRIV_LOISIRS, IMMO_AGENCE, PRIV_BUREAU, PRIV_RESTAURANT, PRIV_COMMERCE
2007;PRIVE;95;VALMONDOIS;12;12;0;27.2;PRIV_SANTE_CENTRE, PRIV_LOISIRS, IMMO_AGENCE, PRIV_BUREAU, PRIV_RESTAURANT
2008;PRIVE;95;PUISEUX-EN-FRANCE;23;22;0;27.1;PRIV_SANTE_CABINET, PRIV_SANTE_CENTRE, PRIV_LOISIRS, IMMO_AGENCE, PRIV_BUREAU, PRIV_RESTAURANT
2009;PRIVE;78;CARRIERES-SOUS-POISSY;72;71;0;27.1;PRIV_SANTE_CABINET, PRIV_SANTE_CENTRE, PRIV_LOISIRS, IMMO_AGENCE, PRIV_BUREAU, PRIV_RESTAURANT
2010;PRIVE;95;LUZARCHES;48;47;0;27.1;PRIV_SANTE_CABINET, PRIV_SANTE_CENTRE, PRIV_LOISIRS, IMMO_AGENCE, PRIV_BUREAU, PRIV_RESTAURANT, PRIV_COMMERCE
2011;PRIVE;91;RIS-ORANGIS;183;182;0;27.0;PRIV_SANTE_CABINET, PRIV_SANTE_CENTRE, PRIV_LOISIRS, IMMO_AGENCE, PRIV_BUREAU, PRIV_RESTAURANT, PRIV_COMMERCE
2012;PRIVE;91;LIMOURS;65;64;0;27.0;PRIV_SANTE_CABINET, PRIV_SANTE_CENTRE, PRIV_LOISIRS, IMMO_AGENCE, PRIV_BUREAU, PRIV_RESTAURANT
2013;PRIVE;94;MANDRES-LES-ROSES;33;33;0;27.0;PRIV_SANTE_CABINET, PRIV_SANTE_CENTRE, PRIV_LOISIRS, IMMO_AGENCE, PRIV_BUREAU, PRIV_RESTAURANT
2014;PRIVE;91;LE PLESSIS-PATE;29;29;0;27.0;PRIV_LOISIRS, PRIV_SANTE_CABINET, PRIV_SANTE_CENTRE, IMMO_AGENCE, PRIV_BUREAU, PRIV_RESTAURANT
2015;PRIVE;50;SAINT-LO;5;5;0;27.0;PRIV_SANTE_CABINET, PRIV_SANTE_CENTRE, PRIV_BUREAU
2016;PRIVE;91;SAINT-JEAN-DE-BEAUREGARD;3;3;0;27.0;IMMO_AGENCE, PRIV_RESTAURANT
2017;PRIVE;95;BELLEFONTAINE;3;3;0;27.0;PRIV_BUREAU
2018;PRIVE;78;SAINT-FORGET;2;2;0;27.0;PRIV_SANTE_CABINET, IMMO_AGENCE
2019;PRIVE;78;VELIZY VILLACOUBLAY;2;2;0;27.0;PRIV_LOISIRS
2020;PRIVE;91;MORSANG SUR ORGE;2;2;0;27.0;PRIV_SANTE_CABINET, IMMO_AGENCE
2021;PRIVE;67;GEISPOLSHEIM;1;1;0;27.0;PRIV_LOISIRS
2022;PRIVE;70;RIOZ;1;1;0;27.0;PRIV_LOISIRS
2023;PRIVE;77;PONTAULT COMBAULT;1;1;0;27.0;PRIV_COMMERCE
2024;PRIVE;91;VILLE-DU-BOIS (LA);1;1;0;27.0;PRIV_COMMERCE
2025;PRIVE;77;OZOIR-LA-FERRIERE;140;140;0;27.0;PRIV_SANTE_CABINET, PRIV_SANTE_CENTRE, PRIV_LOISIRS, IMMO_AGENCE, PRIV_BUREAU, PRIV_RESTAURANT, PRIV_COMMERCE
2026;PRIVE;95;MONTSOULT;27;27;0;26.9;PRIV_SANTE_CABINET, PRIV_SANTE_CENTRE, PRIV_LOISIRS, IMMO_AGENCE, PRIV_BUREAU, PRIV_RESTAURANT
2027;PRIVE;78;LES LOGES-EN-JOSAS;9;9;0;26.9;PRIV_LOISIRS, IMMO_AGENCE, PRIV_BUREAU
2028;PRIVE;93;VAUJOURS;39;39;0;26.8;PRIV_SANTE_CABINET, PRIV_SANTE_CENTRE, PRIV_LOISIRS, IMMO_AGENCE, PRIV_BUREAU, PRIV_RESTAURANT
2029;PRIVE;91;BOUSSY-SAINT-ANTOINE;45;45;0;26.8;PRIV_SANTE_CABINET, PRIV_SANTE_CENTRE, PRIV_LOISIRS, IMMO_AGENCE, PRIV_BUREAU, PRIV_RESTAURANT, PRIV_COMMERCE
2030;PRIVE;95;BOISEMONT;12;12;0;26.8;PRIV_SANTE_CENTRE, PRIV_LOISIRS, IMMO_AGENCE, PRIV_BUREAU, PRIV_RESTAURANT
2031;PRIVE;91;VARENNES-JARCY;21;21;0;26.7;PRIV_SANTE_CABINET, PRIV_SANTE_CENTRE, PRIV_LOISIRS, IMMO_AGENCE, PRIV_BUREAU, PRIV_RESTAURANT
2032;PRIVE;02;TERGNIER;3;3;0;26.7;PRIV_SANTE_CABINET, PRIV_BUREAU, PRIV_COMMERCE
2033;PRIVE;57;CREUTZWALD;3;3;0;26.7;PRIV_SANTE_CABINET, PRIV_RESTAURANT, PRIV_COMMERCE
2034;PRIVE;60;COYE-LA-FORET;3;3;0;26.7;PRIV_SANTE_CENTRE, PRIV_BUREAU
2035;PRIVE;73;COURCHEVEL;3;3;0;26.7;PRIV_SANTE_CABINET, PRIV_RESTAURANT
2036;PRIVE;91;SAINT-SULPICE-DE-FAVIERES;3;3;0;26.7;PRIV_SANTE_CABINET, PRIV_BUREAU, PRIV_RESTAURANT
2037;PRIVE;77;COLLEGIEN;20;20;0;26.6;PRIV_SANTE_CABINET, PRIV_SANTE_CENTRE, PRIV_LOISIRS, IMMO_AGENCE, PRIV_BUREAU, PRIV_RESTAURANT
2038;PRIVE;78;MAURECOURT;28;28;0;26.5;PRIV_SANTE_CABINET, PRIV_SANTE_CENTRE, PRIV_LOISIRS, IMMO_AGENCE, PRIV_BUREAU, PRIV_RESTAURANT
2039;PRIVE;95;FOSSES;51;51;0;26.4;PRIV_SANTE_CABINET, PRIV_SANTE_CENTRE, PRIV_LOISIRS, IMMO_AGENCE, PRIV_BUREAU, PRIV_RESTAURANT, PRIV_COMMERCE
2040;PRIVE;77;FRESNES-SUR-MARNE;5;5;0;26.4;PRIV_LOISIRS, IMMO_AGENCE, PRIV_BUREAU, PRIV_RESTAURANT
2041;PRIVE;95;MONTGEROULT;5;5;0;26.4;PRIV_SANTE_CENTRE, PRIV_LOISIRS, PRIV_BUREAU, PRIV_RESTAURANT
2042;PRIVE;95;PRESLES;32;32;0;26.4;PRIV_SANTE_CABINET, PRIV_SANTE_CENTRE, PRIV_LOISIRS, IMMO_AGENCE, PRIV_BUREAU, PRIV_RESTAURANT
2043;PRIVE;77;LESIGNY;66;65;0;26.3;PRIV_SANTE_CABINET, PRIV_SANTE_CENTRE, PRIV_LOISIRS, IMMO_AGENCE, PRIV_BUREAU, PRIV_RESTAURANT, PRIV_COMMERCE
2044;PRIVE;91;LINAS;58;58;0;26.3;PRIV_SANTE_CABINET, PRIV_SANTE_CENTRE, PRIV_LOISIRS, IMMO_AGENCE, PRIV_BUREAU, PRIV_RESTAURANT
2045;PRIVE;02;LAON;4;4;0;26.2;PRIV_SANTE_CABINET, PRIV_SANTE_CENTRE, PRIV_COMMERCE
2046;PRIVE;35;SAINT-GREGOIRE;4;4;0;26.2;PRIV_SANTE_CENTRE, IMMO_AGENCE
2047;PRIVE;60;LA CHAPELLE-EN-SERVAL;4;4;0;26.2;PRIV_SANTE_CABINET, PRIV_RESTAURANT
2048;PRIVE;95;BETHEMONT-LA-FORET;4;4;0;26.2;PRIV_SANTE_CENTRE, PRIV_LOISIRS, IMMO_AGENCE
2049;PRIVE;78;CHANTELOUP-LES-VIGNES;39;39;0;26.2;PRIV_SANTE_CABINET, PRIV_SANTE_CENTRE, PRIV_LOISIRS, IMMO_AGENCE, PRIV_BUREAU, PRIV_RESTAURANT
2050;PRIVE;95;MARLY-LA-VILLE;32;31;0;26.0;PRIV_SANTE_CABINET, PRIV_SANTE_CENTRE, PRIV_LOISIRS, IMMO_AGENCE, PRIV_BUREAU, PRIV_RESTAURANT, PRIV_COMMERCE
2051;PRIVE;91;LES MOLIERES;11;11;0;26.0;PRIV_LOISIRS, IMMO_AGENCE, PRIV_BUREAU, PRIV_RESTAURANT
2052;PRIVE;95;CORMEILLES EN PARISIS;8;8;0;26.0;PRIV_SANTE_CENTRE, PRIV_LOISIRS, PRIV_BUREAU, PRIV_RESTAURANT
2053;PRIVE;91;BRETIGNY SUR ORGE;4;4;0;26.0;IMMO_AGENCE, PRIV_BUREAU, PRIV_RESTAURANT
2054;PRIVE;77;COMPANS;3;3;0;26.0;PRIV_LOISIRS, PRIV_BUREAU, PRIV_RESTAURANT
2055;PRIVE;59;WORMHOUT;2;2;0;26.0;PRIV_LOISIRS, PRIV_BUREAU
2056;PRIVE;80;LONGUEAU;2;2;0;26.0;PRIV_LOISIRS, PRIV_COMMERCE
2057;PRIVE;91;BOUTERVILLIERS;2;2;0;26.0;PRIV_LOISIRS, PRIV_RESTAURANT
2058;PRIVE;91;VERRIERES LE BUISSON;2;2;0;26.0;PRIV_SANTE_CABINET, PRIV_LOISIRS
2059;PRIVE;78;MORAINVILLIERS;22;22;0;25.9;PRIV_SANTE_CENTRE, PRIV_LOISIRS, IMMO_AGENCE, PRIV_BUREAU, PRIV_RESTAURANT
2060;PRIVE;77;MOUSSY-LE-VIEUX;7;7;0;25.9;PRIV_SANTE_CENTRE, PRIV_LOISIRS, PRIV_BUREAU, PRIV_RESTAURANT
2061;PRIVE;95;VIARMES;45;44;0;25.8;PRIV_SANTE_CABINET, PRIV_SANTE_CENTRE, PRIV_LOISIRS, IMMO_AGENCE, PRIV_BUREAU, PRIV_RESTAURANT
2062;PRIVE;77;LA HOUSSAYE-EN-BRIE;6;6;0;25.8;PRIV_SANTE_CENTRE, PRIV_BUREAU, PRIV_RESTAURANT
2063;PRIVE;91;LEUVILLE-SUR-ORGE;18;18;0;25.8;PRIV_SANTE_CABINET, PRIV_SANTE_CENTRE, PRIV_LOISIRS, IMMO_AGENCE, PRIV_BUREAU
2064;PRIVE;95;BUTRY-SUR-OISE;6;6;0;25.7;PRIV_SANTE_CENTRE, PRIV_LOISIRS, IMMO_AGENCE
2065;PRIVE;95;VILLERON;6;6;0;25.7;PRIV_LOISIRS, IMMO_AGENCE, PRIV_BUREAU, PRIV_RESTAURANT
2066;PRIVE;78;CRESPIERES;17;17;0;25.6;PRIV_SANTE_CABINET, PRIV_SANTE_CENTRE, PRIV_LOISIRS, IMMO_AGENCE, PRIV_BUREAU, PRIV_RESTAURANT
2067;PRIVE;77;GUERMANTES;14;14;0;25.6;PRIV_SANTE_CENTRE, PRIV_LOISIRS, IMMO_AGENCE, PRIV_RESTAURANT
2068;PRIVE;78;NEAUPHLE-LE-CHATEAU;38;38;0;25.5;PRIV_SANTE_CABINET, PRIV_SANTE_CENTRE, PRIV_LOISIRS, IMMO_AGENCE, PRIV_BUREAU, PRIV_RESTAURANT
2069;PRIVE;78;VAUX-SUR-SEINE;44;43;0;25.5;PRIV_SANTE_CABINET, PRIV_SANTE_CENTRE, PRIV_LOISIRS, IMMO_AGENCE, PRIV_COMMERCE, PRIV_BUREAU, PRIV_RESTAURANT
2070;PRIVE;88;VITTEL;4;4;0;25.5;PRIV_SANTE_CABINET, PRIV_SANTE_CENTRE, PRIV_LOISIRS, PRIV_COMMERCE
2071;PRIVE;95;EPIAIS-LES-LOUVRES;4;4;0;25.5;PRIV_LOISIRS, IMMO_AGENCE, PRIV_RESTAURANT
2072;PRIVE;77;COMBS-LA-VILLE;110;108;0;25.5;PRIV_SANTE_CABINET, PRIV_SANTE_CENTRE, PRIV_LOISIRS, IMMO_AGENCE, PRIV_BUREAU, PRIV_RESTAURANT, PRIV_COMMERCE
2073;PRIVE;60;SENLIS;16;16;0;25.4;PRIV_SANTE_CABINET, PRIV_SANTE_CENTRE, PRIV_LOISIRS, IMMO_AGENCE, PRIV_RESTAURANT
2074;PRIVE;61;ALENCON;5;5;0;25.4;PRIV_SANTE_CABINET, PRIV_LOISIRS, IMMO_AGENCE, PRIV_RESTAURANT, PRIV_COMMERCE
2075;PRIVE;91;VAUGRIGNEUSE;5;5;0;25.4;PRIV_SANTE_CENTRE, PRIV_LOISIRS, PRIV_BUREAU
2076;PRIVE;95;NERVILLE-LA-FORET;3;3;0;25.3;PRIV_BUREAU, PRIV_RESTAURANT
2077;PRIVE;95;COURDIMANCHE;41;41;0;25.2;PRIV_SANTE_CABINET, PRIV_SANTE_CENTRE, PRIV_LOISIRS, IMMO_AGENCE, PRIV_BUREAU, PRIV_RESTAURANT
2078;PRIVE;95;MAFFLIERS;10;10;0;25.2;PRIV_SANTE_CENTRE, PRIV_LOISIRS, IMMO_AGENCE, PRIV_BUREAU, PRIV_RESTAURANT
2079;PRIVE;78;MEDAN;13;13;0;25.2;PRIV_SANTE_CABINET, PRIV_SANTE_CENTRE, PRIV_LOISIRS, IMMO_AGENCE, PRIV_RESTAURANT
2080;PRIVE;77;POINCY;7;7;0;25.1;PRIV_SANTE_CABINET, PRIV_SANTE_CENTRE, PRIV_LOISIRS, IMMO_AGENCE
2081;PRIVE;78;THIVERVAL-GRIGNON;8;7;0;25.1;PRIV_SANTE_CENTRE, IMMO_AGENCE, PRIV_RESTAURANT
2082;PRIVE;78;THOIRY;18;18;0;25.1;PRIV_SANTE_CABINET, PRIV_SANTE_CENTRE, PRIV_LOISIRS, IMMO_AGENCE, PRIV_RESTAURANT, PRIV_COMMERCE
2083;PRIVE;95;BELLOY-EN-FRANCE;18;18;0;25.1;PRIV_SANTE_CABINET, PRIV_SANTE_CENTRE, PRIV_LOISIRS, IMMO_AGENCE, PRIV_BUREAU, PRIV_RESTAURANT
2084;PRIVE;95;CHAUMONTEL;29;29;0;25.1;PRIV_SANTE_CABINET, PRIV_SANTE_CENTRE, PRIV_LOISIRS, IMMO_AGENCE, PRIV_BUREAU, PRIV_RESTAURANT, PRIV_COMMERCE
2085;PRIVE;24;BERGERAC;5;5;0;25.0;PRIV_SANTE_CABINET, PRIV_SANTE_CENTRE, IMMO_AGENCE, PRIV_COMMERCE
2086;PRIVE;28;BREZOLLES;4;4;0;25.0;PRIV_SANTE_CABINET, PRIV_SANTE_CENTRE, PRIV_COMMERCE
2087;PRIVE;66;PRADES;4;4;0;25.0;PRIV_SANTE_CENTRE
2088;PRIVE;95;MAREIL-EN-FRANCE;4;4;0;25.0;PRIV_LOISIRS, IMMO_AGENCE, PRIV_BUREAU
2089;PRIVE;24;MONTIGNAC-LASCAUX;3;3;0;25.0;PRIV_SANTE_CABINET, PRIV_SANTE_CENTRE
2090;PRIVE;26;CREST;3;3;0;25.0;PRIV_SANTE_CENTRE
2091;PRIVE;35;BETTON;3;3;0;25.0;PRIV_SANTE_CENTRE
2092;PRIVE;37;LA RICHE;3;3;0;25.0;PRIV_SANTE_CENTRE
2093;PRIVE;38;CHAPAREILLAN;3;3;0;25.0;PRIV_SANTE_CENTRE
2094;PRIVE;41;MONDOUBLEAU;3;3;0;25.0;PRIV_SANTE_CABINET, PRIV_SANTE_CENTRE
2095;PRIVE;69;OULLINS-PIERRE-BENITE;3;3;0;25.0;PRIV_SANTE_CABINET, PRIV_RESTAURANT
2096;PRIVE;70;LUXEUIL-LES-BAINS;3;3;0;25.0;PRIV_SANTE_CABINET, PRIV_SANTE_CENTRE
2097;PRIVE;78;ROLLEBOISE;3;3;0;25.0;PRIV_SANTE_CENTRE, PRIV_RESTAURANT
2098;PRIVE;84;SAINT-SATURNIN-LES-APT;3;3;0;25.0;PRIV_SANTE_CABINET, PRIV_SANTE_CENTRE
2099;PRIVE;85;TALMONT-SAINT-HILAIRE;3;3;0;25.0;PRIV_SANTE_CABINET, PRIV_SANTE_CENTRE
2100;PRIVE;03;SAINT-GERMAIN-DES-FOSSES;2;2;0;25.0;PRIV_SANTE_CENTRE
2101;PRIVE;04;MONTAGNAC-MONTPEZAT;2;2;0;25.0;PRIV_SANTE_CENTRE
2102;PRIVE;06;OPIO;2;2;0;25.0;PRIV_SANTE_CABINET, PRIV_SANTE_CENTRE
2103;PRIVE;12;VILLEFRANCHE-DE-ROUERGUE;2;2;0;25.0;PRIV_SANTE_CENTRE
2104;PRIVE;13;VITROLLES;2;2;0;25.0;PRIV_SANTE_CENTRE
2105;PRIVE;14;IFS;2;2;0;25.0;PRIV_SANTE_CABINET, PRIV_SANTE_CENTRE
2106;PRIVE;14;LA HOGUETTE;2;2;0;25.0;PRIV_SANTE_CENTRE
2107;PRIVE;19;MALEMORT;2;2;0;25.0;PRIV_RESTAURANT
2108;PRIVE;22;LANGUEUX;2;2;0;25.0;PRIV_SANTE_CENTRE
2109;PRIVE;22;PLENEUF-VAL-ANDRE;2;2;0;25.0;PRIV_SANTE_CABINET, PRIV_SANTE_CENTRE
2110;PRIVE;22;PLEUDIHEN-SUR-RANCE;2;2;0;25.0;PRIV_SANTE_CABINET, PRIV_SANTE_CENTRE
2111;PRIVE;23;BOUSSAC;2;2;0;25.0;PRIV_SANTE_CENTRE
2112;PRIVE;24;CHAMPCEVINEL;2;2;0;25.0;PRIV_SANTE_CENTRE
2113;PRIVE;24;SAINT-NEXANS;2;2;0;25.0;PRIV_SANTE_CENTRE
2114;PRIVE;26;GRANE;2;2;0;25.0;PRIV_SANTE_CENTRE
2115;PRIVE;29;SAINT-POL-DE-LEON;2;2;0;25.0;PRIV_SANTE_CENTRE
2116;PRIVE;2A;PORTO VECCHIO;2;2;0;25.0;PRIV_SANTE_CENTRE
2117;PRIVE;30;ANDUZE;2;2;0;25.0;PRIV_SANTE_CENTRE
2118;PRIVE;30;LE VIGAN;2;2;0;25.0;PRIV_SANTE_CENTRE
2119;PRIVE;30;SAUVE;2;2;0;25.0;PRIV_SANTE_CENTRE
2120;PRIVE;34;PIGNAN;2;2;0;25.0;PRIV_SANTE_CABINET, PRIV_SANTE_CENTRE
2121;PRIVE;34;SAINT-CLEMENT-DE-RIVIERE;2;2;0;25.0;PRIV_SANTE_CENTRE
2122;PRIVE;34;VENDARGUES;2;2;0;25.0;PRIV_SANTE_CENTRE
2123;PRIVE;35;BAIN-DE-BRETAGNE;2;2;0;25.0;PRIV_SANTE_CENTRE
2124;PRIVE;35;CESSON-SEVIGNE;2;2;0;25.0;PRIV_SANTE_CENTRE
2125;PRIVE;35;GUIPRY-MESSAC;2;2;0;25.0;PRIV_SANTE_CENTRE
2126;PRIVE;35;NOYAL-SUR-VILAINE;2;2;0;25.0;PRIV_SANTE_CENTRE
2127;PRIVE;37;FONDETTES;2;2;0;25.0;PRIV_SANTE_CABINET, PRIV_SANTE_CENTRE
2128;PRIVE;37;SAINT CYR SUR LOIRE;2;2;0;25.0;PRIV_SANTE_CENTRE
2129;PRIVE;37;SAINT-PIERRE-DES-CORPS;2;2;0;25.0;PRIV_SANTE_CENTRE
2130;PRIVE;37;VERNOU-SUR-BRENNE;2;2;0;25.0;PRIV_SANTE_CENTRE
2131;PRIVE;40;GABARRET;2;2;0;25.0;PRIV_SANTE_CABINET, PRIV_SANTE_CENTRE
2132;PRIVE;41;TROO;2;2;0;25.0;PRIV_SANTE_CENTRE
2133;PRIVE;42;ANDREZIEUX-BOUTHEON;2;2;0;25.0;PRIV_SANTE_CENTRE
2134;PRIVE;44;VALLONS-DE-L'ERDRE;2;2;0;25.0;PRIV_SANTE_CENTRE
2135;PRIVE;45;SAINT-JEAN-DE-BRAYE;2;2;0;25.0;PRIV_SANTE_CENTRE
2136;PRIVE;46;FIGEAC;2;2;0;25.0;PRIV_SANTE_CABINET, PRIV_SANTE_CENTRE
2137;PRIVE;49;MAUGES-SUR-LOIRE;2;2;0;25.0;PRIV_SANTE_CENTRE
2138;PRIVE;56;NOYAL-MUZILLAC;2;2;0;25.0;PRIV_SANTE_CENTRE
2139;PRIVE;59;CROIX;2;2;0;25.0;PRIV_SANTE_CENTRE
2140;PRIVE;59;RONCQ;2;2;0;25.0;PRIV_SANTE_CABINET
2141;PRIVE;63;CHAMALIERES;2;2;0;25.0;PRIV_SANTE_CENTRE
2142;PRIVE;63;ISSOIRE;2;2;0;25.0;PRIV_SANTE_CENTRE
2143;PRIVE;64;OLORON-SAINTE-MARIE;2;2;0;25.0;PRIV_SANTE_CENTRE
2144;PRIVE;64;SAINT-PEE-SUR-NIVELLE;2;2;0;25.0;PRIV_SANTE_CENTRE
2145;PRIVE;68;BRUNSTATT-DIDENHEIM;2;2;0;25.0;PRIV_SANTE_CABINET, PRIV_RESTAURANT
2146;PRIVE;69;LYON 3EME;2;2;0;25.0;PRIV_SANTE_CENTRE, PRIV_RESTAURANT
2147;PRIVE;71;AUTUN;2;2;0;25.0;PRIV_SANTE_CENTRE
2148;PRIVE;71;CHARNAY-LES-MACON;2;2;0;25.0;PRIV_SANTE_CABINET
2149;PRIVE;71;MONTCEAU-LES-MINES;2;2;0;25.0;PRIV_SANTE_CENTRE
2150;PRIVE;72;LOIR EN VALLEE;2;2;0;25.0;PRIV_SANTE_CENTRE
2151;PRIVE;72;MALICORNE-SUR-SARTHE;2;2;0;25.0;PRIV_SANTE_CENTRE
2152;PRIVE;73;LES ALLUES;2;2;0;25.0;IMMO_AGENCE, PRIV_RESTAURANT
2153;PRIVE;74;BOEGE;2;2;0;25.0;PRIV_SANTE_CENTRE
2154;PRIVE;76;FONTAINE-LA-MALLET;2;2;0;25.0;PRIV_SANTE_CABINET, PRIV_SANTE_CENTRE
2155;PRIVE;77;OCQUERRE;2;2;0;25.0;PRIV_SANTE_CENTRE
2156;PRIVE;77;VILLEBEON;2;2;0;25.0;PRIV_SANTE_CENTRE
2157;PRIVE;77;VILLENEUVE-LES-BORDES;2;2;0;25.0;PRIV_SANTE_CENTRE
2158;PRIVE;81;LAVAUR;2;2;0;25.0;PRIV_SANTE_CENTRE
2159;PRIVE;85;LE FENOUILLER;2;2;0;25.0;PRIV_SANTE_CENTRE
2160;PRIVE;85;LES ACHARDS;2;2;0;25.0;PRIV_SANTE_CABINET, PRIV_SANTE_CENTRE
2161;PRIVE;87;LADIGNAC-LE-LONG;2;2;0;25.0;PRIV_SANTE_CENTRE
2162;PRIVE;973;MATOURY;2;2;0;25.0;PRIV_SANTE_CENTRE
2163;PRIVE;01;CONFORT;1;1;0;25.0;PRIV_SANTE_CENTRE
2164;PRIVE;01;GROSLEE-SAINT-BENOIT;1;1;0;25.0;PRIV_SANTE_CENTRE
2165;PRIVE;01;MATAFELON-GRANGES;1;1;0;25.0;PRIV_SANTE_CENTRE
2166;PRIVE;01;MIRIBEL;1;1;0;25.0;PRIV_SANTE_CENTRE
2167;PRIVE;01;REYRIEUX;1;1;0;25.0;PRIV_SANTE_CENTRE
2168;PRIVE;01;SAINT-DIDIER-SUR-CHALARONNE;1;1;0;25.0;PRIV_SANTE_CABINET
2169;PRIVE;01;SAINT-RAMBERT-EN-BUGEY;1;1;0;25.0;PRIV_SANTE_CABINET
2170;PRIVE;01;SEYSSEL;1;1;0;25.0;PRIV_SANTE_CENTRE
2171;PRIVE;01;VIRIGNIN;1;1;0;25.0;PRIV_SANTE_CENTRE
2172;PRIVE;02;CHIVRES-VAL;1;1;0;25.0;PRIV_SANTE_CABINET
2173;PRIVE;02;COINCY;1;1;0;25.0;PRIV_SANTE_CENTRE
2174;PRIVE;02;EBOULEAU;1;1;0;25.0;PRIV_SANTE_CENTRE
2175;PRIVE;02;OIGNY-EN-VALOIS;1;1;0;25.0;PRIV_SANTE_CENTRE
2176;PRIVE;03;DESERTINES;1;1;0;25.0;PRIV_SANTE_CENTRE
2177;PRIVE;03;DOMERAT;1;1;0;25.0;PRIV_SANTE_CABINET
2178;PRIVE;03;LE MAYET-DE-MONTAGNE;1;1;0;25.0;PRIV_SANTE_CENTRE
2179;PRIVE;03;NERIS-LES-BAINS;1;1;0;25.0;PRIV_SANTE_CENTRE
2180;PRIVE;03;NEUILLY-LE-REAL;1;1;0;25.0;PRIV_SANTE_CENTRE
2181;PRIVE;03;QUINSSAINES;1;1;0;25.0;PRIV_SANTE_CENTRE
2182;PRIVE;03;SAINT-MENOUX;1;1;0;25.0;PRIV_SANTE_CENTRE
2183;PRIVE;03;VALIGNY;1;1;0;25.0;PRIV_SANTE_CENTRE
2184;PRIVE;04;BARCELONNETTE;1;1;0;25.0;PRIV_SANTE_CENTRE
2185;PRIVE;04;CRUIS;1;1;0;25.0;PRIV_SANTE_CENTRE
2186;PRIVE;04;ESTOUBLON;1;1;0;25.0;PRIV_SANTE_CENTRE
2187;PRIVE;04;FORCALQUIER;1;1;0;25.0;PRIV_SANTE_CENTRE
2188;PRIVE;04;ONGLES;1;1;0;25.0;PRIV_SANTE_CENTRE
2189;PRIVE;04;SEYNE;1;1;0;25.0;PRIV_SANTE_CABINET
2190;PRIVE;05;LA BATIE NEUVE;1;1;0;25.0;PRIV_SANTE_CABINET
2191;PRIVE;06;CONTES;1;1;0;25.0;PRIV_SANTE_CABINET
2192;PRIVE;06;MANDELIEU LA NAPOULE;1;1;0;25.0;PRIV_SANTE_CENTRE
2193;PRIVE;06;SAINT-PAUL-DE-VENCE;1;1;0;25.0;PRIV_SANTE_CENTRE
2194;PRIVE;07;BOURG-SAINT-ANDEOL;1;1;0;25.0;PRIV_SANTE_CABINET
2195;PRIVE;07;CHAMBONAS;1;1;0;25.0;PRIV_SANTE_CENTRE
2196;PRIVE;07;COUCOURON;1;1;0;25.0;PRIV_SANTE_CABINET
2197;PRIVE;07;LABEAUME;1;1;0;25.0;PRIV_SANTE_CENTRE
2198;PRIVE;07;LAGORCE;1;1;0;25.0;PRIV_SANTE_CENTRE
2199;PRIVE;07;LALOUVESC;1;1;0;25.0;PRIV_SANTE_CENTRE
2200;PRIVE;07;ROSIERES;1;1;0;25.0;PRIV_SANTE_CENTRE
2201;PRIVE;07;ST ETIENNE DE FONTBELLON;1;1;0;25.0;PRIV_SANTE_CENTRE
2202;PRIVE;07;THUEYTS;1;1;0;25.0;PRIV_SANTE_CENTRE
2203;PRIVE;07;VALS-LES-BAINS;1;1;0;25.0;PRIV_SANTE_CENTRE
2204;PRIVE;08;AUVILLERS-LES-FORGES;1;1;0;25.0;PRIV_SANTE_CENTRE
2205;PRIVE;08;HAM-SUR-MEUSE;1;1;0;25.0;PRIV_SANTE_CENTRE
2206;PRIVE;08;VOUZIERS;1;1;0;25.0;PRIV_SANTE_CENTRE
2207;PRIVE;09;DAUMAZAN-SUR-ARIZE;1;1;0;25.0;PRIV_SANTE_CENTRE
2208;PRIVE;09;LA TOUR-DU-CRIEU;1;1;0;25.0;PRIV_SANTE_CENTRE
2209;PRIVE;09;MASSAT;1;1;0;25.0;PRIV_SANTE_CABINET
2210;PRIVE;09;MERIGON;1;1;0;25.0;PRIV_SANTE_CENTRE
2211;PRIVE;09;MONTELS;1;1;0;25.0;PRIV_SANTE_CENTRE
2212;PRIVE;09;SAINT-JEAN-DE-VERGES;1;1;0;25.0;PRIV_SANTE_CABINET
2213;PRIVE;10;AIX-VILLEMAUR-PALIS;1;1;0;25.0;PRIV_SANTE_CENTRE
2214;PRIVE;10;MARCILLY-LE-HAYER;1;1;0;25.0;PRIV_SANTE_CENTRE
2215;PRIVE;10;SAINT-PARRES-AUX-TERTRES;1;1;0;25.0;PRIV_SANTE_CENTRE
2216;PRIVE;10;SAINTE-SAVINE;1;1;0;25.0;PRIV_SANTE_CENTRE
2217;PRIVE;10;VILLENAUXE-LA-GRANDE;1;1;0;25.0;PRIV_SANTE_CABINET
2218;PRIVE;11;BELPECH;1;1;0;25.0;PRIV_SANTE_CENTRE
2219;PRIVE;11;BIZANET;1;1;0;25.0;PRIV_SANTE_CENTRE
2220;PRIVE;11;DURBAN-CORBIERES;1;1;0;25.0;PRIV_SANTE_CENTRE
2221;PRIVE;11;ESPERAZA;1;1;0;25.0;PRIV_SANTE_CABINET
2222;PRIVE;11;FENDEILLE;1;1;0;25.0;PRIV_BUREAU
2223;PRIVE;11;POMAS;1;1;0;25.0;PRIV_SANTE_CENTRE
2224;PRIVE;11;ROULLENS;1;1;0;25.0;PRIV_SANTE_CENTRE
2225;PRIVE;11;VILLEDUBERT;1;1;0;25.0;PRIV_SANTE_CENTRE
2226;PRIVE;12;FONDAMENTE;1;1;0;25.0;PRIV_SANTE_CENTRE
2227;PRIVE;12;SAINT-HIPPOLYTE;1;1;0;25.0;PRIV_SANTE_CENTRE
2228;PRIVE;13;ALLAUCH;1;1;0;25.0;PRIV_SANTE_CENTRE
2229;PRIVE;13;LA BOUILLADISSE;1;1;0;25.0;PRIV_SANTE_CENTRE
2230;PRIVE;13;LA ROQUE D'ANTHERON;1;1;0;25.0;PRIV_SANTE_CENTRE
2231;PRIVE;13;LAMANON;1;1;0;25.0;PRIV_SANTE_CABINET
2232;PRIVE;13;LE ROVE;1;1;0;25.0;PRIV_SANTE_CENTRE
2233;PRIVE;13;LES PENNES-MIRABEAU;1;1;0;25.0;PRIV_SANTE_CENTRE
2234;PRIVE;13;MAILLANE;1;1;0;25.0;PRIV_SANTE_CENTRE
2235;PRIVE;13;MARSEILLE 5EME;1;1;0;25.0;PRIV_SANTE_CENTRE
2236;PRIVE;13;MARSEILLE 6EME;1;1;0;25.0;PRIV_SANTE_CENTRE
2237;PRIVE;13;MAUSSANE-LES-ALPILLES;1;1;0;25.0;PRIV_SANTE_CENTRE
2238;PRIVE;13;PEYNIER;1;1;0;25.0;PRIV_SANTE_CENTRE
2239;PRIVE;13;PEYPIN;1;1;0;25.0;IMMO_AGENCE
2240;PRIVE;13;PUYLOUBIER;1;1;0;25.0;PRIV_SANTE_CENTRE
2241;PRIVE;13;SAINT-ANTONIN-SUR-BAYON;1;1;0;25.0;PRIV_SANTE_CENTRE
2242;PRIVE;13;SAINT-MARTIN-DE-CRAU;1;1;0;25.0;PRIV_SANTE_CENTRE
2243;PRIVE;14;AMAYE-SUR-ORNE;1;1;0;25.0;PRIV_SANTE_CENTRE
2244;PRIVE;14;ANISY;1;1;0;25.0;PRIV_SANTE_CENTRE
2245;PRIVE;14;ASNELLES;1;1;0;25.0;PRIV_SANTE_CENTRE
2246;PRIVE;14;BENY-SUR-MER;1;1;0;25.0;PRIV_SANTE_CENTRE
2247;PRIVE;14;BIEVILLE-BEUVILLE;1;1;0;25.0;PRIV_SANTE_CENTRE
2248;PRIVE;14;BLONVILLE-SUR-MER;1;1;0;25.0;PRIV_SANTE_CENTRE
2249;PRIVE;14;BRETTEVILLE-SUR-LAIZE;1;1;0;25.0;PRIV_SANTE_CENTRE
2250;PRIVE;14;CASTILLON-EN-AUGE;1;1;0;25.0;PRIV_SANTE_CENTRE
2251;PRIVE;14;GRANGUES;1;1;0;25.0;PRIV_SANTE_CENTRE
2252;PRIVE;14;ISIGNY-SUR-MER;1;1;0;25.0;PRIV_SANTE_CENTRE
2253;PRIVE;14;LES MONTS D'AUNAY;1;1;0;25.0;PRIV_SANTE_CENTRE
2254;PRIVE;14;LIVAROT-PAYS-D'AUGE;1;1;0;25.0;PRIV_SANTE_CENTRE
2255;PRIVE;14;LUC-SUR-MER;1;1;0;25.0;PRIV_SANTE_CENTRE
2256;PRIVE;14;MAISONS;1;1;0;25.0;PRIV_SANTE_CENTRE
2257;PRIVE;14;MORTEAUX-COULIBOEUF;1;1;0;25.0;PRIV_SANTE_CENTRE
2258;PRIVE;14;NOUES DE SIENNE;1;1;0;25.0;PRIV_SANTE_CENTRE
2259;PRIVE;14;POTIGNY;1;1;0;25.0;PRIV_SANTE_CENTRE
2260;PRIVE;14;SAINT-AUBIN-SUR-MER;1;1;0;25.0;PRIV_SANTE_CENTRE
2261;PRIVE;14;VARAVILLE;1;1;0;25.0;PRIV_SANTE_CENTRE
2262;PRIVE;14;VERSAINVILLE;1;1;0;25.0;PRIV_SANTE_CENTRE
2263;PRIVE;15;ARPAJON-SUR-CERE;1;1;0;25.0;PRIV_SANTE_CENTRE
2264;PRIVE;15;MASSIAC;1;1;0;25.0;PRIV_SANTE_CENTRE
2265;PRIVE;15;RIOM-ES-MONTAGNES;1;1;0;25.0;PRIV_SANTE_CENTRE
2266;PRIVE;16;CHAZELLES;1;1;0;25.0;PRIV_SANTE_CENTRE
2267;PRIVE;16;LESTERPS;1;1;0;25.0;PRIV_SANTE_CENTRE
2268;PRIVE;16;MONTBRON;1;1;0;25.0;PRIV_SANTE_CENTRE
2269;PRIVE;16;SAINT-MICHEL;1;1;0;25.0;PRIV_SANTE_CENTRE
2270;PRIVE;16;SAINT-YRIEIX-SUR-CHARENTE;1;1;0;25.0;PRIV_SANTE_CENTRE
2271;PRIVE;16;SOYAUX;1;1;0;25.0;PRIV_SANTE_CABINET
2272;PRIVE;16;VOUHARTE;1;1;0;25.0;PRIV_SANTE_CENTRE
2273;PRIVE;17;BERNEUIL;1;1;0;25.0;PRIV_BUREAU
2274;PRIVE;17;BRIZAMBOURG;1;1;0;25.0;PRIV_SANTE_CENTRE
2275;PRIVE;17;CHAMBON;1;1;0;25.0;PRIV_SANTE_CENTRE
2276;PRIVE;17;CLERAC;1;1;0;25.0;PRIV_SANTE_CENTRE
2277;PRIVE;17;COURCELLES;1;1;0;25.0;PRIV_SANTE_CENTRE
2278;PRIVE;17;ESNANDES;1;1;0;25.0;PRIV_SANTE_CABINET
2279;PRIVE;17;LA GENETOUZE;1;1;0;25.0;PRIV_SANTE_CENTRE
2280;PRIVE;17;LA VALLEE;1;1;0;25.0;PRIV_SANTE_CENTRE
2281;PRIVE;17;LANDRAIS;1;1;0;25.0;PRIV_SANTE_CENTRE
2282;PRIVE;17;LORIGNAC;1;1;0;25.0;PRIV_SANTE_CENTRE
2283;PRIVE;17;MARENNES-HIERS-BROUAGE;1;1;0;25.0;PRIV_SANTE_CENTRE
2284;PRIVE;17;MORTAGNE-SUR-GIRONDE;1;1;0;25.0;PRIV_SANTE_CENTRE
2285;PRIVE;17;ROUFFIAC;1;1;0;25.0;PRIV_SANTE_CENTRE
2286;PRIVE;17;SAINT-MARTIAL-DE-MIRAMBEAU;1;1;0;25.0;PRIV_SANTE_CENTRE
2287;PRIVE;17;SAINT-SULPICE-DE-ROYAN;1;1;0;25.0;PRIV_SANTE_CENTRE
2288;PRIVE;17;SAINT-XANDRE;1;1;0;25.0;PRIV_SANTE_CENTRE
2289;PRIVE;17;SEMUSSAC;1;1;0;25.0;PRIV_SANTE_CENTRE
2290;PRIVE;17;SOULIGNONNE;1;1;0;25.0;PRIV_SANTE_CENTRE
2291;PRIVE;17;ST JEAN D'ANGELY;1;1;0;25.0;PRIV_SANTE_CENTRE
2292;PRIVE;17;THEZAC;1;1;0;25.0;PRIV_SANTE_CENTRE
2293;PRIVE;18;ARGENT-SUR-SAULDRE;1;1;0;25.0;PRIV_SANTE_CENTRE
2294;PRIVE;18;ARGENVIERES;1;1;0;25.0;PRIV_SANTE_CENTRE
2295;PRIVE;18;BAUGY;1;1;0;25.0;PRIV_SANTE_CABINET
2296;PRIVE;18;CREZANCY-EN-SANCERRE;1;1;0;25.0;PRIV_SANTE_CENTRE
2297;PRIVE;18;FUSSY;1;1;0;25.0;PRIV_SANTE_CENTRE
2298;PRIVE;18;LIGNIERES;1;1;0;25.0;PRIV_SANTE_CENTRE
2299;PRIVE;18;SAINT-GEORGES-DE-POISIEUX;1;1;0;25.0;PRIV_SANTE_CENTRE
2300;PRIVE;18;SUBLIGNY;1;1;0;25.0;PRIV_SANTE_CENTRE
2301;PRIVE;19;AYEN;1;1;0;25.0;PRIV_SANTE_CABINET
2302;PRIVE;19;CORREZE;1;1;0;25.0;PRIV_SANTE_CENTRE
2303;PRIVE;19;LAGRAULIERE;1;1;0;25.0;PRIV_SANTE_CENTRE
2304;PRIVE;19;MANSAC;1;1;0;25.0;PRIV_SANTE_CENTRE
2305;PRIVE;19;MEYSSAC;1;1;0;25.0;PRIV_SANTE_CENTRE
2306;PRIVE;19;PERPEZAC-LE-NOIR;1;1;0;25.0;PRIV_SANTE_CENTRE
2307;PRIVE;19;ROSIERS-D EGLETONS;1;1;0;25.0;PRIV_SANTE_CABINET
2308;PRIVE;19;SAINT-BAZILE-DE-MEYSSAC;1;1;0;25.0;PRIV_SANTE_CENTRE
2309;PRIVE;19;SAINT-MARTIAL-DE-GIMEL;1;1;0;25.0;PRIV_SANTE_CENTRE
2310;PRIVE;19;TULLE;1;1;0;25.0;PRIV_SANTE_CABINET
2311;PRIVE;19;USSEL;1;1;0;25.0;PRIV_SANTE_CENTRE
2312;PRIVE;19;UZERCHE;1;1;0;25.0;PRIV_SANTE_CENTRE
2313;PRIVE;19;VARETZ;1;1;0;25.0;PRIV_SANTE_CENTRE
2314;PRIVE;21;ARC-SUR-TILLE;1;1;0;25.0;PRIV_SANTE_CENTRE
2315;PRIVE;21;LA MOTTE-TERNANT;1;1;0;25.0;PRIV_SANTE_CENTRE
2316;PRIVE;21;MARLIENS;1;1;0;25.0;PRIV_SANTE_CENTRE
2317;PRIVE;21;MIREBEAU-SUR-BEZE;1;1;0;25.0;PRIV_SANTE_CENTRE
2318;PRIVE;21;MONTAGNY-LES-BEAUNE;1;1;0;25.0;PRIV_SANTE_CENTRE
2319;PRIVE;21;ROUVRAY;1;1;0;25.0;PRIV_SANTE_CENTRE
2320;PRIVE;21;SAULIEU;1;1;0;25.0;PRIV_SANTE_CENTRE
2321;PRIVE;21;THOREY-EN-PLAINE;1;1;0;25.0;PRIV_SANTE_CABINET
2322;PRIVE;22;BEGARD;1;1;0;25.0;PRIV_SANTE_CENTRE
2323;PRIVE;22;BROONS;1;1;0;25.0;PRIV_SANTE_CENTRE
2324;PRIVE;22;LA BOUILLIE;1;1;0;25.0;PRIV_SANTE_CENTRE
2325;PRIVE;22;LANLOUP;1;1;0;25.0;PRIV_SANTE_CENTRE
2326;PRIVE;22;LOGUIVY-PLOUGRAS;1;1;0;25.0;PRIV_SANTE_CENTRE
2327;PRIVE;22;MEGRIT;1;1;0;25.0;PRIV_SANTE_CENTRE
2328;PRIVE;22;PLELAN-LE-PETIT;1;1;0;25.0;PRIV_SANTE_CENTRE
2329;PRIVE;22;PLEUMEUR-BODOU;1;1;0;25.0;PRIV_SANTE_CENTRE
2330;PRIVE;22;PLOUGRESCANT;1;1;0;25.0;PRIV_SANTE_CENTRE
2331;PRIVE;22;PLOUGUERNEVEL;1;1;0;25.0;PRIV_SANTE_CENTRE
2332;PRIVE;22;PLOUHA;1;1;0;25.0;PRIV_SANTE_CENTRE
2333;PRIVE;22;PLUSSULIEN;1;1;0;25.0;PRIV_SANTE_CENTRE
2334;PRIVE;22;PORDIC;1;1;0;25.0;PRIV_SANTE_CENTRE
2335;PRIVE;22;QUESSOY;1;1;0;25.0;PRIV_SANTE_CENTRE
2336;PRIVE;22;SAINT-CLET;1;1;0;25.0;PRIV_SANTE_CENTRE
2337;PRIVE;22;SAINT-HELEN;1;1;0;25.0;PRIV_SANTE_CENTRE
2338;PRIVE;22;SAINT-SAMSON-SUR-RANCE;1;1;0;25.0;PRIV_SANTE_CENTRE
2339;PRIVE;23;AHUN;1;1;0;25.0;PRIV_SANTE_CABINET
2340;PRIVE;23;LAVAVEIX-LES-MINES;1;1;0;25.0;PRIV_SANTE_CENTRE
2341;PRIVE;23;MAINSAT;1;1;0;25.0;PRIV_SANTE_CABINET
2342;PRIVE;23;SAINT-MARTIN-CHATEAU;1;1;0;25.0;PRIV_SANTE_CENTRE
2343;PRIVE;24;AUBAS;1;1;0;25.0;PRIV_SANTE_CENTRE
2344;PRIVE;24;BEAUREGARD-ET-BASSAC;1;1;0;25.0;PRIV_SANTE_CENTRE
2345;PRIVE;24;CHALAGNAC;1;1;0;25.0;PRIV_SANTE_CENTRE
2346;PRIVE;24;CHERVEIX-CUBAS;1;1;0;25.0;PRIV_SANTE_CENTRE
2347;PRIVE;24;CORGNAC SUR L'ISLE;1;1;0;25.0;PRIV_SANTE_CENTRE
2348;PRIVE;24;COULAURES;1;1;0;25.0;PRIV_SANTE_CENTRE
2349;PRIVE;24;ECHOURGNAC;1;1;0;25.0;PRIV_SANTE_CENTRE
2350;PRIVE;24;ISSAC;1;1;0;25.0;PRIV_SANTE_CENTRE
2351;PRIVE;24;LA BACHELLERIE;1;1;0;25.0;PRIV_SANTE_CENTRE
2352;PRIVE;24;LA DORNAC;1;1;0;25.0;PRIV_SANTE_CENTRE
2353;PRIVE;24;LA ROCHE CHALAIS;1;1;0;25.0;PRIV_SANTE_CENTRE
2354;PRIVE;24;LAMONZIE-MONTASTRUC;1;1;0;25.0;PRIV_SANTE_CENTRE
2355;PRIVE;24;MONTPON-MENESTEROL;1;1;0;25.0;PRIV_SANTE_CENTRE
2356;PRIVE;24;ROUFFIGNAC-SAINT-CERNIN-DE-REILHAC;1;1;0;25.0;PRIV_SANTE_CENTRE
2357;PRIVE;24;SAINT-ANTOINE-DE-BREUILH;1;1;0;25.0;PRIV_SANTE_CENTRE
2358;PRIVE;24;SAINT-ASTIER;1;1;0;25.0;PRIV_SANTE_CENTRE
2359;PRIVE;24;SAINT-ESTEPHE;1;1;0;25.0;PRIV_SANTE_CENTRE
2360;PRIVE;24;SALIGNAC-EYVIGUES;1;1;0;25.0;PRIV_SANTE_CENTRE
2361;PRIVE;24;SARRAZAC;1;1;0;25.0;PRIV_SANTE_CENTRE
2362;PRIVE;24;TAMNIES;1;1;0;25.0;PRIV_SANTE_CENTRE
2363;PRIVE;24;THENON;1;1;0;25.0;PRIV_SANTE_CABINET
2364;PRIVE;25;DAMPRICHARD;1;1;0;25.0;PRIV_SANTE_CENTRE
2365;PRIVE;25;DOUBS;1;1;0;25.0;PRIV_SANTE_CENTRE
2366;PRIVE;25;GENEUILLE;1;1;0;25.0;PRIV_SANTE_CENTRE
2367;PRIVE;26;CLEON-D'ANDRAN;1;1;0;25.0;PRIV_SANTE_CENTRE
2368;PRIVE;26;LA BEGUDE-DE-MAZENC;1;1;0;25.0;PRIV_RESTAURANT
2369;PRIVE;26;LA CHAPELLE-EN-VERCORS;1;1;0;25.0;PRIV_SANTE_CENTRE
2370;PRIVE;26;LAPEYROUSE-MORNAY;1;1;0;25.0;PRIV_SANTE_CENTRE
2371;PRIVE;26;LE POET-LAVAL;1;1;0;25.0;PRIV_SANTE_CENTRE
2372;PRIVE;26;LIVRON SUR DROME;1;1;0;25.0;IMMO_AGENCE
2373;PRIVE;26;MONTSEGUR-SUR-LAUZON;1;1;0;25.0;PRIV_SANTE_CENTRE
2374;PRIVE;26;NYONS;1;1;0;25.0;PRIV_SANTE_CENTRE
2375;PRIVE;26;PIEGROS-LA-CLASTRE;1;1;0;25.0;PRIV_SANTE_CENTRE
2376;PRIVE;26;PIERRELONGUE;1;1;0;25.0;PRIV_SANTE_CENTRE
2377;PRIVE;26;PONT-DE-BARRET;1;1;0;25.0;PRIV_SANTE_CENTRE
2378;PRIVE;26;SAILLANS;1;1;0;25.0;PRIV_SANTE_CENTRE
2379;PRIVE;26;SAINT-LAURENT-EN-ROYANS;1;1;0;25.0;PRIV_SANTE_CENTRE
2380;PRIVE;26;SAINT-PAUL-TROIS-CHATEAUX;1;1;0;25.0;PRIV_SANTE_CENTRE
2381;PRIVE;27;BOUAFLES;1;1;0;25.0;PRIV_SANTE_CENTRE
2382;PRIVE;27;GUICHAINVILLE;1;1;0;25.0;PRIV_SANTE_CENTRE
2383;PRIVE;27;HECOURT;1;1;0;25.0;PRIV_SANTE_CENTRE
2384;PRIVE;27;HEUDREVILLE-SUR-EURE;1;1;0;25.0;PRIV_SANTE_CENTRE
2385;PRIVE;27;LA CHAPELLE-LONGUEVILLE;1;1;0;25.0;PRIV_SANTE_CENTRE
2386;PRIVE;27;LA HAYE-AUBREE;1;1;0;25.0;PRIV_SANTE_CENTRE
2387;PRIVE;27;LE THUIT DE L'OISON;1;1;0;25.0;PRIV_SANTE_CENTRE
2388;PRIVE;27;MESNIL-SOUS-VIENNE;1;1;0;25.0;PRIV_SANTE_CENTRE
2389;PRIVE;27;MEZIERES-EN-VEXIN;1;1;0;25.0;PRIV_SANTE_CENTRE
2390;PRIVE;27;PONT-AUDEMER;1;1;0;25.0;PRIV_SANTE_CENTRE
2391;PRIVE;27;ROMILLY-LA-PUTHENAYE;1;1;0;25.0;PRIV_SANTE_CENTRE
2392;PRIVE;27;SAINT-AGNAN-DE-CERNIERES;1;1;0;25.0;PRIV_SANTE_CENTRE
2393;PRIVE;27;SAINT-ETIENNE-L'ALLIER;1;1;0;25.0;PRIV_SANTE_CENTRE
2394;PRIVE;27;SAINT-PIERRE-DE-BAILLEUL;1;1;0;25.0;PRIV_SANTE_CENTRE
2395;PRIVE;27;SAINTE-OPPORTUNE-LA-MARE;1;1;0;25.0;PRIV_SANTE_CENTRE
2396;PRIVE;27;SYLVAINS-LES-MOULINS;1;1;0;25.0;PRIV_SANTE_CENTRE
2397;PRIVE;27;VIRONVAY;1;1;0;25.0;PRIV_SANTE_CENTRE
2398;PRIVE;28;AUNAY-SOUS-AUNEAU;1;1;0;25.0;PRIV_SANTE_CENTRE
2399;PRIVE;28;BROU;1;1;0;25.0;PRIV_SANTE_CENTRE
2400;PRIVE;28;CHARTAINVILLIERS;1;1;0;25.0;PRIV_SANTE_CENTRE
2401;PRIVE;28;CHASSANT;1;1;0;25.0;PRIV_SANTE_CENTRE
2402;PRIVE;28;CRUCEY-VILLAGES;1;1;0;25.0;PRIV_SANTE_CENTRE
2403;PRIVE;28;FAVEROLLES;1;1;0;25.0;PRIV_SANTE_CENTRE
2404;PRIVE;28;GARNAY;1;1;0;25.0;PRIV_SANTE_CENTRE
2405;PRIVE;28;GOMMERVILLE;1;1;0;25.0;PRIV_SANTE_CENTRE
2406;PRIVE;28;HANCHES;1;1;0;25.0;PRIV_SANTE_CENTRE
2407;PRIVE;28;MESLAY-LE-GRENET;1;1;0;25.0;PRIV_SANTE_CENTRE
2408;PRIVE;28;MIERMAIGNE;1;1;0;25.0;PRIV_SANTE_CENTRE
2409;PRIVE;28;NEUVY EN DUNOIS;1;1;0;25.0;PRIV_SANTE_CENTRE
2410;PRIVE;28;PRUNAY-LE-GILLON;1;1;0;25.0;PRIV_SANTE_CENTRE
2411;PRIVE;28;SAINT-PREST;1;1;0;25.0;PRIV_SANTE_CENTRE
2412;PRIVE;28;SENANTES;1;1;0;25.0;PRIV_RESTAURANT
2413;PRIVE;28;VILLIERS-LE-MORHIER;1;1;0;25.0;PRIV_SANTE_CENTRE
2414;PRIVE;29;BEUZEC-CAP-SIZUN;1;1;0;25.0;PRIV_SANTE_CENTRE
2415;PRIVE;29;CARHAIX-PLOUGUER;1;1;0;25.0;PRIV_SANTE_CENTRE
2416;PRIVE;29;CAST;1;1;0;25.0;PRIV_SANTE_CENTRE
2417;PRIVE;29;CLOHARS-FOUESNANT;1;1;0;25.0;PRIV_SANTE_CENTRE
2418;PRIVE;29;CROZON;1;1;0;25.0;PRIV_SANTE_CENTRE
2419;PRIVE;29;DAOULAS;1;1;0;25.0;PRIV_SANTE_CENTRE
2420;PRIVE;29;DINEAULT;1;1;0;25.0;PRIV_SANTE_CENTRE
2421;PRIVE;29;GUILVINEC;1;1;0;25.0;PRIV_SANTE_CENTRE
2422;PRIVE;29;LAMPAUL-PLOUARZEL;1;1;0;25.0;PRIV_SANTE_CENTRE
2423;PRIVE;29;LANDEDA;1;1;0;25.0;PRIV_SANTE_CENTRE
2424;PRIVE;29;LANVEOC;1;1;0;25.0;PRIV_SANTE_CENTRE
2425;PRIVE;29;LE CONQUET;1;1;0;25.0;PRIV_SANTE_CENTRE
2426;PRIVE;29;LESNEVEN;1;1;0;25.0;PRIV_SANTE_CENTRE
2427;PRIVE;29;MAHALON;1;1;0;25.0;PRIV_SANTE_CENTRE
2428;PRIVE;29;PLABENNEC;1;1;0;25.0;PRIV_SANTE_CENTRE
2429;PRIVE;29;PLOUGASNOU;1;1;0;25.0;PRIV_SANTE_CENTRE
2430;PRIVE;29;PLOUGONVEN;1;1;0;25.0;PRIV_SANTE_CENTRE
2431;PRIVE;29;PLOUIGNEAU;1;1;0;25.0;PRIV_SANTE_CENTRE
2432;PRIVE;29;PLOUNEOUR-MENEZ;1;1;0;25.0;PRIV_SANTE_CENTRE
2433;PRIVE;29;PLOUZANE;1;1;0;25.0;PRIV_SANTE_CABINET
2434;PRIVE;29;PONT-DE-BUIS-LES-QUIMERCH;1;1;0;25.0;PRIV_SANTE_CENTRE
2435;PRIVE;29;PONT-L'ABBE;1;1;0;25.0;PRIV_SANTE_CENTRE
2436;PRIVE;29;SAINT-EVARZEC;1;1;0;25.0;PRIV_SANTE_CENTRE
2437;PRIVE;29;SAINT-YVI;1;1;0;25.0;PRIV_SANTE_CENTRE
2438;PRIVE;2A;CARGESE;1;1;0;25.0;PRIV_SANTE_CENTRE
2439;PRIVE;2A;GROSSA;1;1;0;25.0;PRIV_SANTE_CENTRE
2440;PRIVE;2A;PIANOTTOLI-CALDARELLO;1;1;0;25.0;PRIV_SANTE_CABINET
2441;PRIVE;2A;SARI-SOLENZARA;1;1;0;25.0;PRIV_SANTE_CABINET
2442;PRIVE;2B;CASANOVA;1;1;0;25.0;PRIV_SANTE_CENTRE
2443;PRIVE;2B;CENTURI;1;1;0;25.0;PRIV_SANTE_CABINET
2444;PRIVE;2B;GHISONACCIA;1;1;0;25.0;PRIV_SANTE_CENTRE
2445;PRIVE;2B;MONTICELLO;1;1;0;25.0;PRIV_SANTE_CENTRE
2446;PRIVE;2B;ROGLIANO;1;1;0;25.0;PRIV_SANTE_CENTRE
2447;PRIVE;2B;SAINT-FLORENT;1;1;0;25.0;PRIV_SANTE_CENTRE
2448;PRIVE;2B;SPELONCATO;1;1;0;25.0;PRIV_SANTE_CENTRE
2449;PRIVE;30;BAGNOLS-SUR-CEZE;1;1;0;25.0;PRIV_SANTE_CENTRE
2450;PRIVE;30;BEAUCAIRE;1;1;0;25.0;PRIV_SANTE_CENTRE
2451;PRIVE;30;BREAU-MARS;1;1;0;25.0;PRIV_SANTE_CENTRE
2452;PRIVE;30;CALVISSON;1;1;0;25.0;PRIV_SANTE_CENTRE
2453;PRIVE;30;LA GRAND-COMBE;1;1;0;25.0;PRIV_SANTE_CENTRE
2454;PRIVE;30;POULX;1;1;0;25.0;PRIV_SANTE_CENTRE
2455;PRIVE;30;ROUSSON;1;1;0;25.0;PRIV_SANTE_CENTRE
2456;PRIVE;30;SAINT-BRES;1;1;0;25.0;PRIV_SANTE_CENTRE
2457;PRIVE;30;SAINT-LAURENT-LA-VERNEDE;1;1;0;25.0;PRIV_SANTE_CENTRE
2458;PRIVE;30;SAINT-MICHEL-D'EUZET;1;1;0;25.0;PRIV_SANTE_CENTRE
2459;PRIVE;30;SALAZAC;1;1;0;25.0;PRIV_SANTE_CENTRE
2460;PRIVE;30;VAUVERT;1;1;0;25.0;PRIV_SANTE_CENTRE
2461;PRIVE;30;VERFEUIL;1;1;0;25.0;PRIV_SANTE_CENTRE
2462;PRIVE;31;AVIGNONET-LAURAGAIS;1;1;0;25.0;PRIV_SANTE_CENTRE
2463;PRIVE;31;BEAUMONT-SUR-LEZE;1;1;0;25.0;PRIV_SANTE_CENTRE
2464;PRIVE;31;BONREPOS-SUR-AUSSONNELLE;1;1;0;25.0;PRIV_SANTE_CABINET
2465;PRIVE;31;BRAX;1;1;0;25.0;PRIV_SANTE_CENTRE
2466;PRIVE;31;BRUGUIERES;1;1;0;25.0;PRIV_SANTE_CENTRE
2467;PRIVE;31;CADOURS;1;1;0;25.0;PRIV_SANTE_CENTRE
2468;PRIVE;31;CASTELMAUROU;1;1;0;25.0;PRIV_SANTE_CENTRE
2469;PRIVE;31;CASTELNAU-D'ESTRETEFONDS;1;1;0;25.0;PRIV_SANTE_CENTRE
2470;PRIVE;31;CORRONSAC;1;1;0;25.0;PRIV_SANTE_CENTRE
2471;PRIVE;31;FRONTON;1;1;0;25.0;PRIV_SANTE_CENTRE
2472;PRIVE;31;FROUZINS;1;1;0;25.0;PRIV_SANTE_CENTRE
2473;PRIVE;31;GRENADE;1;1;0;25.0;PRIV_SANTE_CENTRE
2474;PRIVE;31;ISSUS;1;1;0;25.0;PRIV_SANTE_CENTRE
2475;PRIVE;31;LABASTIDE-CLERMONT;1;1;0;25.0;PRIV_SANTE_CENTRE
2476;PRIVE;31;LAUNAGUET;1;1;0;25.0;PRIV_SANTE_CENTRE
2477;PRIVE;31;LE FOUSSERET;1;1;0;25.0;PRIV_SANTE_CENTRE
2478;PRIVE;31;MARTRES-TOLOSANE;1;1;0;25.0;PRIV_SANTE_CENTRE
2479;PRIVE;31;MONTESPAN;1;1;0;25.0;PRIV_SANTE_CENTRE
2480;PRIVE;31;PLAISANCE-DU-TOUCH;1;1;0;25.0;PRIV_SANTE_CENTRE
2481;PRIVE;31;REVEL;1;1;0;25.0;PRIV_SANTE_CENTRE
2482;PRIVE;31;SAINT-LYS;1;1;0;25.0;PRIV_SANTE_CENTRE
2483;PRIVE;31;VENERQUE;1;1;0;25.0;PRIV_SANTE_CENTRE
2484;PRIVE;32;JUILLAC;1;1;0;25.0;PRIV_SANTE_CENTRE
2485;PRIVE;32;SABAZAN;1;1;0;25.0;PRIV_SANTE_CENTRE
2486;PRIVE;32;TERRAUBE;1;1;0;25.0;PRIV_SANTE_CENTRE
2487;PRIVE;33;AYGUEMORTE-LES-GRAVES;1;1;0;25.0;PRIV_SANTE_CENTRE
2488;PRIVE;33;BARSAC;1;1;0;25.0;PRIV_SANTE_CENTRE
2489;PRIVE;33;BLAYE;1;1;0;25.0;PRIV_SANTE_CENTRE
2490;PRIVE;33;CAMIAC-ET-SAINT-DENIS;1;1;0;25.0;PRIV_SANTE_CENTRE
2491;PRIVE;33;CAMPUGNAN;1;1;0;25.0;PRIV_SANTE_CENTRE
2492;PRIVE;33;CASTILLON-LA-BATAILLE;1;1;0;25.0;PRIV_SANTE_CABINET
2493;PRIVE;33;CAUMONT;1;1;0;25.0;PRIV_SANTE_CENTRE
2494;PRIVE;33;GENISSAC;1;1;0;25.0;PRIV_SANTE_CENTRE
2495;PRIVE;33;GRAYAN ET L'HOPITAL;1;1;0;25.0;IMMO_AGENCE
2496;PRIVE;33;GRAYAN-ET-L'HOPITAL;1;1;0;25.0;PRIV_SANTE_CENTRE
2497;PRIVE;33;HOURTIN;1;1;0;25.0;PRIV_SANTE_CENTRE
2498;PRIVE;33;LA TESTE DE BUCH;1;1;0;25.0;PRIV_SANTE_CENTRE
2499;PRIVE;33;LESTIAC-SUR-GARONNE;1;1;0;25.0;PRIV_SANTE_CENTRE
2500;PRIVE;33;LISTRAC-MEDOC;1;1;0;25.0;PRIV_SANTE_CENTRE
2501;PRIVE;33;MARTIGNAS-SUR-JALLE;1;1;0;25.0;PRIV_SANTE_CENTRE
2502;PRIVE;33;MARTILLAC;1;1;0;25.0;PRIV_SANTE_CABINET
2503;PRIVE;33;PODENSAC;1;1;0;25.0;PRIV_SANTE_CENTRE
2504;PRIVE;33;RAUZAN;1;1;0;25.0;PRIV_SANTE_CENTRE
2505;PRIVE;33;SAINT-CAPRAIS-DE-BORDEAUX;1;1;0;25.0;PRIV_SANTE_CENTRE
2506;PRIVE;33;SAINT-CHRISTOPHE-DE-DOUBLE;1;1;0;25.0;PRIV_SANTE_CENTRE
2507;PRIVE;33;SAINT-DENIS-DE-PILE;1;1;0;25.0;PRIV_SANTE_CABINET
2508;PRIVE;33;SAINT-LOUBES;1;1;0;25.0;PRIV_SANTE_CENTRE
2509;PRIVE;33;SAINT-MACAIRE;1;1;0;25.0;PRIV_SANTE_CENTRE
2510;PRIVE;33;SAINT-SEURIN-SUR-L'ISLE;1;1;0;25.0;PRIV_SANTE_CENTRE
2511;PRIVE;33;SAINT-VIVIEN-DE-MEDOC;1;1;0;25.0;PRIV_SANTE_CENTRE
2512;PRIVE;33;SAINTE-FOY-LA-GRANDE;1;1;0;25.0;PRIV_SANTE_CENTRE
2513;PRIVE;34;BESSAN;1;1;0;25.0;PRIV_SANTE_CENTRE
2514;PRIVE;34;CABRIERES;1;1;0;25.0;PRIV_SANTE_CENTRE
2515;PRIVE;34;CANDILLARGUES;1;1;0;25.0;PRIV_SANTE_CENTRE
2516;PRIVE;34;CAZILHAC;1;1;0;25.0;PRIV_SANTE_CENTRE
2517;PRIVE;34;CLAPIERS;1;1;0;25.0;PRIV_SANTE_CENTRE
2518;PRIVE;34;CLERMONT-L'HERAULT;1;1;0;25.0;PRIV_SANTE_CENTRE
2519;PRIVE;34;FONTANES;1;1;0;25.0;PRIV_SANTE_CENTRE
2520;PRIVE;34;MARAUSSAN;1;1;0;25.0;PRIV_SANTE_CABINET
2521;PRIVE;34;PUISSERGUIER;1;1;0;25.0;PRIV_SANTE_CENTRE
2522;PRIVE;34;SAINT-JEAN-DE-FOS;1;1;0;25.0;PRIV_SANTE_CENTRE
2523;PRIVE;34;USCLAS-D'HERAULT;1;1;0;25.0;PRIV_SANTE_CENTRE
2524;PRIVE;34;VENDEMIAN;1;1;0;25.0;PRIV_SANTE_CENTRE
2525;PRIVE;35;CHEVAIGNE;1;1;0;25.0;PRIV_SANTE_CENTRE
2526;PRIVE;35;LA GUERCHE-DE-BRETAGNE;1;1;0;25.0;PRIV_SANTE_CENTRE
2527;PRIVE;35;LA RICHARDAIS;1;1;0;25.0;PRIV_SANTE_CENTRE
2528;PRIVE;35;LANGON;1;1;0;25.0;PRIV_SANTE_CENTRE
2529;PRIVE;35;LE TRONCHET;1;1;0;25.0;PRIV_SANTE_CENTRE
2530;PRIVE;35;MARTIGNE-FERCHAUD;1;1;0;25.0;PRIV_SANTE_CENTRE
2531;PRIVE;35;MEDREAC;1;1;0;25.0;PRIV_SANTE_CENTRE
2532;PRIVE;35;NOYAL-CHATILLON-SUR-SEICHE;1;1;0;25.0;PRIV_SANTE_CABINET
2533;PRIVE;35;PIRE-CHANCE;1;1;0;25.0;PRIV_SANTE_CENTRE
2534;PRIVE;35;TALENSAC;1;1;0;25.0;PRIV_SANTE_CENTRE
2535;PRIVE;35;VAL D'ANAST;1;1;0;25.0;PRIV_SANTE_CENTRE
2536;PRIVE;36;BUZANCAIS;1;1;0;25.0;PRIV_SANTE_CENTRE
2537;PRIVE;37;ABILLY;1;1;0;25.0;PRIV_BUREAU
2538;PRIVE;37;AZAY-SUR-CHER;1;1;0;25.0;PRIV_SANTE_CENTRE
2539;PRIVE;37;CHARENTILLY;1;1;0;25.0;PRIV_SANTE_CENTRE
2540;PRIVE;37;CHAUMUSSAY;1;1;0;25.0;PRIV_SANTE_CENTRE
2541;PRIVE;37;LA CROIX-EN-TOURAINE;1;1;0;25.0;PRIV_SANTE_CENTRE
2542;PRIVE;37;LE GRAND-PRESSIGNY;1;1;0;25.0;PRIV_SANTE_CENTRE
2543;PRIVE;37;ROUZIERS-DE-TOURAINE;1;1;0;25.0;PRIV_SANTE_CENTRE
2544;PRIVE;37;SAINT-NICOLAS-DE-BOURGUEIL;1;1;0;25.0;PRIV_SANTE_CENTRE
2545;PRIVE;37;SAINT-NICOLAS-DES-MOTETS;1;1;0;25.0;PRIV_SANTE_CENTRE
2546;PRIVE;37;VILLELOIN-COULANGE;1;1;0;25.0;PRIV_SANTE_CENTRE
2547;PRIVE;37;YZEURES-SUR-CREUSE;1;1;0;25.0;PRIV_SANTE_CENTRE
2548;PRIVE;38;CHATTE;1;1;0;25.0;PRIV_SANTE_CENTRE
2549;PRIVE;38;CHICHILIANNE;1;1;0;25.0;PRIV_SANTE_CENTRE
2550;PRIVE;38;DOLOMIEU;1;1;0;25.0;PRIV_SANTE_CENTRE
2551;PRIVE;38;LE HAUT-BREDA;1;1;0;25.0;PRIV_SANTE_CENTRE
2552;PRIVE;38;MIRIBEL-LES-ECHELLES;1;1;0;25.0;PRIV_SANTE_CENTRE
2553;PRIVE;38;MOTTIER;1;1;0;25.0;PRIV_SANTE_CABINET
2554;PRIVE;38;PONT-EVEQUE;1;1;0;25.0;PRIV_SANTE_CENTRE
2555;PRIVE;38;ROYBON;1;1;0;25.0;PRIV_SANTE_CABINET
2556;PRIVE;38;SAINT-PIERRE-DE-CHARTREUSE;1;1;0;25.0;PRIV_SANTE_CABINET
2557;PRIVE;39;ARBOIS;1;1;0;25.0;PRIV_SANTE_CENTRE
2558;PRIVE;39;BANS;1;1;0;25.0;PRIV_SANTE_CABINET
2559;PRIVE;39;LONS-LE-SAUNIER;1;1;0;25.0;PRIV_SANTE_CENTRE
2560;PRIVE;39;MAYNAL;1;1;0;25.0;PRIV_SANTE_CENTRE
2561;PRIVE;39;SAINT-MAURICE-CRILLAT;1;1;0;25.0;PRIV_SANTE_CENTRE
2562;PRIVE;39;VERS-EN-MONTAGNE;1;1;0;25.0;PRIV_SANTE_CENTRE
2563;PRIVE;40;AUDIGNON;1;1;0;25.0;PRIV_SANTE_CENTRE
2564;PRIVE;40;AZUR;1;1;0;25.0;PRIV_SANTE_CENTRE
2565;PRIVE;40;GASTES;1;1;0;25.0;PRIV_SANTE_CENTRE
2566;PRIVE;40;PARENTIS-EN-BORN;1;1;0;25.0;PRIV_SANTE_CENTRE
2567;PRIVE;40;RIVIERE-SAAS-ET-GOURBY;1;1;0;25.0;PRIV_SANTE_CENTRE
2568;PRIVE;40;SAINT-VINCENT-DE-TYROSSE;1;1;0;25.0;PRIV_SANTE_CENTRE
2569;PRIVE;40;VIELLE-SAINT-GIRONS;1;1;0;25.0;PRIV_SANTE_CENTRE
2570;PRIVE;41;BUSLOUP;1;1;0;25.0;PRIV_SANTE_CENTRE
2571;PRIVE;41;FRETEVAL;1;1;0;25.0;PRIV_SANTE_CENTRE
2572;PRIVE;41;LA CHAPELLE-VICOMTESSE;1;1;0;25.0;PRIV_SANTE_CENTRE
2573;PRIVE;41;MER;1;1;0;25.0;PRIV_SANTE_CENTRE
2574;PRIVE;41;NOYERS-SUR-CHER;1;1;0;25.0;PRIV_SANTE_CENTRE
2575;PRIVE;41;SAINT-AMAND-LONGPRE;1;1;0;25.0;PRIV_SANTE_CENTRE
2576;PRIVE;41;SAINT-GOURGON;1;1;0;25.0;PRIV_SANTE_CENTRE
2577;PRIVE;41;SAINT-SULPICE-DE-POMMERAY;1;1;0;25.0;PRIV_SANTE_CENTRE
2578;PRIVE;41;SANTENAY;1;1;0;25.0;PRIV_SANTE_CENTRE
2579;PRIVE;41;SOUESMES;1;1;0;25.0;PRIV_SANTE_CENTRE
2580;PRIVE;41;VILLEFRANCHE-SUR-CHER;1;1;0;25.0;PRIV_SANTE_CABINET
2581;PRIVE;42;MONTBRISON;1;1;0;25.0;PRIV_SANTE_CENTRE
2582;PRIVE;43;COUBON;1;1;0;25.0;PRIV_SANTE_CENTRE
2583;PRIVE;43;LES ESTABLES;1;1;0;25.0;PRIV_SANTE_CENTRE
2584;PRIVE;43;MONTFAUCON-EN-VELAY;1;1;0;25.0;PRIV_SANTE_CENTRE
2585;PRIVE;43;PEBRAC;1;1;0;25.0;PRIV_SANTE_CENTRE
2586;PRIVE;43;SAINT-ETIENNE-LARDEYROL;1;1;0;25.0;PRIV_SANTE_CENTRE
2587;PRIVE;44;CHEIX-EN-RETZ;1;1;0;25.0;PRIV_SANTE_CENTRE
2588;PRIVE;44;GORGES;1;1;0;25.0;PRIV_SANTE_CENTRE
2589;PRIVE;44;LA BERNERIE-EN-RETZ;1;1;0;25.0;PRIV_SANTE_CENTRE
2590;PRIVE;44;LA CHAPELLE-DES-MARAIS;1;1;0;25.0;PRIV_SANTE_CENTRE
2591;PRIVE;44;LE PALLET;1;1;0;25.0;PRIV_SANTE_CENTRE
2592;PRIVE;44;LES SORINIERES;1;1;0;25.0;PRIV_SANTE_CABINET
2593;PRIVE;44;MACHECOUL-SAINT-MEME;1;1;0;25.0;PRIV_SANTE_CENTRE
2594;PRIVE;44;MARSAC-SUR-DON;1;1;0;25.0;PRIV_SANTE_CABINET
2595;PRIVE;44;SAINT-AIGNAN-GRANDLIEU;1;1;0;25.0;PRIV_SANTE_CABINET
2596;PRIVE;44;SAINT-BREVIN-LES-PINS;1;1;0;25.0;PRIV_SANTE_CENTRE
2597;PRIVE;44;SAINT-ETIENNE-DE-MONTLUC;1;1;0;25.0;PRIV_SANTE_CENTRE
2598;PRIVE;44;SAINT-JULIEN-DE-CONCELLES;1;1;0;25.0;PRIV_SANTE_CENTRE
2599;PRIVE;44;SAINT-MARS-DE-COUTAIS;1;1;0;25.0;PRIV_SANTE_CENTRE
2600;PRIVE;44;SAINT-MARS-DU-DESERT;1;1;0;25.0;PRIV_SANTE_CENTRE
2601;PRIVE;44;SAINT-PERE-EN-RETZ;1;1;0;25.0;PRIV_SANTE_CENTRE
2602;PRIVE;44;SAINT-VINCENT-DES-LANDES;1;1;0;25.0;PRIV_SANTE_CENTRE
2603;PRIVE;44;TOUVOIS;1;1;0;25.0;PRIV_SANTE_CABINET
2604;PRIVE;45;ADON;1;1;0;25.0;PRIV_SANTE_CENTRE
2605;PRIVE;45;CEPOY;1;1;0;25.0;PRIV_SANTE_CENTRE
2606;PRIVE;45;CHUELLES;1;1;0;25.0;PRIV_SANTE_CENTRE
2607;PRIVE;45;COURCELLES-LE-ROI;1;1;0;25.0;PRIV_SANTE_CENTRE
2608;PRIVE;45;EGRY;1;1;0;25.0;PRIV_SANTE_CENTRE
2609;PRIVE;45;EPIEDS-EN-BEAUCE;1;1;0;25.0;PRIV_SANTE_CABINET
2610;PRIVE;45;ERCEVILLE;1;1;0;25.0;PRIV_SANTE_CENTRE
2611;PRIVE;45;GRANGERMONT;1;1;0;25.0;PRIV_SANTE_CENTRE
2612;PRIVE;45;GY-LES-NONAINS;1;1;0;25.0;PRIV_SANTE_CENTRE
2613;PRIVE;45;SAINT-FIRMIN-DES-BOIS;1;1;0;25.0;PRIV_SANTE_CENTRE
2614;PRIVE;45;SAINT-JEAN-LE-BLANC;1;1;0;25.0;PRIV_SANTE_CENTRE
2615;PRIVE;45;SULLY-SUR-LOIRE;1;1;0;25.0;PRIV_SANTE_CENTRE
2616;PRIVE;45;TRAINOU;1;1;0;25.0;PRIV_SANTE_CABINET
2617;PRIVE;45;VITRY-AUX-LOGES;1;1;0;25.0;PRIV_SANTE_CENTRE
2618;PRIVE;46;CASTELFRANC;1;1;0;25.0;PRIV_SANTE_CENTRE
2619;PRIVE;46;COEUR DE CAUSSE;1;1;0;25.0;PRIV_SANTE_CABINET
2620;PRIVE;46;ESPEDAILLAC;1;1;0;25.0;PRIV_SANTE_CENTRE
2621;PRIVE;46;LE VIGNON-EN-QUERCY;1;1;0;25.0;PRIV_SANTE_CABINET
2622;PRIVE;46;LIMOGNE-EN-QUERCY;1;1;0;25.0;PRIV_SANTE_CENTRE
2623;PRIVE;46;PORTE-DU-QUERCY;1;1;0;25.0;PRIV_SANTE_CENTRE
2624;PRIVE;46;SAINT-MICHEL-LOUBEJOU;1;1;0;25.0;PRIV_SANTE_CENTRE
2625;PRIVE;46;SAULIAC-SUR-CELE;1;1;0;25.0;PRIV_SANTE_CENTRE
2626;PRIVE;47;BALEYSSAGUES;1;1;0;25.0;PRIV_SANTE_CENTRE
2627;PRIVE;47;LAVARDAC;1;1;0;25.0;PRIV_RESTAURANT
2628;PRIVE;47;LE PASSAGE;1;1;0;25.0;PRIV_SANTE_CENTRE
2629;PRIVE;47;LUSIGNAN-PETIT;1;1;0;25.0;PRIV_SANTE_CENTRE
2630;PRIVE;47;TONNEINS;1;1;0;25.0;PRIV_SANTE_CENTRE
2631;PRIVE;47;TOURNON-D'AGENAIS;1;1;0;25.0;PRIV_SANTE_CENTRE
2632;PRIVE;47;VILLEREAL;1;1;0;25.0;PRIV_SANTE_CABINET
2633;PRIVE;48;BOURGS SUR COLAGNE;1;1;0;25.0;PRIV_SANTE_CABINET
2634;PRIVE;48;GREZES;1;1;0;25.0;PRIV_SANTE_CENTRE
2635;PRIVE;48;PEYRE EN AUBRAC;1;1;0;25.0;PRIV_SANTE_CENTRE
2636;PRIVE;49;CHALONNES-SUR-LOIRE;1;1;0;25.0;PRIV_SANTE_CENTRE
2637;PRIVE;49;DENEE;1;1;0;25.0;PRIV_SANTE_CENTRE
2638;PRIVE;49;DOUE-EN-ANJOU;1;1;0;25.0;PRIV_SANTE_CENTRE
2639;PRIVE;49;ECOUFLANT;1;1;0;25.0;PRIV_SANTE_CENTRE
2640;PRIVE;49;FENEU;1;1;0;25.0;PRIV_SANTE_CENTRE
2641;PRIVE;49;MONTREUIL-JUIGNE;1;1;0;25.0;PRIV_SANTE_CENTRE
2642;PRIVE;49;MONTREVAULT-SUR-EVRE;1;1;0;25.0;PRIV_SANTE_CABINET
2643;PRIVE;49;MORANNES SUR SARTHE-DAUMERAY;1;1;0;25.0;PRIV_SANTE_CABINET
2644;PRIVE;49;SAINT-BARTHELEMY-D ANJOU;1;1;0;25.0;PRIV_SANTE_CENTRE
2645;PRIVE;49;SAINT-LAMBERT-LA-POTHERIE;1;1;0;25.0;PRIV_SANTE_CENTRE
2646;PRIVE;49;SAINT-MARTIN-DU-FOUILLOUX;1;1;0;25.0;PRIV_SANTE_CENTRE
2647;PRIVE;50;BEAUFICEL;1;1;0;25.0;PRIV_SANTE_CENTRE
2648;PRIVE;50;BEUVRIGNY;1;1;0;25.0;PRIV_SANTE_CENTRE
2649;PRIVE;50;BLAINVILLE-SUR-MER;1;1;0;25.0;PRIV_SANTE_CENTRE
2650;PRIVE;50;FLEURY;1;1;0;25.0;PRIV_SANTE_CENTRE
2651;PRIVE;50;GER;1;1;0;25.0;PRIV_SANTE_CENTRE
2652;PRIVE;50;HAUTEVILLE-SUR-MER;1;1;0;25.0;PRIV_SANTE_CENTRE
2653;PRIVE;50;JULLOUVILLE;1;1;0;25.0;PRIV_SANTE_CENTRE
2654;PRIVE;50;LE GRIPPON;1;1;0;25.0;PRIV_SANTE_CENTRE
2655;PRIVE;50;MUNEVILLE-LE-BINGARD;1;1;0;25.0;PRIV_SANTE_CENTRE
2656;PRIVE;50;SAINT-JEAN-D'ELLE;1;1;0;25.0;PRIV_SANTE_CENTRE
2657;PRIVE;50;SARTILLY-BAIE-BOCAGE;1;1;0;25.0;PRIV_SANTE_CENTRE
2658;PRIVE;50;VALOGNES;1;1;0;25.0;PRIV_SANTE_CENTRE
2659;PRIVE;50;VER;1;1;0;25.0;PRIV_SANTE_CENTRE
2660;PRIVE;51;AY-CHAMPAGNE;1;1;0;25.0;PRIV_SANTE_CENTRE
2661;PRIVE;52;COLOMBEY LES DEUX EGLISES;1;1;0;25.0;PRIV_SANTE_CENTRE
2662;PRIVE;53;ANDOUILLE;1;1;0;25.0;PRIV_SANTE_CENTRE
2663;PRIVE;53;CRAON;1;1;0;25.0;PRIV_SANTE_CENTRE
2664;PRIVE;53;GESNES;1;1;0;25.0;PRIV_SANTE_CENTRE
2665;PRIVE;53;LOUVERNE;1;1;0;25.0;PRIV_SANTE_CENTRE
2666;PRIVE;53;MEZANGERS;1;1;0;25.0;PRIV_SANTE_CENTRE
2667;PRIVE;53;RENAZE;1;1;0;25.0;PRIV_SANTE_CENTRE
2668;PRIVE;54;ROSIERES-AUX-SALINES;1;1;0;25.0;PRIV_SANTE_CABINET
2669;PRIVE;55;AVIOTH;1;1;0;25.0;PRIV_SANTE_CENTRE
2670;PRIVE;55;BAR-LE-DUC;1;1;0;25.0;PRIV_SANTE_CENTRE
2671;PRIVE;55;THIERVILLE-SUR-MEUSE;1;1;0;25.0;PRIV_SANTE_CENTRE
2672;PRIVE;56;BERRIC;1;1;0;25.0;PRIV_SANTE_CENTRE
2673;PRIVE;56;ETEL;1;1;0;25.0;PRIV_SANTE_CABINET
2674;PRIVE;56;GESTEL;1;1;0;25.0;PRIV_SANTE_CENTRE
2675;PRIVE;56;GUEMENE-SUR-SCORFF;1;1;0;25.0;PRIV_SANTE_CABINET
2676;PRIVE;56;JOSSELIN;1;1;0;25.0;PRIV_SANTE_CENTRE
2677;PRIVE;56;LA ROCHE-BERNARD;1;1;0;25.0;PRIV_SANTE_CENTRE
2678;PRIVE;56;LARRE;1;1;0;25.0;PRIV_SANTE_CENTRE
2679;PRIVE;56;LE BONO;1;1;0;25.0;PRIV_SANTE_CENTRE
2680;PRIVE;56;LE FAOUET;1;1;0;25.0;PRIV_SANTE_CENTRE
2681;PRIVE;56;LOCMARIA;1;1;0;25.0;PRIV_SANTE_CENTRE
2682;PRIVE;56;MISSIRIAC;1;1;0;25.0;PRIV_SANTE_CENTRE
2683;PRIVE;56;NEANT-SUR-YVEL;1;1;0;25.0;PRIV_SANTE_CENTRE
2684;PRIVE;56;PEILLAC;1;1;0;25.0;PRIV_SANTE_CENTRE
2685;PRIVE;56;PLOURAY;1;1;0;25.0;PRIV_SANTE_CENTRE
2686;PRIVE;56;PLUMELIAU-BIEUZY;1;1;0;25.0;PRIV_SANTE_CENTRE
2687;PRIVE;56;QUEVEN;1;1;0;25.0;PRIV_SANTE_CENTRE
2688;PRIVE;56;RADENAC;1;1;0;25.0;PRIV_SANTE_CENTRE
2689;PRIVE;56;SAINT-BRIEUC-DE-MAURON;1;1;0;25.0;PRIV_SANTE_CENTRE
2690;PRIVE;56;SAINT-GONNERY;1;1;0;25.0;PRIV_SANTE_CENTRE
2691;PRIVE;56;SAINT-JEAN-BREVELAY;1;1;0;25.0;PRIV_SANTE_CENTRE
2692;PRIVE;56;SAINT-PIERRE-QUIBERON;1;1;0;25.0;PRIV_SANTE_CENTRE
2693;PRIVE;56;SULNIAC;1;1;0;25.0;PRIV_SANTE_CENTRE
2694;PRIVE;56;TREFFLEAN;1;1;0;25.0;PRIV_SANTE_CABINET
2695;PRIVE;56;VAL D'OUST;1;1;0;25.0;PRIV_SANTE_CENTRE
2696;PRIVE;57;CLOUANGE;1;1;0;25.0;PRIV_SANTE_CABINET
2697;PRIVE;57;SARREGUEMINES;1;1;0;25.0;PRIV_SANTE_CENTRE
2698;PRIVE;57;TROISFONTAINES;1;1;0;25.0;PRIV_SANTE_CENTRE
2699;PRIVE;57;WALSCHEID;1;1;0;25.0;PRIV_SANTE_CENTRE
2700;PRIVE;58;BEUVRON;1;1;0;25.0;PRIV_SANTE_CENTRE
2701;PRIVE;58;FOURS;1;1;0;25.0;PRIV_SANTE_CENTRE
2702;PRIVE;58;SAINT-HONORE-LES-BAINS;1;1;0;25.0;PRIV_SANTE_CENTRE
2703;PRIVE;58;SAINT-LAURENT-L'ABBAYE;1;1;0;25.0;PRIV_SANTE_CENTRE
2704;PRIVE;58;ST AMAND EN PUISAYE;1;1;0;25.0;PRIV_SANTE_CABINET
2705;PRIVE;58;VILLAPOURCON;1;1;0;25.0;PRIV_SANTE_CENTRE
2706;PRIVE;59;BOUSBECQUE;1;1;0;25.0;PRIV_SANTE_CABINET
2707;PRIVE;59;ESQUELBECQ;1;1;0;25.0;PRIV_BUREAU
2708;PRIVE;59;LE DOULIEU;1;1;0;25.0;PRIV_SANTE_CENTRE
2709;PRIVE;59;LES RUES-DES-VIGNES;1;1;0;25.0;PRIV_SANTE_CABINET
2710;PRIVE;59;LOOS;1;1;0;25.0;PRIV_SANTE_CENTRE
2711;PRIVE;59;NIEURLET;1;1;0;25.0;PRIV_SANTE_CENTRE
2712;PRIVE;59;NIVELLE;1;1;0;25.0;PRIV_SANTE_CENTRE
2713;PRIVE;59;NOYELLES-LES-SECLIN;1;1;0;25.0;PRIV_SANTE_CENTRE
2714;PRIVE;59;ORCHIES;1;1;0;25.0;PRIV_SANTE_CENTRE
2715;PRIVE;59;WANDIGNIES-HAMAGE;1;1;0;25.0;PRIV_SANTE_CENTRE
2716;PRIVE;59;WAVRIN;1;1;0;25.0;PRIV_SANTE_CENTRE
2717;PRIVE;60;BARON;1;1;0;25.0;PRIV_RESTAURANT
2718;PRIVE;60;CAUVIGNY;1;1;0;25.0;PRIV_SANTE_CABINET
2719;PRIVE;60;DIEUDONNE;1;1;0;25.0;PRIV_SANTE_CABINET
2720;PRIVE;60;LALANDE-EN-SON;1;1;0;25.0;PRIV_SANTE_CENTRE
2721;PRIVE;60;LONGUEIL-ANNEL;1;1;0;25.0;PRIV_SANTE_CABINET
2722;PRIVE;60;MOGNEVILLE;1;1;0;25.0;PRIV_SANTE_CENTRE
2723;PRIVE;60;PONT STE MAXENCE;1;1;0;25.0;PRIV_SANTE_CENTRE
2724;PRIVE;60;SAINT-ARNOULT;1;1;0;25.0;PRIV_SANTE_CENTRE
2725;PRIVE;60;SAINT-JEAN-AUX-BOIS;1;1;0;25.0;PRIV_SANTE_CENTRE
2726;PRIVE;60;SAINT-MARTIN-LE-NŒUD;1;1;0;25.0;PRIV_SANTE_CABINET
2727;PRIVE;60;SILLY-TILLARD;1;1;0;25.0;PRIV_SANTE_CENTRE
2728;PRIVE;60;SONGEONS;1;1;0;25.0;PRIV_SANTE_CABINET
2729;PRIVE;60;THOUROTTE;1;1;0;25.0;PRIV_SANTE_CABINET
2730;PRIVE;61;BRIOUZE;1;1;0;25.0;PRIV_SANTE_CABINET
2731;PRIVE;61;ECOUVES;1;1;0;25.0;PRIV_SANTE_CENTRE
2732;PRIVE;61;LA BELLIERE;1;1;0;25.0;PRIV_SANTE_CENTRE
2733;PRIVE;61;LE MAGE;1;1;0;25.0;PRIV_SANTE_CENTRE
2734;PRIVE;61;MARCHEMAISONS;1;1;0;25.0;PRIV_SANTE_CENTRE
2735;PRIVE;61;REMALARD EN PERCHE;1;1;0;25.0;PRIV_SANTE_CENTRE
2736;PRIVE;61;TOUROUVRE AU PERCHE;1;1;0;25.0;PRIV_SANTE_CENTRE
2737;PRIVE;62;BUIRE-LE-SEC;1;1;0;25.0;PRIV_SANTE_CENTRE
2738;PRIVE;62;COULOGNE;1;1;0;25.0;PRIV_SANTE_CENTRE
2739;PRIVE;62;GROFFLIERS;1;1;0;25.0;PRIV_SANTE_CENTRE
2740;PRIVE;62;HERMIES;1;1;0;25.0;PRIV_SANTE_CENTRE
2741;PRIVE;62;LIEVIN;1;1;0;25.0;PRIV_SANTE_CENTRE
2742;PRIVE;62;THELUS;1;1;0;25.0;PRIV_SANTE_CENTRE
2743;PRIVE;62;WIMEREUX;1;1;0;25.0;PRIV_SANTE_CENTRE
2744;PRIVE;63;AIGUEPERSE;1;1;0;25.0;PRIV_SANTE_CABINET
2745;PRIVE;63;CHATEAUGAY;1;1;0;25.0;PRIV_RESTAURANT
2746;PRIVE;63;LA CHAPELLE AGNON;1;1;0;25.0;PRIV_SANTE_CENTRE
2747;PRIVE;63;PIONSAT;1;1;0;25.0;PRIV_SANTE_CENTRE
2748;PRIVE;63;SAINT-BABEL;1;1;0;25.0;PRIV_SANTE_CENTRE
2749;PRIVE;63;VIC-LE-COMTE;1;1;0;25.0;PRIV_SANTE_CENTRE
2750;PRIVE;64;AHETZE;1;1;0;25.0;PRIV_SANTE_CENTRE
2751;PRIVE;64;LEDEUIX;1;1;0;25.0;PRIV_SANTE_CENTRE
2752;PRIVE;64;LESTELLE-BETHARRAM;1;1;0;25.0;PRIV_SANTE_CENTRE
2753;PRIVE;64;LOUHOSSOA;1;1;0;25.0;PRIV_SANTE_CENTRE
2754;PRIVE;64;MORLAAS;1;1;0;25.0;PRIV_SANTE_CABINET
2755;PRIVE;64;NAY;1;1;0;25.0;PRIV_SANTE_CENTRE
2756;PRIVE;64;SAINT-ESTEBEN;1;1;0;25.0;PRIV_SANTE_CENTRE
2757;PRIVE;64;SUSMIOU;1;1;0;25.0;PRIV_SANTE_CABINET
2758;PRIVE;65;AUCUN;1;1;0;25.0;PRIV_SANTE_CENTRE
2759;PRIVE;65;AUREILHAN;1;1;0;25.0;PRIV_SANTE_CENTRE
2760;PRIVE;65;BAREGES;1;1;0;25.0;PRIV_SANTE_CENTRE
2761;PRIVE;65;BARLEST;1;1;0;25.0;PRIV_SANTE_CENTRE
2762;PRIVE;65;CAPVERN;1;1;0;25.0;PRIV_SANTE_CABINET
2763;PRIVE;65;LUTILHOUS;1;1;0;25.0;PRIV_SANTE_CENTRE
2764;PRIVE;65;SAINT-PE-DE-BIGORRE;1;1;0;25.0;PRIV_SANTE_CENTRE
2765;PRIVE;66;ARGELES SUR MER;1;1;0;25.0;PRIV_SANTE_CENTRE
2766;PRIVE;66;BAGES;1;1;0;25.0;PRIV_SANTE_CABINET
2767;PRIVE;66;ENVEITG;1;1;0;25.0;PRIV_SANTE_CENTRE
2768;PRIVE;66;MAUREILLAS-LAS-ILLAS;1;1;0;25.0;PRIV_SANTE_CABINET
2769;PRIVE;66;OLETTE;1;1;0;25.0;PRIV_SANTE_CENTRE
2770;PRIVE;66;PALAU-DEL-VIDRE;1;1;0;25.0;PRIV_SANTE_CENTRE
2771;PRIVE;66;RAILLEU;1;1;0;25.0;PRIV_SANTE_CENTRE
2772;PRIVE;66;SAINT-NAZAIRE;1;1;0;25.0;PRIV_SANTE_CENTRE
2773;PRIVE;66;ST LAURENT DE CERDANS;1;1;0;25.0;PRIV_SANTE_CABINET
2774;PRIVE;67;BERSTETT;1;1;0;25.0;PRIV_SANTE_CABINET
2775;PRIVE;67;DUTTLENHEIM;1;1;0;25.0;PRIV_SANTE_CABINET
2776;PRIVE;67;HINDISHEIM;1;1;0;25.0;PRIV_RESTAURANT
2777;PRIVE;67;ILLKIRCH-GRAFFENSTADEN;1;1;0;25.0;PRIV_SANTE_CENTRE
2778;PRIVE;67;LINGOLSHEIM;1;1;0;25.0;PRIV_RESTAURANT
2779;PRIVE;67;MUTZIG;1;1;0;25.0;PRIV_SANTE_CENTRE
2780;PRIVE;67;OBERHAUSBERGEN;1;1;0;25.0;PRIV_SANTE_CENTRE
2781;PRIVE;67;SARRE-UNION;1;1;0;25.0;PRIV_SANTE_CENTRE
2782;PRIVE;68;INGERSHEIM;1;1;0;25.0;PRIV_SANTE_CENTRE
2783;PRIVE;68;LE HAUT SOULTZBACH;1;1;0;25.0;PRIV_SANTE_CENTRE
2784;PRIVE;68;ROSENAU;1;1;0;25.0;PRIV_SANTE_CENTRE
2785;PRIVE;68;VOGELGRUN;1;1;0;25.0;PRIV_SANTE_CENTRE
2786;PRIVE;69;AMBERIEUX;1;1;0;25.0;PRIV_SANTE_CENTRE
2787;PRIVE;69;CHABANIERE;1;1;0;25.0;PRIV_SANTE_CENTRE
2788;PRIVE;69;DOMMARTIN;1;1;0;25.0;PRIV_SANTE_CENTRE
2789;PRIVE;69;JONS;1;1;0;25.0;PRIV_SANTE_CENTRE
2790;PRIVE;69;LYON 5EME;1;1;0;25.0;PRIV_SANTE_CENTRE
2791;PRIVE;69;LYON 9EME;1;1;0;25.0;PRIV_SANTE_CENTRE
2792;PRIVE;69;MILLERY;1;1;0;25.0;PRIV_SANTE_CENTRE
2793;PRIVE;69;ORLIENAS;1;1;0;25.0;PRIV_SANTE_CENTRE
2794;PRIVE;69;POLLIONNAY;1;1;0;25.0;PRIV_SANTE_CENTRE
2795;PRIVE;69;PORTE-DES-PIERRES-DOREES;1;1;0;25.0;PRIV_SANTE_CENTRE
2796;PRIVE;69;SAINT-DIDIER-AU-MONT-D'OR;1;1;0;25.0;PRIV_SANTE_CENTRE
2797;PRIVE;69;SAINT-DIDIER-SUR-BEAUJEU;1;1;0;25.0;PRIV_SANTE_CENTRE
2798;PRIVE;69;SAINT-GENIS-LAVAL;1;1;0;25.0;PRIV_SANTE_CENTRE
2799;PRIVE;69;SATHONAY-CAMP;1;1;0;25.0;PRIV_SANTE_CENTRE
2800;PRIVE;70;CHAMPLITTE;1;1;0;25.0;PRIV_SANTE_CENTRE
2801;PRIVE;70;MONTBOZON;1;1;0;25.0;PRIV_SANTE_CENTRE
2802;PRIVE;71;BUXY;1;1;0;25.0;PRIV_SANTE_CENTRE
2803;PRIVE;71;COLOMBIER-EN-BRIONNAIS;1;1;0;25.0;PRIV_SANTE_CENTRE
2804;PRIVE;71;FONTAINES;1;1;0;25.0;PRIV_SANTE_CABINET
2805;PRIVE;71;LA CHAPELLE-SOUS-DUN;1;1;0;25.0;PRIV_SANTE_CENTRE
2806;PRIVE;71;SAINT-DESERT;1;1;0;25.0;PRIV_SANTE_CENTRE
2807;PRIVE;71;TRAMAYES;1;1;0;25.0;PRIV_SANTE_CENTRE
2808;PRIVE;71;VARENNES-SAINT-SAUVEUR;1;1;0;25.0;PRIV_SANTE_CABINET
2809;PRIVE;72;AUVERS-LE-HAMON;1;1;0;25.0;PRIV_SANTE_CENTRE
2810;PRIVE;72;BOULOIRE;1;1;0;25.0;PRIV_SANTE_CABINET
2811;PRIVE;72;LA CHARTRE-SUR-LE-LOIR;1;1;0;25.0;PRIV_SANTE_CABINET
2812;PRIVE;72;LOUZES;1;1;0;25.0;PRIV_SANTE_CENTRE
2813;PRIVE;72;MAMERS;1;1;0;25.0;PRIV_SANTE_CENTRE
2814;PRIVE;72;MARIGNE-LAILLE;1;1;0;25.0;PRIV_SANTE_CENTRE
2815;PRIVE;72;SAINT-AIGNAN;1;1;0;25.0;PRIV_SANTE_CENTRE
2816;PRIVE;72;TRANGE;1;1;0;25.0;PRIV_SANTE_CENTRE
2817;PRIVE;72;VILLENEUVE-EN-PERSEIGNE;1;1;0;25.0;PRIV_SANTE_CABINET
2818;PRIVE;73;BEAUFORT;1;1;0;25.0;PRIV_SANTE_CENTRE
2819;PRIVE;73;BOURGET-EN-HUILE;1;1;0;25.0;PRIV_SANTE_CENTRE
2820;PRIVE;73;BOZEL;1;1;0;25.0;PRIV_SANTE_CENTRE
2821;PRIVE;73;CHINDRIEUX;1;1;0;25.0;PRIV_SANTE_CENTRE
2822;PRIVE;73;DOMESSIN;1;1;0;25.0;PRIV_SANTE_CENTRE
2823;PRIVE;73;LE PONT-DE-BEAUVOISIN;1;1;0;25.0;PRIV_SANTE_CABINET
2824;PRIVE;73;LES DESERTS;1;1;0;25.0;PRIV_SANTE_CENTRE
2825;PRIVE;73;SAINT PIERRE D'ENTREMONT;1;1;0;25.0;PRIV_SANTE_CENTRE
2826;PRIVE;74;CRANVES-SALES;1;1;0;25.0;PRIV_SANTE_CENTRE
2827;PRIVE;74;GIEZ;1;1;0;25.0;PRIV_SANTE_CENTRE
2828;PRIVE;74;GROISY;1;1;0;25.0;PRIV_SANTE_CENTRE
2829;PRIVE;74;LORNAY;1;1;0;25.0;PRIV_SANTE_CENTRE
2830;PRIVE;74;PERRIGNIER;1;1;0;25.0;PRIV_SANTE_CENTRE
2831;PRIVE;74;SCIEZ;1;1;0;25.0;PRIV_SANTE_CENTRE
2832;PRIVE;76;AUBEGUIMONT;1;1;0;25.0;PRIV_SANTE_CENTRE
2833;PRIVE;76;BONSECOURS;1;1;0;25.0;PRIV_SANTE_CENTRE
2834;PRIVE;76;CLEON;1;1;0;25.0;PRIV_SANTE_CENTRE
2835;PRIVE;76;GODERVILLE;1;1;0;25.0;PRIV_COMMERCE
2836;PRIVE;76;LIMPIVILLE;1;1;0;25.0;PRIV_SANTE_CENTRE
2837;PRIVE;76;OCTEVILLE-SUR-MER;1;1;0;25.0;PRIV_SANTE_CENTRE
2838;PRIVE;76;PAVILLY;1;1;0;25.0;PRIV_SANTE_CABINET
2839;PRIVE;76;RONCHEROLLES SUR LE VIVIER;1;1;0;25.0;PRIV_SANTE_CENTRE
2840;PRIVE;76;SAINT-AUBIN-SUR-SCIE;1;1;0;25.0;PRIV_SANTE_CABINET
2841;PRIVE;76;SAINT-MARTIN-DE-BOSCHERVILLE;1;1;0;25.0;PRIV_SANTE_CENTRE
2842;PRIVE;76;SAINT-PIERRE-LE-VIGER;1;1;0;25.0;PRIV_SANTE_CENTRE
2843;PRIVE;76;SAINT-SAENS;1;1;0;25.0;PRIV_SANTE_CABINET
2844;PRIVE;76;YVETOT;1;1;0;25.0;PRIV_SANTE_CENTRE
2845;PRIVE;77;ISLES-LES-MELDEUSES;1;1;0;25.0;PRIV_BUREAU
2846;PRIVE;77;LA FERTE SOUS JOUARRE;1;1;0;25.0;PRIV_SANTE_CENTRE
2847;PRIVE;77;LE PLESSIS-PLACY;1;1;0;25.0;PRIV_SANTE_CENTRE
2848;PRIVE;77;MONS-EN-MONTOIS;1;1;0;25.0;PRIV_SANTE_CENTRE
2849;PRIVE;77;MONTOLIVET;1;1;0;25.0;PRIV_SANTE_CENTRE
2850;PRIVE;77;SAINT-JUST-EN-BRIE;1;1;0;25.0;PRIV_SANTE_CENTRE
2851;PRIVE;77;SAINT-LEGER;1;1;0;25.0;PRIV_SANTE_CENTRE
2852;PRIVE;77;VAIRES SUR MARNE;1;1;0;25.0;PRIV_BUREAU
2853;PRIVE;77;VAUX-SUR-LUNAIN;1;1;0;25.0;PRIV_SANTE_CENTRE
2854;PRIVE;77;VERDELOT;1;1;0;25.0;PRIV_SANTE_CENTRE
2855;PRIVE;77;VINANTES;1;1;0;25.0;PRIV_BUREAU
2856;PRIVE;78;BOISSY-MAUVOISIN;1;1;0;25.0;PRIV_SANTE_CENTRE
2857;PRIVE;78;CHAUFOUR LES BONNIERES;1;1;0;25.0;PRIV_SANTE_CENTRE
2858;PRIVE;78;GRANDCHAMP;1;1;0;25.0;PRIV_SANTE_CENTRE
2859;PRIVE;78;MERICOURT;1;1;0;25.0;PRIV_SANTE_CENTRE
2860;PRIVE;79;BRIOUX-SUR-BOUTONNE;1;1;0;25.0;PRIV_SANTE_CABINET
2861;PRIVE;79;FORS;1;1;0;25.0;PRIV_SANTE_CENTRE
2862;PRIVE;79;MONCOUTANT-SUR-SEVRE;1;1;0;25.0;PRIV_SANTE_CABINET
2863;PRIVE;79;SAINT-HILAIRE-LA-PALUD;1;1;0;25.0;PRIV_SANTE_CENTRE
2864;PRIVE;79;VOUHE;1;1;0;25.0;PRIV_SANTE_CENTRE
2865;PRIVE;80;ALLONVILLE;1;1;0;25.0;PRIV_SANTE_CENTRE
2866;PRIVE;80;BEAUMETZ;1;1;0;25.0;PRIV_SANTE_CENTRE
2867;PRIVE;80;HERVILLY;1;1;0;25.0;PRIV_SANTE_CENTRE
2868;PRIVE;80;MERS-LES-BAINS;1;1;0;25.0;PRIV_SANTE_CENTRE
2869;PRIVE;80;RIBEMONT-SUR-ANCRE;1;1;0;25.0;PRIV_SANTE_CENTRE
2870;PRIVE;81;BRASSAC;1;1;0;25.0;PRIV_SANTE_CENTRE
2871;PRIVE;81;BURLATS;1;1;0;25.0;PRIV_SANTE_CABINET
2872;PRIVE;81;GRAULHET;1;1;0;25.0;PRIV_SANTE_CENTRE
2873;PRIVE;81;LACAZE;1;1;0;25.0;PRIV_SANTE_CENTRE
2874;PRIVE;81;LACOUGOTTE-CADOUL;1;1;0;25.0;PRIV_SANTE_CENTRE
2875;PRIVE;81;LISLE-SUR-TARN;1;1;0;25.0;PRIV_SANTE_CENTRE
2876;PRIVE;81;MOUZENS;1;1;0;25.0;PRIV_SANTE_CENTRE
2877;PRIVE;81;ROUAIROUX;1;1;0;25.0;PRIV_SANTE_CENTRE
2878;PRIVE;81;SAINT-BENOIT-DE-CARMAUX;1;1;0;25.0;PRIV_SANTE_CENTRE
2879;PRIVE;81;SAINT-JUERY;1;1;0;25.0;PRIV_SANTE_CENTRE
2880;PRIVE;81;SAINT-SALVY-DE-LA-BALME;1;1;0;25.0;PRIV_SANTE_CENTRE
2881;PRIVE;81;SENOUILLAC;1;1;0;25.0;PRIV_SANTE_CENTRE
2882;PRIVE;81;TERRE-DE-BANCALIE;1;1;0;25.0;PRIV_SANTE_CENTRE
2883;PRIVE;82;CAUSSADE;1;1;0;25.0;PRIV_SANTE_CENTRE
2884;PRIVE;82;CORBARIEU;1;1;0;25.0;PRIV_SANTE_CENTRE
2885;PRIVE;82;SEPTFONDS;1;1;0;25.0;PRIV_SANTE_CENTRE
2886;PRIVE;82;VAREN;1;1;0;25.0;PRIV_SANTE_CENTRE
2887;PRIVE;83;AUPS;1;1;0;25.0;PRIV_SANTE_CENTRE
2888;PRIVE;83;BRUE-AURIAC;1;1;0;25.0;PRIV_SANTE_CENTRE
2889;PRIVE;83;LA VERDIERE;1;1;0;25.0;PRIV_SANTE_CENTRE
2890;PRIVE;83;SILLANS-LA-CASCADE;1;1;0;25.0;PRIV_SANTE_CENTRE
2891;PRIVE;83;SOLLIES-VILLE;1;1;0;25.0;PRIV_SANTE_CENTRE
2892;PRIVE;84;BEDARRIDES;1;1;0;25.0;PRIV_SANTE_CENTRE
2893;PRIVE;84;CAROMB;1;1;0;25.0;PRIV_SANTE_CABINET
2894;PRIVE;84;L ISLE SUR LA SORGUE;1;1;0;25.0;PRIV_SANTE_CENTRE
2895;PRIVE;84;MAUBEC;1;1;0;25.0;PRIV_RESTAURANT
2896;PRIVE;84;SAINT-TRINIT;1;1;0;25.0;PRIV_SANTE_CENTRE
2897;PRIVE;84;SAULT;1;1;0;25.0;PRIV_SANTE_CENTRE
2898;PRIVE;84;VAISON-LA-ROMAINE;1;1;0;25.0;PRIV_SANTE_CABINET
2899;PRIVE;84;VIENS;1;1;0;25.0;PRIV_SANTE_CENTRE
2900;PRIVE;85;AIZENAY;1;1;0;25.0;PRIV_SANTE_CENTRE
2901;PRIVE;85;BARBATRE;1;1;0;25.0;PRIV_SANTE_CABINET
2902;PRIVE;85;COMMEQUIERS;1;1;0;25.0;PRIV_SANTE_CENTRE
2903;PRIVE;85;DOIX LES FONTAINES;1;1;0;25.0;PRIV_SANTE_CENTRE
2904;PRIVE;85;FOUSSAIS-PAYRE;1;1;0;25.0;PRIV_SANTE_CENTRE
2905;PRIVE;85;LONGEVES;1;1;0;25.0;PRIV_SANTE_CENTRE
2906;PRIVE;85;MOUILLERON-LE-CAPTIF;1;1;0;25.0;PRIV_SANTE_CENTRE
2907;PRIVE;85;NALLIERS;1;1;0;25.0;PRIV_SANTE_CABINET
2908;PRIVE;85;SAINT-LAURENT-SUR-SEVRE;1;1;0;25.0;PRIV_BUREAU
2909;PRIVE;85;SAINT-MICHEL-EN-L'HERM;1;1;0;25.0;PRIV_SANTE_CENTRE
2910;PRIVE;85;SAINT-VINCENT-SUR-JARD;1;1;0;25.0;PRIV_SANTE_CABINET
2911;PRIVE;85;TRIAIZE;1;1;0;25.0;PRIV_SANTE_CENTRE
2912;PRIVE;86;ANGLES-SUR-L'ANGLIN;1;1;0;25.0;PRIV_SANTE_CENTRE
2913;PRIVE;86;BONNES;1;1;0;25.0;PRIV_SANTE_CABINET
2914;PRIVE;86;BUXEROLLES;1;1;0;25.0;PRIV_SANTE_CENTRE
2915;PRIVE;86;CHAMPAGNE-SAINT-HILAIRE;1;1;0;25.0;PRIV_SANTE_CENTRE
2916;PRIVE;86;MARNAY;1;1;0;25.0;PRIV_SANTE_CENTRE
2917;PRIVE;86;POUILLE;1;1;0;25.0;PRIV_SANTE_CENTRE
2918;PRIVE;86;SAINT-PIERRE-DE-MAILLE;1;1;0;25.0;PRIV_SANTE_CENTRE
2919;PRIVE;87;AMBAZAC;1;1;0;25.0;PRIV_SANTE_CENTRE
2920;PRIVE;87;CHAMPAGNAC-LA-RIVIERE;1;1;0;25.0;PRIV_SANTE_CENTRE
2921;PRIVE;87;CHATEAU-CHERVIX;1;1;0;25.0;PRIV_SANTE_CENTRE
2922;PRIVE;87;MARVAL;1;1;0;25.0;PRIV_SANTE_CENTRE
2923;PRIVE;87;SAINT-JUNIEN;1;1;0;25.0;PRIV_SANTE_CENTRE
2924;PRIVE;87;SAINT-MATHIEU;1;1;0;25.0;PRIV_SANTE_CENTRE
2925;PRIVE;87;SAINTE-ANNE-SAINT-PRIEST;1;1;0;25.0;PRIV_SANTE_CENTRE
2926;PRIVE;87;VIDEIX;1;1;0;25.0;PRIV_SANTE_CENTRE
2927;PRIVE;87;VILLEFAVARD;1;1;0;25.0;PRIV_SANTE_CENTRE
2928;PRIVE;88;REMIREMONT;1;1;0;25.0;PRIV_SANTE_CENTRE
2929;PRIVE;88;SAULXURES-SUR-MOSELOTTE;1;1;0;25.0;PRIV_SANTE_CENTRE
2930;PRIVE;89;APPOIGNY;1;1;0;25.0;PRIV_SANTE_CENTRE
2931;PRIVE;89;ARCES-DILO;1;1;0;25.0;PRIV_SANTE_CENTRE
2932;PRIVE;89;CHAMPIGNY;1;1;0;25.0;PRIV_RESTAURANT
2933;PRIVE;89;CHAMPLAY;1;1;0;25.0;PRIV_SANTE_CENTRE
2934;PRIVE;89;GURGY;1;1;0;25.0;PRIV_SANTE_CABINET
2935;PRIVE;89;HERY;1;1;0;25.0;PRIV_SANTE_CABINET
2936;PRIVE;89;MALAY-LE-GRAND;1;1;0;25.0;PRIV_SANTE_CENTRE
2937;PRIVE;89;PRECY-SUR-VRIN;1;1;0;25.0;PRIV_SANTE_CENTRE
2938;PRIVE;89;SAINT-MAURICE-AUX-RICHES-HOMMES;1;1;0;25.0;PRIV_SANTE_CENTRE
2939;PRIVE;89;SALIGNY;1;1;0;25.0;PRIV_SANTE_CENTRE
2940;PRIVE;89;VAULT-DE-LUGNY;1;1;0;25.0;PRIV_SANTE_CENTRE
2941;PRIVE;89;VENOY;1;1;0;25.0;PRIV_RESTAURANT
2942;PRIVE;89;VERON;1;1;0;25.0;PRIV_SANTE_CABINET
2943;PRIVE;89;VILLEBOUGIS;1;1;0;25.0;PRIV_SANTE_CENTRE
2944;PRIVE;89;VILLEROY;1;1;0;25.0;PRIV_SANTE_CENTRE
2945;PRIVE;91;CHAMPMOTTEUX;1;1;0;25.0;PRIV_SANTE_CENTRE
2946;PRIVE;95;BOISSY L'AILLERIE;1;1;0;25.0;PRIV_SANTE_CABINET
2947;PRIVE;95;CHERENCE;1;1;0;25.0;PRIV_SANTE_CENTRE
2948;PRIVE;972;RIVIERE SALEE;1;1;0;25.0;PRIV_SANTE_CENTRE
2949;PRIVE;972;RIVIERE-PILOTE;1;1;0;25.0;PRIV_SANTE_CABINET
2950;PRIVE;973;MANA;1;1;0;25.0;PRIV_SANTE_CABINET
2951;PRIVE;973;REMIRE MONTJOLY;1;1;0;25.0;PRIV_SANTE_CENTRE
2952;PRIVE;974;L ETANG SALE;1;1;0;25.0;PRIV_SANTE_CENTRE
2953;PRIVE;976;ACOUA;1;1;0;25.0;PRIV_SANTE_CENTRE
2954;PUBLIC;14;CAEN;1;1;0;25.0;PUB_MAIRIE
2955;PUBLIC;30;SAINT-GENIES-DE-COMOLAS;1;1;0;25.0;PUB_MUSEE
2956;PUBLIC;68;MULHOUSE;1;1;0;25.0;PUB_MUSEE
2957;PUBLIC;72;MARCON;1;1;0;25.0;PUB_MUSEE
2958;PUBLIC;94;MANDRES LES ROSES;1;1;0;25.0;PUB_ECOLE
2959;PUBLIC;974;SAINT-PAUL;1;1;0;25.0;PUB_ECOLE
2960;PUBLIC;975;SAINT PIERRE;1;1;0;25.0;PUB_MAIRIE
2961;PUBLIC;986;UVEA WALLIS ET FUTUNA;1;1;0;25.0;PUB_MAIRIE
2962;PUBLIC;988;NOUMEA;1;1;0;25.0;PUB_MAIRIE
2963;PRIVE;78;SAINT-GERMAIN-DE-LA-GRANGE;15;15;0;24.9;PRIV_SANTE_CENTRE, PRIV_LOISIRS, IMMO_AGENCE, PRIV_BUREAU, PRIV_RESTAURANT
2964;PRIVE;95;US;9;9;0;24.9;PRIV_SANTE_CABINET, PRIV_SANTE_CENTRE, PRIV_LOISIRS, PRIV_BUREAU
2965;PRIVE;95;SAGY;8;8;0;24.9;PRIV_SANTE_CENTRE, PRIV_LOISIRS, PRIV_BUREAU
2966;PRIVE;95;SAINT-MARTIN-DU-TERTRE;13;13;0;24.8;PRIV_SANTE_CABINET, PRIV_SANTE_CENTRE, PRIV_LOISIRS, IMMO_AGENCE
2967;PRIVE;95;VEMARS;16;16;0;24.7;PRIV_LOISIRS, IMMO_AGENCE, PRIV_BUREAU, PRIV_RESTAURANT, PRIV_COMMERCE
2968;PRIVE;77;BRIE-COMTE-ROBERT;133;131;0;24.7;PRIV_SANTE_CABINET, PRIV_SANTE_CENTRE, IMMO_AGENCE, PRIV_LOISIRS, PRIV_BUREAU, PRIV_RESTAURANT, PRIV_COMMERCE
2969;PRIVE;77;OZOIR LA FERRIERE;3;3;0;24.7;PRIV_SANTE_CENTRE, PRIV_LOISIRS, PRIV_RESTAURANT
2970;PRIVE;78;HERBEVILLE;3;3;0;24.7;PRIV_LOISIRS, PRIV_BUREAU
2971;PRIVE;95;CHAMPAGNE-SUR-OISE;30;30;0;24.6;PRIV_SANTE_CABINET, PRIV_SANTE_CENTRE, PRIV_LOISIRS, IMMO_AGENCE, PRIV_BUREAU, PRIV_RESTAURANT
2972;PRIVE;78;FLINS-SUR-SEINE;24;24;0;24.6;PRIV_SANTE_CABINET, PRIV_SANTE_CENTRE, PRIV_LOISIRS, IMMO_AGENCE, PRIV_BUREAU, PRIV_RESTAURANT
2973;PRIVE;78;EVECQUEMONT;12;12;0;24.5;PRIV_SANTE_CABINET, PRIV_SANTE_CENTRE, PRIV_LOISIRS, IMMO_AGENCE
2974;PRIVE;78;DAMPIERRE EN YVELINES;2;2;0;24.5;PRIV_RESTAURANT
2975;PRIVE;78;MILON-LA-CHAPELLE;2;2;0;24.5;IMMO_AGENCE, PRIV_RESTAURANT
2976;PRIVE;91;JUVISY SUR ORGE;2;2;0;24.5;PRIV_BUREAU, PRIV_RESTAURANT
2977;PRIVE;91;ST GERMAIN LES ARPAJON;2;2;0;24.5;PRIV_LOISIRS, PRIV_BUREAU
2978;PRIVE;77;JOSSIGNY;31;31;0;24.5;PRIV_SANTE_CABINET, PRIV_SANTE_CENTRE, PRIV_LOISIRS, IMMO_AGENCE, PRIV_BUREAU
2979;PRIVE;78;HARDRICOURT;18;18;0;24.4;PRIV_SANTE_CABINET, PRIV_SANTE_CENTRE, PRIV_LOISIRS, IMMO_AGENCE, PRIV_BUREAU, PRIV_RESTAURANT, PRIV_COMMERCE
2980;PRIVE;95;LONGUESSE;9;9;0;24.3;PRIV_SANTE_CENTRE, PRIV_LOISIRS, PRIV_BUREAU, PRIV_RESTAURANT
2981;PRIVE;77;LIEUSAINT;151;145;0;24.3;PRIV_SANTE_CABINET, PRIV_SANTE_CENTRE, PRIV_LOISIRS, IMMO_AGENCE, PRIV_BUREAU, PRIV_RESTAURANT, PRIV_COMMERCE
2982;PRIVE;27;IVRY-LA-BATAILLE;4;4;0;24.2;PRIV_SANTE_CABINET, PRIV_LOISIRS, PRIV_COMMERCE
2983;PRIVE;78;SAINT-MARTIN-DE-BRETHENCOURT;4;4;0;24.2;PRIV_SANTE_CENTRE, PRIV_LOISIRS, PRIV_BUREAU
2984;PRIVE;77;GOUVERNES;9;9;0;24.2;PRIV_SANTE_CABINET, PRIV_LOISIRS, IMMO_AGENCE, PRIV_RESTAURANT
2985;PRIVE;45;OLIVET;6;6;0;24.2;PRIV_SANTE_CABINET, PRIV_SANTE_CENTRE
2986;PRIVE;60;GOUVIEUX;6;6;0;24.2;PRIV_SANTE_CABINET, PRIV_SANTE_CENTRE, IMMO_AGENCE, PRIV_RESTAURANT
2987;PRIVE;91;ANGERVILLIERS;6;6;0;24.2;PRIV_SANTE_CABINET, PRIV_SANTE_CENTRE, IMMO_AGENCE, PRIV_BUREAU
2988;PRIVE;95;GENICOURT;6;6;0;24.2;IMMO_AGENCE, PRIV_BUREAU, PRIV_RESTAURANT
2989;PRIVE;77;CHESSY;93;92;0;24.1;PRIV_SANTE_CABINET, PRIV_SANTE_CENTRE, PRIV_LOISIRS, PRIV_BUREAU, IMMO_AGENCE, PRIV_RESTAURANT, PRIV_COMMERCE
2990;PRIVE;78;JOUARS-PONTCHARTRAIN;55;55;0;24.1;PRIV_SANTE_CABINET, PRIV_SANTE_CENTRE, PRIV_LOISIRS, IMMO_AGENCE, PRIV_BUREAU, PRIV_RESTAURANT, PRIV_COMMERCE
2991;PRIVE;77;THORIGNY-SUR-MARNE;67;66;0;24.0;PRIV_SANTE_CABINET, PRIV_SANTE_CENTRE, PRIV_LOISIRS, IMMO_AGENCE, PRIV_BUREAU, PRIV_RESTAURANT, PRIV_COMMERCE
2992;PRIVE;59;VILLENEUVE-D'ASCQ;18;18;0;24.0;PRIV_SANTE_CABINET, PRIV_LOISIRS, IMMO_AGENCE, PRIV_BUREAU, PRIV_RESTAURANT, PRIV_COMMERCE
2993;PRIVE;77;SEPT-SORTS;5;5;0;24.0;IMMO_AGENCE, PRIV_RESTAURANT, PRIV_COMMERCE
2994;PRIVE;51;ESTERNAY;3;3;0;24.0;PRIV_SANTE_CENTRE, PRIV_LOISIRS, PRIV_COMMERCE
2995;PRIVE;77;CARNETIN;3;3;0;24.0;PRIV_LOISIRS
2996;PRIVE;91;LE PLESSIS PATE;1;1;0;24.0;PRIV_LOISIRS
2997;PRIVE;91;SAVIGNY SUR ORGE;1;1;0;24.0;PRIV_LOISIRS
2998;PRIVE;95;CHAUVRY;1;1;0;24.0;PRIV_LOISIRS
2999;PRIVE;91;AVRAINVILLE;19;19;0;23.9;PRIV_SANTE_CENTRE, PRIV_LOISIRS, IMMO_AGENCE, PRIV_BUREAU, PRIV_RESTAURANT
3000;PRIVE;60;CHANTILLY;16;16;0;23.9;PRIV_SANTE_CABINET, PRIV_SANTE_CENTRE, PRIV_LOISIRS, IMMO_AGENCE, PRIV_RESTAURANT
3001;PRIVE;77;TOURNAN-EN-BRIE;74;74;0;23.9;PRIV_SANTE_CABINET, PRIV_SANTE_CENTRE, PRIV_LOISIRS, IMMO_AGENCE, PRIV_BUREAU, PRIV_RESTAURANT, PRIV_COMMERCE
3002;PRIVE;77;LONGPERRIER;14;14;0;23.9;PRIV_SANTE_CENTRE, PRIV_LOISIRS, IMMO_AGENCE, PRIV_BUREAU, PRIV_RESTAURANT
3003;PRIVE;91;CHEVANNES;27;27;0;23.9;PRIV_SANTE_CABINET, PRIV_SANTE_CENTRE, PRIV_LOISIRS, IMMO_AGENCE, PRIV_BUREAU
3004;PRIVE;91;LES GRANGES-LE-ROI;5;5;0;23.8;PRIV_SANTE_CENTRE, PRIV_LOISIRS, PRIV_RESTAURANT
3005;PRIVE;91;SAINT-GERMAIN-LES-ARPAJON;61;61;0;23.8;PRIV_SANTE_CABINET, PRIV_SANTE_CENTRE, PRIV_LOISIRS, IMMO_AGENCE, PRIV_BUREAU, PRIV_RESTAURANT, PRIV_COMMERCE
3006;PRIVE;78;AIGREMONT;8;8;0;23.8;PRIV_LOISIRS, IMMO_AGENCE
3007;PRIVE;17;CHATELAILLON-PLAGE;4;4;0;23.8;PRIV_SANTE_CABINET, PRIV_SANTE_CENTRE
3008;PRIVE;44;CHATEAUBRIANT;4;4;0;23.8;PRIV_SANTE_CABINET, PRIV_SANTE_CENTRE
3009;PRIVE;49;CHOLET;4;4;0;23.8;PRIV_SANTE_CABINET, IMMO_AGENCE, PRIV_RESTAURANT
3010;PRIVE;59;LAMBERSART;4;4;0;23.8;PRIV_SANTE_CABINET, IMMO_AGENCE
3011;PRIVE;66;SAINT-ESTEVE;4;4;0;23.8;PRIV_SANTE_CENTRE, IMMO_AGENCE, PRIV_BUREAU, PRIV_COMMERCE
3012;PRIVE;84;ENTRAIGUES-SUR-LA-SORGUE;4;4;0;23.8;PRIV_SANTE_CABINET, PRIV_SANTE_CENTRE
3013;PRIVE;89;AVALLON;4;4;0;23.8;PRIV_SANTE_CABINET, PRIV_SANTE_CENTRE, IMMO_AGENCE, PRIV_COMMERCE
3014;PRIVE;95;MOURS;11;11;0;23.7;PRIV_SANTE_CENTRE, PRIV_LOISIRS, IMMO_AGENCE, PRIV_BUREAU, PRIV_RESTAURANT
3015;PRIVE;91;ARPAJON;98;98;0;23.7;PRIV_SANTE_CABINET, PRIV_SANTE_CENTRE, PRIV_LOISIRS, IMMO_AGENCE, PRIV_BUREAU, PRIV_RESTAURANT, PRIV_COMMERCE
3016;PRIVE;78;BUCHELAY;34;34;0;23.7;PRIV_SANTE_CABINET, PRIV_SANTE_CENTRE, PRIV_LOISIRS, IMMO_AGENCE, PRIV_BUREAU, PRIV_RESTAURANT, PRIV_COMMERCE
3017;PRIVE;33;CESTAS;6;6;0;23.7;PRIV_SANTE_CENTRE, PRIV_LOISIRS, IMMO_AGENCE, PRIV_COMMERCE
3018;PRIVE;78;CARRIERES SOUS POISSY;3;3;0;23.7;IMMO_AGENCE, PRIV_BUREAU
3019;PRIVE;77;BUSSY-SAINT-GEORGES;170;170;0;23.7;PRIV_SANTE_CABINET, PRIV_SANTE_CENTRE, PRIV_LOISIRS, IMMO_AGENCE, PRIV_BUREAU, PRIV_RESTAURANT, PRIV_COMMERCE
3020;PRIVE;14;MONDEVILLE;11;11;0;23.6;PRIV_SANTE_CENTRE, IMMO_AGENCE, PRIV_BUREAU, PRIV_RESTAURANT, PRIV_COMMERCE
3021;PRIVE;77;CHARNY;8;8;0;23.6;PRIV_SANTE_CABINET, PRIV_SANTE_CENTRE, PRIV_LOISIRS
3022;PRIVE;77;VERNEUIL-L'ETANG;8;8;0;23.6;PRIV_LOISIRS, PRIV_SANTE_CABINET, IMMO_AGENCE, PRIV_BUREAU, PRIV_RESTAURANT
3023;PRIVE;78;FONTENAY-SAINT-PERE;8;8;0;23.6;PRIV_LOISIRS, PRIV_SANTE_CENTRE, IMMO_AGENCE, PRIV_BUREAU
3024;PRIVE;77;CHANTELOUP-EN-BRIE;33;33;0;23.6;PRIV_SANTE_CABINET, PRIV_SANTE_CENTRE, PRIV_LOISIRS, IMMO_AGENCE, PRIV_BUREAU, PRIV_RESTAURANT, PRIV_COMMERCE
3025;PRIVE;95;ATTAINVILLE;10;10;0;23.6;PRIV_SANTE_CENTRE, PRIV_LOISIRS, IMMO_AGENCE, PRIV_BUREAU, PRIV_RESTAURANT
3026;PRIVE;77;CHALIFERT;17;16;0;23.5;PRIV_SANTE_CENTRE, PRIV_LOISIRS, PRIV_RESTAURANT, IMMO_AGENCE, PRIV_BUREAU
3027;PRIVE;91;FONTENAY-LES-BRIIS;12;12;0;23.5;PRIV_SANTE_CENTRE, PRIV_LOISIRS, IMMO_AGENCE, PRIV_BUREAU, PRIV_RESTAURANT
3028;PRIVE;29;COMBRIT;2;2;0;23.5;PRIV_SANTE_CENTRE, PRIV_LOISIRS
3029;PRIVE;56;QUIBERON;2;2;0;23.5;PRIV_SANTE_CABINET, PRIV_LOISIRS
3030;PRIVE;60;PUISEUX-LE-HAUBERGER;2;2;0;23.5;PRIV_SANTE_CENTRE, PRIV_LOISIRS
3031;PRIVE;73;TIGNES;2;2;0;23.5;PRIV_LOISIRS, PRIV_RESTAURANT
3032;PRIVE;77;DOUY-LA-RAMEE;2;2;0;23.5;PRIV_SANTE_CENTRE, PRIV_LOISIRS
3033;PRIVE;79;PARTHENAY;2;2;0;23.5;PRIV_LOISIRS, PRIV_RESTAURANT
3034;PRIVE;95;ARTHIES;2;2;0;23.5;PRIV_SANTE_CENTRE, PRIV_LOISIRS
3035;PRIVE;95;EPIAIS-RHUS;2;2;0;23.5;PRIV_SANTE_CENTRE, PRIV_LOISIRS
3036;PRIVE;95;VILLERS-EN-ARTHIES;2;2;0;23.5;PRIV_SANTE_CENTRE, PRIV_LOISIRS
3037;PRIVE;91;BRIIS-SOUS-FORGES;35;35;0;23.5;PRIV_SANTE_CABINET, PRIV_SANTE_CENTRE, PRIV_LOISIRS, IMMO_AGENCE, PRIV_BUREAU, PRIV_RESTAURANT
3038;PRIVE;77;SAINT-GERMAIN-SUR-MORIN;36;36;0;23.4;PRIV_LOISIRS, PRIV_SANTE_CABINET, PRIV_SANTE_CENTRE, IMMO_AGENCE, PRIV_BUREAU, PRIV_RESTAURANT
3039;PRIVE;77;RUBELLES;11;11;0;23.4;PRIV_SANTE_CENTRE, PRIV_LOISIRS, IMMO_AGENCE, PRIV_BUREAU, PRIV_COMMERCE
3040;PRIVE;78;MERE;36;36;0;23.3;PRIV_SANTE_CABINET, PRIV_SANTE_CENTRE, PRIV_LOISIRS, IMMO_AGENCE, PRIV_BUREAU, PRIV_RESTAURANT, PRIV_COMMERCE
3041;PRIVE;37;JOUE-LES-TOURS;6;6;0;23.3;PRIV_SANTE_CABINET, PRIV_SANTE_CENTRE, IMMO_AGENCE
3042;PRIVE;40;SAINT-PAUL-LES-DAX;6;6;0;23.3;PRIV_SANTE_CENTRE, IMMO_AGENCE, PRIV_RESTAURANT
3043;PRIVE;13;JOUQUES;3;3;0;23.3;PRIV_SANTE_CABINET, PRIV_SANTE_CENTRE
3044;PRIVE;14;BLAINVILLE-SUR-ORNE;3;3;0;23.3;PRIV_SANTE_CABINET, PRIV_SANTE_CENTRE
3045;PRIVE;16;COGNAC;3;3;0;23.3;PRIV_SANTE_CENTRE, PRIV_RESTAURANT
3046;PRIVE;22;SAINT-CAST-LE-GUILDO;3;3;0;23.3;PRIV_SANTE_CABINET, PRIV_SANTE_CENTRE
3047;PRIVE;27;ETREPAGNY;3;3;0;23.3;PRIV_SANTE_CABINET, PRIV_SANTE_CENTRE
3048;PRIVE;27;LA COUTURE-BOUSSEY;3;3;0;23.3;PRIV_SANTE_CABINET, PRIV_SANTE_CENTRE
3049;PRIVE;29;QUIMPERLE;3;3;0;23.3;PRIV_SANTE_CABINET, PRIV_RESTAURANT
3050;PRIVE;34;SAINT-ANDRE-DE-SANGONIS;3;3;0;23.3;PRIV_SANTE_CABINET, PRIV_SANTE_CENTRE
3051;PRIVE;35;CANCALE;3;3;0;23.3;PRIV_SANTE_CABINET, PRIV_SANTE_CENTRE
3052;PRIVE;35;REDON;3;3;0;23.3;PRIV_SANTE_CABINET, PRIV_SANTE_CENTRE
3053;PRIVE;35;SAINT-MEEN-LE-GRAND;3;3;0;23.3;PRIV_SANTE_CABINET, PRIV_SANTE_CENTRE
3054;PRIVE;38;ECHIROLLES;3;3;0;23.3;PRIV_SANTE_CABINET, PRIV_RESTAURANT
3055;PRIVE;38;SEYSSINET-PARISET;3;3;0;23.3;PRIV_SANTE_CABINET, PRIV_SANTE_CENTRE
3056;PRIVE;38;VIENNE;3;3;0;23.3;PRIV_SANTE_CABINET, PRIV_SANTE_CENTRE
3057;PRIVE;38;VOIRON;3;3;0;23.3;PRIV_SANTE_CABINET, PRIV_SANTE_CENTRE
3058;PRIVE;40;LABENNE;3;3;0;23.3;PRIV_SANTE_CABINET, PRIV_SANTE_CENTRE
3059;PRIVE;44;BOUGUENAIS;3;3;0;23.3;PRIV_SANTE_CABINET, PRIV_SANTE_CENTRE
3060;PRIVE;45;VILLEMANDEUR;3;3;0;23.3;PRIV_SANTE_CABINET, PRIV_SANTE_CENTRE, PRIV_RESTAURANT
3061;PRIVE;50;AGON-COUTAINVILLE;3;3;0;23.3;PRIV_SANTE_CABINET, PRIV_SANTE_CENTRE
3062;PRIVE;51;SEZANNE;3;3;0;23.3;PRIV_SANTE_CABINET, PRIV_SANTE_CENTRE
3063;PRIVE;60;BORNEL;3;3;0;23.3;PRIV_SANTE_CABINET, PRIV_SANTE_CENTRE, IMMO_AGENCE
3064;PRIVE;60;PRECY-SUR-OISE;3;3;0;23.3;PRIV_SANTE_CABINET, PRIV_SANTE_CENTRE, PRIV_RESTAURANT
3065;PRIVE;64;IDRON;3;3;0;23.3;PRIV_SANTE_CABINET, PRIV_SANTE_CENTRE
3066;PRIVE;83;LE CANNET-DES-MAURES;3;3;0;23.3;PRIV_SANTE_CABINET, PRIV_SANTE_CENTRE
3067;PRIVE;95;MESNIL-AUBRY;3;3;0;23.3;PRIV_LOISIRS, PRIV_RESTAURANT
3068;PRIVE;77;PRINGY;26;26;0;23.3;PRIV_SANTE_CABINET, PRIV_SANTE_CENTRE, PRIV_LOISIRS, IMMO_AGENCE, PRIV_BUREAU, PRIV_RESTAURANT
3069;PRIVE;77;PRESLES-EN-BRIE;13;13;0;23.3;PRIV_LOISIRS, PRIV_SANTE_CENTRE, PRIV_BUREAU, IMMO_AGENCE
3070;PRIVE;91;LISSES;60;59;0;23.3;PRIV_SANTE_CABINET, PRIV_SANTE_CENTRE, PRIV_LOISIRS, IMMO_AGENCE, PRIV_BUREAU, PRIV_RESTAURANT, PRIV_COMMERCE
3071;PRIVE;91;VILLABE;36;36;0;23.3;PRIV_SANTE_CABINET, PRIV_SANTE_CENTRE, PRIV_LOISIRS, IMMO_AGENCE, PRIV_BUREAU, PRIV_RESTAURANT, PRIV_COMMERCE
3072;PRIVE;78;CERNAY-LA-VILLE;18;18;0;23.2;PRIV_SANTE_CABINET, PRIV_SANTE_CENTRE, PRIV_LOISIRS, IMMO_AGENCE, PRIV_RESTAURANT
3073;PRIVE;78;LES MESNULS;9;9;0;23.2;PRIV_SANTE_CABINET, PRIV_SANTE_CENTRE, PRIV_LOISIRS, IMMO_AGENCE, PRIV_RESTAURANT
3074;PRIVE;77;BAILLY-ROMAINVILLIERS;50;50;0;23.2;PRIV_SANTE_CABINET, PRIV_SANTE_CENTRE, PRIV_LOISIRS, IMMO_AGENCE, PRIV_BUREAU, PRIV_RESTAURANT, PRIV_COMMERCE
3075;PRIVE;91;BOULLAY-LES-TROUX;5;5;0;23.2;PRIV_LOISIRS, IMMO_AGENCE, PRIV_RESTAURANT
3076;PRIVE;77;MONTHYON;16;16;0;23.2;PRIV_SANTE_CABINET, PRIV_SANTE_CENTRE, PRIV_LOISIRS, IMMO_AGENCE, PRIV_BUREAU, PRIV_RESTAURANT
3077;PRIVE;78;GAZERAN;21;21;0;23.1;PRIV_SANTE_CABINET, PRIV_SANTE_CENTRE, PRIV_LOISIRS, IMMO_AGENCE, PRIV_BUREAU, PRIV_RESTAURANT
3078;PRIVE;78;GOUSSONVILLE;7;7;0;23.1;PRIV_SANTE_CENTRE, PRIV_LOISIRS, IMMO_AGENCE, PRIV_BUREAU, PRIV_RESTAURANT
3079;PRIVE;77;SAINT-MARD;26;26;0;23.1;PRIV_SANTE_CABINET, PRIV_SANTE_CENTRE, PRIV_LOISIRS, IMMO_AGENCE, PRIV_RESTAURANT, PRIV_BUREAU, PRIV_COMMERCE
3080;PRIVE;77;DAMMARTIN-EN-GOELE;68;67;0;23.1;PRIV_SANTE_CABINET, PRIV_SANTE_CENTRE, PRIV_LOISIRS, IMMO_AGENCE, PRIV_BUREAU, PRIV_RESTAURANT, PRIV_COMMERCE
3081;PRIVE;95;ASNIERES-SUR-OISE;30;30;0;23.1;PRIV_SANTE_CABINET, PRIV_SANTE_CENTRE, PRIV_LOISIRS, IMMO_AGENCE, PRIV_BUREAU, PRIV_RESTAURANT
3082;PRIVE;77;NANTEUIL-LES-MEAUX;41;41;0;23.1;PRIV_SANTE_CABINET, PRIV_SANTE_CENTRE, PRIV_LOISIRS, IMMO_AGENCE, PRIV_BUREAU, PRIV_RESTAURANT, PRIV_COMMERCE
3083;PRIVE;77;BOUTIGNY;9;9;0;23.0;PRIV_SANTE_CABINET, PRIV_SANTE_CENTRE, PRIV_LOISIRS, IMMO_AGENCE, PRIV_COMMERCE
3084;PRIVE;91;CHAMARANDE;7;7;0;23.0;PRIV_SANTE_CENTRE, PRIV_LOISIRS, PRIV_BUREAU, PRIV_RESTAURANT, PRIV_COMMERCE
3085;PRIVE;10;SAINT-ANDRE-LES-VERGERS;5;5;0;23.0;PRIV_SANTE_CABINET, PRIV_SANTE_CENTRE
3086;PRIVE;45;AMILLY;5;5;0;23.0;PRIV_SANTE_CABINET, PRIV_RESTAURANT
3087;PRIVE;84;L'ISLE-SUR-LA-SORGUE;5;5;0;23.0;PRIV_SANTE_CABINET, PRIV_SANTE_CENTRE
3088;PRIVE;95;LE MESNIL-AUBRY;5;5;0;23.0;PRIV_SANTE_CABINET, PRIV_LOISIRS, IMMO_AGENCE, PRIV_BUREAU
3089;PRIVE;59;CAMBRAI;4;4;0;23.0;PRIV_SANTE_CABINET, PRIV_SANTE_CENTRE, PRIV_LOISIRS, PRIV_RESTAURANT
3090;PRIVE;78;BOURDONNE;4;4;0;23.0;PRIV_SANTE_CENTRE, PRIV_LOISIRS, IMMO_AGENCE, PRIV_RESTAURANT
3091;PRIVE;91;COURANCES;4;4;0;23.0;PRIV_SANTE_CENTRE, PRIV_LOISIRS, IMMO_AGENCE, PRIV_RESTAURANT
3092;PRIVE;13;GEMENOS;3;3;0;23.0;PRIV_SANTE_CABINET, PRIV_LOISIRS
3093;PRIVE;78;LONGVILLIERS;3;3;0;23.0;PRIV_SANTE_CENTRE, PRIV_LOISIRS
3094;PRIVE;95;CHENNEVIERES-LES-LOUVRES;2;2;0;23.0;PRIV_LOISIRS, IMMO_AGENCE
3095;PRIVE;77;CESSON;67;67;0;23.0;PRIV_SANTE_CABINET, PRIV_SANTE_CENTRE, PRIV_LOISIRS, IMMO_AGENCE, PRIV_BUREAU, PRIV_RESTAURANT, PRIV_COMMERCE
3096;PRIVE;45;SARAN;7;7;0;22.9;PRIV_SANTE_CABINET, IMMO_AGENCE, PRIV_BUREAU, PRIV_RESTAURANT
3097;PRIVE;77;LA ROCHETTE;31;31;0;22.8;PRIV_SANTE_CABINET, PRIV_SANTE_CENTRE, PRIV_LOISIRS, IMMO_AGENCE, PRIV_BUREAU, PRIV_RESTAURANT
3098;PRIVE;77;CHEVRY-COSSIGNY;29;29;0;22.8;PRIV_SANTE_CABINET, PRIV_SANTE_CENTRE, PRIV_LOISIRS, IMMO_AGENCE, PRIV_BUREAU, PRIV_RESTAURANT, PRIV_COMMERCE
3099;PRIVE;91;GUIGNEVILLE-SUR-ESSONNE;5;5;0;22.8;PRIV_SANTE_CENTRE, PRIV_LOISIRS, IMMO_AGENCE, PRIV_BUREAU
3100;PRIVE;91;DOURDAN;102;101;0;22.8;PRIV_SANTE_CABINET, PRIV_SANTE_CENTRE, PRIV_LOISIRS, IMMO_AGENCE, PRIV_BUREAU, PRIV_RESTAURANT, PRIV_COMMERCE
3101;PRIVE;91;TIGERY;36;36;0;22.8;PRIV_SANTE_CABINET, PRIV_SANTE_CENTRE, PRIV_LOISIRS, IMMO_AGENCE, PRIV_BUREAU, PRIV_RESTAURANT, PRIV_COMMERCE
3102;PRIVE;78;BULLION;9;9;0;22.8;PRIV_SANTE_CABINET, PRIV_SANTE_CENTRE, IMMO_AGENCE, PRIV_BUREAU
3103;PRIVE;77;VAUX-LE-PENIL;57;57;0;22.7;PRIV_SANTE_CABINET, PRIV_SANTE_CENTRE, PRIV_LOISIRS, PRIV_BUREAU, IMMO_AGENCE, PRIV_RESTAURANT, PRIV_COMMERCE
3104;PRIVE;77;GRANDPUITS-BAILLY-CARROIS;6;6;0;22.7;PRIV_LOISIRS, PRIV_SANTE_CENTRE, IMMO_AGENCE
3105;PRIVE;95;HARAVILLIERS;8;8;0;22.6;PRIV_SANTE_CENTRE, PRIV_LOISIRS, IMMO_AGENCE, PRIV_BUREAU
3106;PRIVE;78;AUBERGENVILLE;85;85;0;22.6;PRIV_SANTE_CABINET, PRIV_SANTE_CENTRE, PRIV_LOISIRS, IMMO_AGENCE, PRIV_BUREAU, PRIV_RESTAURANT, PRIV_COMMERCE
3107;PRIVE;35;RENNES;55;55;0;22.6;PRIV_SANTE_CABINET, PRIV_SANTE_CENTRE, PRIV_LOISIRS, IMMO_AGENCE, PRIV_BUREAU, PRIV_RESTAURANT, PRIV_COMMERCE
3108;PRIVE;60;CHAMBLY;13;13;0;22.6;PRIV_SANTE_CABINET, PRIV_LOISIRS, IMMO_AGENCE, PRIV_RESTAURANT
3109;PRIVE;77;MOISSY-CRAMAYEL;87;85;0;22.6;PRIV_SANTE_CABINET, PRIV_SANTE_CENTRE, PRIV_LOISIRS, PRIV_BUREAU, IMMO_AGENCE, PRIV_RESTAURANT, PRIV_COMMERCE
3110;PRIVE;77;MAREUIL-LES-MEAUX;51;50;0;22.6;PRIV_SANTE_CABINET, PRIV_SANTE_CENTRE, PRIV_LOISIRS, IMMO_AGENCE, PRIV_BUREAU, PRIV_RESTAURANT
3111;PRIVE;77;MEAUX;399;394;0;22.6;PRIV_SANTE_CABINET, PRIV_SANTE_CENTRE, PRIV_LOISIRS, IMMO_AGENCE, PRIV_BUREAU, PRIV_RESTAURANT, PRIV_COMMERCE
3112;PRIVE;95;MAGNY-EN-VEXIN;48;48;0;22.5;PRIV_SANTE_CABINET, PRIV_SANTE_CENTRE, PRIV_LOISIRS, IMMO_AGENCE, PRIV_BUREAU, PRIV_RESTAURANT, PRIV_COMMERCE
3113;PRIVE;38;MEYLAN;6;6;0;22.5;PRIV_SANTE_CABINET, PRIV_SANTE_CENTRE, IMMO_AGENCE, PRIV_BUREAU
3114;PRIVE;44;SAINT-SEBASTIEN-SUR-LOIRE;6;6;0;22.5;PRIV_SANTE_CABINET, PRIV_SANTE_CENTRE, PRIV_BUREAU
3115;PRIVE;25;PONTARLIER;4;4;0;22.5;PRIV_SANTE_CABINET, PRIV_SANTE_CENTRE, PRIV_BUREAU
3116;PRIVE;28;CHERISY;4;4;0;22.5;PRIV_SANTE_CABINET, PRIV_SANTE_CENTRE
3117;PRIVE;28;MAINVILLIERS;4;4;0;22.5;PRIV_SANTE_CABINET, PRIV_SANTE_CENTRE
3118;PRIVE;33;BIGANOS;4;4;0;22.5;PRIV_SANTE_CENTRE, PRIV_BUREAU
3119;PRIVE;37;AMBOISE;4;4;0;22.5;PRIV_SANTE_CABINET, PRIV_SANTE_CENTRE
3120;PRIVE;66;THUIR;4;4;0;22.5;PRIV_SANTE_CENTRE, IMMO_AGENCE, PRIV_RESTAURANT, PRIV_COMMERCE
3121;PRIVE;73;BOURG-SAINT-MAURICE;4;4;0;22.5;PRIV_SANTE_CABINET, PRIV_SANTE_CENTRE
3122;PRIVE;78;NOISY LE ROI;4;4;0;22.5;PRIV_SANTE_CABINET, IMMO_AGENCE
3123;PRIVE;01;VALSERHONE;2;2;0;22.5;PRIV_SANTE_CENTRE, PRIV_SANTE_CABINET
3124;PRIVE;06;SAINT-MARTIN-DU-VAR;2;2;0;22.5;PRIV_SANTE_CABINET, PRIV_SANTE_CENTRE
3125;PRIVE;07;JAUJAC;2;2;0;22.5;PRIV_SANTE_CABINET, PRIV_SANTE_CENTRE
3126;PRIVE;07;SAINT-PERAY;2;2;0;22.5;PRIV_SANTE_CABINET, PRIV_SANTE_CENTRE
3127;PRIVE;07;VILLENEUVE-DE-BERG;2;2;0;22.5;PRIV_SANTE_CABINET, PRIV_SANTE_CENTRE
3128;PRIVE;09;AX-LES-THERMES;2;2;0;22.5;PRIV_SANTE_CABINET
3129;PRIVE;09;PAMIERS;2;2;0;22.5;PRIV_SANTE_CABINET, PRIV_SANTE_CENTRE
3130;PRIVE;13;CORNILLON-CONFOUX;2;2;0;22.5;PRIV_SANTE_CABINET, PRIV_SANTE_CENTRE
3131;PRIVE;13;FONTVIEILLE;2;2;0;22.5;PRIV_SANTE_CENTRE, PRIV_BUREAU
3132;PRIVE;19;OBJAT;2;2;0;22.5;PRIV_SANTE_CABINET, PRIV_SANTE_CENTRE
3133;PRIVE;21;MARSANNAY-LA-COTE;2;2;0;22.5;PRIV_SANTE_CABINET, PRIV_SANTE_CENTRE
3134;PRIVE;22;BOURBRIAC;2;2;0;22.5;PRIV_SANTE_CABINET, PRIV_SANTE_CENTRE
3135;PRIVE;22;LAMBALLE-ARMOR;2;2;0;22.5;PRIV_SANTE_CABINET
3136;PRIVE;22;LE MENE;2;2;0;22.5;PRIV_SANTE_CABINET, PRIV_SANTE_CENTRE
3137;PRIVE;22;PLOUEZEC;2;2;0;22.5;PRIV_SANTE_CABINET, PRIV_SANTE_CENTRE
3138;PRIVE;24;BASSILLAC ET AUBEROCHE;2;2;0;22.5;PRIV_SANTE_CABINET, PRIV_SANTE_CENTRE
3139;PRIVE;25;MISEREY-SALINES;2;2;0;22.5;PRIV_SANTE_CABINET, PRIV_SANTE_CENTRE
3140;PRIVE;25;MORTEAU;2;2;0;22.5;PRIV_RESTAURANT, PRIV_COMMERCE
3141;PRIVE;26;AOUSTE-SUR-SYE;2;2;0;22.5;PRIV_SANTE_CABINET, PRIV_SANTE_CENTRE
3142;PRIVE;26;MIRMANDE;2;2;0;22.5;PRIV_SANTE_CENTRE, PRIV_RESTAURANT
3143;PRIVE;28;LE COUDRAY;2;2;0;22.5;PRIV_SANTE_CABINET, PRIV_SANTE_CENTRE
3144;PRIVE;28;PONTGOUIN;2;2;0;22.5;PRIV_SANTE_CABINET, PRIV_SANTE_CENTRE
3145;PRIVE;29;ELLIANT;2;2;0;22.5;PRIV_SANTE_CABINET, PRIV_SANTE_CENTRE
3146;PRIVE;29;PLOBANNALEC-LESCONIL;2;2;0;22.5;PRIV_SANTE_CABINET, PRIV_SANTE_CENTRE
3147;PRIVE;29;PLOZEVET;2;2;0;22.5;PRIV_SANTE_CABINET, PRIV_SANTE_CENTRE
3148;PRIVE;29;RIEC-SUR-BELON;2;2;0;22.5;PRIV_SANTE_CABINET, PRIV_SANTE_CENTRE
3149;PRIVE;2B;PRUNELLI-DI-FIUMORBO;2;2;0;22.5;PRIV_SANTE_CABINET, PRIV_SANTE_CENTRE
3150;PRIVE;2B;VENTISERI;2;2;0;22.5;PRIV_SANTE_CABINET, PRIV_SANTE_CENTRE
3151;PRIVE;30;LE MARTINET;2;2;0;22.5;PRIV_SANTE_CABINET, PRIV_SANTE_CENTRE
3152;PRIVE;30;MEJANNES-LES-ALES;2;2;0;22.5;PRIV_SANTE_CABINET, PRIV_SANTE_CENTRE
3153;PRIVE;31;LANTA;2;2;0;22.5;PRIV_SANTE_CABINET, PRIV_SANTE_CENTRE
3154;PRIVE;33;CARIGNAN-DE-BORDEAUX;2;2;0;22.5;PRIV_SANTE_CABINET, PRIV_SANTE_CENTRE
3155;PRIVE;33;LANGOIRAN;2;2;0;22.5;PRIV_SANTE_CABINET, PRIV_SANTE_CENTRE
3156;PRIVE;33;SAUVETERRE-DE-GUYENNE;2;2;0;22.5;PRIV_SANTE_CABINET, PRIV_SANTE_CENTRE
3157;PRIVE;34;BALARUC-LES-BAINS;2;2;0;22.5;PRIV_SANTE_CABINET, PRIV_SANTE_CENTRE
3158;PRIVE;34;GIGNAC;2;2;0;22.5;PRIV_SANTE_CABINET, PRIV_SANTE_CENTRE
3159;PRIVE;34;PEZENAS;2;2;0;22.5;PRIV_SANTE_CABINET, PRIV_SANTE_CENTRE
3160;PRIVE;34;VILLENEUVE-LES-BEZIERS;2;2;0;22.5;PRIV_SANTE_CABINET, PRIV_SANTE_CENTRE
3161;PRIVE;35;CHANTEPIE;2;2;0;22.5;PRIV_SANTE_CABINET, PRIV_SANTE_CENTRE
3162;PRIVE;35;GRAND-FOUGERAY;2;2;0;22.5;PRIV_SANTE_CABINET, PRIV_SANTE_CENTRE
3163;PRIVE;35;IRODOUER;2;2;0;22.5;PRIV_SANTE_CABINET, PRIV_SANTE_CENTRE
3164;PRIVE;38;ALLEVARD;2;2;0;22.5;PRIV_SANTE_CABINET, PRIV_SANTE_CENTRE
3165;PRIVE;38;LA MURE;2;2;0;22.5;IMMO_AGENCE, PRIV_BUREAU
3166;PRIVE;38;SEYSSINS;2;2;0;22.5;PRIV_SANTE_CABINET, PRIV_SANTE_CENTRE
3167;PRIVE;38;VILLARD-DE-LANS;2;2;0;22.5;PRIV_SANTE_CABINET, PRIV_SANTE_CENTRE
3168;PRIVE;40;ANGRESSE;2;2;0;22.5;PRIV_SANTE_CABINET, PRIV_SANTE_CENTRE
3169;PRIVE;40;LIT-ET-MIXE;2;2;0;22.5;PRIV_SANTE_CABINET, PRIV_SANTE_CENTRE
3170;PRIVE;40;SANGUINET;2;2;0;22.5;PRIV_SANTE_CENTRE, PRIV_RESTAURANT
3171;PRIVE;44;ANCENIS-SAINT-GEREON;2;2;0;22.5;PRIV_SANTE_CABINET, PRIV_SANTE_CENTRE
3172;PRIVE;44;MESQUER;2;2;0;22.5;PRIV_SANTE_CABINET, PRIV_SANTE_CENTRE
3173;PRIVE;44;ST-HERBLAIN;2;2;0;22.5;PRIV_SANTE_CABINET, PRIV_SANTE_CENTRE
3174;PRIVE;45;LAILLY-EN-VAL;2;2;0;22.5;PRIV_SANTE_CABINET, PRIV_SANTE_CENTRE
3175;PRIVE;45;TRIGUERES;2;2;0;22.5;PRIV_SANTE_CABINET, PRIV_SANTE_CENTRE
3176;PRIVE;46;MARTEL;2;2;0;22.5;PRIV_SANTE_CABINET
3177;PRIVE;49;BEAUPREAU-EN-MAUGES;2;2;0;22.5;PRIV_SANTE_CABINET, PRIV_SANTE_CENTRE
3178;PRIVE;49;BOUCHEMAINE;2;2;0;22.5;PRIV_SANTE_CENTRE, PRIV_BUREAU
3179;PRIVE;49;BRISSAC LOIRE AUBANCE;2;2;0;22.5;PRIV_SANTE_CABINET, PRIV_SANTE_CENTRE
3180;PRIVE;49;MIRE;2;2;0;22.5;PRIV_SANTE_CABINET, PRIV_SANTE_CENTRE
3181;PRIVE;50;SAINT-PAIR-SUR-MER;2;2;0;22.5;PRIV_SANTE_CABINET, PRIV_SANTE_CENTRE
3182;PRIVE;53;FOUGEROLLES-DU-PLESSIS;2;2;0;22.5;PRIV_SANTE_CABINET, PRIV_SANTE_CENTRE
3183;PRIVE;54;MAXEVILLE;2;2;0;22.5;PRIV_SANTE_CABINET, PRIV_SANTE_CENTRE
3184;PRIVE;54;VILLERS-LES-NANCY;2;2;0;22.5;PRIV_SANTE_CABINET, PRIV_SANTE_CENTRE
3185;PRIVE;56;LANESTER;2;2;0;22.5;PRIV_SANTE_CABINET, PRIV_SANTE_CENTRE
3186;PRIVE;56;MUZILLAC;2;2;0;22.5;PRIV_SANTE_CABINET, PRIV_SANTE_CENTRE
3187;PRIVE;56;PLOEREN;2;2;0;22.5;PRIV_SANTE_CABINET
3188;PRIVE;56;SERENT;2;2;0;22.5;PRIV_SANTE_CABINET, PRIV_SANTE_CENTRE
3189;PRIVE;60;BURY;2;2;0;22.5;PRIV_SANTE_CABINET, PRIV_SANTE_CENTRE
3190;PRIVE;60;LE MESNIL-EN-THELLE;2;2;0;22.5;PRIV_SANTE_CENTRE, IMMO_AGENCE
3191;PRIVE;60;NOYON;2;2;0;22.5;PRIV_SANTE_CABINET, PRIV_SANTE_CENTRE
3192;PRIVE;61;LONGNY LES VILLAGES;2;2;0;22.5;PRIV_SANTE_CABINET, PRIV_SANTE_CENTRE
3193;PRIVE;61;SEES;2;2;0;22.5;PRIV_SANTE_CABINET, PRIV_COMMERCE
3194;PRIVE;62;LOISON-SOUS-LENS;2;2;0;22.5;PRIV_SANTE_CABINET, PRIV_SANTE_CENTRE
3195;PRIVE;63;BEAUMONT;2;2;0;22.5;PRIV_SANTE_CABINET, PRIV_SANTE_CENTRE
3196;PRIVE;63;ENNEZAT;2;2;0;22.5;PRIV_SANTE_CABINET, PRIV_SANTE_CENTRE
3197;PRIVE;63;THIERS;2;2;0;22.5;PRIV_SANTE_CABINET, PRIV_SANTE_CENTRE
3198;PRIVE;64;LONS;2;2;0;22.5;PRIV_SANTE_CENTRE, IMMO_AGENCE
3199;PRIVE;66;BANYULS-SUR-MER;2;2;0;22.5;PRIV_SANTE_CABINET, PRIV_SANTE_CENTRE
3200;PRIVE;66;SALEILLES;2;2;0;22.5;PRIV_SANTE_CABINET, PRIV_RESTAURANT
3201;PRIVE;67;MARCKOLSHEIM;2;2;0;22.5;PRIV_SANTE_CABINET, PRIV_SANTE_CENTRE
3202;PRIVE;69;CHARBONNIERES-LES-BAINS;2;2;0;22.5;PRIV_SANTE_CABINET, PRIV_SANTE_CENTRE
3203;PRIVE;69;CRAPONNE;2;2;0;22.5;PRIV_SANTE_CENTRE, PRIV_RESTAURANT
3204;PRIVE;69;NEUVILLE-SUR-SAONE;2;2;0;22.5;PRIV_SANTE_CABINET, PRIV_SANTE_CENTRE
3205;PRIVE;72;LE GRAND-LUCE;2;2;0;22.5;PRIV_SANTE_CABINET, PRIV_SANTE_CENTRE
3206;PRIVE;72;SABLE-SUR-SARTHE;2;2;0;22.5;PRIV_SANTE_CABINET, PRIV_SANTE_CENTRE
3207;PRIVE;73;AIME-LA-PLAGNE;2;2;0;22.5;PRIV_SANTE_CABINET
3208;PRIVE;74;FAVERGES-SEYTHENEX;2;2;0;22.5;PRIV_SANTE_CABINET, PRIV_SANTE_CENTRE
3209;PRIVE;74;FILLIERE;2;2;0;22.5;PRIV_SANTE_CABINET, PRIV_SANTE_CENTRE
3210;PRIVE;74;HABERE-POCHE;2;2;0;22.5;PRIV_SANTE_CABINET, PRIV_SANTE_CENTRE
3211;PRIVE;74;VIUZ-EN-SALLAZ;2;2;0;22.5;PRIV_SANTE_CABINET, PRIV_SANTE_CENTRE
3212;PRIVE;76;SAINT-ROMAIN-DE-COLBOSC;2;2;0;22.5;PRIV_SANTE_CABINET
3213;PRIVE;81;MARSSAC-SUR-TARN;2;2;0;22.5;PRIV_SANTE_CABINET, PRIV_SANTE_CENTRE
3214;PRIVE;83;NANS-LES-PINS;2;2;0;22.5;PRIV_SANTE_CABINET, PRIV_SANTE_CENTRE
3215;PRIVE;83;SAINT-MANDRIER-SUR-MER;2;2;0;22.5;PRIV_SANTE_CABINET, IMMO_AGENCE
3216;PRIVE;83;SOLLIES-PONT;2;2;0;22.5;PRIV_SANTE_CABINET
3217;PRIVE;84;MORIERES-LES-AVIGNON;2;2;0;22.5;PRIV_SANTE_CABINET, PRIV_SANTE_CENTRE
3218;PRIVE;84;PERNES-LES-FONTAINES;2;2;0;22.5;PRIV_SANTE_CABINET, PRIV_SANTE_CENTRE
3219;PRIVE;84;PUGET;2;2;0;22.5;PRIV_SANTE_CABINET, PRIV_SANTE_CENTRE
3220;PRIVE;85;L'ILE-D'OLONNE;2;2;0;22.5;PRIV_SANTE_CABINET, PRIV_SANTE_CENTRE
3221;PRIVE;85;LUCON;2;2;0;22.5;PRIV_SANTE_CABINET
3222;PRIVE;88;CHANTRAINE;2;2;0;22.5;PRIV_SANTE_CABINET, PRIV_SANTE_CENTRE
3223;PRIVE;89;SAINT-CLEMENT;2;2;0;22.5;PRIV_SANTE_CABINET, PRIV_SANTE_CENTRE
3224;PRIVE;95;CLERY-EN-VEXIN;2;2;0;22.5;PRIV_BUREAU, PRIV_RESTAURANT
3225;PRIVE;95;LE BELLAY-EN-VEXIN;2;2;0;22.5;PRIV_SANTE_CENTRE, IMMO_AGENCE
3226;PRIVE;95;;2;2;0;22.5;PRIV_SANTE_CENTRE, PRIV_BUREAU
3227;PRIVE;971;GOYAVE;2;2;0;22.5;PRIV_SANTE_CABINET, PRIV_SANTE_CENTRE
3228;PRIVE;974;BRAS-PANON;2;2;0;22.5;PRIV_SANTE_CABINET
3229;PUBLIC;59;LILLE;2;2;0;22.5;PUB_MAIRIE, PUB_MUSEE
3230;PRIVE;77;SERRIS;150;147;0;22.5;PRIV_SANTE_CABINET, PRIV_SANTE_CENTRE, PRIV_LOISIRS, IMMO_AGENCE, PRIV_BUREAU, PRIV_RESTAURANT
3231;PRIVE;77;MOUSSY-LE-NEUF;21;21;0;22.4;PRIV_SANTE_CABINET, PRIV_SANTE_CENTRE, PRIV_LOISIRS, IMMO_AGENCE, PRIV_RESTAURANT, PRIV_COMMERCE
3232;PRIVE;77;PENCHARD;7;7;0;22.4;PRIV_SANTE_CENTRE, PRIV_LOISIRS, PRIV_BUREAU
3233;PRIVE;33;GRADIGNAN;5;5;0;22.4;PRIV_SANTE_CENTRE, PRIV_LOISIRS
3234;PRIVE;59;LEZENNES;5;5;0;22.4;PRIV_LOISIRS, PRIV_RESTAURANT
3235;PRIVE;973;REMIRE-MONTJOLY;5;5;0;22.4;PRIV_SANTE_CABINET, PRIV_LOISIRS, IMMO_AGENCE, PRIV_RESTAURANT
3236;PRIVE;77;NANTOUILLET;3;3;0;22.3;PRIV_SANTE_CENTRE, PRIV_LOISIRS, PRIV_BUREAU
3237;PRIVE;95;MARINES;27;27;0;22.3;PRIV_SANTE_CABINET, PRIV_SANTE_CENTRE, PRIV_LOISIRS, IMMO_AGENCE, PRIV_BUREAU, PRIV_RESTAURANT, PRIV_COMMERCE
3238;PRIVE;77;BOISSISE-LE-ROI;17;17;0;22.3;PRIV_SANTE_CABINET, PRIV_SANTE_CENTRE, PRIV_LOISIRS, IMMO_AGENCE, PRIV_BUREAU
3239;PRIVE;77;MOUSSEAUX-LES-BRAY;4;4;0;22.2;PRIV_SANTE_CENTRE, PRIV_LOISIRS, PRIV_COMMERCE
3240;PRIVE;77;MAINCY;9;9;0;22.2;PRIV_SANTE_CENTRE, IMMO_AGENCE, PRIV_BUREAU, PRIV_RESTAURANT
3241;PRIVE;78;CLAIREFONTAINE-EN-YVELINES;20;20;0;22.2;PRIV_SANTE_CABINET, PRIV_SANTE_CENTRE, PRIV_LOISIRS, IMMO_AGENCE, PRIV_BUREAU, PRIV_RESTAURANT
3242;PRIVE;78;BEYNES;53;53;0;22.2;PRIV_SANTE_CABINET, PRIV_SANTE_CENTRE, PRIV_LOISIRS, IMMO_AGENCE, PRIV_BUREAU, PRIV_RESTAURANT
3243;PRIVE;77;CELY;11;11;0;22.2;PRIV_SANTE_CENTRE, PRIV_LOISIRS, IMMO_AGENCE, PRIV_RESTAURANT
3244;PRIVE;77;VILLENEUVE-LE-COMTE;19;19;0;22.2;PRIV_SANTE_CABINET, PRIV_SANTE_CENTRE, PRIV_LOISIRS, IMMO_AGENCE, PRIV_BUREAU, PRIV_RESTAURANT
3245;PRIVE;37;CHAMBRAY-LES-TOURS;7;7;0;22.1;PRIV_SANTE_CABINET, PRIV_SANTE_CENTRE
3246;PUBLIC;75;;7;7;0;22.1;PUB_ECOLE, PUB_HOPITAL, PUB_MUSEE
3247;PRIVE;78;MANTES-LA-JOLIE;306;300;0;22.1;PRIV_SANTE_CABINET, PRIV_SANTE_CENTRE, PRIV_LOISIRS, IMMO_AGENCE, PRIV_BUREAU, PRIV_RESTAURANT, PRIV_COMMERCE
3248;PRIVE;77;BLANDY;8;8;0;22.1;PRIV_SANTE_CENTRE, PRIV_LOISIRS, IMMO_AGENCE, PRIV_BUREAU, PRIV_RESTAURANT
3249;PRIVE;78;RAMBOUILLET;278;272;0;22.1;PRIV_SANTE_CENTRE, PRIV_SANTE_CABINET, PRIV_LOISIRS, IMMO_AGENCE, PRIV_BUREAU, PRIV_RESTAURANT, PRIV_COMMERCE
3250;PRIVE;33;PESSAC;22;22;0;22.1;PRIV_SANTE_CABINET, PRIV_SANTE_CENTRE, PRIV_LOISIRS, IMMO_AGENCE, PRIV_BUREAU
3251;PRIVE;69;VILLEURBANNE;23;23;0;22.1;PRIV_SANTE_CABINET, PRIV_SANTE_CENTRE, PRIV_LOISIRS, IMMO_AGENCE, PRIV_BUREAU, PRIV_RESTAURANT, PRIV_COMMERCE
3252;PRIVE;24;PERIGUEUX;12;12;0;22.1;PRIV_SANTE_CABINET, PRIV_SANTE_CENTRE, IMMO_AGENCE, PRIV_BUREAU
3253;PRIVE;79;NIORT;14;14;0;22.1;PRIV_SANTE_CABINET, PRIV_SANTE_CENTRE, PRIV_LOISIRS, PRIV_BUREAU, PRIV_RESTAURANT
3254;PRIVE;95;SAINT-WITZ;24;24;0;22.0;PRIV_SANTE_CABINET, PRIV_LOISIRS, IMMO_AGENCE, PRIV_BUREAU, PRIV_RESTAURANT
3255;PRIVE;91;ORMOY;17;17;0;22.0;PRIV_SANTE_CENTRE, PRIV_LOISIRS, IMMO_AGENCE, PRIV_BUREAU, PRIV_RESTAURANT
3256;PRIVE;73;CHAMBERY;16;16;0;22.0;PRIV_SANTE_CABINET, PRIV_SANTE_CENTRE, PRIV_LOISIRS, IMMO_AGENCE
3257;PRIVE;78;AULNAY-SUR-MAULDRE;9;9;0;22.0;PRIV_SANTE_CENTRE, PRIV_LOISIRS, IMMO_AGENCE, PRIV_BUREAU
3258;PRIVE;60;PLAILLY;6;6;0;22.0;PRIV_SANTE_CABINET, PRIV_SANTE_CENTRE, PRIV_LOISIRS, PRIV_BUREAU, PRIV_RESTAURANT
3259;PRIVE;03;MONTLUCON;5;5;0;22.0;PRIV_SANTE_CABINET, PRIV_SANTE_CENTRE, PRIV_BUREAU
3260;PRIVE;40;MONT-DE-MARSAN;5;5;0;22.0;PRIV_SANTE_CABINET, PRIV_SANTE_CENTRE, PRIV_RESTAURANT
3261;PRIVE;44;VIGNEUX-DE-BRETAGNE;5;5;0;22.0;PRIV_SANTE_CABINET, PRIV_SANTE_CENTRE, IMMO_AGENCE
3262;PRIVE;73;ALBERTVILLE;5;5;0;22.0;PRIV_SANTE_CENTRE, IMMO_AGENCE
3263;PRIVE;77;BELLOT;5;5;0;22.0;PRIV_SANTE_CABINET, PRIV_SANTE_CENTRE, PRIV_RESTAURANT
3264;PRIVE;77;BOULEURS;5;5;0;22.0;PRIV_SANTE_CENTRE, IMMO_AGENCE, PRIV_BUREAU
3265;PRIVE;83;VIDAUBAN;5;5;0;22.0;PRIV_SANTE_CENTRE, IMMO_AGENCE
3266;PRIVE;89;CHARNY OREE DE PUISAYE;5;5;0;22.0;PRIV_SANTE_CABINET, PRIV_SANTE_CENTRE, PRIV_RESTAURANT
3267;PRIVE;01;PONT-DE-VAUX;1;1;0;22.0;PRIV_LOISIRS
3268;PRIVE;27;BERTHOUVILLE;1;1;0;22.0;PRIV_LOISIRS
3269;PRIVE;35;MESNIL-ROC'H;1;1;0;22.0;PRIV_LOISIRS
3270;PRIVE;41;LES MONTILS;1;1;0;22.0;PRIV_LOISIRS
3271;PRIVE;44;CHAPELLE-SUR-ERDRE (LA);1;1;0;22.0;PRIV_LOISIRS
3272;PRIVE;45;MARIGNY-LES-USAGES;1;1;0;22.0;PRIV_LOISIRS
3273;PRIVE;77;MEIGNEUX;1;1;0;22.0;PRIV_LOISIRS
3274;PRIVE;94;MAROLLES EN BRIE;1;1;0;22.0;PRIV_RESTAURANT
3275;PRIVE;95;NOISY-SUR-OISE;1;1;0;22.0;IMMO_AGENCE
3276;PRIVE;77;MELUN;332;328;0;22.0;PRIV_SANTE_CABINET, PRIV_SANTE_CENTRE, PRIV_LOISIRS, IMMO_AGENCE, PRIV_BUREAU, PRIV_RESTAURANT, PRIV_COMMERCE
3277;PRIVE;974;LE PORT;9;9;0;21.9;PRIV_SANTE_CABINET, PRIV_SANTE_CENTRE, PRIV_LOISIRS, IMMO_AGENCE, PRIV_BUREAU, PRIV_RESTAURANT
3278;PRIVE;91;BOISSY-SOUS-SAINT-YON;25;24;0;21.9;PRIV_SANTE_CABINET, PRIV_SANTE_CENTRE, PRIV_LOISIRS, IMMO_AGENCE, PRIV_BUREAU, PRIV_RESTAURANT
3279;PRIVE;95;NESLES-LA-VALLEE;25;25;0;21.9;PRIV_SANTE_CABINET, PRIV_SANTE_CENTRE, PRIV_LOISIRS, IMMO_AGENCE, PRIV_BUREAU, PRIV_RESTAURANT, PRIV_COMMERCE
3280;PRIVE;78;SAINT-REMY-L'HONORE;16;16;0;21.9;PRIV_SANTE_CABINET, PRIV_SANTE_CENTRE, IMMO_AGENCE, PRIV_BUREAU, PRIV_RESTAURANT
3281;PRIVE;77;CREGY-LES-MEAUX;22;22;0;21.9;PRIV_SANTE_CABINET, PRIV_SANTE_CENTRE, PRIV_LOISIRS, IMMO_AGENCE, PRIV_BUREAU, PRIV_RESTAURANT, PRIV_COMMERCE
3282;PRIVE;77;MAGNY-LE-HONGRE;69;69;0;21.9;PRIV_SANTE_CABINET, PRIV_SANTE_CENTRE, PRIV_LOISIRS, IMMO_AGENCE, PRIV_BUREAU, PRIV_RESTAURANT, PRIV_COMMERCE
3283;PRIVE;77;LA CELLE-SUR-MORIN;6;6;0;21.8;PRIV_SANTE_CENTRE, PRIV_LOISIRS, PRIV_BUREAU
3284;PRIVE;77;MONTEVRAIN;130;129;0;21.8;PRIV_SANTE_CABINET, PRIV_SANTE_CENTRE, PRIV_LOISIRS, IMMO_AGENCE, PRIV_BUREAU, PRIV_RESTAURANT, PRIV_COMMERCE
3285;PRIVE;78;MAREIL-SUR-MAULDRE;14;14;0;21.8;PRIV_SANTE_CENTRE, IMMO_AGENCE, PRIV_BUREAU, PRIV_RESTAURANT, PRIV_COMMERCE
3286;PRIVE;63;CLERMONT-FERRAND;18;18;0;21.8;PRIV_SANTE_CABINET, PRIV_SANTE_CENTRE, PRIV_LOISIRS, IMMO_AGENCE, PRIV_BUREAU, PRIV_RESTAURANT, PRIV_COMMERCE
3287;PRIVE;78;BONNELLES;13;12;0;21.8;PRIV_SANTE_CABINET, PRIV_SANTE_CENTRE, PRIV_LOISIRS, IMMO_AGENCE, PRIV_BUREAU, PRIV_RESTAURANT, PRIV_COMMERCE
3288;PRIVE;77;DAMMARTIN-SUR-TIGEAUX;8;8;0;21.8;PRIV_SANTE_CENTRE, PRIV_LOISIRS, PRIV_BUREAU, PRIV_COMMERCE
3289;PRIVE;77;JUILLY;8;8;0;21.8;PRIV_SANTE_CABINET, PRIV_SANTE_CENTRE, PRIV_LOISIRS, IMMO_AGENCE, PRIV_RESTAURANT, PRIV_COMMERCE
3290;PRIVE;28;NOGENT-LE-ROI;4;4;0;21.8;PRIV_SANTE_CENTRE, PRIV_LOISIRS, IMMO_AGENCE, PRIV_COMMERCE
3291;PRIVE;34;PORTIRAGNES;4;4;0;21.8;PRIV_SANTE_CENTRE, PRIV_LOISIRS
3292;PRIVE;78;SAINT-ARNOULT-EN-YVELINES;55;55;0;21.7;PRIV_SANTE_CABINET, PRIV_SANTE_CENTRE, PRIV_LOISIRS, IMMO_AGENCE, PRIV_BUREAU, PRIV_RESTAURANT, PRIV_COMMERCE
3293;PRIVE;77;COUBERT;18;18;0;21.7;PRIV_SANTE_CABINET, PRIV_SANTE_CENTRE, PRIV_LOISIRS, IMMO_AGENCE, PRIV_RESTAURANT
3294;PRIVE;78;SONCHAMP;14;14;0;21.7;PRIV_SANTE_CABINET, PRIV_SANTE_CENTRE, PRIV_LOISIRS, IMMO_AGENCE
3295;PRIVE;02;CHATEAU-THIERRY;7;7;0;21.7;PRIV_SANTE_CABINET, PRIV_SANTE_CENTRE, PRIV_LOISIRS, IMMO_AGENCE, PRIV_BUREAU
3296;PRIVE;56;AURAY;7;7;0;21.7;PRIV_SANTE_CABINET, PRIV_SANTE_CENTRE, PRIV_LOISIRS
3297;PRIVE;77;DAMMARIE-LES-LYS;97;97;0;21.7;PRIV_SANTE_CABINET, PRIV_SANTE_CENTRE, PRIV_LOISIRS, IMMO_AGENCE, PRIV_BUREAU, PRIV_RESTAURANT, PRIV_COMMERCE
3298;PRIVE;77;GUERARD;16;16;0;21.7;PRIV_SANTE_CABINET, PRIV_SANTE_CENTRE, PRIV_LOISIRS, IMMO_AGENCE, PRIV_BUREAU, PRIV_RESTAURANT
3299;PRIVE;26;VALENCE;9;9;0;21.7;PRIV_SANTE_CENTRE, IMMO_AGENCE, PRIV_RESTAURANT
3300;PRIVE;33;LEGE-CAP-FERRET;9;9;0;21.7;PRIV_SANTE_CABINET, PRIV_SANTE_CENTRE, IMMO_AGENCE, PRIV_BUREAU
3301;PRIVE;06;BEAUSOLEIL;6;6;0;21.7;PRIV_SANTE_CABINET, PRIV_SANTE_CENTRE, PRIV_BUREAU
3302;PRIVE;22;LANNION;6;6;0;21.7;PRIV_SANTE_CABINET, PRIV_SANTE_CENTRE
3303;PRIVE;84;CAVAILLON;6;6;0;21.7;PRIV_SANTE_CABINET, PRIV_SANTE_CENTRE, IMMO_AGENCE, PRIV_COMMERCE
3304;PRIVE;29;BOHARS;3;3;0;21.7;PRIV_SANTE_CABINET, PRIV_SANTE_CENTRE
3305;PRIVE;29;PONT-AVEN;3;3;0;21.7;PRIV_SANTE_CABINET, PRIV_SANTE_CENTRE
3306;PRIVE;30;SAINT-PRIVAT-DES-VIEUX;3;3;0;21.7;PRIV_SANTE_CENTRE, IMMO_AGENCE
3307;PRIVE;33;AUDENGE;3;3;0;21.7;PRIV_SANTE_CENTRE, PRIV_BUREAU
3308;PRIVE;33;CREON;3;3;0;21.7;PRIV_SANTE_CABINET, PRIV_SANTE_CENTRE
3309;PRIVE;34;CASTRIES;3;3;0;21.7;PRIV_SANTE_CABINET, PRIV_SANTE_CENTRE
3310;PRIVE;34;LODEVE;3;3;0;21.7;PRIV_SANTE_CENTRE, PRIV_BUREAU
3311;PRIVE;37;VOUVRAY;3;3;0;21.7;PRIV_SANTE_CABINET, PRIV_SANTE_CENTRE
3312;PRIVE;44;SAINT-ANDRE-DES-EAUX;3;3;0;21.7;PRIV_SANTE_CABINET, PRIV_BUREAU
3313;PRIVE;45;PITHIVIERS;3;3;0;21.7;PRIV_SANTE_CABINET, PRIV_SANTE_CENTRE
3314;PRIVE;46;MONTCUQ-EN-QUERCY-BLANC;3;3;0;21.7;PRIV_SANTE_CABINET, PRIV_SANTE_CENTRE
3315;PRIVE;50;COUTANCES;3;3;0;21.7;PRIV_SANTE_CABINET, PRIV_SANTE_CENTRE
3316;PRIVE;51;BEZANNES;3;3;0;21.7;PRIV_SANTE_CABINET, PRIV_COMMERCE
3317;PRIVE;56;BRECH;3;3;0;21.7;PRIV_SANTE_CENTRE, PRIV_BUREAU
3318;PRIVE;56;NIVILLAC;3;3;0;21.7;PRIV_SANTE_CENTRE, PRIV_BUREAU
3319;PRIVE;60;CLERMONT;3;3;0;21.7;PRIV_SANTE_CABINET, PRIV_SANTE_CENTRE, IMMO_AGENCE
3320;PRIVE;64;ORTHEZ;3;3;0;21.7;PRIV_SANTE_CABINET, PRIV_SANTE_CENTRE
3321;PRIVE;71;MACON;3;3;0;21.7;PRIV_SANTE_CABINET, IMMO_AGENCE
3322;PRIVE;78;PRUNAY-LE-TEMPLE;3;3;0;21.7;PRIV_SANTE_CENTRE, IMMO_AGENCE, PRIV_BUREAU
3323;PRIVE;83;MONTAUROUX;3;3;0;21.7;PRIV_SANTE_CABINET, PRIV_SANTE_CENTRE, PRIV_BUREAU
3324;PRIVE;84;VALREAS;3;3;0;21.7;PRIV_SANTE_CABINET, PRIV_SANTE_CENTRE
3325;PRIVE;89;TONNERRE;3;3;0;21.7;PRIV_SANTE_CABINET, PRIV_SANTE_CENTRE
3326;PRIVE;91;VILLECONIN;3;3;0;21.7;PRIV_SANTE_CENTRE, IMMO_AGENCE, PRIV_BUREAU
3327;PRIVE;95;CHAUSSY;3;3;0;21.7;PRIV_SANTE_CENTRE, PRIV_RESTAURANT
3328;PRIVE;95;HAUTE-ISLE;3;3;0;21.7;PRIV_SANTE_CENTRE, PRIV_BUREAU
3329;PRIVE;72;LE MANS;25;25;0;21.6;PRIV_SANTE_CABINET, PRIV_SANTE_CENTRE, PRIV_LOISIRS, IMMO_AGENCE, PRIV_BUREAU, PRIV_RESTAURANT
3330;PRIVE;91;SAINT-GERMAIN-LES-CORBEIL;53;53;0;21.6;PRIV_SANTE_CABINET, PRIV_SANTE_CENTRE, PRIV_LOISIRS, IMMO_AGENCE, PRIV_BUREAU, PRIV_RESTAURANT, PRIV_COMMERCE
3331;PRIVE;78;JUZIERS;25;25;0;21.6;PRIV_SANTE_CABINET, PRIV_SANTE_CENTRE, IMMO_AGENCE, PRIV_BUREAU, PRIV_RESTAURANT, PRIV_COMMERCE
3332;PRIVE;78;GARGENVILLE;47;47;0;21.6;PRIV_SANTE_CABINET, PRIV_SANTE_CENTRE, PRIV_LOISIRS, IMMO_AGENCE, PRIV_BUREAU, PRIV_RESTAURANT, PRIV_COMMERCE
3333;PRIVE;91;LE COUDRAY-MONTCEAUX;29;29;0;21.6;PRIV_SANTE_CABINET, PRIV_SANTE_CENTRE, PRIV_LOISIRS, IMMO_AGENCE, PRIV_BUREAU, PRIV_RESTAURANT, PRIV_COMMERCE
3334;PRIVE;22;SAINT-BRIEUC;19;19;0;21.6;PRIV_SANTE_CABINET, PRIV_SANTE_CENTRE, IMMO_AGENCE, PRIV_BUREAU, PRIV_RESTAURANT
3335;PRIVE;78;GROSROUVRE;14;14;0;21.6;PRIV_SANTE_CABINET, PRIV_SANTE_CENTRE, PRIV_LOISIRS, IMMO_AGENCE, PRIV_BUREAU, PRIV_RESTAURANT
3336;PRIVE;77;LA CHAPELLE-GAUTHIER;9;9;0;21.6;PRIV_LOISIRS, PRIV_SANTE_CENTRE, IMMO_AGENCE, PRIV_BUREAU, PRIV_RESTAURANT, PRIV_COMMERCE
3337;PRIVE;78;MAULE;65;65;0;21.6;PRIV_SANTE_CABINET, PRIV_SANTE_CENTRE, PRIV_LOISIRS, IMMO_AGENCE, PRIV_BUREAU, PRIV_RESTAURANT, PRIV_COMMERCE
3338;PRIVE;13;AUBAGNE;11;11;0;21.5;PRIV_SANTE_CABINET, PRIV_SANTE_CENTRE, PRIV_LOISIRS, IMMO_AGENCE, PRIV_COMMERCE
3339;PRIVE;77;VILLENEUVE-SAINT-DENIS;10;10;0;21.5;PRIV_SANTE_CENTRE, IMMO_AGENCE, PRIV_BUREAU
3340;PRIVE;77;FONTENAY-TRESIGNY;45;45;0;21.5;PRIV_LOISIRS, PRIV_SANTE_CABINET, PRIV_SANTE_CENTRE, IMMO_AGENCE, PRIV_BUREAU, PRIV_RESTAURANT, PRIV_COMMERCE
3341;PRIVE;77;ANNET-SUR-MARNE;19;18;0;21.5;PRIV_SANTE_CABINET, PRIV_SANTE_CENTRE, PRIV_LOISIRS, IMMO_AGENCE, PRIV_BUREAU, PRIV_RESTAURANT
3342;PRIVE;19;BRIVE-LA-GAILLARDE;7;7;0;21.4;PRIV_SANTE_CABINET, PRIV_SANTE_CENTRE, IMMO_AGENCE
3343;PRIVE;28;MAINTENON;7;7;0;21.4;PRIV_SANTE_CABINET, PRIV_SANTE_CENTRE, IMMO_AGENCE
3344;PRIVE;38;BOURGOIN-JALLIEU;7;7;0;21.4;PRIV_SANTE_CABINET, PRIV_SANTE_CENTRE
3345;PRIVE;50;GRANVILLE;12;12;0;21.4;PRIV_SANTE_CABINET, PRIV_SANTE_CENTRE, PRIV_LOISIRS, IMMO_AGENCE
3346;PRIVE;04;DIGNE-LES-BAINS;5;5;0;21.4;PRIV_SANTE_CABINET, PRIV_SANTE_CENTRE, PRIV_LOISIRS
3347;PRIVE;77;BOISSETTES;5;5;0;21.4;PRIV_SANTE_CENTRE, PRIV_LOISIRS, IMMO_AGENCE, PRIV_BUREAU
3348;PRIVE;91;BOUVILLE;5;5;0;21.4;PRIV_LOISIRS, IMMO_AGENCE, PRIV_BUREAU, PRIV_RESTAURANT
3349;PRIVE;95;THEMERICOURT;5;5;0;21.4;PRIV_SANTE_CENTRE, PRIV_LOISIRS, IMMO_AGENCE, PRIV_BUREAU, PRIV_RESTAURANT
3350;PRIVE;91;MENNECY;117;114;0;21.4;PRIV_SANTE_CABINET, PRIV_SANTE_CENTRE, PRIV_LOISIRS, IMMO_AGENCE, PRIV_BUREAU, PRIV_RESTAURANT, PRIV_COMMERCE
3351;PRIVE;78;MONTFORT-L'AMAURY;54;52;0;21.4;PRIV_SANTE_CABINET, PRIV_SANTE_CENTRE, IMMO_AGENCE, PRIV_BUREAU, PRIV_RESTAURANT, PRIV_COMMERCE
3352;PRIVE;91;LE VAL-SAINT-GERMAIN;13;13;0;21.4;PRIV_SANTE_CABINET, PRIV_SANTE_CENTRE, PRIV_LOISIRS, IMMO_AGENCE, PRIV_BUREAU
3353;PRIVE;91;EGLY;24;24;0;21.4;PRIV_SANTE_CABINET, PRIV_SANTE_CENTRE, PRIV_LOISIRS, IMMO_AGENCE, PRIV_BUREAU, PRIV_RESTAURANT
3354;PRIVE;78;MAGNANVILLE;27;27;0;21.4;PRIV_SANTE_CABINET, PRIV_SANTE_CENTRE, PRIV_LOISIRS, IMMO_AGENCE, PRIV_BUREAU
3355;PRIVE;78;COIGNIERES;80;80;0;21.4;PRIV_SANTE_CABINET, PRIV_LOISIRS, IMMO_AGENCE, PRIV_BUREAU, PRIV_RESTAURANT, PRIV_COMMERCE
3356;PRIVE;974;SAINT-LEU;18;18;0;21.3;PRIV_SANTE_CABINET, PRIV_SANTE_CENTRE, PRIV_LOISIRS, IMMO_AGENCE, PRIV_RESTAURANT
3357;PRIVE;77;ROUVRES;3;3;0;21.3;PRIV_SANTE_CENTRE, PRIV_LOISIRS
3358;PRIVE;56;VANNES;36;36;0;21.3;PRIV_SANTE_CABINET, PRIV_SANTE_CENTRE, PRIV_LOISIRS, IMMO_AGENCE, PRIV_BUREAU, PRIV_RESTAURANT
3359;PRIVE;91;CORBEIL-ESSONNES;307;306;0;21.3;PRIV_SANTE_CABINET, PRIV_SANTE_CENTRE, PRIV_LOISIRS, IMMO_AGENCE, PRIV_COMMERCE, PRIV_BUREAU, PRIV_RESTAURANT
3360;PRIVE;14;LISIEUX;8;8;0;21.2;PRIV_SANTE_CABINET, PRIV_SANTE_CENTRE, PRIV_RESTAURANT
3361;PRIVE;69;ECULLY;8;8;0;21.2;PRIV_SANTE_CABINET, PRIV_SANTE_CENTRE, IMMO_AGENCE, PRIV_BUREAU, PRIV_RESTAURANT
3362;PRIVE;06;CHATEAUNEUF-GRASSE;4;4;0;21.2;PRIV_SANTE_CABINET, PRIV_SANTE_CENTRE, PRIV_BUREAU
3363;PRIVE;13;SAINT-CANNAT;4;4;0;21.2;PRIV_SANTE_CABINET, PRIV_SANTE_CENTRE, PRIV_BUREAU
3364;PRIVE;31;SAINT-JEAN;4;4;0;21.2;PRIV_SANTE_CABINET
3365;PRIVE;33;CENON;4;4;0;21.2;PRIV_SANTE_CABINET, PRIV_SANTE_CENTRE
3366;PRIVE;33;SAINT-JEAN-D'ILLAC;4;4;0;21.2;PRIV_SANTE_CABINET, PRIV_SANTE_CENTRE
3367;PRIVE;45;GIEN;4;4;0;21.2;PRIV_SANTE_CABINET, PRIV_RESTAURANT
3368;PRIVE;49;LES PONTS-DE-CE;4;4;0;21.2;PRIV_SANTE_CENTRE, IMMO_AGENCE
3369;PRIVE;50;AVRANCHES;4;4;0;21.2;PRIV_SANTE_CABINET, PRIV_SANTE_CENTRE
3370;PRIVE;60;SAINT-LEU-D'ESSERENT;4;4;0;21.2;PRIV_SANTE_CABINET, PRIV_SANTE_CENTRE, IMMO_AGENCE, PRIV_RESTAURANT
3371;PRIVE;74;SALLANCHES;4;4;0;21.2;PRIV_SANTE_CENTRE, IMMO_AGENCE
3372;PRIVE;78;GAILLON-SUR-MONTCIENT;4;4;0;21.2;PRIV_SANTE_CENTRE, IMMO_AGENCE, PRIV_BUREAU
3373;PRIVE;78;MANTES-LA JOLIE;4;4;0;21.2;PRIV_SANTE_CABINET, PRIV_BUREAU, PRIV_RESTAURANT
3374;PRIVE;78;MONTAINVILLE;4;4;0;21.2;PRIV_SANTE_CENTRE, IMMO_AGENCE, PRIV_RESTAURANT
3375;PRIVE;83;TRANS-EN-PROVENCE;4;4;0;21.2;PRIV_SANTE_CABINET, PRIV_SANTE_CENTRE, IMMO_AGENCE
3376;PRIVE;85;LES SABLES-D'OLONNE;4;4;0;21.2;PRIV_SANTE_CABINET, PRIV_SANTE_CENTRE, IMMO_AGENCE
3377;PRIVE;85;SAINT-JEAN-DE-MONTS;4;4;0;21.2;PRIV_SANTE_CABINET, PRIV_SANTE_CENTRE, PRIV_RESTAURANT
3378;PRIVE;91;AUVERNAUX;4;4;0;21.2;IMMO_AGENCE, PRIV_BUREAU, PRIV_RESTAURANT
3379;PRIVE;45;ORLEANS;36;36;0;21.2;PRIV_SANTE_CABINET, PRIV_SANTE_CENTRE, PRIV_LOISIRS, IMMO_AGENCE, PRIV_BUREAU, PRIV_RESTAURANT, PRIV_COMMERCE
3380;PRIVE;28;CHARTRES;28;28;0;21.2;PRIV_SANTE_CABINET, PRIV_SANTE_CENTRE, PRIV_LOISIRS, IMMO_AGENCE, PRIV_BUREAU, PRIV_RESTAURANT, PRIV_COMMERCE
3381;PRIVE;91;MAROLLES-EN-HUREPOIX;35;35;0;21.2;PRIV_SANTE_CABINET, PRIV_SANTE_CENTRE, PRIV_LOISIRS, IMMO_AGENCE, PRIV_BUREAU, PRIV_RESTAURANT, PRIV_COMMERCE
3382;PRIVE;78;VILLIERS-SAINT-FREDERIC;21;21;0;21.2;PRIV_SANTE_CENTRE, PRIV_LOISIRS, IMMO_AGENCE, PRIV_BUREAU, PRIV_RESTAURANT
3383;PRIVE;77;COUPVRAY;22;22;0;21.2;PRIV_SANTE_CABINET, PRIV_SANTE_CENTRE, PRIV_LOISIRS, IMMO_AGENCE, PRIV_BUREAU, PRIV_RESTAURANT
3384;PRIVE;16;ANGOULEME;6;6;0;21.2;PRIV_SANTE_CENTRE, PRIV_LOISIRS, IMMO_AGENCE
3385;PRIVE;33;FLOIRAC;6;6;0;21.2;PRIV_SANTE_CABINET, PRIV_SANTE_CENTRE, PRIV_LOISIRS
3386;PRIVE;56;SARZEAU;6;6;0;21.2;PRIV_SANTE_CABINET, PRIV_SANTE_CENTRE, PRIV_LOISIRS
3387;PRIVE;78;OINVILLE-SUR-MONTCIENT;6;6;0;21.2;PRIV_SANTE_CABINET, PRIV_LOISIRS, IMMO_AGENCE, PRIV_BUREAU
3388;PRIVE;78;MEULAN-EN-YVELINES;86;86;0;21.2;PRIV_SANTE_CABINET, PRIV_SANTE_CENTRE, PRIV_LOISIRS, IMMO_AGENCE, PRIV_BUREAU, PRIV_RESTAURANT, PRIV_COMMERCE
3389;PRIVE;80;AMIENS;25;25;0;21.1;PRIV_SANTE_CABINET, PRIV_SANTE_CENTRE, PRIV_LOISIRS, IMMO_AGENCE, PRIV_RESTAURANT
3390;PRIVE;25;BESANCON;17;17;0;21.1;PRIV_SANTE_CABINET, PRIV_SANTE_CENTRE, PRIV_LOISIRS, PRIV_BUREAU, PRIV_RESTAURANT, PRIV_COMMERCE
3391;PRIVE;77;EVRY-GREGY-SUR-YERRE;17;17;0;21.1;PRIV_SANTE_CABINET, PRIV_SANTE_CENTRE, PRIV_LOISIRS, IMMO_AGENCE, PRIV_BUREAU, PRIV_RESTAURANT
3392;PRIVE;78;PORCHEVILLE;17;17;0;21.1;PRIV_SANTE_CABINET, PRIV_SANTE_CENTRE, PRIV_LOISIRS, IMMO_AGENCE, PRIV_BUREAU, PRIV_RESTAURANT
3393;PRIVE;33;ANDERNOS-LES-BAINS;9;9;0;21.1;PRIV_SANTE_CABINET, PRIV_SANTE_CENTRE, IMMO_AGENCE, PRIV_RESTAURANT
3394;PRIVE;60;SAINT-MAXIMIN;9;9;0;21.1;IMMO_AGENCE, PRIV_RESTAURANT, PRIV_COMMERCE
3395;PRIVE;91;CERNY;16;16;0;21.1;PRIV_SANTE_CABINET, PRIV_SANTE_CENTRE, PRIV_LOISIRS, IMMO_AGENCE, PRIV_BUREAU, PRIV_RESTAURANT
3396;PRIVE;60;BEAUVAIS;26;26;0;21.0;PRIV_SANTE_CABINET, PRIV_SANTE_CENTRE, PRIV_LOISIRS, IMMO_AGENCE, PRIV_BUREAU, PRIV_RESTAURANT, PRIV_COMMERCE
3397;PRIVE;91;BALLANCOURT-SUR-ESSONNE;51;51;0;21.0;PRIV_SANTE_CABINET, PRIV_SANTE_CENTRE, PRIV_LOISIRS, IMMO_AGENCE, PRIV_BUREAU, PRIV_RESTAURANT, PRIV_COMMERCE
3398;PRIVE;77;VILLIERS-SUR-MORIN;11;11;0;21.0;PRIV_SANTE_CENTRE, PRIV_LOISIRS, IMMO_AGENCE, PRIV_BUREAU, PRIV_RESTAURANT
3399;PRIVE;14;HONFLEUR;10;10;0;21.0;PRIV_SANTE_CABINET, PRIV_SANTE_CENTRE, IMMO_AGENCE, PRIV_RESTAURANT, PRIV_COMMERCE
3400;PRIVE;28;ABONDANT;7;7;0;21.0;PRIV_SANTE_CABINET, PRIV_SANTE_CENTRE, PRIV_LOISIRS, PRIV_BUREAU, PRIV_COMMERCE
3401;PRIVE;46;CAHORS;7;7;0;21.0;PRIV_SANTE_CABINET, PRIV_SANTE_CENTRE, PRIV_LOISIRS, PRIV_BUREAU, PRIV_RESTAURANT
3402;PRIVE;33;ARCACHON;5;5;0;21.0;PRIV_SANTE_CABINET, PRIV_SANTE_CENTRE, IMMO_AGENCE, PRIV_RESTAURANT
3403;PRIVE;40;CAPBRETON;5;5;0;21.0;PRIV_SANTE_CABINET, PRIV_SANTE_CENTRE, PRIV_BUREAU, PRIV_COMMERCE
3404;PRIVE;64;BILLERE;5;5;0;21.0;PRIV_SANTE_CABINET, PRIV_SANTE_CENTRE, IMMO_AGENCE
3405;PRIVE;64;HENDAYE;5;5;0;21.0;PRIV_SANTE_CENTRE, IMMO_AGENCE, PRIV_RESTAURANT, PRIV_COMMERCE
3406;PRIVE;29;GUENGAT;2;2;0;21.0;PRIV_SANTE_CABINET, PRIV_LOISIRS
3407;PRIVE;60;SAINT-CREPIN-IBOUVILLERS;2;2;0;21.0;PRIV_SANTE_CABINET, PRIV_LOISIRS
3408;PRIVE;63;MONT-DORE;2;2;0;21.0;PRIV_LOISIRS, PRIV_RESTAURANT
3409;PRIVE;73;LA PLAGNE TARENTAISE;2;2;0;21.0;PRIV_LOISIRS, PRIV_RESTAURANT
3410;PRIVE;76;FORGES-LES-EAUX;2;2;0;21.0;PRIV_SANTE_CENTRE, PRIV_LOISIRS
3411;PRIVE;78;COURGENT;2;2;0;21.0;PRIV_SANTE_CABINET, PRIV_LOISIRS
3412;PRIVE;84;LE PONTET;2;2;0;21.0;PRIV_LOISIRS, PRIV_RESTAURANT
3413;PRIVE;91;NAINVILLE-LES-ROCHES;2;2;0;21.0;PRIV_LOISIRS, PRIV_BUREAU
3414;PRIVE;95;VILLIERS-LE-SEC;2;2;0;21.0;PRIV_SANTE_CABINET, IMMO_AGENCE
3415;PRIVE;988;NOUMEA;2;2;0;21.0;PRIV_LOISIRS, IMMO_AGENCE
3416;PRIVE;77;LIVRY-SUR-SEINE;14;14;0;20.9;PRIV_SANTE_CABINET, PRIV_SANTE_CENTRE, PRIV_LOISIRS, IMMO_AGENCE, PRIV_BUREAU, PRIV_RESTAURANT
3417;PRIVE;77;GUIGNES;25;25;0;20.9;PRIV_SANTE_CABINET, PRIV_SANTE_CENTRE, PRIV_LOISIRS, IMMO_AGENCE, PRIV_RESTAURANT
3418;PRIVE;95;BEAUMONT-SUR-OISE;62;62;0;20.9;PRIV_SANTE_CABINET, PRIV_SANTE_CENTRE, PRIV_LOISIRS, IMMO_AGENCE, PRIV_BUREAU, PRIV_RESTAURANT, PRIV_COMMERCE
3419;PRIVE;78;SAINTE-MESME;9;8;0;20.9;PRIV_SANTE_CENTRE, PRIV_LOISIRS, IMMO_AGENCE, PRIV_BUREAU, PRIV_RESTAURANT
3420;PRIVE;2A;AJACCIO;16;16;0;20.9;PRIV_SANTE_CABINET, PRIV_SANTE_CENTRE, PRIV_LOISIRS, IMMO_AGENCE
3421;PRIVE;78;LA CELLE-LES-BORDES;8;8;0;20.9;PRIV_SANTE_CENTRE, PRIV_LOISIRS, IMMO_AGENCE, PRIV_BUREAU, PRIV_RESTAURANT
3422;PRIVE;91;BREUILLET;60;59;0;20.9;PRIV_SANTE_CABINET, PRIV_SANTE_CENTRE, PRIV_LOISIRS, IMMO_AGENCE, PRIV_BUREAU, PRIV_RESTAURANT, PRIV_COMMERCE
3423;PRIVE;78;GAMBAIS;20;19;0;20.8;PRIV_SANTE_CABINET, PRIV_SANTE_CENTRE, PRIV_LOISIRS, IMMO_AGENCE, PRIV_BUREAU, PRIV_RESTAURANT
3424;PRIVE;53;LAVAL;52;52;0;20.8;PRIV_SANTE_CABINET, PRIV_SANTE_CENTRE, PRIV_LOISIRS, PRIV_BUREAU
3425;PRIVE;95;SERAINCOURT;13;13;0;20.8;PRIV_SANTE_CABINET, PRIV_SANTE_CENTRE, PRIV_LOISIRS, IMMO_AGENCE, PRIV_RESTAURANT
3426;PRIVE;77;GRETZ-ARMAINVILLIERS;44;44;0;20.8;PRIV_LOISIRS, PRIV_SANTE_CABINET, PRIV_SANTE_CENTRE, IMMO_AGENCE, PRIV_BUREAU, PRIV_RESTAURANT, PRIV_COMMERCE
3427;PRIVE;91;SAINT-CHERON;25;25;0;20.8;PRIV_SANTE_CABINET, PRIV_SANTE_CENTRE, PRIV_LOISIRS, IMMO_AGENCE, PRIV_BUREAU, PRIV_RESTAURANT, PRIV_COMMERCE
3428;PRIVE;78;LES MUREAUX;137;137;0;20.8;PRIV_SANTE_CABINET, PRIV_SANTE_CENTRE, PRIV_LOISIRS, IMMO_AGENCE, PRIV_BUREAU, PRIV_RESTAURANT, PRIV_COMMERCE
3429;PRIVE;29;FOUESNANT;6;6;0;20.8;PRIV_SANTE_CABINET, PRIV_SANTE_CENTRE, PRIV_BUREAU, PRIV_RESTAURANT
3430;PRIVE;2B;CALVI;6;6;0;20.8;PRIV_SANTE_CENTRE, IMMO_AGENCE, PRIV_BUREAU
3431;PRIVE;31;BALMA;6;6;0;20.8;PRIV_SANTE_CABINET, PRIV_SANTE_CENTRE, IMMO_AGENCE
3432;PRIVE;40;DAX;6;6;0;20.8;PRIV_SANTE_CABINET, PRIV_SANTE_CENTRE
3433;PRIVE;49;AVRILLE;6;6;0;20.8;PRIV_SANTE_CABINET, PRIV_SANTE_CENTRE, IMMO_AGENCE, PRIV_BUREAU
3434;PRIVE;95;PERSAN;60;60;0;20.8;PRIV_SANTE_CABINET, PRIV_SANTE_CENTRE, PRIV_LOISIRS, IMMO_AGENCE, PRIV_BUREAU, PRIV_RESTAURANT, PRIV_COMMERCE
3435;PRIVE;77;FORGES;5;4;0;20.8;PRIV_LOISIRS, IMMO_AGENCE, PRIV_RESTAURANT
3436;PRIVE;29;DOUARNENEZ;9;9;0;20.8;PRIV_SANTE_CABINET, PRIV_SANTE_CENTRE, PRIV_LOISIRS, IMMO_AGENCE
3437;PRIVE;78;LES BREVIAIRES;9;9;0;20.8;PRIV_SANTE_CENTRE, PRIV_LOISIRS, IMMO_AGENCE, PRIV_RESTAURANT
3438;PRIVE;95;SURVILLIERS;34;33;0;20.8;PRIV_SANTE_CABINET, PRIV_SANTE_CENTRE, PRIV_LOISIRS, IMMO_AGENCE, PRIV_BUREAU, PRIV_RESTAURANT
3439;PRIVE;42;SAINT-ETIENNE;16;16;0;20.8;PRIV_SANTE_CABINET, PRIV_SANTE_CENTRE, PRIV_LOISIRS, IMMO_AGENCE, PRIV_BUREAU, PRIV_RESTAURANT, PRIV_COMMERCE
3440;PRIVE;44;SAINT-NAZAIRE;16;16;0;20.8;PRIV_SANTE_CABINET, PRIV_SANTE_CENTRE, PRIV_LOISIRS, IMMO_AGENCE, PRIV_RESTAURANT
3441;PRIVE;77;VARREDDES;12;12;0;20.8;PRIV_SANTE_CABINET, PRIV_SANTE_CENTRE, PRIV_LOISIRS, IMMO_AGENCE, PRIV_BUREAU, PRIV_RESTAURANT
3442;PRIVE;91;GUIBEVILLE;8;8;0;20.8;PRIV_SANTE_CENTRE, PRIV_LOISIRS, IMMO_AGENCE, PRIV_BUREAU
3443;PRIVE;77;CRECY-LA-CHAPELLE;51;50;0;20.7;PRIV_SANTE_CABINET, PRIV_SANTE_CENTRE, PRIV_LOISIRS, IMMO_AGENCE, PRIV_BUREAU, PRIV_RESTAURANT, PRIV_COMMERCE
3444;PRIVE;38;GRENOBLE;35;35;0;20.7;PRIV_SANTE_CABINET, PRIV_SANTE_CENTRE, PRIV_LOISIRS, IMMO_AGENCE, PRIV_BUREAU, PRIV_RESTAURANT, PRIV_COMMERCE
3445;PRIVE;95;VETHEUIL;15;15;0;20.7;PRIV_SANTE_CABINET, PRIV_SANTE_CENTRE, PRIV_LOISIRS, IMMO_AGENCE, PRIV_BUREAU
3446;PRIVE;91;VILLENEUVE-SUR-AUVERS;7;7;0;20.7;PRIV_SANTE_CENTRE, IMMO_AGENCE, PRIV_BUREAU, PRIV_RESTAURANT
3447;PRIVE;27;GISORS;17;17;0;20.7;PRIV_SANTE_CABINET, PRIV_SANTE_CENTRE, PRIV_LOISIRS, IMMO_AGENCE, PRIV_BUREAU, PRIV_RESTAURANT
3448;PRIVE;91;LARDY;49;49;0;20.7;PRIV_SANTE_CABINET, PRIV_SANTE_CENTRE, PRIV_LOISIRS, IMMO_AGENCE, PRIV_BUREAU, PRIV_RESTAURANT, PRIV_COMMERCE
3449;PRIVE;78;LE TREMBLAY-SUR-MAULDRE;13;12;0;20.7;PRIV_SANTE_CENTRE, PRIV_LOISIRS, IMMO_AGENCE, PRIV_BUREAU, PRIV_RESTAURANT
3450;PRIVE;78;SEPTEUIL;22;22;0;20.7;PRIV_SANTE_CABINET, PRIV_SANTE_CENTRE, PRIV_LOISIRS, IMMO_AGENCE, PRIV_RESTAURANT, PRIV_COMMERCE
3451;PRIVE;91;PECQUEUSE;6;6;0;20.7;PRIV_SANTE_CENTRE, PRIV_LOISIRS, IMMO_AGENCE, PRIV_RESTAURANT
3452;PRIVE;13;CHATEAURENARD;3;3;0;20.7;PRIV_SANTE_CENTRE, PRIV_LOISIRS
3453;PRIVE;14;DOUVRES-LA-DELIVRANDE;3;3;0;20.7;PRIV_SANTE_CABINET, PRIV_SANTE_CENTRE, PRIV_LOISIRS
3454;PRIVE;17;LAGORD;3;3;0;20.7;PRIV_SANTE_CENTRE, PRIV_LOISIRS
3455;PRIVE;28;CHATEAUDUN;3;3;0;20.7;PRIV_SANTE_CENTRE, PRIV_LOISIRS
3456;PRIVE;30;SAINT-QUENTIN-LA-POTERIE;3;3;0;20.7;PRIV_SANTE_CABINET, PRIV_SANTE_CENTRE, PRIV_LOISIRS
3457;PRIVE;33;BRUGES;3;3;0;20.7;PRIV_SANTE_CENTRE, PRIV_LOISIRS
3458;PRIVE;45;BAZOCHES-SUR-LE-BETZ;3;3;0;20.7;PRIV_SANTE_CENTRE, PRIV_LOISIRS
3459;PRIVE;62;ANZIN-SAINT-AUBIN;3;3;0;20.7;PRIV_SANTE_CENTRE, PRIV_LOISIRS
3460;PRIVE;73;LA RAVOIRE;3;3;0;20.7;PRIV_SANTE_CENTRE, PRIV_LOISIRS
3461;PRIVE;77;FERICY;3;3;0;20.7;PRIV_SANTE_CENTRE, PRIV_LOISIRS
3462;PRIVE;78;ORSONVILLE;3;3;0;20.7;PRIV_SANTE_CENTRE, PRIV_LOISIRS
3463;PRIVE;78;SAULX-MARCHAIS;3;3;0;20.7;PRIV_SANTE_CENTRE, PRIV_LOISIRS, IMMO_AGENCE
3464;PRIVE;95;AINCOURT;3;3;0;20.7;PRIV_SANTE_CENTRE, PRIV_LOISIRS, IMMO_AGENCE
3465;PRIVE;78;SAINT-LEGER-EN-YVELINES;19;19;0;20.6;PRIV_SANTE_CABINET, PRIV_SANTE_CENTRE, PRIV_LOISIRS, IMMO_AGENCE, PRIV_BUREAU, PRIV_RESTAURANT, PRIV_COMMERCE
3466;PRIVE;59;LILLE;51;51;0;20.6;PRIV_SANTE_CABINET, PRIV_SANTE_CENTRE, PRIV_LOISIRS, IMMO_AGENCE, PRIV_BUREAU, PRIV_RESTAURANT, PRIV_COMMERCE
3467;PRIVE;22;PLERIN;8;8;0;20.6;PRIV_SANTE_CABINET, PRIV_SANTE_CENTRE, IMMO_AGENCE
3468;PRIVE;77;NANDY;28;28;0;20.6;PRIV_SANTE_CABINET, PRIV_SANTE_CENTRE, PRIV_LOISIRS, IMMO_AGENCE, PRIV_RESTAURANT
3469;PRIVE;78;LES ESSARTS-LE-ROI;41;41;0;20.6;PRIV_SANTE_CABINET, PRIV_SANTE_CENTRE, PRIV_LOISIRS, IMMO_AGENCE, PRIV_BUREAU, PRIV_RESTAURANT
3470;PRIVE;18;BOURGES;12;12;0;20.6;PRIV_SANTE_CABINET, PRIV_SANTE_CENTRE, PRIV_LOISIRS, IMMO_AGENCE, PRIV_RESTAURANT
3471;PRIVE;77;CHAMPEAUX;7;7;0;20.6;PRIV_SANTE_CABINET, PRIV_SANTE_CENTRE, PRIV_LOISIRS, IMMO_AGENCE, PRIV_RESTAURANT
3472;PRIVE;91;ETRECHY;51;51;0;20.6;PRIV_SANTE_CABINET, PRIV_SANTE_CENTRE, PRIV_LOISIRS, IMMO_AGENCE, PRIV_BUREAU, PRIV_RESTAURANT, PRIV_COMMERCE
3473;PRIVE;77;QUINCY-VOISINS;35;35;0;20.5;PRIV_SANTE_CABINET, PRIV_SANTE_CENTRE, PRIV_LOISIRS, IMMO_AGENCE, PRIV_BUREAU, PRIV_RESTAURANT
3474;PRIVE;60;COMPIEGNE;23;23;0;20.5;PRIV_SANTE_CABINET, PRIV_SANTE_CENTRE, PRIV_LOISIRS, IMMO_AGENCE, PRIV_BUREAU, PRIV_RESTAURANT, PRIV_COMMERCE
3475;PRIVE;77;LE MEE-SUR-SEINE;73;73;0;20.5;PRIV_SANTE_CABINET, PRIV_SANTE_CENTRE, PRIV_LOISIRS, IMMO_AGENCE, PRIV_BUREAU, PRIV_RESTAURANT, PRIV_COMMERCE
3476;PRIVE;91;BRUYERES-LE-CHATEL;28;27;0;20.5;PRIV_SANTE_CABINET, PRIV_SANTE_CENTRE, PRIV_LOISIRS, IMMO_AGENCE, PRIV_BUREAU, PRIV_RESTAURANT
3477;PRIVE;91;VERT-LE-PETIT;28;28;0;20.5;PRIV_SANTE_CABINET, PRIV_SANTE_CENTRE, PRIV_LOISIRS, IMMO_AGENCE, PRIV_BUREAU, PRIV_RESTAURANT, PRIV_COMMERCE
3478;PRIVE;02;SAINT-QUENTIN;10;10;0;20.5;PRIV_SANTE_CABINET, PRIV_SANTE_CENTRE, IMMO_AGENCE, PRIV_RESTAURANT
3479;PRIVE;31;CASTANET-TOLOSAN;4;4;0;20.5;PRIV_SANTE_CABINET, PRIV_SANTE_CENTRE, PRIV_LOISIRS
3480;PRIVE;35;DOL-DE-BRETAGNE;4;4;0;20.5;PRIV_SANTE_CABINET, PRIV_SANTE_CENTRE, PRIV_LOISIRS
3481;PRIVE;60;BLAINCOURT-LES-PRECY;4;4;0;20.5;PRIV_SANTE_CENTRE, PRIV_LOISIRS, IMMO_AGENCE, PRIV_BUREAU
3482;PRIVE;76;LE MESNIL-ESNARD;4;4;0;20.5;PRIV_SANTE_CABINET, PRIV_SANTE_CENTRE, PRIV_LOISIRS
3483;PRIVE;95;BOISSY-L'AILLERIE;17;17;0;20.5;PRIV_SANTE_CABINET, PRIV_SANTE_CENTRE, PRIV_LOISIRS, IMMO_AGENCE, PRIV_BUREAU, PRIV_RESTAURANT
3484;PRIVE;77;VERT-SAINT-DENIS;60;60;0;20.5;PRIV_SANTE_CABINET, PRIV_SANTE_CENTRE, PRIV_LOISIRS, IMMO_AGENCE, PRIV_BUREAU, PRIV_RESTAURANT, PRIV_COMMERCE
3485;PRIVE;77;ESBLY;52;52;0;20.4;PRIV_SANTE_CABINET, PRIV_SANTE_CENTRE, PRIV_LOISIRS, IMMO_AGENCE, PRIV_BUREAU, PRIV_RESTAURANT
3486;PRIVE;74;ANNECY;68;68;0;20.4;PRIV_SANTE_CABINET, PRIV_SANTE_CENTRE, PRIV_LOISIRS, IMMO_AGENCE, PRIV_BUREAU, PRIV_RESTAURANT, PRIV_COMMERCE
3487;PRIVE;37;TOURS;65;65;0;20.4;PRIV_SANTE_CABINET, PRIV_SANTE_CENTRE, PRIV_LOISIRS, IMMO_AGENCE, PRIV_BUREAU, PRIV_RESTAURANT, PRIV_COMMERCE
3488;PRIVE;971;BASSE-TERRE;5;5;0;20.4;PRIV_SANTE_CABINET, PRIV_SANTE_CENTRE, PRIV_LOISIRS, PRIV_RESTAURANT
3489;PRIVE;78;LA QUEUE-LES-YVELINES;33;33;0;20.4;PRIV_SANTE_CABINET, PRIV_SANTE_CENTRE, PRIV_LOISIRS, IMMO_AGENCE, PRIV_BUREAU, PRIV_RESTAURANT
3490;PRIVE;60;LAMORLAYE;13;13;0;20.4;PRIV_SANTE_CENTRE, IMMO_AGENCE, PRIV_BUREAU, PRIV_RESTAURANT
3491;PRIVE;78;EPONE;39;39;0;20.4;PRIV_SANTE_CABINET, PRIV_SANTE_CENTRE, PRIV_LOISIRS, IMMO_AGENCE, PRIV_BUREAU, PRIV_RESTAURANT
3492;PRIVE;76;DIEPPE;12;12;0;20.3;PRIV_SANTE_CABINET, PRIV_SANTE_CENTRE, PRIV_LOISIRS, IMMO_AGENCE, PRIV_RESTAURANT
3493;PRIVE;77;MARLES-EN-BRIE;9;9;0;20.3;PRIV_SANTE_CENTRE, PRIV_LOISIRS, PRIV_SANTE_CABINET, IMMO_AGENCE, PRIV_RESTAURANT
3494;PRIVE;28;AUNEAU-BLEURY-SAINT-SYMPHORIEN;6;6;0;20.3;PRIV_SANTE_CABINET, PRIV_SANTE_CENTRE, PRIV_LOISIRS
3495;PRIVE;60;MERU;6;6;0;20.3;PRIV_SANTE_CABINET, PRIV_SANTE_CENTRE, PRIV_LOISIRS, IMMO_AGENCE
3496;PRIVE;78;CIVRY-LA-FORET;6;6;0;20.3;PRIV_SANTE_CABINET, PRIV_SANTE_CENTRE, PRIV_LOISIRS, PRIV_BUREAU, PRIV_RESTAURANT
3497;PRIVE;91;CORBEIL ESSONNES;6;6;0;20.3;PRIV_SANTE_CABINET, PRIV_LOISIRS, IMMO_AGENCE, PRIV_RESTAURANT
3498;PRIVE;91;SAINT-PIERRE-DU-PERRAY;67;67;0;20.3;PRIV_SANTE_CABINET, PRIV_SANTE_CENTRE, PRIV_LOISIRS, IMMO_AGENCE, PRIV_BUREAU, PRIV_RESTAURANT, PRIV_COMMERCE
3499;PRIVE;91;COURSON-MONTELOUP;7;7;0;20.3;PRIV_SANTE_CENTRE, PRIV_LOISIRS, IMMO_AGENCE, PRIV_BUREAU, PRIV_RESTAURANT
3500;PRIVE;10;TROYES;15;15;0;20.3;PRIV_SANTE_CABINET, PRIV_SANTE_CENTRE, PRIV_LOISIRS, IMMO_AGENCE, PRIV_BUREAU, PRIV_RESTAURANT
3501;PRIVE;77;VILLENOY;34;34;0;20.3;PRIV_SANTE_CENTRE, PRIV_LOISIRS, IMMO_AGENCE, PRIV_BUREAU, PRIV_RESTAURANT, PRIV_COMMERCE
3502;PRIVE;78;LEVIS-SAINT-NOM;16;15;0;20.2;PRIV_SANTE_CENTRE, PRIV_LOISIRS, IMMO_AGENCE, PRIV_BUREAU, PRIV_RESTAURANT
3503;PRIVE;95;BERNES-SUR-OISE;12;12;0;20.2;PRIV_SANTE_CENTRE, PRIV_LOISIRS, IMMO_AGENCE, PRIV_BUREAU, PRIV_RESTAURANT
3504;PRIVE;28;GALLARDON;8;8;0;20.2;PRIV_SANTE_CABINET, PRIV_SANTE_CENTRE, PRIV_LOISIRS, PRIV_RESTAURANT
3505;PRIVE;77;MARY-SUR-MARNE;8;8;0;20.2;PRIV_SANTE_CABINET, PRIV_SANTE_CENTRE, PRIV_LOISIRS, PRIV_RESTAURANT
3506;PRIVE;78;GOUPILLIERES;8;8;0;20.2;PRIV_SANTE_CENTRE, PRIV_LOISIRS, IMMO_AGENCE, PRIV_BUREAU, PRIV_RESTAURANT
3507;PRIVE;78;MEZY-SUR-SEINE;13;13;0;20.2;PRIV_SANTE_CABINET, PRIV_SANTE_CENTRE, PRIV_LOISIRS, IMMO_AGENCE, PRIV_BUREAU, PRIV_RESTAURANT
3508;PRIVE;26;MONTELIMAR;9;9;0;20.2;PRIV_SANTE_CABINET, PRIV_SANTE_CENTRE, PRIV_LOISIRS, IMMO_AGENCE, PRIV_BUREAU, PRIV_RESTAURANT
3509;PRIVE;44;GUERANDE;9;9;0;20.2;PRIV_SANTE_CABINET, PRIV_SANTE_CENTRE, PRIV_LOISIRS, PRIV_BUREAU, PRIV_RESTAURANT
3510;PRIVE;91;VERT-LE-GRAND;14;14;0;20.2;PRIV_SANTE_CABINET, PRIV_SANTE_CENTRE, PRIV_LOISIRS, IMMO_AGENCE, PRIV_RESTAURANT
3511;PRIVE;44;NANTES;160;160;0;20.2;PRIV_SANTE_CABINET, PRIV_SANTE_CENTRE, PRIV_LOISIRS, IMMO_AGENCE, PRIV_BUREAU, PRIV_RESTAURANT
3512;PRIVE;91;SAINT-VRAIN;20;20;0;20.2;PRIV_SANTE_CABINET, PRIV_SANTE_CENTRE, PRIV_LOISIRS, IMMO_AGENCE, PRIV_BUREAU, PRIV_RESTAURANT, PRIV_COMMERCE
3513;PRIVE;86;POITIERS;10;10;0;20.2;PRIV_SANTE_CABINET, PRIV_SANTE_CENTRE, PRIV_LOISIRS, IMMO_AGENCE
3514;PRIVE;95;COMMENY;5;5;0;20.2;PRIV_LOISIRS, PRIV_BUREAU, PRIV_RESTAURANT
3515;PRIVE;77;SAVIGNY-LE-TEMPLE;109;109;0;20.2;PRIV_SANTE_CABINET, PRIV_SANTE_CENTRE, PRIV_LOISIRS, IMMO_AGENCE, PRIV_BUREAU, PRIV_RESTAURANT, PRIV_COMMERCE
3516;PRIVE;77;SAINT-FARGEAU-PONTHIERRY;111;111;0;20.2;PRIV_SANTE_CABINET, PRIV_SANTE_CENTRE, PRIV_LOISIRS, IMMO_AGENCE, PRIV_BUREAU, PRIV_RESTAURANT
3517;PRIVE;77;TRILPORT;28;28;0;20.2;PRIV_SANTE_CABINET, PRIV_SANTE_CENTRE, PRIV_LOISIRS, IMMO_AGENCE, PRIV_BUREAU, PRIV_RESTAURANT, PRIV_COMMERCE
3518;PRIVE;77;MORMANT;23;23;0;20.2;PRIV_LOISIRS, PRIV_SANTE_CABINET, PRIV_SANTE_CENTRE, IMMO_AGENCE, PRIV_BUREAU, PRIV_RESTAURANT, PRIV_COMMERCE
3519;PRIVE;77;COUILLY-PONT-AUX-DAMES;18;18;0;20.2;PRIV_SANTE_CABINET, PRIV_LOISIRS, IMMO_AGENCE, PRIV_BUREAU, PRIV_RESTAURANT, PRIV_COMMERCE
3520;PRIVE;77;BRIE COMTE ROBERT;6;6;0;20.2;PRIV_LOISIRS, IMMO_AGENCE, PRIV_RESTAURANT, PRIV_COMMERCE
3521;PRIVE;77;LESCHES;7;7;0;20.1;PRIV_SANTE_CENTRE, PRIV_LOISIRS, IMMO_AGENCE, PRIV_RESTAURANT
3522;PRIVE;91;ETAMPES;184;181;0;20.1;IMMO_AGENCE, PRIV_SANTE_CABINET, PRIV_SANTE_CENTRE, PRIV_LOISIRS, PRIV_BUREAU, PRIV_RESTAURANT, PRIV_COMMERCE
3523;PRIVE;91;MORIGNY-CHAMPIGNY;40;40;0;20.1;PRIV_SANTE_CABINET, PRIV_SANTE_CENTRE, PRIV_LOISIRS, IMMO_AGENCE, PRIV_BUREAU, PRIV_RESTAURANT, PRIV_COMMERCE
3524;PRIVE;17;SAINTES;16;16;0;20.1;PRIV_SANTE_CABINET, PRIV_SANTE_CENTRE, PRIV_LOISIRS, IMMO_AGENCE, PRIV_BUREAU, PRIV_RESTAURANT
3525;PRIVE;89;SENS;17;17;0;20.1;PRIV_SANTE_CABINET, PRIV_SANTE_CENTRE, PRIV_LOISIRS, IMMO_AGENCE, PRIV_BUREAU, PRIV_RESTAURANT
3526;PRIVE;77;PERTHES;19;19;0;20.1;PRIV_SANTE_CABINET, PRIV_SANTE_CENTRE, PRIV_LOISIRS, IMMO_AGENCE, PRIV_BUREAU, PRIV_RESTAURANT
3527;PRIVE;78;SENLISSE;10;10;0;20.1;PRIV_SANTE_CENTRE, PRIV_LOISIRS, PRIV_BUREAU, PRIV_RESTAURANT
3528;PRIVE;77;MORTCERF;11;11;0;20.1;PRIV_SANTE_CABINET, PRIV_LOISIRS, IMMO_AGENCE, PRIV_BUREAU, PRIV_RESTAURANT
3529;PRIVE;77;OZOUER-LE-VOULGIS;11;11;0;20.1;PRIV_SANTE_CENTRE, PRIV_LOISIRS, IMMO_AGENCE, PRIV_BUREAU
3530;PRIVE;78;BAZAINVILLE;12;11;0;20.1;PRIV_SANTE_CENTRE, PRIV_LOISIRS, IMMO_AGENCE, PRIV_BUREAU
3531;PRIVE;91;ITTEVILLE;40;40;0;20.1;PRIV_SANTE_CABINET, PRIV_SANTE_CENTRE, PRIV_LOISIRS, IMMO_AGENCE, PRIV_BUREAU, PRIV_RESTAURANT
3532;PRIVE;29;BREST;27;27;0;20.1;PRIV_SANTE_CABINET, PRIV_SANTE_CENTRE, PRIV_LOISIRS, IMMO_AGENCE, PRIV_RESTAURANT
3533;PRIVE;78;MEZIERES-SUR-SEINE;29;29;0;20.1;PRIV_SANTE_CABINET, PRIV_SANTE_CENTRE, PRIV_LOISIRS, IMMO_AGENCE, PRIV_BUREAU, PRIV_RESTAURANT, PRIV_COMMERCE
3534;PRIVE;78;LIMAY;86;85;0;20.0;PRIV_SANTE_CABINET, PRIV_SANTE_CENTRE, PRIV_LOISIRS, IMMO_AGENCE, PRIV_BUREAU, PRIV_RESTAURANT, PRIV_COMMERCE
3535;PRIVE;50;CHERBOURG-EN-COTENTIN;13;13;0;20.0;PRIV_SANTE_CABINET, PRIV_SANTE_CENTRE, IMMO_AGENCE, PRIV_BUREAU, PRIV_RESTAURANT
3536;PRIVE;78;SAINT-MARTIN-LA-GARENNE;11;11;0;20.0;PRIV_LOISIRS, PRIV_SANTE_CENTRE, IMMO_AGENCE, PRIV_RESTAURANT
3537;PRIVE;34;LATTES;9;9;0;20.0;PRIV_SANTE_CENTRE, IMMO_AGENCE, PRIV_BUREAU, PRIV_RESTAURANT
3538;PRIVE;59;MARCQ-EN-BARŒUL;9;9;0;20.0;PRIV_SANTE_CABINET, PRIV_SANTE_CENTRE, IMMO_AGENCE, PRIV_BUREAU
3539;PRIVE;40;BISCARROSSE;8;8;0;20.0;PRIV_SANTE_CABINET, PRIV_SANTE_CENTRE, IMMO_AGENCE, PRIV_COMMERCE
3540;PRIVE;83;LA GARDE;8;8;0;20.0;PRIV_SANTE_CABINET, PRIV_SANTE_CENTRE, IMMO_AGENCE, PRIV_BUREAU
3541;PRIVE;05;BRIANCON;6;6;0;20.0;PRIV_SANTE_CABINET, PRIV_SANTE_CENTRE, IMMO_AGENCE, PRIV_RESTAURANT
3542;PRIVE;08;CHARLEVILLE-MEZIERES;6;6;0;20.0;PRIV_SANTE_CABINET, PRIV_SANTE_CENTRE, PRIV_BUREAU, PRIV_COMMERCE
3543;PRIVE;77;LE PLESSIS-FEU-AUSSOUX;6;6;0;20.0;PRIV_SANTE_CENTRE, PRIV_BUREAU
3544;PRIVE;95;CORMEILLES-EN-VEXIN;6;6;0;20.0;PRIV_SANTE_CENTRE, IMMO_AGENCE, PRIV_RESTAURANT
3545;PRIVE;13;AIX EN PROVENCE;5;5;0;20.0;PRIV_SANTE_CABINET, PRIV_SANTE_CENTRE, IMMO_AGENCE, PRIV_RESTAURANT, PRIV_COMMERCE
3546;PRIVE;13;MEYREUIL;5;5;0;20.0;PRIV_SANTE_CENTRE, PRIV_BUREAU
3547;PRIVE;31;L'UNION;5;5;0;20.0;PRIV_SANTE_CABINET, PRIV_SANTE_CENTRE, IMMO_AGENCE
3548;PRIVE;33;ARES;5;5;0;20.0;PRIV_SANTE_CABINET, PRIV_SANTE_CENTRE, IMMO_AGENCE, PRIV_BUREAU
3549;PRIVE;33;LEOGNAN;5;5;0;20.0;PRIV_SANTE_CABINET, PRIV_SANTE_CENTRE, IMMO_AGENCE
3550;PRIVE;56;PLOEMEL;5;5;0;20.0;PRIV_SANTE_CABINET, PRIV_SANTE_CENTRE, IMMO_AGENCE
3551;PRIVE;56;PLUVIGNER;5;5;0;20.0;PRIV_SANTE_CABINET, PRIV_SANTE_CENTRE, IMMO_AGENCE, PRIV_BUREAU
3552;PRIVE;56;SAINT-AVE;5;5;0;20.0;PRIV_SANTE_CABINET, PRIV_SANTE_CENTRE, IMMO_AGENCE
3553;PRIVE;78;JAMBVILLE;5;5;0;20.0;PRIV_SANTE_CENTRE, IMMO_AGENCE, PRIV_BUREAU
3554;PRIVE;84;BOLLENE;5;5;0;20.0;PRIV_SANTE_CENTRE, PRIV_RESTAURANT, PRIV_COMMERCE
3555;PRIVE;972;LE FRANCOIS;5;5;0;20.0;PRIV_SANTE_CABINET, IMMO_AGENCE
3556;PRIVE;06;PEGOMAS;4;4;0;20.0;PRIV_SANTE_CABINET, PRIV_SANTE_CENTRE, PRIV_BUREAU
3557;PRIVE;10;LA CHAPELLE-SAINT-LUC;4;4;0;20.0;PRIV_SANTE_CABINET
3558;PRIVE;14;BAYEUX;4;4;0;20.0;PRIV_SANTE_CABINET, PRIV_SANTE_CENTRE, PRIV_BUREAU
3559;PRIVE;14;SAINT-ARNOULT;4;4;0;20.0;PRIV_SANTE_CABINET, PRIV_SANTE_CENTRE, PRIV_RESTAURANT
3560;PRIVE;17;ARVERT;4;4;0;20.0;PRIV_SANTE_CENTRE, IMMO_AGENCE, PRIV_BUREAU
3561;PRIVE;21;FONTAINE-LES-DIJON;4;4;0;20.0;PRIV_SANTE_CABINET, PRIV_SANTE_CENTRE, IMMO_AGENCE
3562;PRIVE;22;GUINGAMP;4;4;0;20.0;PRIV_SANTE_CABINET, PRIV_SANTE_CENTRE, PRIV_RESTAURANT
3563;PRIVE;24;SANILHAC;4;4;0;20.0;PRIV_SANTE_CABINET
3564;PRIVE;65;TARBES;4;4;0;20.0;PRIV_SANTE_CABINET, PRIV_SANTE_CENTRE, IMMO_AGENCE
3565;PRIVE;66;CABESTANY;4;4;0;20.0;PRIV_SANTE_CABINET, PRIV_SANTE_CENTRE, IMMO_AGENCE
3566;PRIVE;78;SAINT-MARTIN-DES-CHAMPS;4;4;0;20.0;PRIV_SANTE_CENTRE, IMMO_AGENCE, PRIV_BUREAU
3567;PRIVE;84;MAZAN;4;4;0;20.0;PRIV_SANTE_CABINET, PRIV_SANTE_CENTRE, PRIV_BUREAU
3568;PRIVE;89;SAINT-SAUVEUR-EN-PUISAYE;4;4;0;20.0;PRIV_SANTE_CABINET
3569;PRIVE;95;FROUVILLE;4;4;0;20.0;PRIV_SANTE_CENTRE, IMMO_AGENCE, PRIV_BUREAU
3570;PRIVE;06;THEOULE-SUR-MER;3;3;0;20.0;PRIV_SANTE_CABINET, PRIV_SANTE_CENTRE, IMMO_AGENCE
3571;PRIVE;19;BEYNAT;3;3;0;20.0;PRIV_SANTE_CENTRE, IMMO_AGENCE
3572;PRIVE;22;PAIMPOL;3;3;0;20.0;PRIV_SANTE_CENTRE, PRIV_RESTAURANT
3573;PRIVE;28;NOGENT-LE-ROTROU;3;3;0;20.0;PRIV_SANTE_CENTRE, PRIV_RESTAURANT
3574;PRIVE;30;LE GRAU-DU-ROI;3;3;0;20.0;PRIV_SANTE_CABINET, PRIV_SANTE_CENTRE, PRIV_BUREAU
3575;PRIVE;33;LE PORGE;3;3;0;20.0;PRIV_SANTE_CENTRE, IMMO_AGENCE
3576;PRIVE;33;MIOS;3;3;0;20.0;PRIV_SANTE_CENTRE, IMMO_AGENCE
3577;PRIVE;34;VIC-LA-GARDIOLE;3;3;0;20.0;PRIV_SANTE_CABINET, PRIV_SANTE_CENTRE, IMMO_AGENCE
3578;PRIVE;35;THORIGNE-FOUILLARD;3;3;0;20.0;PRIV_SANTE_CABINET
3579;PRIVE;36;NEUVY-SAINT-SEPULCHRE;3;3;0;20.0;PRIV_SANTE_CABINET, PRIV_SANTE_CENTRE, IMMO_AGENCE
3580;PRIVE;37;LOCHES;3;3;0;20.0;PRIV_SANTE_CABINET, PRIV_SANTE_CENTRE, IMMO_AGENCE
3581;PRIVE;41;MONTOIRE-SUR-LE-LOIR;3;3;0;20.0;PRIV_SANTE_CABINET, PRIV_SANTE_CENTRE, PRIV_RESTAURANT
3582;PRIVE;44;THOUARE-SUR-LOIRE;3;3;0;20.0;PRIV_SANTE_CABINET
3583;PRIVE;45;SAINT-JEAN-DE-LA-RUELLE;3;3;0;20.0;PRIV_SANTE_CABINET, PRIV_SANTE_CENTRE, PRIV_RESTAURANT
3584;PRIVE;49;CHEMILLE-EN-ANJOU;3;3;0;20.0;PRIV_SANTE_CENTRE, IMMO_AGENCE, PRIV_RESTAURANT
3585;PRIVE;56;BADEN;3;3;0;20.0;PRIV_SANTE_CENTRE, IMMO_AGENCE
3586;PRIVE;56;DAMGAN;3;3;0;20.0;PRIV_SANTE_CABINET, PRIV_SANTE_CENTRE, IMMO_AGENCE
3587;PRIVE;56;SAINTE-ANNE-D'AURAY;3;3;0;20.0;PRIV_SANTE_CENTRE, IMMO_AGENCE
3588;PRIVE;59;LA MADELEINE;3;3;0;20.0;PRIV_SANTE_CENTRE, IMMO_AGENCE
3589;PRIVE;61;MORTAGNE-AU-PERCHE;3;3;0;20.0;PRIV_SANTE_CENTRE, IMMO_AGENCE
3590;PRIVE;74;SAINT-GERVAIS-LES-BAINS;3;3;0;20.0;PRIV_SANTE_CABINET, IMMO_AGENCE
3591;PRIVE;77;AUFFERVILLE;3;3;0;20.0;IMMO_AGENCE, PRIV_BUREAU
3592;PRIVE;77;LISSY;3;3;0;20.0;IMMO_AGENCE, PRIV_BUREAU, PRIV_RESTAURANT
3593;PRIVE;77;LIVERDY-EN-BRIE;3;3;0;20.0;PRIV_SANTE_CENTRE, IMMO_AGENCE, PRIV_RESTAURANT
3594;PRIVE;77;VOISENON;3;3;0;20.0;IMMO_AGENCE, PRIV_BUREAU, PRIV_RESTAURANT
3595;PRIVE;86;CHATELLERAULT;3;3;0;20.0;PRIV_SANTE_CABINET, PRIV_BUREAU
3596;PRIVE;91;ROINVILLIERS;3;3;0;20.0;PRIV_SANTE_CABINET, PRIV_SANTE_CENTRE, PRIV_BUREAU
3597;PRIVE;95;NUCOURT;3;3;0;20.0;PRIV_SANTE_CENTRE, IMMO_AGENCE
3598;PRIVE;974;L'ETANG-SALE;3;3;0;20.0;PRIV_SANTE_CABINET
3599;PRIVE;974;SAINT DENIS;3;3;0;20.0;PRIV_SANTE_CABINET, IMMO_AGENCE
3600;PRIVE;974;SAINT-BENOIT;3;3;0;20.0;PRIV_SANTE_CABINET, IMMO_AGENCE, PRIV_BUREAU
3601;PUBLIC;13;MARSEILLE;3;3;0;20.0;PUB_MUSEE
3602;PRIVE;02;GUISE;2;2;0;20.0;PRIV_SANTE_CABINET
3603;PRIVE;03;SERBANNES;2;2;0;20.0;PRIV_SANTE_CENTRE, PRIV_BUREAU
3604;PRIVE;06;CARROS;2;2;0;20.0;PRIV_SANTE_CABINET, IMMO_AGENCE
3605;PRIVE;07;SAINT-DIDIER-SOUS-AUBENAS;2;2;0;20.0;PRIV_SANTE_CABINET, PRIV_COMMERCE
3606;PRIVE;08;WARCQ;2;2;0;20.0;PRIV_SANTE_CABINET
3607;PRIVE;09;SAVERDUN;2;2;0;20.0;PRIV_SANTE_CABINET
3608;PRIVE;11;SIGEAN;2;2;0;20.0;PRIV_SANTE_CABINET, PRIV_BUREAU
3609;PRIVE;13;FOS-SUR-MER;2;2;0;20.0;PRIV_SANTE_CABINET
3610;PRIVE;13;MARIGNANE;2;2;0;20.0;PRIV_SANTE_CABINET, PRIV_RESTAURANT
3611;PRIVE;13;PELISSANNE;2;2;0;20.0;PRIV_SANTE_CENTRE, PRIV_BUREAU
3612;PRIVE;13;SAINT-MITRE-LES-REMPARTS;2;2;0;20.0;PRIV_SANTE_CABINET
3613;PRIVE;17;DOLUS-D'OLERON;2;2;0;20.0;PRIV_SANTE_CABINET
3614;PRIVE;17;MARANS;2;2;0;20.0;PRIV_SANTE_CENTRE, PRIV_BUREAU
3615;PRIVE;17;PERIGNY;2;2;0;20.0;PRIV_SANTE_CABINET, PRIV_RESTAURANT
3616;PRIVE;17;SAINT-AUGUSTIN;2;2;0;20.0;PRIV_SANTE_CENTRE, PRIV_BUREAU
3617;PRIVE;17;SAINT-SAUVEUR-D'AUNIS;2;2;0;20.0;PRIV_SANTE_CABINET
3618;PRIVE;17;SAINTE-SOULLE;2;2;0;20.0;PRIV_SANTE_CENTRE, IMMO_AGENCE
3619;PRIVE;21;SAINT-APOLLINAIRE;2;2;0;20.0;PRIV_SANTE_CABINET
3620;PRIVE;22;FREHEL;2;2;0;20.0;PRIV_SANTE_CABINET
3621;PRIVE;22;LANVALLAY;2;2;0;20.0;PRIV_SANTE_CABINET
3622;PRIVE;22;PLUMAUDAN;2;2;0;20.0;PRIV_SANTE_CABINET
3623;PRIVE;23;MOUTIER-ROZEILLE;2;2;0;20.0;PRIV_SANTE_CABINET
3624;PRIVE;26;LA BAUME D'HOSTUN;2;2;0;20.0;PRIV_SANTE_CABINET
3625;PRIVE;26;MOURS-SAINT-EUSEBE;2;2;0;20.0;PRIV_SANTE_CENTRE, PRIV_BUREAU
3626;PRIVE;28;BONNEVAL;2;2;0;20.0;PRIV_SANTE_CENTRE, PRIV_BUREAU
3627;PRIVE;28;COULOMBS;2;2;0;20.0;PRIV_SANTE_CABINET
3628;PRIVE;28;ILLIERS-COMBRAY;2;2;0;20.0;PRIV_SANTE_CENTRE, PRIV_RESTAURANT
3629;PRIVE;28;LA LOUPE;2;2;0;20.0;PRIV_SANTE_CENTRE, IMMO_AGENCE
3630;PRIVE;29;CLOHARS-CARNOET;2;2;0;20.0;PRIV_SANTE_CABINET
3631;PRIVE;29;LANDERNEAU;2;2;0;20.0;PRIV_SANTE_CABINET
3632;PRIVE;29;PLONEOUR-LANVERN;2;2;0;20.0;PRIV_SANTE_CABINET
3633;PRIVE;29;PLOUENAN;2;2;0;20.0;PRIV_SANTE_CABINET
3634;PRIVE;30;PUJAUT;2;2;0;20.0;PRIV_SANTE_CABINET
3635;PRIVE;30;SAINT-HILAIRE-D'OZILHAN;2;2;0;20.0;PRIV_SANTE_CABINET
3636;PRIVE;30;SAINT-HILAIRE-DE-BRETHMAS;2;2;0;20.0;PRIV_SANTE_CENTRE, PRIV_BUREAU
3637;PRIVE;30;SOMMIERES;2;2;0;20.0;PRIV_SANTE_CABINET
3638;PRIVE;31;BEAUZELLE;2;2;0;20.0;PRIV_SANTE_CABINET
3639;PRIVE;33;BLANQUEFORT;2;2;0;20.0;PRIV_SANTE_CENTRE, PRIV_BUREAU
3640;PRIVE;33;BOURG;2;2;0;20.0;PRIV_SANTE_CABINET, PRIV_RESTAURANT
3641;PRIVE;33;CANEJAN;2;2;0;20.0;PRIV_SANTE_CABINET, PRIV_RESTAURANT
3642;PRIVE;33;CARCANS;2;2;0;20.0;PRIV_SANTE_CENTRE, PRIV_BUREAU
3643;PRIVE;33;LE HAILLAN;2;2;0;20.0;PRIV_SANTE_CABINET, PRIV_RESTAURANT
3644;PRIVE;33;LESPARRE-MEDOC;2;2;0;20.0;PRIV_SANTE_CENTRE, PRIV_BUREAU
3645;PRIVE;35;CHATEAUNEUF-D'ILLE-ET-VILAINE;2;2;0;20.0;PRIV_SANTE_CABINET
3646;PRIVE;35;LE MINIHIC-SUR-RANCE;2;2;0;20.0;PRIV_SANTE_CABINET
3647;PRIVE;35;LE RHEU;2;2;0;20.0;PRIV_SANTE_CABINET
3648;PRIVE;37;CHATEAU-RENAULT;2;2;0;20.0;PRIV_SANTE_CABINET
3649;PRIVE;37;NOTRE-DAME-D'OE;2;2;0;20.0;PRIV_SANTE_CABINET
3650;PRIVE;37;THILOUZE;2;2;0;20.0;PRIV_SANTE_CABINET
3651;PRIVE;37;VERETZ;2;2;0;20.0;PRIV_SANTE_CABINET
3652;PRIVE;38;DOMENE;2;2;0;20.0;PRIV_SANTE_CABINET
3653;PRIVE;38;LA TRONCHE;2;2;0;20.0;PRIV_SANTE_CENTRE, PRIV_BUREAU
3654;PRIVE;38;SAINT-ISMIER;2;2;0;20.0;PRIV_SANTE_CENTRE, PRIV_COMMERCE
3655;PRIVE;40;AIRE-SUR-L'ADOUR;2;2;0;20.0;PRIV_SANTE_CABINET
3656;PRIVE;40;TARNOS;2;2;0;20.0;PRIV_SANTE_CENTRE, PRIV_BUREAU
3657;PRIVE;40;TOSSE;2;2;0;20.0;PRIV_SANTE_CABINET
3658;PRIVE;41;LAMOTTE-BEUVRON;2;2;0;20.0;PRIV_SANTE_CENTRE, IMMO_AGENCE
3659;PRIVE;43;BRIOUDE;2;2;0;20.0;PRIV_SANTE_CENTRE, PRIV_COMMERCE
3660;PRIVE;44;HERBIGNAC;2;2;0;20.0;PRIV_SANTE_CABINET
3661;PRIVE;44;PIRIAC-SUR-MER;2;2;0;20.0;PRIV_SANTE_CABINET
3662;PRIVE;45;BOYNES;2;2;0;20.0;PRIV_SANTE_CENTRE, IMMO_AGENCE
3663;PRIVE;45;CHAUSSY;2;2;0;20.0;PRIV_SANTE_CENTRE, PRIV_BUREAU
3664;PRIVE;45;DONNERY;2;2;0;20.0;PRIV_SANTE_CABINET
3665;PRIVE;45;FAY-AUX-LOGES;2;2;0;20.0;PRIV_SANTE_CENTRE, PRIV_BUREAU
3666;PRIVE;45;FLEURY-LES-AUBRAIS;2;2;0;20.0;PRIV_SANTE_CABINET
3667;PRIVE;45;GRISELLES;2;2;0;20.0;PRIV_SANTE_CENTRE, PRIV_RESTAURANT
3668;PRIVE;47;PENNE-D'AGENAIS;2;2;0;20.0;PRIV_SANTE_CABINET
3669;PRIVE;49;MURS-ERIGNE;2;2;0;20.0;PRIV_SANTE_CABINET
3670;PRIVE;49;SAINT-GEORGES-SUR-LOIRE;2;2;0;20.0;PRIV_SANTE_CABINET
3671;PRIVE;53;EVRON;2;2;0;20.0;PRIV_SANTE_CABINET
3672;PRIVE;56;ALLAIRE;2;2;0;20.0;PRIV_SANTE_CABINET
3673;PRIVE;56;ARZON;2;2;0;20.0;PRIV_SANTE_CABINET, PRIV_RESTAURANT
3674;PRIVE;56;BIGNAN;2;2;0;20.0;PRIV_SANTE_CABINET
3675;PRIVE;56;PLEUCADEUC;2;2;0;20.0;PRIV_SANTE_CABINET
3676;PRIVE;56;PLUNERET;2;2;0;20.0;PRIV_SANTE_CABINET
3677;PRIVE;57;YUTZ;2;2;0;20.0;PRIV_SANTE_CABINET, PRIV_BUREAU
3678;PRIVE;58;CHATEAU-CHINON (VILLE);2;2;0;20.0;PRIV_SANTE_CENTRE, IMMO_AGENCE
3679;PRIVE;59;NEUVILLE-EN-FERRAIN;2;2;0;20.0;PRIV_SANTE_CABINET, IMMO_AGENCE
3680;PRIVE;60;PONCHON;2;2;0;20.0;PRIV_SANTE_CENTRE, PRIV_BUREAU
3681;PRIVE;60;PONTARME;2;2;0;20.0;IMMO_AGENCE, PRIV_RESTAURANT
3682;PRIVE;60;VENETTE;2;2;0;20.0;PRIV_SANTE_CABINET
3683;PRIVE;62;CALAIS;2;2;0;20.0;PRIV_SANTE_CENTRE, PRIV_RESTAURANT
3684;PRIVE;62;ETAPLES;2;2;0;20.0;PRIV_SANTE_CABINET
3685;PRIVE;64;GAN;2;2;0;20.0;PRIV_SANTE_CABINET
3686;PRIVE;64;USTARITZ;2;2;0;20.0;PRIV_SANTE_CENTRE, PRIV_BUREAU
3687;PRIVE;67;OSTWALD;2;2;0;20.0;PRIV_SANTE_CABINET, PRIV_RESTAURANT
3688;PRIVE;69;GLEIZE;2;2;0;20.0;PRIV_SANTE_CABINET
3689;PRIVE;69;SAINT-FONS;2;2;0;20.0;PRIV_SANTE_CABINET
3690;PRIVE;72;SAINT-SATURNIN;2;2;0;20.0;PRIV_SANTE_CABINET
3691;PRIVE;74;ARGONAY;2;2;0;20.0;PRIV_SANTE_CABINET
3692;PRIVE;74;CRUSEILLES;2;2;0;20.0;PRIV_SANTE_CABINET
3693;PRIVE;74;SAINT-JORIOZ;2;2;0;20.0;PRIV_SANTE_CENTRE, PRIV_BUREAU
3694;PRIVE;74;TANINGES;2;2;0;20.0;PRIV_SANTE_CABINET
3695;PRIVE;76;QUINCAMPOIX;2;2;0;20.0;PRIV_SANTE_CABINET
3696;PRIVE;77;BLENNES;2;2;0;20.0;PRIV_SANTE_CENTRE, PRIV_BUREAU
3697;PRIVE;77;LA CHAPELLE-RABLAIS;2;2;0;20.0;PRIV_SANTE_CENTRE, PRIV_BUREAU
3698;PRIVE;77;LA CROIX-EN-BRIE;2;2;0;20.0;PRIV_SANTE_CENTRE, PRIV_BUREAU
3699;PRIVE;77;SAINT-GERMAIN-SOUS-DOUE;2;2;0;20.0;PRIV_SANTE_CABINET
3700;PRIVE;77;SOURDUN;2;2;0;20.0;PRIV_SANTE_CABINET
3701;PRIVE;78;MONTCHAUVET;2;2;0;20.0;IMMO_AGENCE, PRIV_RESTAURANT
3702;PRIVE;80;SALOUEL;2;2;0;20.0;PRIV_SANTE_CABINET
3703;PRIVE;82;MONTRICOUX;2;2;0;20.0;PRIV_SANTE_CABINET, PRIV_BUREAU
3704;PRIVE;83;COTIGNAC;2;2;0;20.0;PRIV_SANTE_CENTRE, PRIV_RESTAURANT
3705;PRIVE;83;LA FARLEDE;2;2;0;20.0;PRIV_SANTE_CENTRE, PRIV_BUREAU
3706;PRIVE;85;BEAUVOIR-SUR-MER;2;2;0;20.0;PRIV_SANTE_CENTRE, PRIV_BUREAU
3707;PRIVE;89;CHAMPIGNELLES;2;2;0;20.0;PRIV_SANTE_CABINET
3708;PRIVE;89;NAILLY;2;2;0;20.0;PRIV_SANTE_CABINET, PRIV_BUREAU
3709;PRIVE;971;CAPESTERRE-BELLE-EAU;2;2;0;20.0;PRIV_SANTE_CABINET, PRIV_BUREAU
3710;PRIVE;974;SAINT-JOSEPH;2;2;0;20.0;PRIV_SANTE_CABINET
3711;PUBLIC;92;;2;2;0;20.0;PUB_MUSEE
3712;PRIVE;01;BELLEY;1;1;0;20.0;PRIV_SANTE_CABINET
3713;PRIVE;01;SAINT-GENIS-POUILLY;1;1;0;20.0;PRIV_SANTE_CABINET
3714;PRIVE;01;SAINT-JEAN-DE-GONVILLE;1;1;0;20.0;PRIV_SANTE_CABINET
3715;PRIVE;01;VAL-REVERMONT;1;1;0;20.0;PRIV_BUREAU
3716;PRIVE;01;VILLEREVERSURE;1;1;0;20.0;PRIV_SANTE_CABINET
3717;PRIVE;01;VIRIAT;1;1;0;20.0;PRIV_SANTE_CABINET
3718;PRIVE;02;AMBLENY;1;1;0;20.0;PRIV_SANTE_CABINET
3719;PRIVE;02;BUIRONFOSSE;1;1;0;20.0;PRIV_SANTE_CABINET
3720;PRIVE;02;CHAMOUILLE;1;1;0;20.0;PRIV_SANTE_CABINET
3721;PRIVE;02;CHEZY-SUR-MARNE;1;1;0;20.0;PRIV_SANTE_CABINET
3722;PRIVE;02;CŒUVRES-ET-VALSERY;1;1;0;20.0;PRIV_SANTE_CABINET
3723;PRIVE;02;FERE-EN-TARDENOIS;1;1;0;20.0;PRIV_SANTE_CABINET
3724;PRIVE;02;MONCEAU-LES-LEUPS;1;1;0;20.0;PRIV_SANTE_CABINET
3725;PRIVE;02;OULCHY-LE-CHATEAU;1;1;0;20.0;PRIV_SANTE_CABINET
3726;PRIVE;02;SAINT QUENTIN;1;1;0;20.0;PRIV_SANTE_CABINET
3727;PRIVE;02;VILLENEUVE-SAINT-GERMAIN;1;1;0;20.0;PRIV_SANTE_CABINET
3728;PRIVE;03;BOURBON-L'ARCHAMBAULT;1;1;0;20.0;PRIV_SANTE_CABINET
3729;PRIVE;03;LAPALISSE;1;1;0;20.0;PRIV_RESTAURANT
3730;PRIVE;03;MARCILLAT-EN-COMBRAILLE;1;1;0;20.0;PRIV_SANTE_CABINET
3731;PRIVE;03;MONTMARAULT;1;1;0;20.0;PRIV_SANTE_CABINET
3732;PRIVE;03;SAINT-AUBIN-LE-MONIAL;1;1;0;20.0;PRIV_SANTE_CABINET
3733;PRIVE;04;AIGLUN;1;1;0;20.0;PRIV_SANTE_CABINET
3734;PRIVE;04;GREOUX-LES-BAINS;1;1;0;20.0;PRIV_SANTE_CABINET
3735;PRIVE;04;RIEZ;1;1;0;20.0;PRIV_SANTE_CABINET
3736;PRIVE;04;SAINTE-TULLE;1;1;0;20.0;PRIV_SANTE_CABINET
3737;PRIVE;05;CHORGES;1;1;0;20.0;PRIV_SANTE_CABINET
3738;PRIVE;05;LA SAULCE;1;1;0;20.0;PRIV_SANTE_CABINET
3739;PRIVE;05;SAINT-BONNET-EN-CHAMPSAUR;1;1;0;20.0;PRIV_SANTE_CABINET
3740;PRIVE;06;BEAULIEU-SUR-MER;1;1;0;20.0;PRIV_SANTE_CABINET
3741;PRIVE;06;BREIL-SUR-ROYA;1;1;0;20.0;PRIV_SANTE_CABINET
3742;PRIVE;06;COLOMARS;1;1;0;20.0;IMMO_AGENCE
3743;PRIVE;06;L'ESCARENE;1;1;0;20.0;PRIV_SANTE_CABINET
3744;PRIVE;06;LE BAR-SUR-LOUP;1;1;0;20.0;PRIV_SANTE_CABINET
3745;PRIVE;06;LE TIGNET;1;1;0;20.0;PRIV_RESTAURANT
3746;PRIVE;06;SAINT-CEZAIRE-SUR-SIAGNE;1;1;0;20.0;PRIV_SANTE_CABINET
3747;PRIVE;07;LAVILLEDIEU;1;1;0;20.0;PRIV_SANTE_CABINET
3748;PRIVE;07;LES VANS;1;1;0;20.0;PRIV_SANTE_CABINET
3749;PRIVE;07;MAUVES;1;1;0;20.0;PRIV_SANTE_CABINET
3750;PRIVE;07;MONTREAL;1;1;0;20.0;PRIV_SANTE_CABINET
3751;PRIVE;07;ROCHEPAULE;1;1;0;20.0;PRIV_SANTE_CABINET
3752;PRIVE;07;SAINTE-EULALIE;1;1;0;20.0;PRIV_SANTE_CABINET
3753;PRIVE;07;VERNOUX-EN-VIVARAIS;1;1;0;20.0;PRIV_SANTE_CABINET
3754;PRIVE;07;VESSEAUX;1;1;0;20.0;PRIV_SANTE_CABINET
3755;PRIVE;08;CARIGNAN;1;1;0;20.0;PRIV_SANTE_CABINET
3756;PRIVE;10;SAINTE SAVINE;1;1;0;20.0;PRIV_SANTE_CABINET
3757;PRIVE;10;SOULAINES-DHUYS;1;1;0;20.0;PRIV_SANTE_CABINET
3758;PRIVE;11;BRAM;1;1;0;20.0;PRIV_SANTE_CABINET
3759;PRIVE;11;CUXAC-CABARDES;1;1;0;20.0;PRIV_SANTE_CABINET
3760;PRIVE;11;LEUC;1;1;0;20.0;PRIV_SANTE_CABINET
3761;PRIVE;11;MONTREDON-DES-CORBIERES;1;1;0;20.0;PRIV_SANTE_CABINET
3762;PRIVE;11;SAINT-BENOIT;1;1;0;20.0;PRIV_SANTE_CABINET
3763;PRIVE;11;THEZAN-DES-CORBIERES;1;1;0;20.0;PRIV_BUREAU
3764;PRIVE;11;TREBES;1;1;0;20.0;PRIV_SANTE_CABINET
3765;PRIVE;12;LANUEJOULS;1;1;0;20.0;PRIV_RESTAURANT
3766;PRIVE;12;LE MONASTERE;1;1;0;20.0;PRIV_SANTE_CABINET
3767;PRIVE;12;NAUCELLE;1;1;0;20.0;PRIV_SANTE_CABINET
3768;PRIVE;12;RIEUPEYROUX;1;1;0;20.0;PRIV_SANTE_CABINET
3769;PRIVE;12;SAINT-AMANS-DES-COTS;1;1;0;20.0;PRIV_RESTAURANT
3770;PRIVE;12;SAINT-GEORGES-DE-LUZENCON;1;1;0;20.0;PRIV_SANTE_CABINET
3771;PRIVE;13;CABANNES;1;1;0;20.0;IMMO_AGENCE
3772;PRIVE;13;CHATEAUNEUF-LES-MARTIGUES;1;1;0;20.0;PRIV_SANTE_CABINET
3773;PRIVE;13;LA PENNE-SUR-HUVEAUNE;1;1;0;20.0;PRIV_SANTE_CABINET
3774;PRIVE;13;SAINTES-MARIES-DE-LA-MER;1;1;0;20.0;PRIV_SANTE_CABINET
3775;PRIVE;13;SENAS;1;1;0;20.0;PRIV_SANTE_CABINET
3776;PRIVE;13;VELAUX;1;1;0;20.0;PRIV_SANTE_CABINET
3777;PRIVE;14;ARROMANCHES-LES-BAINS;1;1;0;20.0;PRIV_SANTE_CABINET
3778;PRIVE;14;BRUCOURT;1;1;0;20.0;PRIV_SANTE_CABINET
3779;PRIVE;14;CAGNY;1;1;0;20.0;PRIV_SANTE_CABINET
3780;PRIVE;14;COLOMBY-ANGUERNY;1;1;0;20.0;PRIV_BUREAU
3781;PRIVE;14;CONDE-EN-NORMANDIE;1;1;0;20.0;PRIV_SANTE_CABINET
3782;PRIVE;14;DOZULE;1;1;0;20.0;PRIV_SANTE_CABINET
3783;PRIVE;14;FALAISE;1;1;0;20.0;PRIV_SANTE_CABINET
3784;PRIVE;14;GONNEVILLE-SUR-HONFLEUR;1;1;0;20.0;PRIV_BUREAU
3785;PRIVE;14;MOYAUX;1;1;0;20.0;PRIV_SANTE_CABINET
3786;PRIVE;14;NOTRE-DAME-D'ESTREES-CORBON;1;1;0;20.0;PRIV_RESTAURANT
3787;PRIVE;14;RANVILLE;1;1;0;20.0;PRIV_SANTE_CABINET
3788;PRIVE;14;SAINT-GATIEN-DES-BOIS;1;1;0;20.0;PRIV_SANTE_CABINET
3789;PRIVE;14;SOLIERS;1;1;0;20.0;PRIV_SANTE_CABINET
3790;PRIVE;14;TOUQUES;1;1;0;20.0;PRIV_RESTAURANT
3791;PRIVE;14;VILLERS-SUR-MER;1;1;0;20.0;PRIV_SANTE_CABINET
3792;PRIVE;15;CHAUDES-AIGUES;1;1;0;20.0;PRIV_SANTE_CABINET
3793;PRIVE;15;NEUSSARGUES EN PINATELLE;1;1;0;20.0;PRIV_SANTE_CABINET
3794;PRIVE;17;AIGREFEUILLE-D'AUNIS;1;1;0;20.0;PRIV_SANTE_CABINET
3795;PRIVE;17;AULNAY;1;1;0;20.0;PRIV_SANTE_CABINET
3796;PRIVE;17;AYTRE;1;1;0;20.0;PRIV_SANTE_CABINET
3797;PRIVE;17;BREUILLET;1;1;0;20.0;PRIV_SANTE_CABINET
3798;PRIVE;17;BUSSAC-SUR-CHARENTE;1;1;0;20.0;PRIV_SANTE_CABINET
3799;PRIVE;17;CHANIERS;1;1;0;20.0;PRIV_SANTE_CABINET
3800;PRIVE;17;LA CLISSE;1;1;0;20.0;PRIV_SANTE_CABINET
3801;PRIVE;17;LE BOIS-PLAGE-EN-RE;1;1;0;20.0;PRIV_SANTE_CABINET
3802;PRIVE;17;LE CHATEAU-D'OLERON;1;1;0;20.0;PRIV_SANTE_CABINET
3803;PRIVE;17;LES GONDS;1;1;0;20.0;PRIV_SANTE_CABINET
3804;PRIVE;17;MEDIS;1;1;0;20.0;PRIV_SANTE_CABINET
3805;PRIVE;17;MIRAMBEAU;1;1;0;20.0;PRIV_SANTE_CABINET
3806;PRIVE;17;NIEULLE-SUR-SEUDRE;1;1;0;20.0;PRIV_SANTE_CABINET
3807;PRIVE;17;SAINT-GENIS-DE-SAINTONGE;1;1;0;20.0;PRIV_SANTE_CABINET
3808;PRIVE;17;SAINT-JEAN-DE-LIVERSAY;1;1;0;20.0;PRIV_SANTE_CABINET
3809;PRIVE;17;SAINT-LAURENT-DE-LA-PREE;1;1;0;20.0;PRIV_SANTE_CABINET
3810;PRIVE;17;SAINT-PIERRE-D'OLERON;1;1;0;20.0;PRIV_SANTE_CABINET
3811;PRIVE;18;APREMONT-SUR-ALLIER;1;1;0;20.0;IMMO_AGENCE
3812;PRIVE;18;LERE;1;1;0;20.0;PRIV_SANTE_CABINET
3813;PRIVE;18;SAINT-DOULCHARD;1;1;0;20.0;PRIV_SANTE_CABINET
3814;PRIVE;18;SAINT-MARTIN-D'AUXIGNY;1;1;0;20.0;PRIV_SANTE_CABINET
3815;PRIVE;18;SANCERGUES;1;1;0;20.0;PRIV_SANTE_CABINET
3816;PRIVE;19;LA CHAPELLE-SAINT-GERAUD;1;1;0;20.0;PRIV_SANTE_CABINET
3817;PRIVE;19;PEYRELEVADE;1;1;0;20.0;PRIV_SANTE_CABINET
3818;PRIVE;19;SAINT-PRIVAT;1;1;0;20.0;PRIV_SANTE_CABINET
3819;PRIVE;19;SAINT-SOLVE;1;1;0;20.0;PRIV_SANTE_CABINET
3820;PRIVE;21;CHEVIGNY-SAINT-SAUVEUR;1;1;0;20.0;PRIV_SANTE_CABINET
3821;PRIVE;21;GILLY-LES-CITEAUX;1;1;0;20.0;PRIV_SANTE_CABINET
3822;PRIVE;22;CALORGUEN;1;1;0;20.0;PRIV_SANTE_CABINET
3823;PRIVE;22;PLOUER-SUR-RANCE;1;1;0;20.0;PRIV_SANTE_CABINET
3824;PRIVE;22;PLOUMILLIAU;1;1;0;20.0;PRIV_SANTE_CABINET
3825;PRIVE;22;SAINT-GLEN;1;1;0;20.0;PRIV_SANTE_CABINET
3826;PRIVE;24;AGONAC;1;1;0;20.0;PRIV_SANTE_CABINET
3827;PRIVE;24;BEAUMONTOIS EN PERIGORD;1;1;0;20.0;PRIV_SANTE_CABINET
3828;PRIVE;24;BOUNIAGUES;1;1;0;20.0;PRIV_SANTE_CABINET
3829;PRIVE;24;CHAMPAGNE-ET-FONTAINE;1;1;0;20.0;PRIV_BUREAU
3830;PRIVE;24;CHANCELADE;1;1;0;20.0;PRIV_RESTAURANT
3831;PRIVE;24;CREYSSE;1;1;0;20.0;PRIV_SANTE_CABINET
3832;PRIVE;24;EYZERAC;1;1;0;20.0;PRIV_SANTE_CABINET
3833;PRIVE;24;MARSAC-SUR-L'ISLE;1;1;0;20.0;PRIV_SANTE_CABINET
3834;PRIVE;24;SAINT-MEARD-DE-GURCON;1;1;0;20.0;PRIV_SANTE_CABINET
3835;PRIVE;24;TREMOLAT;1;1;0;20.0;PRIV_SANTE_CABINET
3836;PRIVE;24;VERGT;1;1;0;20.0;PRIV_SANTE_CABINET
3837;PRIVE;25;MAICHE;1;1;0;20.0;PRIV_SANTE_CABINET
3838;PRIVE;26;ALLEX;1;1;0;20.0;PRIV_SANTE_CABINET
3839;PRIVE;26;BUIS-LES-BARONNIES;1;1;0;20.0;PRIV_SANTE_CABINET
3840;PRIVE;26;CHATEAUNEUF-DU-RHONE;1;1;0;20.0;PRIV_SANTE_CABINET
3841;PRIVE;26;CHATILLON-SAINT-JEAN;1;1;0;20.0;PRIV_SANTE_CABINET
3842;PRIVE;26;DIEULEFIT;1;1;0;20.0;PRIV_SANTE_CABINET
3843;PRIVE;26;LORIOL-SUR-DROME;1;1;0;20.0;PRIV_BUREAU
3844;PRIVE;26;MALISSARD;1;1;0;20.0;PRIV_SANTE_CABINET
3845;PRIVE;26;PIERRELATTE;1;1;0;20.0;PRIV_SANTE_CABINET
3846;PRIVE;26;ROUSSAS;1;1;0;20.0;PRIV_SANTE_CABINET
3847;PRIVE;27;ACQUIGNY;1;1;0;20.0;IMMO_AGENCE
3848;PRIVE;27;BEUZEVILLE;1;1;0;20.0;PRIV_SANTE_CABINET
3849;PRIVE;27;BOURG-ACHARD;1;1;0;20.0;PRIV_SANTE_CABINET
3850;PRIVE;27;BRETAGNOLLES;1;1;0;20.0;PRIV_SANTE_CABINET
3851;PRIVE;27;CONCHES-EN-OUCHE;1;1;0;20.0;PRIV_SANTE_CABINET
3852;PRIVE;27;LA SAUSSAYE;1;1;0;20.0;PRIV_SANTE_CABINET
3853;PRIVE;27;MONTFORT-SUR-RISLE;1;1;0;20.0;PRIV_SANTE_CABINET
3854;PRIVE;27;VITOT;1;1;0;20.0;PRIV_RESTAURANT
3855;PRIVE;28;AUTHON-DU-PERCHE;1;1;0;20.0;PRIV_SANTE_CABINET
3856;PRIVE;28;LEVES;1;1;0;20.0;PRIV_SANTE_CABINET
3857;PRIVE;28;MOINVILLE-LA-JEULIN;1;1;0;20.0;IMMO_AGENCE
3858;PRIVE;28;SENONCHES;1;1;0;20.0;PRIV_SANTE_CABINET
3859;PRIVE;28;TOURY;1;1;0;20.0;PRIV_BUREAU
3860;PRIVE;28;VERNOUILLET;1;1;0;20.0;PRIV_SANTE_CABINET
3861;PRIVE;28;VILLEMEUX-SUR-EURE;1;1;0;20.0;PRIV_SANTE_CABINET
3862;PRIVE;29;CARANTEC;1;1;0;20.0;PRIV_SANTE_CABINET
3863;PRIVE;29;EDERN;1;1;0;20.0;PRIV_SANTE_CABINET
3864;PRIVE;29;HOPITAL-CAMFROUT;1;1;0;20.0;PRIV_SANTE_CABINET
3865;PRIVE;29;PLOMEUR;1;1;0;20.0;PRIV_SANTE_CABINET
3866;PRIVE;29;PLOUGASTEL-DAOULAS;1;1;0;20.0;PRIV_SANTE_CABINET
3867;PRIVE;29;PLOURIN-LES-MORLAIX;1;1;0;20.0;PRIV_SANTE_CABINET
3868;PRIVE;2A;ALATA;1;1;0;20.0;PRIV_SANTE_CABINET
3869;PRIVE;2A;COZZANO;1;1;0;20.0;PRIV_SANTE_CABINET
3870;PRIVE;2B;BORGO;1;1;0;20.0;PRIV_SANTE_CABINET
3871;PRIVE;2B;FURIANI;1;1;0;20.0;PRIV_SANTE_CABINET
3872;PRIVE;2B;L'ILE-ROUSSE;1;1;0;20.0;PRIV_SANTE_CABINET
3873;PRIVE;2B;OLETTA;1;1;0;20.0;PRIV_SANTE_CABINET
3874;PRIVE;2B;PATRIMONIO;1;1;0;20.0;PRIV_SANTE_CABINET
3875;PRIVE;2B;VENACO;1;1;0;20.0;PRIV_SANTE_CABINET
3876;PRIVE;30;BEZOUCE;1;1;0;20.0;PRIV_SANTE_CABINET
3877;PRIVE;30;FONS-SUR-LUSSAN;1;1;0;20.0;PRIV_SANTE_CABINET
3878;PRIVE;30;GARONS;1;1;0;20.0;PRIV_SANTE_CABINET
3879;PRIVE;30;LASALLE;1;1;0;20.0;PRIV_SANTE_CABINET
3880;PRIVE;30;SAINT LAURENT D'AIGOUZE;1;1;0;20.0;PRIV_SANTE_CABINET
3881;PRIVE;30;SAINT-GENIES-DE-MALGOIRES;1;1;0;20.0;PRIV_SANTE_CABINET
3882;PRIVE;30;SAINT-JULIEN-DE-PEYROLAS;1;1;0;20.0;PRIV_SANTE_CABINET
3883;PRIVE;30;TRESQUES;1;1;0;20.0;PRIV_SANTE_CABINET
3884;PRIVE;31;CARAMAN;1;1;0;20.0;PRIV_SANTE_CABINET
3885;PRIVE;31;ENCAUSSE-LES-THERMES;1;1;0;20.0;PRIV_SANTE_CABINET
3886;PRIVE;31;FENOUILLET;1;1;0;20.0;PRIV_SANTE_CABINET
3887;PRIVE;31;FLOURENS;1;1;0;20.0;PRIV_SANTE_CABINET
3888;PRIVE;31;FONSORBES;1;1;0;20.0;PRIV_SANTE_CABINET
3889;PRIVE;31;MONTREJEAU;1;1;0;20.0;PRIV_SANTE_CABINET
3890;PRIVE;31;NAILLOUX;1;1;0;20.0;PRIV_SANTE_CABINET
3891;PRIVE;31;NOE;1;1;0;20.0;PRIV_SANTE_CABINET
3892;PRIVE;31;RIEUMES;1;1;0;20.0;PRIV_SANTE_CABINET
3893;PRIVE;31;SAINT-LOUP-CAMMAS;1;1;0;20.0;PRIV_SANTE_CABINET
3894;PRIVE;31;SAINT-MARTORY;1;1;0;20.0;PRIV_SANTE_CABINET
3895;PRIVE;32;BLAZIERT;1;1;0;20.0;PRIV_SANTE_CABINET
3896;PRIVE;32;CASTERA-VERDUZAN;1;1;0;20.0;PRIV_SANTE_CABINET
3897;PRIVE;32;CONDOM;1;1;0;20.0;PRIV_SANTE_CABINET
3898;PRIVE;32;L'ISLE-JOURDAIN;1;1;0;20.0;PRIV_BUREAU
3899;PRIVE;32;MIRANDE;1;1;0;20.0;PRIV_SANTE_CABINET
3900;PRIVE;32;SAMATAN;1;1;0;20.0;PRIV_SANTE_CABINET
3901;PRIVE;32;SIMORRE;1;1;0;20.0;PRIV_SANTE_CABINET
3902;PRIVE;33;ARSAC;1;1;0;20.0;PRIV_SANTE_CABINET
3903;PRIVE;33;CAPTIEUX;1;1;0;20.0;PRIV_SANTE_CABINET
3904;PRIVE;33;GENSAC;1;1;0;20.0;PRIV_SANTE_CABINET
3905;PRIVE;33;GUILLAC;1;1;0;20.0;PRIV_SANTE_CABINET
3906;PRIVE;33;LA BREDE;1;1;0;20.0;IMMO_AGENCE
3907;PRIVE;33;LANTON;1;1;0;20.0;PRIV_SANTE_CABINET
3908;PRIVE;33;LATRESNE;1;1;0;20.0;PRIV_SANTE_CABINET
3909;PRIVE;33;LE TAILLAN-MEDOC;1;1;0;20.0;PRIV_SANTE_CABINET
3910;PRIVE;33;LOUPES;1;1;0;20.0;PRIV_SANTE_CABINET
3911;PRIVE;33;MARANSIN;1;1;0;20.0;PRIV_SANTE_CABINET
3912;PRIVE;33;MARGAUX-CANTENAC;1;1;0;20.0;PRIV_BUREAU
3913;PRIVE;33;MARSAS;1;1;0;20.0;PRIV_SANTE_CABINET
3914;PRIVE;33;NAUJAN-ET-POSTIAC;1;1;0;20.0;PRIV_SANTE_CABINET
3915;PRIVE;33;PINEUILH;1;1;0;20.0;PRIV_SANTE_CABINET
3916;PRIVE;33;SAINT-GERMAIN-DU-PUCH;1;1;0;20.0;PRIV_SANTE_CABINET
3917;PRIVE;33;SAINT-QUENTIN-DE-BARON;1;1;0;20.0;PRIV_SANTE_CABINET
3918;PRIVE;33;SAINT-SULPICE-ET-CAMEYRAC;1;1;0;20.0;PRIV_SANTE_CABINET
3919;PRIVE;33;SAINTE-EULALIE;1;1;0;20.0;PRIV_SANTE_CABINET
3920;PRIVE;33;SALLEBOEUF;1;1;0;20.0;PRIV_SANTE_CABINET
3921;PRIVE;33;SOULAC-SUR-MER;1;1;0;20.0;PRIV_SANTE_CABINET
3922;PRIVE;33;TABANAC;1;1;0;20.0;PRIV_SANTE_CABINET
3923;PRIVE;33;VAYRES;1;1;0;20.0;PRIV_SANTE_CABINET
3924;PRIVE;34;BALARUC-LE-VIEUX;1;1;0;20.0;PRIV_SANTE_CABINET
3925;PRIVE;34;BOISSERON;1;1;0;20.0;PRIV_SANTE_CABINET
3926;PRIVE;34;COURNONSEC;1;1;0;20.0;PRIV_SANTE_CABINET
3927;PRIVE;34;LAMALOU-LES-BAINS;1;1;0;20.0;PRIV_SANTE_CABINET
3928;PRIVE;34;LE BOUSQUET-D'ORB;1;1;0;20.0;PRIV_SANTE_CABINET
3929;PRIVE;34;PINET;1;1;0;20.0;PRIV_SANTE_CABINET
3930;PRIVE;34;SAINT-BRES;1;1;0;20.0;PRIV_SANTE_CABINET
3931;PRIVE;34;SOUMONT;1;1;0;20.0;PRIV_SANTE_CABINET
3932;PRIVE;34;TOURBES;1;1;0;20.0;PRIV_SANTE_CABINET
3933;PRIVE;34;VALRAS-PLAGE;1;1;0;20.0;PRIV_SANTE_CABINET
3934;PRIVE;34;VIOLS-LE-FORT;1;1;0;20.0;PRIV_SANTE_CABINET
3935;PRIVE;35;AUBIGNE;1;1;0;20.0;PRIV_SANTE_CABINET
3936;PRIVE;35;CHATEAUGIRON;1;1;0;20.0;PRIV_SANTE_CABINET
3937;PRIVE;35;JANZE;1;1;0;20.0;PRIV_SANTE_CABINET
3938;PRIVE;35;LA MEZIERE;1;1;0;20.0;PRIV_SANTE_CABINET
3939;PRIVE;35;MAEN ROCH;1;1;0;20.0;PRIV_SANTE_CABINET
3940;PRIVE;35;PLECHATEL;1;1;0;20.0;PRIV_SANTE_CABINET
3941;PRIVE;35;SAINT-JACQUES-DE-LA-LANDE;1;1;0;20.0;PRIV_SANTE_CABINET
3942;PRIVE;35;TORCE;1;1;0;20.0;PRIV_RESTAURANT
3943;PRIVE;35;VEZIN-LE-COQUET;1;1;0;20.0;PRIV_SANTE_CABINET
3944;PRIVE;36;CHABRIS;1;1;0;20.0;PRIV_SANTE_CABINET
3945;PRIVE;36;ISSOUDUN;1;1;0;20.0;PRIV_SANTE_CABINET
3946;PRIVE;36;LE BLANC;1;1;0;20.0;PRIV_SANTE_CABINET
3947;PRIVE;36;OULCHES;1;1;0;20.0;PRIV_SANTE_CABINET
3948;PRIVE;36;PALLUAU-SUR-INDRE;1;1;0;20.0;PRIV_SANTE_CABINET
3949;PRIVE;37;AZAY-LE-RIDEAU;1;1;0;20.0;PRIV_SANTE_CABINET
3950;PRIVE;37;BENAIS;1;1;0;20.0;PRIV_RESTAURANT
3951;PRIVE;37;CHARGE;1;1;0;20.0;PRIV_SANTE_CABINET
3952;PRIVE;37;FRANCUEIL;1;1;0;20.0;PRIV_RESTAURANT
3953;PRIVE;37;LARCAY;1;1;0;20.0;PRIV_SANTE_CABINET
3954;PRIVE;38;CROLLES;1;1;0;20.0;PRIV_SANTE_CABINET
3955;PRIVE;38;L'ISLE-D'ABEAU;1;1;0;20.0;PRIV_SANTE_CABINET
3956;PRIVE;38;LA BUISSE;1;1;0;20.0;PRIV_SANTE_CABINET
3957;PRIVE;38;LANS-EN-VERCORS;1;1;0;20.0;PRIV_SANTE_CABINET
3958;PRIVE;38;MEYRIE;1;1;0;20.0;PRIV_SANTE_CABINET
3959;PRIVE;38;MONESTIER DE CLERMONT;1;1;0;20.0;PRIV_SANTE_CABINET
3960;PRIVE;38;ROUSSILLON;1;1;0;20.0;PRIV_SANTE_CABINET
3961;PRIVE;38;SAINT-ALBAN-DE-ROCHE;1;1;0;20.0;PRIV_SANTE_CABINET
3962;PRIVE;38;SAINT-EGREVE;1;1;0;20.0;PRIV_SANTE_CABINET
3963;PRIVE;38;SAINT-NAZAIRE-LES-EYMES;1;1;0;20.0;PRIV_SANTE_CABINET
3964;PRIVE;38;SAINT-ROMAIN-DE-JALIONAS;1;1;0;20.0;PRIV_SANTE_CABINET
3965;PRIVE;38;TULLINS;1;1;0;20.0;PRIV_SANTE_CABINET
3966;PRIVE;38;VERNIOZ;1;1;0;20.0;PRIV_SANTE_CABINET
3967;PRIVE;38;VILLETTE-DE-VIENNE;1;1;0;20.0;PRIV_SANTE_CABINET
3968;PRIVE;38;VOREPPE;1;1;0;20.0;PRIV_SANTE_CABINET
3969;PRIVE;39;DAMPARIS;1;1;0;20.0;PRIV_SANTE_CABINET
3970;PRIVE;39;HAUTS DE BIENNE;1;1;0;20.0;PRIV_SANTE_CABINET
3971;PRIVE;39;MACORNAY;1;1;0;20.0;PRIV_SANTE_CABINET
3972;PRIVE;39;SAINT-AUBIN;1;1;0;20.0;PRIV_SANTE_CABINET
3973;PRIVE;40;ESTIBEAUX;1;1;0;20.0;PRIV_SANTE_CABINET
3974;PRIVE;40;MUGRON;1;1;0;20.0;PRIV_SANTE_CABINET
3975;PRIVE;40;ONDRES;1;1;0;20.0;PRIV_SANTE_CABINET
3976;PRIVE;40;PIMBO;1;1;0;20.0;PRIV_SANTE_CABINET
3977;PRIVE;40;SAINT-JUSTIN;1;1;0;20.0;PRIV_SANTE_CABINET
3978;PRIVE;40;SAINT-MARTIN-D'ONEY;1;1;0;20.0;PRIV_SANTE_CABINET
3979;PRIVE;40;TARTAS;1;1;0;20.0;PRIV_SANTE_CABINET
3980;PRIVE;40;YGOS-SAINT-SATURNIN;1;1;0;20.0;PRIV_SANTE_CABINET
3981;PRIVE;41;BRACIEUX;1;1;0;20.0;PRIV_SANTE_CABINET
3982;PRIVE;41;HUISSEAU-SUR-COSSON;1;1;0;20.0;PRIV_SANTE_CABINET
3983;PRIVE;41;LA CHAUSSEE-SAINT-VICTOR;1;1;0;20.0;PRIV_SANTE_CABINET
3984;PRIVE;41;MONTRICHARD VAL DE CHER;1;1;0;20.0;PRIV_SANTE_CABINET
3985;PRIVE;41;SAINT-GERVAIS-LA-FORET;1;1;0;20.0;PRIV_BUREAU
3986;PRIVE;42;COMMELLE-VERNAY;1;1;0;20.0;PRIV_SANTE_CABINET
3987;PRIVE;42;LA TALAUDIERE;1;1;0;20.0;PRIV_SANTE_CABINET
3988;PRIVE;42;RIVE-DE-GIER;1;1;0;20.0;PRIV_SANTE_CABINET
3989;PRIVE;43;LAVOUTE-SUR-LOIRE;1;1;0;20.0;PRIV_SANTE_CABINET
3990;PRIVE;43;LE MONASTIER-SUR-GAZEILLE;1;1;0;20.0;PRIV_SANTE_CABINET
3991;PRIVE;43;MONISTROL-SUR-LOIRE;1;1;0;20.0;PRIV_SANTE_CABINET
3992;PRIVE;44;CARQUEFOU;1;1;0;20.0;PRIV_SANTE_CABINET
3993;PRIVE;44;CROSSAC;1;1;0;20.0;PRIV_SANTE_CABINET
3994;PRIVE;44;DIVATTE-SUR-LOIRE;1;1;0;20.0;PRIV_BUREAU
3995;PRIVE;44;FROSSAY;1;1;0;20.0;PRIV_SANTE_CABINET
3996;PRIVE;44;LA PLAINE-SUR-MER;1;1;0;20.0;PRIV_SANTE_CABINET
3997;PRIVE;44;LE CELLIER;1;1;0;20.0;PRIV_SANTE_CABINET
3998;PRIVE;44;ROUANS;1;1;0;20.0;PRIV_SANTE_CABINET
3999;PRIVE;44;SAINT-JOACHIM;1;1;0;20.0;PRIV_SANTE_CABINET
4000;PRIVE;44;SAINT-LYPHARD;1;1;0;20.0;PRIV_RESTAURANT
4001;PRIVE;44;TREILLIERES;1;1;0;20.0;PRIV_SANTE_CABINET
4002;PRIVE;44;TRIGNAC;1;1;0;20.0;PRIV_SANTE_CABINET
4003;PRIVE;44;VALLET;1;1;0;20.0;PRIV_SANTE_CABINET
4004;PRIVE;45;ASCHERES-LE-MARCHE;1;1;0;20.0;PRIV_SANTE_CABINET
4005;PRIVE;45;COMBREUX;1;1;0;20.0;PRIV_SANTE_CABINET
4006;PRIVE;45;JARGEAU;1;1;0;20.0;PRIV_SANTE_CABINET
4007;PRIVE;45;MARDIE;1;1;0;20.0;PRIV_SANTE_CABINET
4008;PRIVE;45;ORMES;1;1;0;20.0;PRIV_SANTE_CABINET
4009;PRIVE;45;OUTARVILLE;1;1;0;20.0;PRIV_SANTE_CABINET
4010;PRIVE;45;PUISEAUX;1;1;0;20.0;PRIV_SANTE_CABINET
4011;PRIVE;45;SANDILLON;1;1;0;20.0;PRIV_SANTE_CABINET
4012;PRIVE;45;SERMAISES;1;1;0;20.0;PRIV_SANTE_CABINET
4013;PRIVE;46;DURAVEL;1;1;0;20.0;PRIV_SANTE_CABINET
4014;PRIVE;46;GOURDON;1;1;0;20.0;PRIV_SANTE_CABINET
4015;PRIVE;47;AIGUILLON;1;1;0;20.0;PRIV_RESTAURANT
4016;PRIVE;47;FOURQUES-SUR-GARONNE;1;1;0;20.0;PRIV_SANTE_CABINET
4017;PRIVE;47;FUMEL;1;1;0;20.0;PRIV_SANTE_CABINET
4018;PRIVE;47;PORT-SAINTE-MARIE;1;1;0;20.0;PRIV_SANTE_CABINET
4019;PRIVE;47;PRAYSSAS;1;1;0;20.0;PRIV_SANTE_CABINET
4020;PRIVE;47;SOS;1;1;0;20.0;PRIV_SANTE_CABINET
4021;PRIVE;47;THEZAC;1;1;0;20.0;PRIV_SANTE_CABINET
4022;PRIVE;48;VILLEFORT;1;1;0;20.0;PRIV_SANTE_CABINET
4023;PRIVE;49;BELLEVIGNE-LES-CHATEAUX;1;1;0;20.0;PRIV_SANTE_CABINET
4024;PRIVE;49;CHAMPTOCEAUX;1;1;0;20.0;PRIV_SANTE_CABINET
4025;PRIVE;49;LES HAUTS-D'ANJOU;1;1;0;20.0;PRIV_SANTE_CABINET
4026;PRIVE;49;OMBREE D'ANJOU;1;1;0;20.0;PRIV_SANTE_CABINET
4027;PRIVE;49;SEVREMOINE;1;1;0;20.0;PRIV_SANTE_CABINET
4028;PRIVE;49;TRELAZE;1;1;0;20.0;PRIV_SANTE_CABINET
4029;PRIVE;49;VAL-DU-LAYON;1;1;0;20.0;PRIV_RESTAURANT
4030;PRIVE;50;BARENTON;1;1;0;20.0;PRIV_SANTE_CABINET
4031;PRIVE;50;BRICQUEVILLE-SUR-MER;1;1;0;20.0;PRIV_SANTE_CABINET
4032;PRIVE;50;BRIX;1;1;0;20.0;PRIV_SANTE_CABINET
4033;PRIVE;50;LA HAYE;1;1;0;20.0;PRIV_SANTE_CABINET
4034;PRIVE;50;LESSAY;1;1;0;20.0;PRIV_SANTE_CABINET
4035;PRIVE;50;PERCY-EN-NORMANDIE;1;1;0;20.0;PRIV_SANTE_CABINET
4036;PRIVE;50;PORT-BAIL-SUR-MER;1;1;0;20.0;PRIV_SANTE_CABINET
4037;PRIVE;50;REVILLE;1;1;0;20.0;PRIV_SANTE_CABINET
4038;PRIVE;50;SAINT-SAUVEUR-LE-VICOMTE;1;1;0;20.0;PRIV_SANTE_CABINET
4039;PRIVE;51;ANGLURE;1;1;0;20.0;PRIV_SANTE_CABINET
4040;PRIVE;51;FRIGNICOURT;1;1;0;20.0;PRIV_SANTE_CABINET
4041;PRIVE;51;HERMONVILLE;1;1;0;20.0;PRIV_SANTE_CABINET
4042;PRIVE;51;SAINT-BRICE-COURCELLES;1;1;0;20.0;PRIV_SANTE_CABINET
4043;PRIVE;52;BOURBONNE-LES-BAINS;1;1;0;20.0;PRIV_SANTE_CABINET
4044;PRIVE;53;CHATEAU-GONTIER-SUR-MAYENNE;1;1;0;20.0;PRIV_SANTE_CABINET
4045;PRIVE;53;GORRON;1;1;0;20.0;PRIV_SANTE_CABINET
4046;PRIVE;53;LE GENEST-SAINT-ISLE;1;1;0;20.0;PRIV_BUREAU
4047;PRIVE;53;MOULAY;1;1;0;20.0;PRIV_SANTE_CABINET
4048;PRIVE;53;PRE-EN-PAIL-SAINT-SAMSON;1;1;0;20.0;PRIV_SANTE_CABINET
4049;PRIVE;54;AUBOUE;1;1;0;20.0;PRIV_SANTE_CABINET
4050;PRIVE;54;LAXOU;1;1;0;20.0;PRIV_SANTE_CABINET
4051;PRIVE;54;VAL DE BRIEY;1;1;0;20.0;IMMO_AGENCE
4052;PRIVE;56;AMBON;1;1;0;20.0;PRIV_SANTE_CABINET
4053;PRIVE;56;BAUD;1;1;0;20.0;PRIV_SANTE_CABINET
4054;PRIVE;56;CLEGUER;1;1;0;20.0;PRIV_SANTE_CABINET
4055;PRIVE;56;GROIX;1;1;0;20.0;PRIV_SANTE_CABINET
4056;PRIVE;56;LA TRINITE-PORHOET;1;1;0;20.0;PRIV_SANTE_CABINET
4057;PRIVE;56;LOCMIQUELIC;1;1;0;20.0;PRIV_SANTE_CABINET
4058;PRIVE;56;LOCOAL-MENDON;1;1;0;20.0;PRIV_SANTE_CABINET
4059;PRIVE;56;LOCQUELTAS;1;1;0;20.0;PRIV_SANTE_CABINET
4060;PRIVE;56;PEAULE;1;1;0;20.0;PRIV_SANTE_CABINET
4061;PRIVE;56;PLUHERLIN;1;1;0;20.0;PRIV_SANTE_CABINET
4062;PRIVE;56;SAINT-GILDAS-DE-RHUYS;1;1;0;20.0;PRIV_SANTE_CABINET
4063;PRIVE;57;FAREBERSVILLER;1;1;0;20.0;PRIV_SANTE_CABINET
4064;PRIVE;57;FONTOY;1;1;0;20.0;PRIV_SANTE_CABINET
4065;PRIVE;57;GROSBLIEDERSTROFF;1;1;0;20.0;PRIV_SANTE_CABINET
4066;PRIVE;57;METZERVISSE;1;1;0;20.0;PRIV_SANTE_CABINET
4067;PRIVE;57;WOIPPY;1;1;0;20.0;PRIV_SANTE_CABINET
4068;PRIVE;58;SAINT ELOI;1;1;0;20.0;PRIV_SANTE_CABINET
4069;PRIVE;58;VARZY;1;1;0;20.0;PRIV_SANTE_CABINET
4070;PRIVE;59;ARMENTIERES;1;1;0;20.0;PRIV_SANTE_CABINET
4071;PRIVE;59;AULNOYE-AYMERIES;1;1;0;20.0;PRIV_SANTE_CABINET
4072;PRIVE;59;BOIS-GRENIER;1;1;0;20.0;PRIV_SANTE_CABINET
4073;PRIVE;59;COMINES;1;1;0;20.0;PRIV_SANTE_CABINET
4074;PRIVE;59;COUDEKERQUE-BRANCHE;1;1;0;20.0;PRIV_SANTE_CABINET
4075;PRIVE;59;DUNKERQUE;1;1;0;20.0;PRIV_SANTE_CABINET
4076;PRIVE;59;FELLERIES;1;1;0;20.0;PRIV_SANTE_CABINET
4077;PRIVE;59;HALLUIN;1;1;0;20.0;PRIV_SANTE_CABINET
4078;PRIVE;59;VENDEVILLE;1;1;0;20.0;PRIV_SANTE_CABINET
4079;PRIVE;59;WALINCOURT-SELVIGNY;1;1;0;20.0;PRIV_SANTE_CABINET
4080;PRIVE;59;WIGNEHIES;1;1;0;20.0;PRIV_SANTE_CABINET
4081;PRIVE;60;AUMONT-EN-HALATTE;1;1;0;20.0;IMMO_AGENCE
4082;PRIVE;60;MONT-L'EVEQUE;1;1;0;20.0;PRIV_BUREAU
4083;PRIVE;60;RESSONS-SUR-MATZ;1;1;0;20.0;PRIV_SANTE_CABINET
4084;PRIVE;60;RULLY;1;1;0;20.0;PRIV_SANTE_CABINET
4085;PRIVE;60;SAINT-AUBIN-EN-BRAY;1;1;0;20.0;PRIV_SANTE_CABINET
4086;PRIVE;60;SAINT-JUST-EN-CHAUSSEE;1;1;0;20.0;PRIV_SANTE_CABINET
4087;PRIVE;60;SAINT-SAUVEUR;1;1;0;20.0;PRIV_SANTE_CABINET
4088;PRIVE;60;TRACY-LE-MONT;1;1;0;20.0;PRIV_SANTE_CABINET
4089;PRIVE;60;VERBERIE;1;1;0;20.0;PRIV_SANTE_CABINET
4090;PRIVE;61;BERD'HUIS;1;1;0;20.0;PRIV_SANTE_CABINET
4091;PRIVE;61;LES ASPRES;1;1;0;20.0;PRIV_SANTE_CABINET
4092;PRIVE;62;ANNAY;1;1;0;20.0;PRIV_SANTE_CABINET
4093;PRIVE;62;BIENVILLERS-AU-BOIS;1;1;0;20.0;PRIV_SANTE_CABINET
4094;PRIVE;62;DAINVILLE;1;1;0;20.0;PRIV_SANTE_CABINET
4095;PRIVE;62;LE PORTEL;1;1;0;20.0;PRIV_SANTE_CABINET
4096;PRIVE;62;MARŒUIL;1;1;0;20.0;PRIV_SANTE_CABINET
4097;PRIVE;62;ROUVROY;1;1;0;20.0;PRIV_SANTE_CABINET
4098;PRIVE;62;SAINT-ETIENNE-AU-MONT;1;1;0;20.0;PRIV_SANTE_CABINET
4099;PRIVE;63;BESSE-ET-SAINT-ANASTAISE;1;1;0;20.0;PRIV_RESTAURANT
4100;PRIVE;63;COMBRONDE;1;1;0;20.0;PRIV_SANTE_CABINET
4101;PRIVE;63;COURNON-D'AUVERGNE;1;1;0;20.0;PRIV_RESTAURANT
4102;PRIVE;63;LA TOUR D'AUVERGNE;1;1;0;20.0;PRIV_SANTE_CABINET
4103;PRIVE;63;LEMPDES;1;1;0;20.0;PRIV_SANTE_CABINET
4104;PRIVE;63;PESCHADOIRES;1;1;0;20.0;PRIV_SANTE_CABINET
4105;PRIVE;63;SAINT-GEORGES-DE-MONS;1;1;0;20.0;PRIV_SANTE_CABINET
4106;PRIVE;63;TALLENDE;1;1;0;20.0;PRIV_SANTE_CABINET
4107;PRIVE;63;VOLVIC;1;1;0;20.0;PRIV_SANTE_CABINET
4108;PRIVE;64;AMOROTS-SUCCOS;1;1;0;20.0;PRIV_BUREAU
4109;PRIVE;64;BORDES;1;1;0;20.0;PRIV_SANTE_CABINET
4110;PRIVE;64;EAUX-BONNES;1;1;0;20.0;PRIV_SANTE_CABINET
4111;PRIVE;64;MONTARDON;1;1;0;20.0;PRIV_SANTE_CABINET
4112;PRIVE;64;SAINT-ETIENNE-DE-BAIGORRY;1;1;0;20.0;PRIV_SANTE_CABINET
4113;PRIVE;64;SAINT-PALAIS;1;1;0;20.0;PRIV_SANTE_CABINET
4114;PRIVE;64;SAMES;1;1;0;20.0;PRIV_SANTE_CABINET
4115;PRIVE;65;CHELLE-DEBAT;1;1;0;20.0;PRIV_SANTE_CABINET
4116;PRIVE;65;HORGUES;1;1;0;20.0;PRIV_SANTE_CABINET
4117;PRIVE;66;CLAIRA;1;1;0;20.0;PRIV_SANTE_CABINET
4118;PRIVE;66;MOLITG-LES-BAINS;1;1;0;20.0;PRIV_SANTE_CABINET
4119;PRIVE;66;VILLELONGUE-DELS-MONTS;1;1;0;20.0;PRIV_SANTE_CABINET
4120;PRIVE;67;ALTORF;1;1;0;20.0;PRIV_SANTE_CABINET
4121;PRIVE;67;ERSTEIN;1;1;0;20.0;PRIV_SANTE_CABINET
4122;PRIVE;67;KINTZHEIM;1;1;0;20.0;PRIV_RESTAURANT
4123;PRIVE;67;MOLSHEIM;1;1;0;20.0;PRIV_SANTE_CABINET
4124;PRIVE;67;NIEDERHASLACH;1;1;0;20.0;PRIV_SANTE_CABINET
4125;PRIVE;67;SALMBACH;1;1;0;20.0;PRIV_RESTAURANT
4126;PRIVE;67;STEINBOURG;1;1;0;20.0;PRIV_SANTE_CABINET
4127;PRIVE;68;CERNAY;1;1;0;20.0;PRIV_SANTE_CABINET
4128;PRIVE;68;HESINGUE;1;1;0;20.0;PRIV_SANTE_CABINET
4129;PRIVE;68;HOHROD;1;1;0;20.0;PRIV_SANTE_CABINET
4130;PRIVE;68;ILLFURTH;1;1;0;20.0;PRIV_SANTE_CABINET
4131;PRIVE;68;METZERAL;1;1;0;20.0;PRIV_SANTE_CABINET
4132;PRIVE;68;OSTHEIM;1;1;0;20.0;PRIV_SANTE_CABINET
4133;PRIVE;68;WINTZENHEIM;1;1;0;20.0;PRIV_SANTE_CABINET
4134;PRIVE;69;ALBIGNY-SUR-SAONE;1;1;0;20.0;PRIV_SANTE_CABINET
4135;PRIVE;69;ARNAS;1;1;0;20.0;PRIV_SANTE_CABINET
4136;PRIVE;69;CHAZAY-D'AZERGUES;1;1;0;20.0;PRIV_SANTE_CABINET
4137;PRIVE;69;CORBAS;1;1;0;20.0;PRIV_SANTE_CABINET
4138;PRIVE;69;LOIRE-SUR-RHONE;1;1;0;20.0;PRIV_SANTE_CABINET
4139;PRIVE;69;SAINT-GENIS-LES-OLLIERES;1;1;0;20.0;PRIV_SANTE_CABINET
4140;PRIVE;69;SOUCIEU-EN-JARREST;1;1;0;20.0;PRIV_SANTE_CABINET
4141;PRIVE;70;GRAY;1;1;0;20.0;IMMO_AGENCE
4142;PRIVE;70;SCEY-SUR-SAONE-ET-SAINT-ALBIN;1;1;0;20.0;PRIV_SANTE_CABINET
4143;PRIVE;71;CHAGNY;1;1;0;20.0;PRIV_SANTE_CABINET
4144;PRIVE;71;CHAROLLES;1;1;0;20.0;PRIV_SANTE_CABINET
4145;PRIVE;71;CHATENOY-LE-ROYAL;1;1;0;20.0;PRIV_SANTE_CABINET
4146;PRIVE;71;PARAY-LE-MONIAL;1;1;0;20.0;PRIV_SANTE_CABINET
4147;PRIVE;71;PRISSE;1;1;0;20.0;PRIV_SANTE_CABINET
4148;PRIVE;72;CHANGE;1;1;0;20.0;PRIV_SANTE_CABINET
4149;PRIVE;72;SAINT MARS D'OUTILLE;1;1;0;20.0;IMMO_AGENCE
4150;PRIVE;72;SAINT-GEORGES-DU-BOIS;1;1;0;20.0;PRIV_SANTE_CABINET
4151;PRIVE;72;SILLE-LE-GUILLAUME;1;1;0;20.0;PRIV_SANTE_CABINET
4152;PRIVE;72;VALENNES;1;1;0;20.0;PRIV_RESTAURANT
4153;PRIVE;73;CHALLES-LES-EAUX;1;1;0;20.0;PRIV_SANTE_CABINET
4154;PRIVE;73;FLUMET;1;1;0;20.0;PRIV_SANTE_CABINET
4155;PRIVE;73;HAUTELUCE;1;1;0;20.0;PRIV_SANTE_CABINET
4156;PRIVE;73;LA LECHERE;1;1;0;20.0;PRIV_SANTE_CABINET
4157;PRIVE;73;LANDRY;1;1;0;20.0;PRIV_RESTAURANT
4158;PRIVE;73;MERY;1;1;0;20.0;PRIV_SANTE_CABINET
4159;PRIVE;73;NOVALAISE;1;1;0;20.0;PRIV_SANTE_CABINET
4160;PRIVE;73;SAINT-MICHEL-DE-MAURIENNE;1;1;0;20.0;PRIV_SANTE_CABINET
4161;PRIVE;73;SAINT-PAUL-SUR-YENNE;1;1;0;20.0;PRIV_SANTE_CABINET
4162;PRIVE;74;CERNEX;1;1;0;20.0;PRIV_SANTE_CABINET
4163;PRIVE;74;CHATEL;1;1;0;20.0;IMMO_AGENCE
4164;PRIVE;74;CLUSES;1;1;0;20.0;PRIV_SANTE_CABINET
4165;PRIVE;74;DOUVAINE;1;1;0;20.0;PRIV_SANTE_CABINET
4166;PRIVE;74;MAGLAND;1;1;0;20.0;PRIV_SANTE_CABINET
4167;PRIVE;74;MARNAZ;1;1;0;20.0;PRIV_SANTE_CABINET
4168;PRIVE;74;MORZINE;1;1;0;20.0;IMMO_AGENCE
4169;PRIVE;74;NANGY;1;1;0;20.0;PRIV_SANTE_CABINET
4170;PRIVE;74;VALLEIRY;1;1;0;20.0;PRIV_SANTE_CABINET
4171;PRIVE;74;VINZIER;1;1;0;20.0;PRIV_SANTE_CABINET
4172;PRIVE;76;CROISY-SUR-ANDELLE;1;1;0;20.0;PRIV_SANTE_CABINET
4173;PRIVE;76;FERRIERES-EN-BRAY;1;1;0;20.0;PRIV_RESTAURANT
4174;PRIVE;76;LE HOULME;1;1;0;20.0;PRIV_SANTE_CABINET
4175;PRIVE;76;MARTIN-EGLISE;1;1;0;20.0;PRIV_SANTE_CABINET
4176;PRIVE;76;MELAMARE;1;1;0;20.0;PRIV_SANTE_CABINET
4177;PRIVE;76;SAINT-CRESPIN;1;1;0;20.0;PRIV_SANTE_CABINET
4178;PRIVE;77;COURQUETAINE;1;1;0;20.0;PRIV_BUREAU
4179;PRIVE;77;SAINT-MESMES;1;1;0;20.0;PRIV_BUREAU
4180;PRIVE;78;ANDELU;1;1;0;20.0;PRIV_BUREAU
4181;PRIVE;78;FALAISE (LA);1;1;0;20.0;PRIV_BUREAU
4182;PRIVE;78;VICQ;1;1;0;20.0;PRIV_BUREAU
4183;PRIVE;78;;1;1;0;20.0;PRIV_SANTE_CABINET
4184;PRIVE;79;BESSINES;1;1;0;20.0;PRIV_SANTE_CABINET
4185;PRIVE;79;CHAURAY;1;1;0;20.0;PRIV_SANTE_CABINET
4186;PRIVE;79;SAUZE-VAUSSAIS;1;1;0;20.0;PRIV_SANTE_CABINET
4187;PRIVE;80;BEAUQUESNE;1;1;0;20.0;PRIV_SANTE_CABINET
4188;PRIVE;80;CHAULNES;1;1;0;20.0;PRIV_SANTE_CABINET
4189;PRIVE;80;CORBIE;1;1;0;20.0;PRIV_SANTE_CABINET
4190;PRIVE;80;DREUIL-LES-AMIENS;1;1;0;20.0;PRIV_SANTE_CABINET
4191;PRIVE;80;MONTDIDIER;1;1;0;20.0;PRIV_SANTE_CABINET
4192;PRIVE;80;OISEMONT;1;1;0;20.0;PRIV_SANTE_CABINET
4193;PRIVE;80;RUBEMPRE;1;1;0;20.0;PRIV_SANTE_CABINET
4194;PRIVE;80;SAINT-VALERY-SUR-SOMME;1;1;0;20.0;PRIV_SANTE_CABINET
4195;PRIVE;81;BRENS;1;1;0;20.0;PRIV_SANTE_CABINET
4196;PRIVE;81;COUFOULEUX;1;1;0;20.0;PRIV_SANTE_CABINET
4197;PRIVE;81;LOMBERS;1;1;0;20.0;PRIV_SANTE_CABINET
4198;PRIVE;82;GENEBRIERES;1;1;0;20.0;PRIV_SANTE_CABINET
4199;PRIVE;82;MONTECH;1;1;0;20.0;PRIV_SANTE_CABINET
4200;PRIVE;83;FIGANIERES;1;1;0;20.0;PRIV_SANTE_CABINET
4201;PRIVE;83;LA ROQUEBRUSSANNE;1;1;0;20.0;PRIV_SANTE_CABINET
4202;PRIVE;83;ROCBARON;1;1;0;20.0;PRIV_SANTE_CABINET
4203;PRIVE;83;ST MAXIMIN LA STE BAUME;1;1;0;20.0;PRIV_SANTE_CABINET
4204;PRIVE;84;BONNIEUX;1;1;0;20.0;PRIV_SANTE_CABINET
4205;PRIVE;84;CABRIERES-D'AVIGNON;1;1;0;20.0;PRIV_SANTE_CABINET
4206;PRIVE;84;CUCURON;1;1;0;20.0;IMMO_AGENCE
4207;PRIVE;84;FONTAINE-DE-VAUCLUSE;1;1;0;20.0;PRIV_SANTE_CABINET
4208;PRIVE;84;VISAN;1;1;0;20.0;PRIV_SANTE_CABINET
4209;PRIVE;85;BELLEVIGNY;1;1;0;20.0;PRIV_BUREAU
4210;PRIVE;85;BRETIGNOLLES-SUR-MER;1;1;0;20.0;PRIV_SANTE_CABINET
4211;PRIVE;85;ROCHE SUR YON (LA);1;1;0;20.0;PRIV_SANTE_CABINET
4212;PRIVE;85;SAINT-JULIEN-DES-LANDES;1;1;0;20.0;PRIV_SANTE_CABINET
4213;PRIVE;86;COLOMBIERS;1;1;0;20.0;PRIV_SANTE_CABINET
4214;PRIVE;86;LA ROCHE-POSAY;1;1;0;20.0;PRIV_SANTE_CABINET
4215;PRIVE;86;LOUDUN;1;1;0;20.0;PRIV_SANTE_CABINET
4216;PRIVE;86;MARCAY;1;1;0;20.0;PRIV_SANTE_CABINET
4217;PRIVE;86;MIGNE-AUXANCES;1;1;0;20.0;PRIV_SANTE_CABINET
4218;PRIVE;86;NAINTRE;1;1;0;20.0;PRIV_SANTE_CABINET
4219;PRIVE;86;SAINT-JULIEN-L'ARS;1;1;0;20.0;PRIV_SANTE_CABINET
4220;PRIVE;86;VERRIERES;1;1;0;20.0;PRIV_SANTE_CABINET
4221;PRIVE;86;VOUILLE;1;1;0;20.0;PRIV_SANTE_CABINET
4222;PRIVE;87;BOISSEUIL;1;1;0;20.0;PRIV_SANTE_CABINET
4223;PRIVE;87;LE DORAT;1;1;0;20.0;PRIV_SANTE_CABINET
4224;PRIVE;87;PANAZOL;1;1;0;20.0;PRIV_SANTE_CABINET
4225;PRIVE;88;CONTREXEVILLE;1;1;0;20.0;PRIV_SANTE_CABINET
4226;PRIVE;88;LIEZEY;1;1;0;20.0;PRIV_RESTAURANT
4227;PRIVE;88;PLAINFAING;1;1;0;20.0;PRIV_SANTE_CABINET
4228;PRIVE;88;SAINT-AME;1;1;0;20.0;PRIV_SANTE_CABINET
4229;PRIVE;88;THAON-LES-VOSGES;1;1;0;20.0;PRIV_BUREAU
4230;PRIVE;89;BRIENON-SUR-ARMANCON;1;1;0;20.0;PRIV_SANTE_CABINET
4231;PRIVE;89;CERISIERS;1;1;0;20.0;PRIV_SANTE_CABINET
4232;PRIVE;89;CHEROY;1;1;0;20.0;IMMO_AGENCE
4233;PRIVE;89;LAINSECQ;1;1;0;20.0;PRIV_RESTAURANT
4234;PRIVE;89;PONT-SUR-YONNE;1;1;0;20.0;PRIV_SANTE_CABINET
4235;PRIVE;89;SAINT-MARTIN-DU-TERTRE;1;1;0;20.0;PRIV_SANTE_CABINET
4236;PRIVE;89;SAINT-VALERIEN;1;1;0;20.0;PRIV_COMMERCE
4237;PRIVE;89;VILLEVALLIER;1;1;0;20.0;PRIV_SANTE_CABINET
4238;PRIVE;91;VERT LE PETIT;1;1;0;20.0;PRIV_BUREAU
4239;PRIVE;971;SAINTE ANNE;1;1;0;20.0;PRIV_SANTE_CABINET
4240;PRIVE;971;VIEUX-FORT;1;1;0;20.0;PRIV_SANTE_CABINET
4241;PRIVE;971;VIEUX-HABITANTS;1;1;0;20.0;PRIV_BUREAU
4242;PRIVE;972;FRANCOIS;1;1;0;20.0;PRIV_SANTE_CABINET
4243;PRIVE;972;GROS MORNE;1;1;0;20.0;PRIV_SANTE_CABINET
4244;PRIVE;972;LES ANSES-D'ARLET;1;1;0;20.0;PRIV_SANTE_CABINET
4245;PRIVE;972;SAINTE ANNE;1;1;0;20.0;PRIV_SANTE_CABINET
4246;PRIVE;973;KOUROU;1;1;0;20.0;PRIV_SANTE_CABINET
4247;PRIVE;974;SAINTE-SUZANNE;1;1;0;20.0;PRIV_SANTE_CABINET
4248;PRIVE;974;SALAZIE;1;1;0;20.0;PRIV_SANTE_CABINET
4249;PRIVE;98;;1;1;0;20.0;PRIV_SANTE_CABINET
4250;PUBLIC;06;NICE;1;1;0;20.0;PUB_MUSEE
4251;PUBLIC;11;PEYRIAC-MINERVOIS;1;1;0;20.0;PUB_MUSEE
4252;PUBLIC;13;LE THOLONET;1;1;0;20.0;PUB_MUSEE
4253;PUBLIC;14;GLANVILLE;1;1;0;20.0;PUB_MUSEE
4254;PUBLIC;14;LOUVIGNY;1;1;0;20.0;PUB_MUSEE
4255;PUBLIC;17;MARENNES-HIERS-BROUAGE;1;1;0;20.0;PUB_MUSEE
4256;PUBLIC;24;BERGERAC;1;1;0;20.0;PUB_MUSEE
4257;PUBLIC;26;BOURG-LES-VALENCE;1;1;0;20.0;PUB_MUSEE
4258;PUBLIC;26;CHABEUIL;1;1;0;20.0;PUB_MUSEE
4259;PUBLIC;29;PLOUHINEC;1;1;0;20.0;PUB_MUSEE
4260;PUBLIC;29;QUIMPER;1;1;0;20.0;PUB_MUSEE
4261;PUBLIC;30;VILLENEUVE-LES-AVIGNON;1;1;0;20.0;PUB_MUSEE
4262;PUBLIC;31;SAINT-ORENS-DE-GAMEVILLE;1;1;0;20.0;PUB_MUSEE
4263;PUBLIC;35;RENNES;1;1;0;20.0;PUB_MUSEE
4264;PUBLIC;39;SALINS-LES-BAINS;1;1;0;20.0;PUB_MUSEE
4265;PUBLIC;42;SAINT-CHAMOND;1;1;0;20.0;PUB_MUSEE
4266;PUBLIC;44;CLISSON;1;1;0;20.0;PUB_MUSEE
4267;PUBLIC;45;CHATILLON-COLIGNY;1;1;0;20.0;PUB_MUSEE
4268;PUBLIC;56;INZINZAC-LOCHRIST;1;1;0;20.0;PUB_MUSEE
4269;PUBLIC;56;LORIENT;1;1;0;20.0;PUB_MUSEE
4270;PUBLIC;58;NEVERS;1;1;0;20.0;PUB_MUSEE
4271;PUBLIC;80;ABBEVILLE;1;1;0;20.0;PUB_MUSEE
4272;PUBLIC;84;OPPEDE;1;1;0;20.0;PUB_MUSEE
4273;PRIVE;77;OTHIS;34;34;0;20.0;PRIV_SANTE_CABINET, PRIV_SANTE_CENTRE, PRIV_LOISIRS, IMMO_AGENCE, PRIV_BUREAU, PRIV_RESTAURANT, PRIV_COMMERCE
4274;PRIVE;77;SEINE-PORT;22;21;0;20.0;PRIV_SANTE_CENTRE, PRIV_LOISIRS, IMMO_AGENCE, PRIV_BUREAU, PRIV_RESTAURANT
4275;PRIVE;91;SOISY-SUR-ECOLE;18;18;0;19.9;PRIV_SANTE_CABINET, PRIV_SANTE_CENTRE, PRIV_LOISIRS, IMMO_AGENCE, PRIV_BUREAU, PRIV_RESTAURANT
4276;PRIVE;77;CHAUCONIN-NEUFMONTIERS;15;15;0;19.9;PRIV_SANTE_CENTRE, PRIV_LOISIRS, IMMO_AGENCE, PRIV_BUREAU, PRIV_RESTAURANT
4277;PRIVE;68;COLMAR;12;12;0;19.9;PRIV_SANTE_CABINET, PRIV_SANTE_CENTRE, PRIV_LOISIRS, PRIV_RESTAURANT
4278;PRIVE;78;LE PERRAY-EN-YVELINES;61;60;0;19.9;PRIV_SANTE_CABINET, PRIV_SANTE_CENTRE, PRIV_LOISIRS, IMMO_AGENCE, PRIV_BUREAU, PRIV_RESTAURANT, PRIV_COMMERCE
4279;PRIVE;13;ARLES;9;9;0;19.9;PRIV_SANTE_CABINET, PRIV_SANTE_CENTRE, PRIV_LOISIRS, IMMO_AGENCE
4280;PRIVE;77;VILLE-SAINT-JACQUES;9;9;0;19.9;PRIV_SANTE_CABINET, PRIV_SANTE_CENTRE, PRIV_LOISIRS, PRIV_BUREAU
4281;PRIVE;78;NEZEL;9;9;0;19.9;PRIV_SANTE_CABINET, PRIV_SANTE_CENTRE, PRIV_LOISIRS, IMMO_AGENCE, PRIV_BUREAU, PRIV_RESTAURANT
4282;PRIVE;91;D'HUISON-LONGUEVILLE;8;8;0;19.9;PRIV_LOISIRS, IMMO_AGENCE, PRIV_BUREAU
4283;PRIVE;95;CONDECOURT;8;8;0;19.9;PRIV_SANTE_CENTRE, PRIV_LOISIRS, IMMO_AGENCE, PRIV_BUREAU, PRIV_RESTAURANT
4284;PRIVE;69;LYON;214;214;0;19.9;PRIV_SANTE_CABINET, PRIV_SANTE_CENTRE, PRIV_LOISIRS, IMMO_AGENCE, PRIV_BUREAU, PRIV_RESTAURANT, PRIV_COMMERCE
4285;PRIVE;974;SAINT-PIERRE;22;22;0;19.9;PRIV_SANTE_CABINET, PRIV_SANTE_CENTRE, PRIV_LOISIRS, IMMO_AGENCE, PRIV_RESTAURANT
4286;PRIVE;77;MONTRY;14;14;0;19.9;PRIV_SANTE_CABINET, PRIV_SANTE_CENTRE, PRIV_LOISIRS, IMMO_AGENCE, PRIV_BUREAU, PRIV_RESTAURANT
4287;PRIVE;77;SAINT-GERMAIN-LAXIS;7;7;0;19.9;PRIV_SANTE_CENTRE, PRIV_LOISIRS, PRIV_BUREAU, PRIV_RESTAURANT
4288;PRIVE;88;EPINAL;7;7;0;19.9;PRIV_SANTE_CABINET, PRIV_SANTE_CENTRE, PRIV_LOISIRS, IMMO_AGENCE
4289;PRIVE;91;FORGES-LES-BAINS;34;34;0;19.9;PRIV_SANTE_CABINET, PRIV_SANTE_CENTRE, PRIV_LOISIRS, IMMO_AGENCE, PRIV_BUREAU, PRIV_RESTAURANT
4290;PRIVE;91;CORBREUSE;13;13;0;19.8;PRIV_SANTE_CABINET, PRIV_SANTE_CENTRE, PRIV_LOISIRS, IMMO_AGENCE, PRIV_BUREAU
4291;PRIVE;91;CHAMPCUEIL;19;19;0;19.8;PRIV_SANTE_CENTRE, PRIV_LOISIRS, IMMO_AGENCE, PRIV_BUREAU, PRIV_RESTAURANT
4292;PRIVE;91;SERMAISE;12;12;0;19.8;PRIV_SANTE_CENTRE, PRIV_LOISIRS, IMMO_AGENCE, PRIV_BUREAU, PRIV_RESTAURANT
4293;PRIVE;78;ARNOUVILLE-LES-MANTES;6;6;0;19.8;PRIV_SANTE_CABINET, PRIV_LOISIRS, IMMO_AGENCE, PRIV_BUREAU
4294;PRIVE;77;SAINT-PATHUS;29;27;0;19.8;PRIV_SANTE_CABINET, PRIV_SANTE_CENTRE, PRIV_LOISIRS, IMMO_AGENCE, PRIV_BUREAU, PRIV_RESTAURANT, PRIV_COMMERCE
4295;PRIVE;17;LA ROCHELLE;63;63;0;19.8;PRIV_SANTE_CABINET, PRIV_SANTE_CENTRE, PRIV_LOISIRS, IMMO_AGENCE, PRIV_BUREAU, PRIV_RESTAURANT
4296;PRIVE;44;SAINT-HERBLAIN;17;17;0;19.8;PRIV_SANTE_CABINET, PRIV_LOISIRS, IMMO_AGENCE, PRIV_BUREAU, PRIV_RESTAURANT
4297;PRIVE;78;MAREIL-LE-GUYON;5;5;0;19.8;PRIV_SANTE_CENTRE, PRIV_LOISIRS, IMMO_AGENCE, PRIV_BUREAU
4298;PRIVE;78;AUFFARGIS;18;18;0;19.8;PRIV_SANTE_CENTRE, PRIV_LOISIRS, IMMO_AGENCE, PRIV_BUREAU, PRIV_RESTAURANT
4299;PRIVE;91;OLLAINVILLE;34;33;0;19.8;PRIV_SANTE_CABINET, PRIV_SANTE_CENTRE, PRIV_LOISIRS, IMMO_AGENCE, PRIV_BUREAU, PRIV_RESTAURANT
4300;PRIVE;78;MANTES-LA-VILLE;84;83;0;19.8;PRIV_SANTE_CABINET, PRIV_SANTE_CENTRE, PRIV_LOISIRS, IMMO_AGENCE, PRIV_BUREAU, PRIV_RESTAURANT, PRIV_COMMERCE
4301;PRIVE;91;SAINT-MAURICE-MONTCOURONNE;12;12;0;19.8;PRIV_SANTE_CENTRE, PRIV_LOISIRS, IMMO_AGENCE, PRIV_BUREAU
4302;PRIVE;78;PONTHEVRARD;4;4;0;19.8;PRIV_SANTE_CENTRE, PRIV_LOISIRS, IMMO_AGENCE
4303;PRIVE;91;VAYRES-SUR-ESSONNE;4;4;0;19.8;PRIV_SANTE_CENTRE, PRIV_LOISIRS, IMMO_AGENCE
4304;PRIVE;91;BOUTIGNY-SUR-ESSONNE;19;19;0;19.7;PRIV_SANTE_CABINET, PRIV_SANTE_CENTRE, PRIV_LOISIRS, IMMO_AGENCE, PRIV_BUREAU
4305;PRIVE;91;SAINTRY-SUR-SEINE;27;27;0;19.7;PRIV_SANTE_CABINET, PRIV_SANTE_CENTRE, PRIV_LOISIRS, IMMO_AGENCE, PRIV_BUREAU, PRIV_RESTAURANT
4306;PRIVE;91;SAINT-YON;10;10;0;19.7;PRIV_SANTE_CABINET, PRIV_SANTE_CENTRE, PRIV_LOISIRS, IMMO_AGENCE, PRIV_BUREAU
4307;PRIVE;49;ANGERS;57;57;0;19.7;PRIV_SANTE_CABINET, PRIV_SANTE_CENTRE, PRIV_LOISIRS, IMMO_AGENCE, PRIV_BUREAU
4308;PRIVE;71;CHALON-SUR-SAONE;9;9;0;19.7;PRIV_SANTE_CABINET, PRIV_SANTE_CENTRE, PRIV_LOISIRS, IMMO_AGENCE, PRIV_RESTAURANT
4309;PRIVE;77;OISSERY;14;14;0;19.6;PRIV_SANTE_CENTRE, PRIV_LOISIRS, IMMO_AGENCE, PRIV_BUREAU, PRIV_RESTAURANT
4310;PRIVE;91;LA NORVILLE;24;24;0;19.6;PRIV_SANTE_CABINET, PRIV_SANTE_CENTRE, PRIV_LOISIRS, IMMO_AGENCE, PRIV_BUREAU, PRIV_RESTAURANT
4311;PRIVE;28;EPERNON;8;8;0;19.6;PRIV_SANTE_CABINET, PRIV_SANTE_CENTRE, PRIV_LOISIRS, PRIV_BUREAU, PRIV_RESTAURANT
4312;PRIVE;76;MONT-SAINT-AIGNAN;8;8;0;19.6;PRIV_SANTE_CENTRE, PRIV_LOISIRS, IMMO_AGENCE
4313;PRIVE;91;BAULNE;8;8;0;19.6;PRIV_SANTE_CENTRE, PRIV_LOISIRS, IMMO_AGENCE, PRIV_BUREAU, PRIV_RESTAURANT
4314;PRIVE;95;AVERNES;8;8;0;19.6;PRIV_SANTE_CENTRE, PRIV_LOISIRS, IMMO_AGENCE, PRIV_RESTAURANT
4315;PRIVE;95;VIGNY;8;8;0;19.6;PRIV_SANTE_CENTRE, PRIV_LOISIRS, IMMO_AGENCE, PRIV_BUREAU, PRIV_RESTAURANT
4316;PRIVE;78;GARANCIERES;21;21;0;19.6;PRIV_SANTE_CABINET, PRIV_SANTE_CENTRE, PRIV_LOISIRS, IMMO_AGENCE, PRIV_BUREAU, PRIV_RESTAURANT, PRIV_COMMERCE
4317;PRIVE;85;LA ROCHE-SUR-YON;13;13;0;19.6;PRIV_SANTE_CABINET, PRIV_SANTE_CENTRE, IMMO_AGENCE, PRIV_RESTAURANT
4318;PRIVE;77;LA CHAPELLE-LA-REINE;10;10;0;19.6;PRIV_SANTE_CABINET, PRIV_SANTE_CENTRE, PRIV_LOISIRS, IMMO_AGENCE, PRIV_COMMERCE
4319;PRIVE;44;LA BAULE-ESCOUBLAC;12;12;0;19.6;PRIV_SANTE_CABINET, PRIV_SANTE_CENTRE, IMMO_AGENCE, PRIV_RESTAURANT
4320;PRIVE;95;CHARS;7;7;0;19.6;PRIV_LOISIRS, IMMO_AGENCE
4321;PRIVE;91;BOURAY-SUR-JUINE;13;13;0;19.5;PRIV_SANTE_CABINET, PRIV_SANTE_CENTRE, PRIV_LOISIRS, IMMO_AGENCE, PRIV_BUREAU, PRIV_RESTAURANT
4322;PRIVE;35;SAINT-MALO;28;28;0;19.5;PRIV_SANTE_CABINET, PRIV_SANTE_CENTRE, PRIV_LOISIRS, IMMO_AGENCE, PRIV_BUREAU, PRIV_RESTAURANT
4323;PRIVE;78;FOLLAINVILLE-DENNEMONT;10;10;0;19.5;PRIV_SANTE_CABINET, PRIV_SANTE_CENTRE, IMMO_AGENCE, PRIV_RESTAURANT
4324;PRIVE;44;PORNICHET;6;6;0;19.5;PRIV_SANTE_CABINET, PRIV_SANTE_CENTRE, PRIV_LOISIRS, PRIV_RESTAURANT
4325;PRIVE;28;DENONVILLE;2;2;0;19.5;PRIV_LOISIRS
4326;PRIVE;78;LA VILLENEUVE-EN-CHEVRIE;2;2;0;19.5;PRIV_LOISIRS
4327;PRIVE;95;BOISSY-L AILLERIE;2;2;0;19.5;PRIV_LOISIRS, PRIV_RESTAURANT
4328;PRIVE;78;MOISSON;15;15;0;19.5;PRIV_SANTE_CENTRE, PRIV_LOISIRS, IMMO_AGENCE, PRIV_BUREAU, PRIV_RESTAURANT
4329;PRIVE;87;LIMOGES;15;15;0;19.5;PRIV_SANTE_CABINET, PRIV_SANTE_CENTRE, PRIV_LOISIRS, IMMO_AGENCE, PRIV_RESTAURANT
4330;PRIVE;77;FONTAINEBLEAU;259;247;0;19.4;PRIV_SANTE_CABINET, PRIV_SANTE_CENTRE, PRIV_LOISIRS, IMMO_AGENCE, PRIV_BUREAU, PRIV_RESTAURANT, PRIV_COMMERCE
4331;PRIVE;95;LE PERCHAY;7;7;0;19.4;PRIV_SANTE_CENTRE, PRIV_LOISIRS, IMMO_AGENCE, PRIV_BUREAU
4332;PRIVE;13;AIX-EN-PROVENCE;76;76;0;19.4;PRIV_SANTE_CABINET, PRIV_SANTE_CENTRE, PRIV_LOISIRS, IMMO_AGENCE, PRIV_BUREAU, PRIV_RESTAURANT, PRIV_COMMERCE
4333;PRIVE;77;CONDE-SAINTE-LIBIAIRE;5;5;0;19.4;PRIV_SANTE_CENTRE, PRIV_LOISIRS, IMMO_AGENCE, PRIV_BUREAU
4334;PRIVE;78;VIEILLE-EGLISE-EN-YVELINES;5;5;0;19.4;PRIV_SANTE_CABINET, PRIV_SANTE_CENTRE, PRIV_LOISIRS, IMMO_AGENCE
4335;PRIVE;05;GAP;13;13;0;19.4;PRIV_SANTE_CABINET, PRIV_SANTE_CENTRE, PRIV_LOISIRS, IMMO_AGENCE
4336;PRIVE;45;MONTARGIS;8;8;0;19.4;PRIV_SANTE_CABINET, PRIV_SANTE_CENTRE, IMMO_AGENCE, PRIV_BUREAU
4337;PRIVE;78;ISSOU;22;22;0;19.4;PRIV_SANTE_CABINET, PRIV_SANTE_CENTRE, PRIV_LOISIRS, IMMO_AGENCE, PRIV_BUREAU
4338;PRIVE;77;PONTCARRE;17;17;0;19.4;PRIV_SANTE_CABINET, PRIV_SANTE_CENTRE, PRIV_LOISIRS, IMMO_AGENCE, PRIV_BUREAU, PRIV_RESTAURANT
4339;PRIVE;57;METZ;17;17;0;19.3;PRIV_SANTE_CABINET, PRIV_SANTE_CENTRE, PRIV_LOISIRS, IMMO_AGENCE, PRIV_BUREAU, PRIV_RESTAURANT
4340;PRIVE;91;LA FERTE-ALAIS;42;42;0;19.3;PRIV_SANTE_CABINET, PRIV_SANTE_CENTRE, PRIV_LOISIRS, IMMO_AGENCE, PRIV_BUREAU, PRIV_RESTAURANT, PRIV_COMMERCE
4341;PRIVE;14;SAINT-CONTEST;7;7;0;19.3;PRIV_SANTE_CENTRE, PRIV_LOISIRS, PRIV_COMMERCE
4342;PRIVE;31;COLOMIERS;7;7;0;19.3;PRIV_SANTE_CABINET, PRIV_SANTE_CENTRE, IMMO_AGENCE
4343;PRIVE;41;VENDOME;7;7;0;19.3;PRIV_SANTE_CABINET, PRIV_SANTE_CENTRE, IMMO_AGENCE, PRIV_RESTAURANT
4344;PRIVE;44;ORVAULT;7;7;0;19.3;PRIV_SANTE_CABINET, PRIV_SANTE_CENTRE, IMMO_AGENCE
4345;PRIVE;77;SOLERS;11;11;0;19.3;PRIV_SANTE_CENTRE, PRIV_LOISIRS, IMMO_AGENCE
4346;PRIVE;64;PAU;19;19;0;19.3;PRIV_SANTE_CABINET, PRIV_SANTE_CENTRE, PRIV_LOISIRS, IMMO_AGENCE, PRIV_BUREAU, PRIV_RESTAURANT, PRIV_COMMERCE
4347;PRIVE;91;AUVERS-SAINT-GEORGES;8;8;0;19.2;PRIV_SANTE_CENTRE, PRIV_LOISIRS, IMMO_AGENCE, PRIV_BUREAU, PRIV_RESTAURANT
4348;PRIVE;06;ROQUEFORT-LES-PINS;4;4;0;19.2;PRIV_SANTE_CENTRE, PRIV_LOISIRS, IMMO_AGENCE
4349;PRIVE;21;TALANT;4;4;0;19.2;PRIV_SANTE_CABINET, PRIV_SANTE_CENTRE, PRIV_LOISIRS
4350;PRIVE;22;SAINT-QUAY-PORTRIEUX;4;4;0;19.2;PRIV_SANTE_CENTRE, PRIV_LOISIRS, IMMO_AGENCE, PRIV_RESTAURANT
4351;PRIVE;77;LIMOGES-FOURCHES;4;4;0;19.2;PRIV_LOISIRS, IMMO_AGENCE, PRIV_BUREAU
4352;PRIVE;78;VILLIERS-LE-MAHIEU;4;4;0;19.2;PRIV_LOISIRS, IMMO_AGENCE, PRIV_BUREAU
4353;PRIVE;33;BORDEAUX;194;194;0;19.2;PRIV_SANTE_CABINET, PRIV_SANTE_CENTRE, PRIV_LOISIRS, IMMO_AGENCE, PRIV_BUREAU, PRIV_RESTAURANT
4354;PRIVE;77;DONNEMARIE-DONTILLY;20;20;0;19.2;PRIV_SANTE_CABINET, PRIV_SANTE_CENTRE, PRIV_LOISIRS, IMMO_AGENCE, PRIV_BUREAU, PRIV_RESTAURANT, PRIV_COMMERCE
4355;PRIVE;77;LES ORMES-SUR-VOULZIE;5;5;0;19.2;PRIV_LOISIRS, IMMO_AGENCE, PRIV_RESTAURANT
4356;PRIVE;41;BLOIS;16;16;0;19.2;PRIV_SANTE_CABINET, PRIV_SANTE_CENTRE, PRIV_LOISIRS, IMMO_AGENCE, PRIV_BUREAU, PRIV_RESTAURANT
4357;PRIVE;77;LA FERTE-SOUS-JOUARRE;76;72;0;19.2;IMMO_AGENCE, PRIV_SANTE_CABINET, PRIV_SANTE_CENTRE, PRIV_LOISIRS, PRIV_BUREAU, PRIV_RESTAURANT, PRIV_COMMERCE
4358;PRIVE;29;MORLAIX;6;6;0;19.2;PRIV_SANTE_CENTRE, IMMO_AGENCE, PRIV_RESTAURANT
4359;PRIVE;33;LIBOURNE;6;6;0;19.2;PRIV_SANTE_CABINET, PRIV_SANTE_CENTRE, IMMO_AGENCE
4360;PRIVE;33;VILLENAVE-D'ORNON;6;6;0;19.2;PRIV_SANTE_CABINET, PRIV_SANTE_CENTRE, IMMO_AGENCE, PRIV_BUREAU
4361;PRIVE;60;CREPY-EN-VALOIS;6;6;0;19.2;PRIV_SANTE_CABINET, PRIV_SANTE_CENTRE, IMMO_AGENCE, PRIV_RESTAURANT
4362;PRIVE;69;TASSIN-LA-DEMI-LUNE;6;6;0;19.2;PRIV_SANTE_CABINET, PRIV_SANTE_CENTRE, PRIV_BUREAU, PRIV_COMMERCE
4363;PRIVE;77;SAINT-DENIS-LES-REBAIS;6;6;0;19.2;PRIV_SANTE_CENTRE, IMMO_AGENCE, PRIV_BUREAU
4364;PRIVE;83;LA VALETTE-DU-VAR;6;6;0;19.2;PRIV_SANTE_CABINET, PRIV_SANTE_CENTRE, IMMO_AGENCE
4365;PRIVE;95;HEDOUVILLE;6;6;0;19.2;PRIV_SANTE_CENTRE, IMMO_AGENCE, PRIV_BUREAU
4366;PRIVE;83;LORGUES;7;7;0;19.1;PRIV_SANTE_CABINET, PRIV_SANTE_CENTRE, PRIV_LOISIRS, IMMO_AGENCE
4367;PRIVE;91;ROINVILLE;7;7;0;19.1;PRIV_SANTE_CENTRE, PRIV_LOISIRS, IMMO_AGENCE, PRIV_BUREAU
4368;PRIVE;77;BOISSISE-LA-BERTRAND;9;9;0;19.1;PRIV_LOISIRS, IMMO_AGENCE, PRIV_BUREAU, PRIV_COMMERCE
4369;PRIVE;78;MAULETTE;12;12;0;19.1;PRIV_SANTE_CABINET, PRIV_SANTE_CENTRE, PRIV_LOISIRS, IMMO_AGENCE, PRIV_BUREAU, PRIV_RESTAURANT, PRIV_COMMERCE
4370;PRIVE;77;REAU;13;13;0;19.1;PRIV_SANTE_CENTRE, PRIV_LOISIRS, IMMO_AGENCE, PRIV_BUREAU, PRIV_RESTAURANT
4371;PRIVE;91;ONCY-SUR-ECOLE;13;13;0;19.1;PRIV_SANTE_CENTRE, PRIV_LOISIRS, IMMO_AGENCE, PRIV_RESTAURANT, PRIV_COMMERCE
4372;PRIVE;77;SAINT-SOUPPLETS;27;27;0;19.1;PRIV_SANTE_CABINET, PRIV_SANTE_CENTRE, PRIV_LOISIRS, IMMO_AGENCE, PRIV_BUREAU, PRIV_RESTAURANT, PRIV_COMMERCE
4373;PRIVE;13;MARSEILLE;235;235;0;19.1;PRIV_SANTE_CABINET, PRIV_SANTE_CENTRE, PRIV_LOISIRS, IMMO_AGENCE, PRIV_BUREAU, PRIV_RESTAURANT, PRIV_COMMERCE
4374;PRIVE;56;LORIENT;20;20;0;19.0;PRIV_SANTE_CABINET, PRIV_SANTE_CENTRE, PRIV_LOISIRS, IMMO_AGENCE, PRIV_RESTAURANT
4375;PRIVE;21;DIJON;29;29;0;19.0;PRIV_SANTE_CABINET, PRIV_SANTE_CENTRE, PRIV_LOISIRS, IMMO_AGENCE, PRIV_BUREAU, PRIV_RESTAURANT
4376;PRIVE;33;TALENCE;14;14;0;19.0;PRIV_SANTE_CABINET, PRIV_SANTE_CENTRE, PRIV_LOISIRS, PRIV_BUREAU
4377;PRIVE;91;LEUDEVILLE;11;11;0;19.0;PRIV_SANTE_CENTRE, PRIV_LOISIRS, IMMO_AGENCE, PRIV_BUREAU
4378;PRIVE;30;UZES;10;10;0;19.0;PRIV_SANTE_CABINET, PRIV_SANTE_CENTRE, IMMO_AGENCE, PRIV_BUREAU, PRIV_RESTAURANT
4379;PRIVE;49;SAUMUR;8;8;0;19.0;PRIV_SANTE_CABINET, PRIV_SANTE_CENTRE, PRIV_LOISIRS, IMMO_AGENCE, PRIV_RESTAURANT
4380;PRIVE;68;MULHOUSE;8;8;0;19.0;PRIV_SANTE_CABINET, PRIV_SANTE_CENTRE, PRIV_LOISIRS, IMMO_AGENCE, PRIV_BUREAU
4381;PRIVE;01;DIVONNE-LES-BAINS;6;6;0;19.0;PRIV_SANTE_CENTRE, PRIV_LOISIRS, IMMO_AGENCE
4382;PRIVE;77;COUTEVROULT;6;6;0;19.0;PRIV_SANTE_CENTRE, PRIV_LOISIRS, IMMO_AGENCE, PRIV_BUREAU
4383;PRIVE;77;RAMPILLON;6;6;0;19.0;PRIV_LOISIRS, PRIV_SANTE_CENTRE, IMMO_AGENCE, PRIV_BUREAU
4384;PRIVE;04;MANOSQUE;5;5;0;19.0;PRIV_SANTE_CABINET, PRIV_SANTE_CENTRE, PRIV_RESTAURANT
4385;PRIVE;06;VENCE;5;5;0;19.0;PRIV_SANTE_CABINET, PRIV_SANTE_CENTRE, IMMO_AGENCE
4386;PRIVE;34;MEZE;5;5;0;19.0;PRIV_SANTE_CABINET, IMMO_AGENCE, PRIV_RESTAURANT
4387;PRIVE;56;PLOEMEUR;5;5;0;19.0;PRIV_SANTE_CENTRE, IMMO_AGENCE, PRIV_RESTAURANT
4388;PRIVE;69;SAINT-PRIEST;5;5;0;19.0;PRIV_SANTE_CABINET, PRIV_SANTE_CENTRE, IMMO_AGENCE
4389;PRIVE;69;VENISSIEUX;5;5;0;19.0;PRIV_SANTE_CABINET, PRIV_SANTE_CENTRE, PRIV_BUREAU
4390;PRIVE;77;FONTAINE-LE-PORT;5;5;0;19.0;PRIV_SANTE_CENTRE, IMMO_AGENCE, PRIV_RESTAURANT
4391;PRIVE;17;GEMOZAC;3;3;0;19.0;PRIV_SANTE_CABINET, PRIV_SANTE_CENTRE, PRIV_LOISIRS
4392;PRIVE;22;BEAUSSAIS-SUR-MER;3;3;0;19.0;PRIV_SANTE_CABINET, PRIV_SANTE_CENTRE, PRIV_LOISIRS
4393;PRIVE;22;PERROS-GUIREC;3;3;0;19.0;PRIV_SANTE_CABINET, PRIV_SANTE_CENTRE, PRIV_LOISIRS
4394;PRIVE;26;DIE;3;3;0;19.0;PRIV_SANTE_CABINET, PRIV_SANTE_CENTRE, PRIV_LOISIRS
4395;PRIVE;26;ROMANS-SUR-ISERE;3;3;0;19.0;PRIV_SANTE_CABINET, PRIV_SANTE_CENTRE, PRIV_LOISIRS
4396;PRIVE;2A;GROSSETO-PRUGNA;3;3;0;19.0;PRIV_SANTE_CABINET, PRIV_SANTE_CENTRE, PRIV_LOISIRS
4397;PRIVE;31;AUTERIVE;3;3;0;19.0;PRIV_SANTE_CABINET, PRIV_SANTE_CENTRE, PRIV_LOISIRS
4398;PRIVE;37;CINQ-MARS-LA-PILE;3;3;0;19.0;PRIV_SANTE_CABINET, PRIV_SANTE_CENTRE, PRIV_LOISIRS
4399;PRIVE;58;LA CHARITE-SUR-LOIRE;3;3;0;19.0;PRIV_SANTE_CABINET, PRIV_SANTE_CENTRE, PRIV_LOISIRS
4400;PRIVE;86;NEUVILLE-DE-POITOU;3;3;0;19.0;PRIV_SANTE_CABINET, PRIV_SANTE_CENTRE, PRIV_LOISIRS
4401;PRIVE;91;BOISSY-LA-RIVIERE;3;3;0;19.0;PRIV_SANTE_CENTRE, PRIV_LOISIRS, PRIV_RESTAURANT
4402;PRIVE;31;TOULOUSE;139;139;0;19.0;PRIV_SANTE_CABINET, PRIV_SANTE_CENTRE, PRIV_LOISIRS, IMMO_AGENCE, PRIV_BUREAU, PRIV_RESTAURANT, PRIV_COMMERCE
4403;PRIVE;84;AVIGNON;21;21;0;18.9;PRIV_SANTE_CABINET, PRIV_SANTE_CENTRE, PRIV_LOISIRS, IMMO_AGENCE, PRIV_COMMERCE
4404;PRIVE;76;LE HAVRE;20;20;0;18.9;PRIV_SANTE_CABINET, PRIV_SANTE_CENTRE, PRIV_LOISIRS, IMMO_AGENCE, PRIV_BUREAU, PRIV_RESTAURANT, PRIV_COMMERCE
4405;PRIVE;77;FAVIERES;10;10;0;18.9;PRIV_SANTE_CENTRE, PRIV_LOISIRS, IMMO_AGENCE, PRIV_BUREAU, PRIV_RESTAURANT
4406;PRIVE;67;STRASBOURG;57;57;0;18.9;PRIV_SANTE_CABINET, PRIV_SANTE_CENTRE, PRIV_LOISIRS, IMMO_AGENCE, PRIV_BUREAU, PRIV_RESTAURANT
4407;PRIVE;78;BAZEMONT;15;15;0;18.9;PRIV_SANTE_CENTRE, PRIV_LOISIRS, IMMO_AGENCE, PRIV_BUREAU
4408;PRIVE;74;ANNEMASSE;7;7;0;18.9;PRIV_SANTE_CABINET, PRIV_SANTE_CENTRE, PRIV_LOISIRS, PRIV_BUREAU
4409;PRIVE;06;VALBONNE;11;11;0;18.8;PRIV_SANTE_CABINET, PRIV_SANTE_CENTRE, PRIV_LOISIRS, IMMO_AGENCE, PRIV_BUREAU
4410;PRIVE;56;PLOERMEL;5;5;0;18.8;PRIV_SANTE_CABINET, PRIV_SANTE_CENTRE, PRIV_LOISIRS
4411;PRIVE;77;SOIGNOLLES-EN-BRIE;5;5;0;18.8;PRIV_LOISIRS, PRIV_BUREAU
4412;PRIVE;78;AUTOUILLET;5;5;0;18.8;PRIV_LOISIRS, IMMO_AGENCE, PRIV_BUREAU
4413;PRIVE;33;MERIGNAC;23;23;0;18.8;PRIV_SANTE_CABINET, PRIV_SANTE_CENTRE, PRIV_LOISIRS, PRIV_BUREAU, IMMO_AGENCE, PRIV_RESTAURANT
4414;PRIVE;95;VALLANGOUJARD;9;9;0;18.8;PRIV_SANTE_CABINET, PRIV_SANTE_CENTRE, PRIV_LOISIRS, IMMO_AGENCE
4415;PRIVE;89;AUXERRE;17;17;0;18.8;PRIV_SANTE_CABINET, PRIV_SANTE_CENTRE, PRIV_LOISIRS, IMMO_AGENCE, PRIV_RESTAURANT, PRIV_COMMERCE
4416;PRIVE;971;LES ABYMES;17;17;0;18.8;PRIV_SANTE_CABINET, PRIV_SANTE_CENTRE, PRIV_LOISIRS, IMMO_AGENCE, PRIV_RESTAURANT
4417;PRIVE;83;LA SEYNE-SUR-MER;12;12;0;18.8;PRIV_SANTE_CABINET, PRIV_SANTE_CENTRE, IMMO_AGENCE, PRIV_BUREAU, PRIV_RESTAURANT
4418;PRIVE;22;DINAN;4;4;0;18.8;PRIV_SANTE_CENTRE, PRIV_BUREAU, PRIV_RESTAURANT
4419;PRIVE;40;SOORTS-HOSSEGOR;4;4;0;18.8;PRIV_SANTE_CABINET, PRIV_SANTE_CENTRE, IMMO_AGENCE
4420;PRIVE;40;SOUSTONS;4;4;0;18.8;PRIV_SANTE_CABINET, PRIV_SANTE_CENTRE, IMMO_AGENCE
4421;PRIVE;44;SAINTE-LUCE-SUR-LOIRE;4;4;0;18.8;PRIV_SANTE_CENTRE, IMMO_AGENCE, PRIV_BUREAU
4422;PRIVE;64;CIBOURE;4;4;0;18.8;PRIV_SANTE_CENTRE, IMMO_AGENCE, PRIV_BUREAU
4423;PRIVE;76;BOIS-GUILLAUME;4;4;0;18.8;PRIV_SANTE_CENTRE, IMMO_AGENCE, PRIV_BUREAU
4424;PRIVE;77;CHATRES;4;4;0;18.8;IMMO_AGENCE, PRIV_RESTAURANT
4425;PRIVE;77;VILLEMER;4;4;0;18.8;PRIV_SANTE_CENTRE, IMMO_AGENCE, PRIV_BUREAU
4426;PRIVE;78;BAZOCHES-SUR-GUYONNE;4;4;0;18.8;PRIV_SANTE_CABINET, IMMO_AGENCE, PRIV_BUREAU
4427;PRIVE;78;FLEXANVILLE;4;4;0;18.8;PRIV_SANTE_CENTRE, IMMO_AGENCE
4428;PRIVE;78;MARCQ;4;4;0;18.8;IMMO_AGENCE, PRIV_BUREAU
4429;PRIVE;78;ROSAY;4;4;0;18.8;PRIV_SANTE_CENTRE, IMMO_AGENCE, PRIV_BUREAU, PRIV_RESTAURANT
4430;PRIVE;78;BOUAFLE;27;27;0;18.7;PRIV_SANTE_CABINET, PRIV_SANTE_CENTRE, PRIV_LOISIRS, IMMO_AGENCE, PRIV_BUREAU, PRIV_RESTAURANT
4431;PRIVE;34;MONTPELLIER;103;103;0;18.7;PRIV_SANTE_CABINET, PRIV_SANTE_CENTRE, PRIV_LOISIRS, IMMO_AGENCE, PRIV_BUREAU, PRIV_RESTAURANT, PRIV_COMMERCE
4432;PRIVE;13;ISTRES;6;6;0;18.7;PRIV_SANTE_CABINET, PRIV_SANTE_CENTRE, PRIV_LOISIRS, PRIV_BUREAU
4433;PRIVE;47;VILLENEUVE-SUR-LOT;6;6;0;18.7;PRIV_SANTE_CABINET, PRIV_SANTE_CENTRE, PRIV_LOISIRS, IMMO_AGENCE
4434;PRIVE;58;COSNE-COURS-SUR-LOIRE;6;6;0;18.7;PRIV_SANTE_CABINET, PRIV_SANTE_CENTRE, PRIV_LOISIRS, PRIV_RESTAURANT
4435;PRIVE;77;MONTIGNY-LENCOUP;6;6;0;18.7;PRIV_SANTE_CABINET, PRIV_SANTE_CENTRE, PRIV_LOISIRS, IMMO_AGENCE
4436;PRIVE;974;LA POSSESSION;6;6;0;18.7;PRIV_SANTE_CABINET, PRIV_LOISIRS, PRIV_BUREAU, PRIV_RESTAURANT, PRIV_COMMERCE
4437;PRIVE;77;YEBLES;8;8;0;18.6;PRIV_LOISIRS, IMMO_AGENCE, PRIV_BUREAU, PRIV_RESTAURANT
4438;PRIVE;78;ORCEMONT;8;8;0;18.6;PRIV_SANTE_CABINET, PRIV_LOISIRS, IMMO_AGENCE, PRIV_BUREAU
4439;PRIVE;35;DINARD;13;13;0;18.6;PRIV_SANTE_CABINET, PRIV_SANTE_CENTRE, PRIV_LOISIRS, IMMO_AGENCE, PRIV_RESTAURANT
4440;PRIVE;78;GUERVILLE;13;13;0;18.6;PRIV_SANTE_CABINET, PRIV_SANTE_CENTRE, PRIV_LOISIRS, IMMO_AGENCE, PRIV_BUREAU
4441;PRIVE;14;CAEN;35;35;0;18.6;PRIV_SANTE_CABINET, PRIV_SANTE_CENTRE, PRIV_LOISIRS, IMMO_AGENCE, PRIV_BUREAU, PRIV_RESTAURANT
4442;PRIVE;77;BRAY-SUR-SEINE;20;20;0;18.6;PRIV_SANTE_CABINET, PRIV_SANTE_CENTRE, PRIV_LOISIRS, IMMO_AGENCE, PRIV_BUREAU, PRIV_RESTAURANT, PRIV_COMMERCE
4443;PRIVE;77;NANGIS;49;48;0;18.6;PRIV_LOISIRS, PRIV_SANTE_CABINET, PRIV_SANTE_CENTRE, IMMO_AGENCE, PRIV_BUREAU, PRIV_RESTAURANT, PRIV_COMMERCE
4444;PRIVE;64;ANGLET;24;24;0;18.6;PRIV_SANTE_CABINET, PRIV_SANTE_CENTRE, PRIV_LOISIRS, IMMO_AGENCE, PRIV_BUREAU
4445;PRIVE;24;SARLAT-LA-CANEDA;7;7;0;18.6;PRIV_SANTE_CABINET, PRIV_SANTE_CENTRE, IMMO_AGENCE, PRIV_RESTAURANT
4446;PRIVE;44;LA CHAPELLE-SUR-ERDRE;7;7;0;18.6;PRIV_SANTE_CABINET, PRIV_SANTE_CENTRE, IMMO_AGENCE
4447;PRIVE;73;AIX-LES-BAINS;7;7;0;18.6;PRIV_SANTE_CABINET, PRIV_SANTE_CENTRE, IMMO_AGENCE, PRIV_BUREAU
4448;PRIVE;77;DAMPMART;18;18;0;18.6;PRIV_SANTE_CABINET, PRIV_SANTE_CENTRE, PRIV_LOISIRS, IMMO_AGENCE, PRIV_BUREAU, PRIV_RESTAURANT
4449;PRIVE;78;GALLUIS;9;9;0;18.6;PRIV_SANTE_CENTRE, PRIV_LOISIRS, IMMO_AGENCE, PRIV_BUREAU, PRIV_RESTAURANT
4450;PRIVE;28;DREUX;11;11;0;18.5;PRIV_SANTE_CABINET, PRIV_SANTE_CENTRE, PRIV_LOISIRS, IMMO_AGENCE, PRIV_BUREAU
4451;PRIVE;27;EVREUX;17;17;0;18.5;PRIV_SANTE_CABINET, PRIV_SANTE_CENTRE, IMMO_AGENCE, PRIV_BUREAU, PRIV_RESTAURANT
4452;PRIVE;66;PERPIGNAN;38;38;0;18.5;PRIV_SANTE_CABINET, PRIV_SANTE_CENTRE, PRIV_LOISIRS, IMMO_AGENCE, PRIV_BUREAU, PRIV_RESTAURANT
4453;PRIVE;17;ROCHEFORT;10;10;0;18.5;PRIV_SANTE_CABINET, PRIV_SANTE_CENTRE, IMMO_AGENCE, PRIV_RESTAURANT
4454;PRIVE;77;CHALAUTRE-LA-GRANDE;4;4;0;18.5;PRIV_SANTE_CENTRE, PRIV_LOISIRS
4455;PRIVE;78;GUITRANCOURT;4;4;0;18.5;PRIV_SANTE_CABINET, PRIV_LOISIRS, IMMO_AGENCE
4456;PRIVE;10;SAVIERES;2;2;0;18.5;PRIV_SANTE_CENTRE, PRIV_LOISIRS
4457;PRIVE;14;SAINT-PIERRE-EN-AUGE;2;2;0;18.5;PRIV_SANTE_CENTRE, PRIV_LOISIRS
4458;PRIVE;22;PLOUBEZRE;2;2;0;18.5;PRIV_SANTE_CABINET, PRIV_LOISIRS
4459;PRIVE;27;CROTH;2;2;0;18.5;PRIV_SANTE_CENTRE, PRIV_LOISIRS
4460;PRIVE;27;JOUY-SUR-EURE;2;2;0;18.5;PRIV_SANTE_CENTRE, PRIV_LOISIRS
4461;PRIVE;27;NORMANVILLE;2;2;0;18.5;PRIV_SANTE_CABINET, PRIV_LOISIRS
4462;PRIVE;28;ANET;2;2;0;18.5;PRIV_SANTE_CENTRE, PRIV_LOISIRS
4463;PRIVE;28;SAINT-GEORGES-SUR-EURE;2;2;0;18.5;PRIV_SANTE_CENTRE, PRIV_LOISIRS
4464;PRIVE;29;MOELAN SUR MER;2;2;0;18.5;PRIV_SANTE_CENTRE, PRIV_LOISIRS
4465;PRIVE;30;SAUVETERRE;2;2;0;18.5;PRIV_SANTE_CENTRE, PRIV_LOISIRS
4466;PRIVE;34;AIGUES-VIVES;2;2;0;18.5;PRIV_SANTE_CABINET, PRIV_LOISIRS
4467;PRIVE;34;BAILLARGUES;2;2;0;18.5;PRIV_SANTE_CENTRE, PRIV_LOISIRS
4468;PRIVE;34;SAINT-GEORGES-D'ORQUES;2;2;0;18.5;PRIV_SANTE_CENTRE, PRIV_LOISIRS
4469;PRIVE;35;LA VILLE-ES-NONAIS;2;2;0;18.5;PRIV_SANTE_CENTRE, PRIV_LOISIRS
4470;PRIVE;36;LE POINCONNET;2;2;0;18.5;PRIV_SANTE_CENTRE, PRIV_LOISIRS
4471;PRIVE;38;LES ABRETS-EN-DAUPHINE;2;2;0;18.5;PRIV_SANTE_CENTRE, PRIV_LOISIRS
4472;PRIVE;38;SAINT-SAVIN;2;2;0;18.5;PRIV_SANTE_CENTRE, PRIV_LOISIRS
4473;PRIVE;44;VILLENEUVE-EN-RETZ;2;2;0;18.5;PRIV_SANTE_CENTRE, PRIV_LOISIRS
4474;PRIVE;46;LE VIGAN;2;2;0;18.5;PRIV_SANTE_CENTRE, PRIV_LOISIRS
4475;PRIVE;47;PENNE D'AGENAIS;2;2;0;18.5;PRIV_SANTE_CENTRE, PRIV_LOISIRS
4476;PRIVE;51;CHALONS-EN-CHAMPAGNE;2;2;0;18.5;PRIV_LOISIRS, PRIV_COMMERCE
4477;PRIVE;56;LA GACILLY;2;2;0;18.5;PRIV_SANTE_CENTRE, PRIV_LOISIRS
4478;PRIVE;56;SAINT-NOLFF;2;2;0;18.5;PRIV_SANTE_CENTRE, PRIV_LOISIRS
4479;PRIVE;60;MONTCHEVREUIL;2;2;0;18.5;PRIV_SANTE_CENTRE, PRIV_LOISIRS
4480;PRIVE;61;LA FERTE MACE;2;2;0;18.5;PRIV_SANTE_CENTRE, PRIV_LOISIRS
4481;PRIVE;66;BOMPAS;2;2;0;18.5;PRIV_SANTE_CENTRE, PRIV_LOISIRS
4482;PRIVE;66;COLLIOURE;2;2;0;18.5;PRIV_SANTE_CENTRE, PRIV_LOISIRS
4483;PRIVE;73;PUGNY-CHATENOD;2;2;0;18.5;PRIV_SANTE_CENTRE, PRIV_LOISIRS
4484;PRIVE;74;NEUVECELLE;2;2;0;18.5;PRIV_SANTE_CENTRE, PRIV_LOISIRS
4485;PRIVE;74;THONES;2;2;0;18.5;PRIV_SANTE_CENTRE, PRIV_LOISIRS
4486;PRIVE;77;BOISSY-AUX-CAILLES;2;2;0;18.5;PRIV_SANTE_CENTRE, PRIV_LOISIRS
4487;PRIVE;77;CHARMENTRAY;2;2;0;18.5;PRIV_LOISIRS, PRIV_BUREAU
4488;PRIVE;77;LA HAUTE-MAISON;2;2;0;18.5;PRIV_SANTE_CENTRE, PRIV_LOISIRS
4489;PRIVE;77;LES CHAPELLES-BOURBON;2;2;0;18.5;PRIV_LOISIRS, PRIV_RESTAURANT
4490;PRIVE;77;LEUDON-EN-BRIE;2;2;0;18.5;PRIV_SANTE_CENTRE, PRIV_LOISIRS
4491;PRIVE;77;MERY-SUR-MARNE;2;2;0;18.5;PRIV_SANTE_CENTRE, PRIV_LOISIRS
4492;PRIVE;77;VAUCOURTOIS;2;2;0;18.5;PRIV_LOISIRS, PRIV_BUREAU
4493;PRIVE;77;VOULTON;2;2;0;18.5;PRIV_SANTE_CENTRE, PRIV_LOISIRS
4494;PRIVE;83;POURRIERES;2;2;0;18.5;PRIV_SANTE_CENTRE, PRIV_LOISIRS
4495;PRIVE;85;LANDERONDE;2;2;0;18.5;PRIV_SANTE_CENTRE, PRIV_LOISIRS
4496;PRIVE;90;BELFORT;2;2;0;18.5;PRIV_SANTE_CENTRE, PRIV_LOISIRS
4497;PRIVE;95;NEUILLY-EN-VEXIN;2;2;0;18.5;PRIV_LOISIRS, PRIV_BUREAU
4498;PRIVE;95;WY-DIT-JOLI-VILLAGE;2;2;0;18.5;PRIV_LOISIRS, PRIV_BUREAU
4499;PRIVE;972;CASE-PILOTE;2;2;0;18.5;PRIV_SANTE_CENTRE, PRIV_LOISIRS
4500;PRIVE;972;FORT DE FRANCE;2;2;0;18.5;PRIV_SANTE_CENTRE, PRIV_LOISIRS
4501;PRIVE;91;JANVILLE-SUR-JUINE;17;17;0;18.5;PRIV_SANTE_CABINET, PRIV_SANTE_CENTRE, PRIV_LOISIRS, IMMO_AGENCE, PRIV_BUREAU, PRIV_RESTAURANT
4502;PRIVE;77;GRISY-SUISNES;11;11;0;18.5;PRIV_SANTE_CENTRE, PRIV_LOISIRS, IMMO_AGENCE, PRIV_BUREAU, PRIV_RESTAURANT
4503;PRIVE;64;BAYONNE;35;35;0;18.4;PRIV_SANTE_CABINET, PRIV_SANTE_CENTRE, PRIV_LOISIRS, IMMO_AGENCE, PRIV_BUREAU, PRIV_RESTAURANT
4504;PRIVE;91;DANNEMOIS;7;7;0;18.4;PRIV_LOISIRS, IMMO_AGENCE, PRIV_BUREAU, PRIV_RESTAURANT
4505;PRIVE;74;EVIAN-LES-BAINS;5;5;0;18.4;PRIV_SANTE_CABINET, PRIV_SANTE_CENTRE, PRIV_LOISIRS, PRIV_COMMERCE
4506;PRIVE;77;JOUY-SUR-MORIN;5;5;0;18.4;PRIV_SANTE_CABINET, PRIV_SANTE_CENTRE, PRIV_LOISIRS, IMMO_AGENCE
4507;PRIVE;78;TESSANCOURT-SUR-AUBETTE;5;5;0;18.4;PRIV_LOISIRS, PRIV_BUREAU, PRIV_RESTAURANT, PRIV_COMMERCE
4508;PRIVE;85;LA TRANCHE-SUR-MER;5;5;0;18.4;PRIV_SANTE_CABINET, PRIV_SANTE_CENTRE, PRIV_LOISIRS, IMMO_AGENCE
4509;PRIVE;91;FONTENAY-LE-VICOMTE;13;13;0;18.4;PRIV_SANTE_CABINET, PRIV_SANTE_CENTRE, PRIV_LOISIRS, IMMO_AGENCE, PRIV_BUREAU, PRIV_RESTAURANT
4510;PRIVE;14;DEAUVILLE;16;16;0;18.4;PRIV_SANTE_CABINET, PRIV_LOISIRS, IMMO_AGENCE, PRIV_BUREAU, PRIV_RESTAURANT
4511;PRIVE;30;ALES;8;8;0;18.4;PRIV_SANTE_CENTRE, PRIV_LOISIRS, IMMO_AGENCE, PRIV_RESTAURANT, PRIV_COMMERCE
4512;PRIVE;77;LARCHANT;8;8;0;18.4;PRIV_SANTE_CENTRE, PRIV_LOISIRS, IMMO_AGENCE, PRIV_RESTAURANT
4513;PRIVE;78;CONDE-SUR-VESGRE;8;8;0;18.4;PRIV_SANTE_CENTRE, PRIV_LOISIRS, IMMO_AGENCE, PRIV_BUREAU
4514;PRIVE;78;ROCHEFORT-EN-YVELINES;8;8;0;18.4;PRIV_LOISIRS, IMMO_AGENCE, PRIV_RESTAURANT
4515;PRIVE;91;SAINT-CYR-SOUS-DOURDAN;8;8;0;18.4;PRIV_SANTE_CABINET, PRIV_LOISIRS, IMMO_AGENCE, PRIV_BUREAU, PRIV_RESTAURANT
4516;PRIVE;02;SOISSONS;9;9;0;18.3;PRIV_SANTE_CABINET, PRIV_SANTE_CENTRE, IMMO_AGENCE, PRIV_RESTAURANT
4517;PRIVE;83;LE PRADET;9;9;0;18.3;PRIV_SANTE_CABINET, PRIV_SANTE_CENTRE, IMMO_AGENCE
4518;PRIVE;13;SAINT-REMY-DE-PROVENCE;6;6;0;18.3;PRIV_SANTE_CABINET, PRIV_SANTE_CENTRE, IMMO_AGENCE
4519;PRIVE;30;VILLENEUVE-LES-AVIGNON;6;6;0;18.3;PRIV_SANTE_CENTRE, IMMO_AGENCE, PRIV_RESTAURANT
4520;PRIVE;33;SAINT-MEDARD-EN-JALLES;6;6;0;18.3;PRIV_SANTE_CABINET, PRIV_SANTE_CENTRE, IMMO_AGENCE, PRIV_BUREAU
4521;PRIVE;83;CARQUEIRANNE;6;6;0;18.3;PRIV_SANTE_CABINET, PRIV_SANTE_CENTRE, IMMO_AGENCE
4522;PRIVE;971;LE MOULE;6;6;0;18.3;PRIV_SANTE_CABINET, PRIV_SANTE_CENTRE, IMMO_AGENCE, PRIV_RESTAURANT
4523;PRIVE;01;MASSIEUX;3;3;0;18.3;PRIV_SANTE_CABINET, PRIV_SANTE_CENTRE, IMMO_AGENCE
4524;PRIVE;13;CASSIS;3;3;0;18.3;PRIV_SANTE_CABINET, PRIV_SANTE_CENTRE, IMMO_AGENCE
4525;PRIVE;13;SAINT-VICTORET;3;3;0;18.3;PRIV_SANTE_CABINET, PRIV_BUREAU
4526;PRIVE;17;FOURAS;3;3;0;18.3;PRIV_SANTE_CENTRE, IMMO_AGENCE, PRIV_RESTAURANT
4527;PRIVE;27;MOUSSEAUX-NEUVILLE;3;3;0;18.3;PRIV_SANTE_CABINET, PRIV_SANTE_CENTRE, IMMO_AGENCE
4528;PRIVE;27;VAL-DE-REUIL;3;3;0;18.3;PRIV_SANTE_CABINET, PRIV_SANTE_CENTRE, IMMO_AGENCE
4529;PRIVE;30;MONTAREN-ET-SAINT-MEDIERS;3;3;0;18.3;PRIV_SANTE_CABINET, PRIV_SANTE_CENTRE, IMMO_AGENCE
4530;PRIVE;31;LABEGE;3;3;0;18.3;IMMO_AGENCE, PRIV_RESTAURANT
4531;PRIVE;31;QUINT-FONSEGRIVES;3;3;0;18.3;PRIV_SANTE_CABINET, PRIV_SANTE_CENTRE, IMMO_AGENCE
4532;PRIVE;33;IZON;3;3;0;18.3;PRIV_SANTE_CABINET, PRIV_SANTE_CENTRE, IMMO_AGENCE
4533;PRIVE;33;SALLEBŒUF;3;3;0;18.3;PRIV_SANTE_CABINET, PRIV_SANTE_CENTRE, IMMO_AGENCE
4534;PRIVE;33;TRESSES;3;3;0;18.3;PRIV_SANTE_CABINET, IMMO_AGENCE
4535;PRIVE;34;CEYRAS;3;3;0;18.3;PRIV_SANTE_CABINET, PRIV_SANTE_CENTRE, IMMO_AGENCE
4536;PRIVE;34;ROUJAN;3;3;0;18.3;PRIV_SANTE_CABINET, PRIV_SANTE_CENTRE, IMMO_AGENCE
4537;PRIVE;35;ACIGNE;3;3;0;18.3;PRIV_SANTE_CABINET, PRIV_SANTE_CENTRE, IMMO_AGENCE
4538;PRIVE;38;MONTBONNOT-SAINT-MARTIN;3;3;0;18.3;PRIV_SANTE_CABINET, IMMO_AGENCE
4539;PRIVE;41;LA VILLE-AUX-CLERCS;3;3;0;18.3;PRIV_SANTE_CABINET, PRIV_SANTE_CENTRE, IMMO_AGENCE
4540;PRIVE;41;ROMORANTIN-LANTHENAY;3;3;0;18.3;PRIV_SANTE_CABINET, IMMO_AGENCE, PRIV_BUREAU
4541;PRIVE;44;BOUAYE;3;3;0;18.3;PRIV_SANTE_CABINET, PRIV_BUREAU
4542;PRIVE;44;COUERON;3;3;0;18.3;PRIV_SANTE_CABINET, PRIV_SANTE_CENTRE, IMMO_AGENCE
4543;PRIVE;44;LE CROISIC;3;3;0;18.3;PRIV_SANTE_CENTRE, PRIV_BUREAU, PRIV_RESTAURANT
4544;PRIVE;59;VALENCIENNES;3;3;0;18.3;PRIV_SANTE_CABINET, PRIV_RESTAURANT
4545;PRIVE;60;NOAILLES;3;3;0;18.3;PRIV_SANTE_CABINET, PRIV_BUREAU
4546;PRIVE;60;PONT-SAINTE-MAXENCE;3;3;0;18.3;PRIV_SANTE_CABINET, PRIV_SANTE_CENTRE, IMMO_AGENCE
4547;PRIVE;62;MERLIMONT;3;3;0;18.3;PRIV_SANTE_CABINET, PRIV_SANTE_CENTRE, IMMO_AGENCE
4548;PRIVE;62;SAMER;3;3;0;18.3;PRIV_SANTE_CABINET, PRIV_SANTE_CENTRE, IMMO_AGENCE
4549;PRIVE;64;CAMBO-LES-BAINS;3;3;0;18.3;PRIV_SANTE_CABINET, PRIV_SANTE_CENTRE, IMMO_AGENCE
4550;PRIVE;69;MORNANT;3;3;0;18.3;PRIV_SANTE_CENTRE, PRIV_BUREAU, PRIV_COMMERCE
4551;PRIVE;69;SAINTE-FOY-LES-LYON;3;3;0;18.3;PRIV_SANTE_CABINET, PRIV_COMMERCE
4552;PRIVE;74;PASSY;3;3;0;18.3;PRIV_SANTE_CABINET, IMMO_AGENCE
4553;PRIVE;76;NEUFCHATEL-EN-BRAY;3;3;0;18.3;PRIV_SANTE_CABINET, PRIV_SANTE_CENTRE, PRIV_RESTAURANT
4554;PRIVE;77;GRETZ ARMAINVILLIERS;3;3;0;18.3;IMMO_AGENCE, PRIV_BUREAU
4555;PRIVE;77;LA BROSSE-MONTCEAUX;3;3;0;18.3;PRIV_SANTE_CENTRE, IMMO_AGENCE, PRIV_RESTAURANT
4556;PRIVE;78;BEHOUST;3;3;0;18.3;IMMO_AGENCE, PRIV_BUREAU
4557;PRIVE;83;LA SEYNE SUR MER;3;3;0;18.3;PRIV_SANTE_CABINET, PRIV_SANTE_CENTRE, IMMO_AGENCE
4558;PRIVE;85;CHALLANS;3;3;0;18.3;PRIV_SANTE_CABINET, PRIV_SANTE_CENTRE, IMMO_AGENCE
4559;PRIVE;85;SAINT-HILAIRE-DE-RIEZ;3;3;0;18.3;PRIV_SANTE_CABINET, PRIV_SANTE_CENTRE, IMMO_AGENCE
4560;PRIVE;89;MONETEAU;3;3;0;18.3;PRIV_SANTE_CABINET, PRIV_SANTE_CENTRE, IMMO_AGENCE
4561;PRIVE;91;BOISSY-LE-SEC;3;3;0;18.3;IMMO_AGENCE, PRIV_BUREAU
4562;PRIVE;91;VIDELLES;3;3;0;18.3;PRIV_SANTE_CABINET, IMMO_AGENCE, PRIV_RESTAURANT
4563;PRIVE;77;BOIS-LE-ROI;40;40;0;18.3;PRIV_SANTE_CABINET, PRIV_SANTE_CENTRE, PRIV_LOISIRS, IMMO_AGENCE, PRIV_BUREAU, PRIV_RESTAURANT
4564;PRIVE;29;QUIMPER;20;20;0;18.3;PRIV_SANTE_CABINET, PRIV_SANTE_CENTRE, PRIV_LOISIRS, IMMO_AGENCE, PRIV_BUREAU, PRIV_RESTAURANT, PRIV_COMMERCE
4565;PRIVE;77;AVON;105;105;0;18.3;PRIV_SANTE_CABINET, PRIV_SANTE_CENTRE, PRIV_LOISIRS, IMMO_AGENCE, PRIV_BUREAU, PRIV_RESTAURANT, PRIV_COMMERCE
4566;PRIVE;77;CHAUMES-EN-BRIE;18;18;0;18.3;PRIV_SANTE_CENTRE, PRIV_LOISIRS, IMMO_AGENCE, PRIV_BUREAU, PRIV_RESTAURANT
4567;PRIVE;77;SAMOIS-SUR-SEINE;34;34;0;18.3;PRIV_SANTE_CABINET, PRIV_SANTE_CENTRE, PRIV_LOISIRS, IMMO_AGENCE, PRIV_BUREAU, PRIV_RESTAURANT
4568;PRIVE;13;LA CIOTAT;12;12;0;18.2;PRIV_SANTE_CABINET, PRIV_LOISIRS, IMMO_AGENCE, PRIV_BUREAU, PRIV_RESTAURANT, PRIV_COMMERCE
4569;PRIVE;59;ROUBAIX;8;8;0;18.2;PRIV_SANTE_CABINET, PRIV_SANTE_CENTRE, PRIV_LOISIRS, PRIV_BUREAU
4570;PRIVE;83;SAINT-TROPEZ;13;13;0;18.2;PRIV_SANTE_CABINET, PRIV_SANTE_CENTRE, PRIV_LOISIRS, IMMO_AGENCE, PRIV_BUREAU, PRIV_RESTAURANT
4571;PRIVE;77;BOIS LE ROI;9;9;0;18.2;PRIV_SANTE_CABINET, PRIV_SANTE_CENTRE, PRIV_LOISIRS, PRIV_BUREAU, PRIV_RESTAURANT
4572;PRIVE;30;NIMES;33;33;0;18.2;PRIV_SANTE_CABINET, PRIV_SANTE_CENTRE, PRIV_LOISIRS, IMMO_AGENCE, PRIV_BUREAU, PRIV_RESTAURANT, PRIV_COMMERCE
4573;PRIVE;44;PORNIC;11;11;0;18.2;PRIV_SANTE_CABINET, PRIV_SANTE_CENTRE, IMMO_AGENCE, PRIV_RESTAURANT
4574;PRIVE;74;THONON-LES-BAINS;11;11;0;18.2;PRIV_SANTE_CABINET, PRIV_SANTE_CENTRE, IMMO_AGENCE, PRIV_BUREAU, PRIV_RESTAURANT, PRIV_COMMERCE
4575;PRIVE;77;POLIGNY;6;6;0;18.2;PRIV_SANTE_CENTRE, PRIV_LOISIRS, IMMO_AGENCE, PRIV_RESTAURANT
4576;PRIVE;78;MUREAUX (LES);6;6;0;18.2;PRIV_LOISIRS, IMMO_AGENCE, PRIV_RESTAURANT
4577;PRIVE;11;NARBONNE;14;14;0;18.1;PRIV_SANTE_CABINET, PRIV_SANTE_CENTRE, PRIV_LOISIRS, IMMO_AGENCE, PRIV_BUREAU
4578;PRIVE;85;FONTENAY-LE-COMTE;7;7;0;18.1;PRIV_SANTE_CABINET, PRIV_SANTE_CENTRE, PRIV_LOISIRS, IMMO_AGENCE, PRIV_RESTAURANT
4579;PRIVE;34;SETE;22;22;0;18.1;PRIV_SANTE_CABINET, PRIV_SANTE_CENTRE, PRIV_LOISIRS, IMMO_AGENCE, PRIV_RESTAURANT
4580;PRIVE;83;LA CRAU;8;8;0;18.1;PRIV_SANTE_CABINET, PRIV_SANTE_CENTRE, IMMO_AGENCE, PRIV_BUREAU
4581;PRIVE;83;TOULON;51;51;0;18.1;PRIV_SANTE_CABINET, PRIV_SANTE_CENTRE, PRIV_LOISIRS, PRIV_BUREAU, IMMO_AGENCE, PRIV_RESTAURANT, PRIV_COMMERCE
4582;PRIVE;82;MONTAUBAN;13;13;0;18.1;PRIV_SANTE_CABINET, PRIV_SANTE_CENTRE, IMMO_AGENCE, PRIV_BUREAU
4583;PRIVE;83;HYERES;33;33;0;18.1;PRIV_SANTE_CABINET, PRIV_SANTE_CENTRE, PRIV_LOISIRS, IMMO_AGENCE, PRIV_BUREAU, PRIV_RESTAURANT
4584;PRIVE;33;GUJAN-MESTRAS;18;18;0;18.1;PRIV_SANTE_CENTRE, IMMO_AGENCE, PRIV_BUREAU, PRIV_RESTAURANT
4585;PRIVE;03;VICHY;13;13;0;18.0;PRIV_SANTE_CABINET, PRIV_SANTE_CENTRE, PRIV_LOISIRS, IMMO_AGENCE, PRIV_BUREAU, PRIV_RESTAURANT
4586;PRIVE;36;CHATEAUROUX;13;13;0;18.0;PRIV_SANTE_CABINET, PRIV_SANTE_CENTRE, PRIV_LOISIRS, IMMO_AGENCE, PRIV_BUREAU, PRIV_RESTAURANT
4587;PRIVE;974;SAINT-LOUIS;8;8;0;18.0;PRIV_SANTE_CABINET, PRIV_SANTE_CENTRE, PRIV_LOISIRS, IMMO_AGENCE
4588;PRIVE;11;CARCASSONNE;7;7;0;18.0;PRIV_SANTE_CABINET, PRIV_SANTE_CENTRE, PRIV_LOISIRS, PRIV_RESTAURANT
4589;PRIVE;77;CHAMIGNY;6;6;0;18.0;PRIV_SANTE_CABINET, PRIV_LOISIRS, IMMO_AGENCE
4590;PRIVE;34;JUVIGNAC;5;5;0;18.0;PRIV_SANTE_CABINET, PRIV_SANTE_CENTRE, IMMO_AGENCE
4591;PRIVE;34;LUNEL;5;5;0;18.0;PRIV_SANTE_CABINET, PRIV_SANTE_CENTRE, IMMO_AGENCE
4592;PRIVE;35;FOUGERES;5;5;0;18.0;PRIV_SANTE_CABINET, PRIV_SANTE_CENTRE, IMMO_AGENCE
4593;PRIVE;62;LENS;5;5;0;18.0;PRIV_SANTE_CABINET, IMMO_AGENCE, PRIV_BUREAU, PRIV_RESTAURANT
4594;PRIVE;73;VIVIERS-DU-LAC;5;5;0;18.0;PRIV_SANTE_CABINET, PRIV_SANTE_CENTRE, IMMO_AGENCE
4595;PRIVE;77;MISY-SUR-YONNE;5;5;0;18.0;PRIV_SANTE_CENTRE, PRIV_BUREAU, PRIV_RESTAURANT
4596;PRIVE;84;ORANGE;5;5;0;18.0;PRIV_SANTE_CABINET, PRIV_SANTE_CENTRE, IMMO_AGENCE, PRIV_COMMERCE
4597;PRIVE;972;LES TROIS-ILETS;5;5;0;18.0;PRIV_SANTE_CABINET, PRIV_SANTE_CENTRE, IMMO_AGENCE, PRIV_RESTAURANT
4598;PRIVE;974;LES AVIRONS;5;5;0;18.0;PRIV_SANTE_CABINET, IMMO_AGENCE, PRIV_BUREAU
4599;PRIVE;12;MILLAU;4;4;0;18.0;PRIV_SANTE_CABINET, PRIV_SANTE_CENTRE, PRIV_LOISIRS, PRIV_RESTAURANT
4600;PRIVE;52;SAINT-DIZIER;4;4;0;18.0;PRIV_SANTE_CABINET, PRIV_SANTE_CENTRE, PRIV_LOISIRS, PRIV_COMMERCE
4601;PRIVE;69;BRON;4;4;0;18.0;PRIV_LOISIRS, IMMO_AGENCE, PRIV_COMMERCE
4602;PRIVE;77;BOUGLIGNY;4;4;0;18.0;PRIV_SANTE_CENTRE, PRIV_LOISIRS, IMMO_AGENCE
4603;PRIVE;78;OSMOY;4;4;0;18.0;PRIV_LOISIRS, IMMO_AGENCE, PRIV_BUREAU
4604;PRIVE;78;SOINDRES;4;4;0;18.0;PRIV_LOISIRS, IMMO_AGENCE, PRIV_BUREAU
4605;PRIVE;972;DUCOS;4;4;0;18.0;PRIV_SANTE_CABINET, PRIV_SANTE_CENTRE, PRIV_LOISIRS, IMMO_AGENCE
4606;PRIVE;77;CHAMPDEUIL;3;3;0;18.0;PRIV_LOISIRS, PRIV_BUREAU
4607;PRIVE;77;THIEUX;3;3;0;18.0;PRIV_LOISIRS, IMMO_AGENCE
4608;PRIVE;95;VIENNE-EN-ARTHIES;3;3;0;18.0;PRIV_LOISIRS, PRIV_BUREAU
4609;PRIVE;77;FAREMOUTIERS;19;19;0;17.9;PRIV_SANTE_CABINET, PRIV_SANTE_CENTRE, PRIV_LOISIRS, IMMO_AGENCE, PRIV_BUREAU, PRIV_COMMERCE
4610;PRIVE;77;MORET-LOING-ET-ORVANNE;109;109;0;17.9;PRIV_SANTE_CABINET, PRIV_SANTE_CENTRE, PRIV_LOISIRS, IMMO_AGENCE, PRIV_BUREAU, PRIV_RESTAURANT, PRIV_COMMERCE
4611;PRIVE;95;BRUYERES-SUR-OISE;17;17;0;17.9;PRIV_SANTE_CENTRE, PRIV_LOISIRS, IMMO_AGENCE, PRIV_BUREAU
4612;PRIVE;91;MILLY-LA-FORET;77;76;0;17.9;PRIV_SANTE_CABINET, PRIV_SANTE_CENTRE, PRIV_LOISIRS, IMMO_AGENCE, PRIV_BUREAU, PRIV_RESTAURANT, PRIV_COMMERCE
4613;PRIVE;31;TOURNEFEUILLE;9;9;0;17.9;PRIV_SANTE_CABINET, PRIV_SANTE_CENTRE, PRIV_LOISIRS
4614;PRIVE;77;CHATEAU-LANDON;15;15;0;17.9;PRIV_SANTE_CABINET, PRIV_SANTE_CENTRE, PRIV_LOISIRS, IMMO_AGENCE, PRIV_RESTAURANT, PRIV_COMMERCE
4615;PRIVE;65;LOURDES;7;7;0;17.9;PRIV_SANTE_CABINET, PRIV_SANTE_CENTRE, IMMO_AGENCE, PRIV_RESTAURANT
4616;PRIVE;77;NEMOURS;101;101;0;17.9;PRIV_SANTE_CABINET, PRIV_SANTE_CENTRE, PRIV_LOISIRS, IMMO_AGENCE, PRIV_BUREAU, PRIV_RESTAURANT, PRIV_COMMERCE
4617;PRIVE;33;LORMONT;6;6;0;17.8;PRIV_SANTE_CABINET, PRIV_LOISIRS, PRIV_BUREAU
4618;PRIVE;78;BRUEIL-EN-VEXIN;5;5;0;17.8;PRIV_LOISIRS, IMMO_AGENCE
4619;PRIVE;77;ROZAY-EN-BRIE;27;27;0;17.8;PRIV_SANTE_CABINET, PRIV_SANTE_CENTRE, IMMO_AGENCE, PRIV_BUREAU, PRIV_RESTAURANT, PRIV_COMMERCE
4620;PRIVE;06;GRASSE;21;21;0;17.8;PRIV_SANTE_CABINET, PRIV_SANTE_CENTRE, PRIV_LOISIRS, IMMO_AGENCE, PRIV_BUREAU
4621;PRIVE;78;PRUNAY-EN-YVELINES;8;8;0;17.8;PRIV_SANTE_CENTRE, PRIV_LOISIRS, IMMO_AGENCE, PRIV_BUREAU
4622;PRIVE;06;CAGNES-SUR-MER;15;15;0;17.7;PRIV_SANTE_CABINET, PRIV_SANTE_CENTRE, PRIV_LOISIRS, IMMO_AGENCE, PRIV_BUREAU, PRIV_RESTAURANT, PRIV_COMMERCE
4623;PRIVE;77;VARENNES-SUR-SEINE;29;29;0;17.7;PRIV_SANTE_CABINET, PRIV_SANTE_CENTRE, PRIV_LOISIRS, IMMO_AGENCE, PRIV_RESTAURANT, PRIV_COMMERCE
4624;PRIVE;77;LIZY-SUR-OURCQ;17;17;0;17.7;PRIV_SANTE_CABINET, PRIV_LOISIRS, IMMO_AGENCE, PRIV_RESTAURANT, PRIV_COMMERCE
4625;PRIVE;77;BOURRON-MARLOTTE;33;33;0;17.7;PRIV_SANTE_CABINET, PRIV_SANTE_CENTRE, PRIV_LOISIRS, IMMO_AGENCE, PRIV_BUREAU, PRIV_RESTAURANT, PRIV_COMMERCE
4626;PRIVE;2B;BASTIA;13;13;0;17.7;PRIV_SANTE_CABINET, PRIV_SANTE_CENTRE, IMMO_AGENCE, PRIV_BUREAU, PRIV_RESTAURANT
4627;PRIVE;06;MENTON;12;12;0;17.7;PRIV_SANTE_CABINET, PRIV_SANTE_CENTRE, PRIV_LOISIRS, IMMO_AGENCE, PRIV_BUREAU, PRIV_RESTAURANT
4628;PRIVE;78;HERMERAY;12;12;0;17.7;PRIV_SANTE_CENTRE, PRIV_LOISIRS, IMMO_AGENCE, PRIV_RESTAURANT
4629;PRIVE;77;THOMERY;35;35;0;17.7;PRIV_SANTE_CABINET, PRIV_SANTE_CENTRE, PRIV_LOISIRS, IMMO_AGENCE, PRIV_BUREAU, PRIV_RESTAURANT, PRIV_COMMERCE
4630;PRIVE;64;SAINT-JEAN-DE-LUZ;14;14;0;17.6;PRIV_SANTE_CABINET, PRIV_SANTE_CENTRE, PRIV_LOISIRS, IMMO_AGENCE, PRIV_RESTAURANT
4631;PRIVE;33;LA TESTE-DE-BUCH;11;11;0;17.6;PRIV_SANTE_CABINET, PRIV_SANTE_CENTRE, PRIV_LOISIRS, IMMO_AGENCE, PRIV_BUREAU
4632;PRIVE;17;ROYAN;19;19;0;17.6;PRIV_SANTE_CABINET, PRIV_SANTE_CENTRE, PRIV_LOISIRS, IMMO_AGENCE, PRIV_BUREAU, PRIV_RESTAURANT
4633;PRIVE;78;ORGERUS;20;19;0;17.5;PRIV_SANTE_CABINET, PRIV_SANTE_CENTRE, PRIV_LOISIRS, IMMO_AGENCE, PRIV_BUREAU, PRIV_RESTAURANT
4634;PRIVE;44;VERTOU;14;14;0;17.5;PRIV_SANTE_CABINET, PRIV_SANTE_CENTRE, IMMO_AGENCE, PRIV_BUREAU
4635;PRIVE;77;LE VAUDOUE;6;6;0;17.5;PRIV_SANTE_CENTRE, IMMO_AGENCE, PRIV_BUREAU, PRIV_RESTAURANT
4636;PRIVE;91;MORSANG-SUR-SEINE;6;6;0;17.5;PRIV_SANTE_CABINET, IMMO_AGENCE, PRIV_RESTAURANT
4637;PRIVE;18;SANCERRE;4;4;0;17.5;PRIV_SANTE_CABINET, PRIV_SANTE_CENTRE, IMMO_AGENCE, PRIV_RESTAURANT
4638;PRIVE;22;LOUANNEC;4;4;0;17.5;PRIV_SANTE_CABINET, PRIV_SANTE_CENTRE, IMMO_AGENCE, PRIV_RESTAURANT
4639;PRIVE;28;LUCE;4;4;0;17.5;PRIV_SANTE_CABINET, PRIV_SANTE_CENTRE, IMMO_AGENCE, PRIV_RESTAURANT
4640;PRIVE;44;BLAIN;4;4;0;17.5;PRIV_SANTE_CABINET, PRIV_SANTE_CENTRE, IMMO_AGENCE, PRIV_BUREAU
4641;PRIVE;56;ARRADON;4;4;0;17.5;PRIV_SANTE_CABINET, PRIV_SANTE_CENTRE, IMMO_AGENCE, PRIV_BUREAU
4642;PRIVE;56;CARNAC;4;4;0;17.5;PRIV_SANTE_CENTRE, IMMO_AGENCE, PRIV_COMMERCE
4643;PRIVE;56;PLESCOP;4;4;0;17.5;PRIV_SANTE_CABINET, IMMO_AGENCE
4644;PRIVE;59;TOURCOING;4;4;0;17.5;PRIV_SANTE_CABINET, PRIV_BUREAU
4645;PRIVE;62;LE TOUQUET-PARIS-PLAGE;4;4;0;17.5;PRIV_SANTE_CABINET, PRIV_SANTE_CENTRE, IMMO_AGENCE, PRIV_BUREAU
4646;PRIVE;70;VESOUL;4;4;0;17.5;PRIV_SANTE_CABINET, PRIV_RESTAURANT
4647;PRIVE;76;CANTELEU;4;4;0;17.5;PRIV_SANTE_CABINET, PRIV_SANTE_CENTRE, IMMO_AGENCE, PRIV_BUREAU
4648;PRIVE;76;SAINTE-ADRESSE;4;4;0;17.5;PRIV_SANTE_CENTRE, IMMO_AGENCE, PRIV_BUREAU, PRIV_RESTAURANT
4649;PRIVE;77;VILLECERF;4;4;0;17.5;PRIV_SANTE_CENTRE, PRIV_BUREAU, PRIV_RESTAURANT
4650;PRIVE;78;DROCOURT;4;4;0;17.5;PRIV_BUREAU, PRIV_RESTAURANT
4651;PRIVE;83;LE MUY;4;4;0;17.5;PRIV_SANTE_CABINET, PRIV_SANTE_CENTRE, IMMO_AGENCE
4652;PRIVE;83;OLLIOULES;4;4;0;17.5;PRIV_SANTE_CABINET, IMMO_AGENCE
4653;PRIVE;84;CARPENTRAS;4;4;0;17.5;PRIV_SANTE_CABINET, IMMO_AGENCE, PRIV_BUREAU
4654;PRIVE;84;ROBION;4;4;0;17.5;PRIV_SANTE_CENTRE, IMMO_AGENCE, PRIV_RESTAURANT
4655;PRIVE;89;JOIGNY;4;4;0;17.5;PRIV_SANTE_CABINET, PRIV_SANTE_CENTRE, IMMO_AGENCE, PRIV_BUREAU
4656;PRIVE;91;ORMOY-LA-RIVIERE;4;4;0;17.5;PRIV_SANTE_CENTRE, PRIV_RESTAURANT
4657;PRIVE;974;SAINT-ANDRE;4;4;0;17.5;PRIV_SANTE_CABINET, IMMO_AGENCE, PRIV_RESTAURANT
4658;PRIVE;976;MAMOUDZOU;4;4;0;17.5;PRIV_SANTE_CABINET, IMMO_AGENCE
4659;PRIVE;01;CEYZERIAT;2;2;0;17.5;PRIV_SANTE_CENTRE, IMMO_AGENCE
4660;PRIVE;02;VIELS-MAISONS;2;2;0;17.5;PRIV_SANTE_CABINET, IMMO_AGENCE
4661;PRIVE;05;VALDOULE;2;2;0;17.5;PRIV_SANTE_CABINET, PRIV_RESTAURANT
4662;PRIVE;06;PEYMEINADE;2;2;0;17.5;PRIV_SANTE_CENTRE, IMMO_AGENCE
4663;PRIVE;06;SOSPEL;2;2;0;17.5;PRIV_SANTE_CABINET, IMMO_AGENCE
4664;PRIVE;07;JOYEUSE;2;2;0;17.5;PRIV_SANTE_CENTRE, IMMO_AGENCE
4665;PRIVE;12;LAGUIOLE;2;2;0;17.5;PRIV_SANTE_CABINET, PRIV_RESTAURANT
4666;PRIVE;13;CARNOUX-EN-PROVENCE;2;2;0;17.5;PRIV_SANTE_CABINET, PRIV_BUREAU
4667;PRIVE;13;CHARLEVAL;2;2;0;17.5;PRIV_SANTE_CENTRE, IMMO_AGENCE
4668;PRIVE;13;LA DESTROUSSE;2;2;0;17.5;PRIV_SANTE_CABINET, IMMO_AGENCE
4669;PRIVE;14;BRETTEVILLE-SUR-ODON;2;2;0;17.5;PRIV_SANTE_CENTRE, IMMO_AGENCE
4670;PRIVE;14;GLANVILLE;2;2;0;17.5;PRIV_BUREAU
4671;PRIVE;14;HOULGATE;2;2;0;17.5;PRIV_SANTE_CENTRE, PRIV_RESTAURANT
4672;PRIVE;16;RUELLE-SUR-TOUVRE;2;2;0;17.5;PRIV_SANTE_CENTRE, IMMO_AGENCE
4673;PRIVE;17;DOMPIERRE-SUR-MER;2;2;0;17.5;PRIV_SANTE_CENTRE, PRIV_RESTAURANT
4674;PRIVE;17;PUILBOREAU;2;2;0;17.5;PRIV_SANTE_CABINET, PRIV_BUREAU
4675;PRIVE;18;LA GUERCHE-SUR-L'AUBOIS;2;2;0;17.5;PRIV_SANTE_CABINET, IMMO_AGENCE
4676;PRIVE;18;PLAIMPIED-GIVAUDINS;2;2;0;17.5;PRIV_SANTE_CENTRE, PRIV_RESTAURANT
4677;PRIVE;18;SAINT-SATUR;2;2;0;17.5;PRIV_SANTE_CENTRE, IMMO_AGENCE
4678;PRIVE;22;ERQUY;2;2;0;17.5;PRIV_SANTE_CABINET, PRIV_RESTAURANT
4679;PRIVE;22;PLOUGUENAST-LANGAST;2;2;0;17.5;PRIV_SANTE_CENTRE, IMMO_AGENCE
4680;PRIVE;22;TREGUEUX;2;2;0;17.5;PRIV_SANTE_CENTRE, IMMO_AGENCE
4681;PRIVE;24;BOULAZAC ISLE MANOIRE;2;2;0;17.5;PRIV_SANTE_CENTRE, IMMO_AGENCE
4682;PRIVE;24;SAINT-JORY-DE-CHALAIS;2;2;0;17.5;PRIV_BUREAU
4683;PRIVE;27;NONANCOURT;2;2;0;17.5;PRIV_SANTE_CENTRE, PRIV_RESTAURANT
4684;PRIVE;27;RUGLES;2;2;0;17.5;PRIV_SANTE_CENTRE, IMMO_AGENCE
4685;PRIVE;28;LUISANT;2;2;0;17.5;PRIV_SANTE_CABINET, PRIV_BUREAU
4686;PRIVE;28;NOGENT LE ROTROU;2;2;0;17.5;PRIV_SANTE_CENTRE, IMMO_AGENCE
4687;PRIVE;28;SAINVILLE;2;2;0;17.5;PRIV_SANTE_CENTRE, IMMO_AGENCE
4688;PRIVE;29;PONT-CROIX;2;2;0;17.5;PRIV_SANTE_CABINET, PRIV_RESTAURANT
4689;PRIVE;2B;BIGUGLIA;2;2;0;17.5;PRIV_SANTE_CABINET, IMMO_AGENCE
4690;PRIVE;30;CAVEIRAC;2;2;0;17.5;PRIV_SANTE_CENTRE, IMMO_AGENCE
4691;PRIVE;30;GALLARGUES-LE-MONTUEUX;2;2;0;17.5;IMMO_AGENCE, PRIV_BUREAU
4692;PRIVE;31;VILLEFRANCHE-DE-LAURAGAIS;2;2;0;17.5;PRIV_SANTE_CENTRE, IMMO_AGENCE
4693;PRIVE;33;CARBON-BLANC;2;2;0;17.5;PRIV_SANTE_CENTRE, IMMO_AGENCE
4694;PRIVE;34;SAINT-AUNES;2;2;0;17.5;PRIV_SANTE_CENTRE, IMMO_AGENCE
4695;PRIVE;34;THEZAN-LES-BEZIERS;2;2;0;17.5;PRIV_SANTE_CENTRE, IMMO_AGENCE
4696;PRIVE;35;CUGUEN;2;2;0;17.5;PRIV_SANTE_CENTRE, IMMO_AGENCE
4697;PRIVE;35;LE CHATELLIER;2;2;0;17.5;PRIV_SANTE_CENTRE, PRIV_RESTAURANT
4698;PRIVE;35;VITRE;2;2;0;17.5;PRIV_SANTE_CABINET, PRIV_RESTAURANT
4699;PRIVE;37;BALLAN-MIRE;2;2;0;17.5;PRIV_SANTE_CENTRE, IMMO_AGENCE
4700;PRIVE;38;SAINT-ETIENNE-DE-SAINT-GEOIRS;2;2;0;17.5;PRIV_SANTE_CABINET, PRIV_BUREAU
4701;PRIVE;41;SALBRIS;2;2;0;17.5;PRIV_SANTE_CENTRE, PRIV_RESTAURANT
4702;PRIVE;41;SOINGS-EN-SOLOGNE;2;2;0;17.5;PRIV_SANTE_CABINET, IMMO_AGENCE
4703;PRIVE;43;LE PUY-EN-VELAY;2;2;0;17.5;PRIV_SANTE_CENTRE, IMMO_AGENCE
4704;PRIVE;44;BATZ-SUR-MER;2;2;0;17.5;PRIV_SANTE_CENTRE, IMMO_AGENCE
4705;PRIVE;44;SAUTRON;2;2;0;17.5;PRIV_SANTE_CENTRE, IMMO_AGENCE
4706;PRIVE;44;SUCE-SUR-ERDRE;2;2;0;17.5;PRIV_SANTE_CENTRE, IMMO_AGENCE
4707;PRIVE;45;BONNY-SUR-LOIRE;2;2;0;17.5;PRIV_SANTE_CENTRE, PRIV_RESTAURANT
4708;PRIVE;45;CHATEAUNEUF-SUR-LOIRE;2;2;0;17.5;PRIV_SANTE_CABINET, IMMO_AGENCE
4709;PRIVE;45;SAINT-AY;2;2;0;17.5;PRIV_SANTE_CENTRE, IMMO_AGENCE
4710;PRIVE;48;LE COLLET-DE-DEZE;2;2;0;17.5;PRIV_SANTE_CENTRE, PRIV_RESTAURANT
4711;PRIVE;49;LOIRE-AUTHION;2;2;0;17.5;PRIV_RESTAURANT
4712;PRIVE;49;LONGUE-JUMELLES;2;2;0;17.5;PRIV_SANTE_CENTRE, IMMO_AGENCE
4713;PRIVE;49;NOYANT-VILLAGES;2;2;0;17.5;PRIV_SANTE_CENTRE, IMMO_AGENCE
4714;PRIVE;49;ROCHEFORT-SUR-LOIRE;2;2;0;17.5;PRIV_SANTE_CENTRE, IMMO_AGENCE
4715;PRIVE;50;SAINT-HILAIRE-DU-HARCOUET;2;2;0;17.5;PRIV_SANTE_CENTRE, IMMO_AGENCE
4716;PRIVE;51;EPERNAY;2;2;0;17.5;PRIV_SANTE_CENTRE, IMMO_AGENCE
4717;PRIVE;55;VERDUN;2;2;0;17.5;IMMO_AGENCE, PRIV_RESTAURANT
4718;PRIVE;56;LOYAT;2;2;0;17.5;PRIV_SANTE_CENTRE, IMMO_AGENCE
4719;PRIVE;56;QUESTEMBERT;2;2;0;17.5;PRIV_SANTE_CENTRE, PRIV_RESTAURANT
4720;PRIVE;56;SAINT-PHILIBERT;2;2;0;17.5;PRIV_SANTE_CENTRE, IMMO_AGENCE
4721;PRIVE;56;SEGLIEN;2;2;0;17.5;PRIV_SANTE_CENTRE, IMMO_AGENCE
4722;PRIVE;56;SENE;2;2;0;17.5;PRIV_SANTE_CENTRE, IMMO_AGENCE
4723;PRIVE;60;LE MEUX;2;2;0;17.5;PRIV_SANTE_CABINET, PRIV_BUREAU
4724;PRIVE;61;PERCHE-EN-NOCE;2;2;0;17.5;PRIV_SANTE_CENTRE, IMMO_AGENCE
4725;PRIVE;61;RIVES D'ANDAINE;2;2;0;17.5;PRIV_SANTE_CABINET, PRIV_BUREAU
4726;PRIVE;62;NEUFCHATEL-HARDELOT;2;2;0;17.5;PRIV_SANTE_CABINET, PRIV_COMMERCE
4727;PRIVE;62;RANG-DU-FLIERS;2;2;0;17.5;PRIV_SANTE_CABINET, PRIV_BUREAU
4728;PRIVE;63;CEYRAT;2;2;0;17.5;PRIV_SANTE_CENTRE, PRIV_RESTAURANT
4729;PRIVE;63;CHATEL-GUYON;2;2;0;17.5;PRIV_SANTE_CENTRE, IMMO_AGENCE
4730;PRIVE;64;GUETHARY;2;2;0;17.5;PRIV_SANTE_CENTRE, IMMO_AGENCE
4731;PRIVE;66;BOLQUERE;2;2;0;17.5;PRIV_SANTE_CABINET, PRIV_COMMERCE
4732;PRIVE;66;LAROQUE-DES-ALBERES;2;2;0;17.5;PRIV_SANTE_CENTRE, IMMO_AGENCE
4733;PRIVE;66;POLLESTRES;2;2;0;17.5;PRIV_SANTE_CABINET, PRIV_BUREAU
4734;PRIVE;66;TORREILLES;2;2;0;17.5;PRIV_SANTE_CENTRE, IMMO_AGENCE
4735;PRIVE;66;TOULOUGES;2;2;0;17.5;PRIV_SANTE_CENTRE, IMMO_AGENCE
4736;PRIVE;69;CHAPONOST;2;2;0;17.5;PRIV_SANTE_CENTRE, IMMO_AGENCE
4737;PRIVE;69;CHASSELAY;2;2;0;17.5;PRIV_SANTE_CABINET, PRIV_BUREAU
4738;PRIVE;69;CHASSIEU;2;2;0;17.5;PRIV_SANTE_CABINET, IMMO_AGENCE
4739;PRIVE;69;DECINES-CHARPIEU;2;2;0;17.5;PRIV_SANTE_CABINET, PRIV_COMMERCE
4740;PRIVE;69;FONTAINES-SAINT-MARTIN;2;2;0;17.5;PRIV_SANTE_CABINET, PRIV_BUREAU
4741;PRIVE;69;GENAS;2;2;0;17.5;IMMO_AGENCE, PRIV_BUREAU
4742;PRIVE;69;SAINT-CYR-AU-MONT-D'OR;2;2;0;17.5;PRIV_SANTE_CENTRE, IMMO_AGENCE
4743;PRIVE;74;LA CLUSAZ;2;2;0;17.5;PRIV_SANTE_CENTRE, IMMO_AGENCE
4744;PRIVE;74;MESSERY;2;2;0;17.5;PRIV_SANTE_CENTRE, IMMO_AGENCE
4745;PRIVE;74;VILLE-LA-GRAND;2;2;0;17.5;PRIV_SANTE_CENTRE, IMMO_AGENCE
4746;PRIVE;76;AUMALE;2;2;0;17.5;PRIV_SANTE_CENTRE, IMMO_AGENCE
4747;PRIVE;76;ELBEUF;2;2;0;17.5;PRIV_SANTE_CENTRE, PRIV_RESTAURANT
4748;PRIVE;77;CITRY;2;2;0;17.5;PRIV_SANTE_CENTRE, IMMO_AGENCE
4749;PRIVE;77;COMBS LA VILLE;2;2;0;17.5;IMMO_AGENCE, PRIV_BUREAU
4750;PRIVE;77;DIANT;2;2;0;17.5;PRIV_SANTE_CENTRE, IMMO_AGENCE
4751;PRIVE;77;ETREPILLY;2;2;0;17.5;IMMO_AGENCE
4752;PRIVE;77;LA CHAPELLE-SAINT-SULPICE;2;2;0;17.5;PRIV_SANTE_CENTRE, IMMO_AGENCE
4753;PRIVE;77;NANTEAU-SUR-LUNAIN;2;2;0;17.5;PRIV_SANTE_CENTRE, IMMO_AGENCE
4754;PRIVE;77;PECY;2;2;0;17.5;PRIV_SANTE_CENTRE, PRIV_RESTAURANT
4755;PRIVE;77;POIGNY;2;2;0;17.5;PRIV_BUREAU, PRIV_RESTAURANT
4756;PRIVE;77;SANCY-LES-PROVINS;2;2;0;17.5;PRIV_BUREAU, PRIV_RESTAURANT
4757;PRIVE;77;VILLEROY;2;2;0;17.5;PRIV_BUREAU, PRIV_RESTAURANT
4758;PRIVE;78;BOISSETS;2;2;0;17.5;PRIV_SANTE_CENTRE, IMMO_AGENCE
4759;PRIVE;78;GOMMECOURT;2;2;0;17.5;PRIV_SANTE_CENTRE, IMMO_AGENCE
4760;PRIVE;78;JUMEAUVILLE;2;2;0;17.5;IMMO_AGENCE, PRIV_BUREAU
4761;PRIVE;78;QUEUE-LES-YVELINES (LA);2;2;0;17.5;IMMO_AGENCE
4762;PRIVE;78;VERT;2;2;0;17.5;PRIV_BUREAU, PRIV_RESTAURANT
4763;PRIVE;79;THOUARS;2;2;0;17.5;PRIV_SANTE_CENTRE, IMMO_AGENCE
4764;PRIVE;81;RABASTENS;2;2;0;17.5;PRIV_SANTE_CENTRE, IMMO_AGENCE
4765;PRIVE;81;REALMONT;2;2;0;17.5;PRIV_SANTE_CENTRE, IMMO_AGENCE
4766;PRIVE;81;VALENCE-D'ALBIGEOIS;2;2;0;17.5;PRIV_SANTE_CABINET, PRIV_BUREAU
4767;PRIVE;82;MOLIERES;2;2;0;17.5;PRIV_BUREAU, PRIV_RESTAURANT
4768;PRIVE;83;CALLAS;2;2;0;17.5;PRIV_SANTE_CENTRE, IMMO_AGENCE
4769;PRIVE;83;CUERS;2;2;0;17.5;PRIV_SANTE_CENTRE, IMMO_AGENCE
4770;PRIVE;83;FAYENCE;2;2;0;17.5;PRIV_SANTE_CABINET, IMMO_AGENCE
4771;PRIVE;83;LA MOTTE;2;2;0;17.5;PRIV_SANTE_CENTRE, IMMO_AGENCE
4772;PRIVE;83;SIGNES;2;2;0;17.5;PRIV_BUREAU
4773;PRIVE;84;GORDES;2;2;0;17.5;PRIV_SANTE_CABINET, PRIV_BUREAU
4774;PRIVE;84;LA TOUR-D'AIGUES;2;2;0;17.5;PRIV_SANTE_CENTRE, IMMO_AGENCE
4775;PRIVE;84;SAINTE-CECILE-LES-VIGNES;2;2;0;17.5;PRIV_SANTE_CABINET, PRIV_BUREAU
4776;PRIVE;85;AUBIGNY-LES CLOUZEAUX;2;2;0;17.5;PRIV_SANTE_CENTRE, IMMO_AGENCE
4777;PRIVE;85;LA FERRIERE;2;2;0;17.5;PRIV_SANTE_CENTRE, IMMO_AGENCE
4778;PRIVE;87;SAINT-YRIEIX-LA-PERCHE;2;2;0;17.5;PRIV_SANTE_CABINET, PRIV_COMMERCE
4779;PRIVE;89;LA CHAPELLE-SUR-OREUSE;2;2;0;17.5;PRIV_SANTE_CENTRE, IMMO_AGENCE
4780;PRIVE;89;SAINT-FARGEAU;2;2;0;17.5;PRIV_SANTE_CENTRE, IMMO_AGENCE
4781;PRIVE;89;SERGINES;2;2;0;17.5;PRIV_SANTE_CENTRE, IMMO_AGENCE
4782;PRIVE;89;VILLEBLEVIN;2;2;0;17.5;PRIV_SANTE_CENTRE, PRIV_RESTAURANT
4783;PRIVE;91;PUISELET-LE-MARAIS;2;2;0;17.5;PRIV_SANTE_CENTRE, IMMO_AGENCE
4784;PRIVE;95;ARRONVILLE;2;2;0;17.5;IMMO_AGENCE, PRIV_BUREAU
4785;PRIVE;971;BOUILLANTE;2;2;0;17.5;PRIV_SANTE_CABINET, IMMO_AGENCE
4786;PRIVE;974;PETITE-ILE;2;2;0;17.5;PRIV_SANTE_CABINET, PRIV_BUREAU
4787;PRIVE;78;RICHEBOURG;11;10;0;17.5;PRIV_SANTE_CENTRE, PRIV_LOISIRS, IMMO_AGENCE, PRIV_BUREAU, PRIV_RESTAURANT
4788;PRIVE;06;BIOT;9;9;0;17.4;PRIV_SANTE_CABINET, PRIV_SANTE_CENTRE, PRIV_LOISIRS, IMMO_AGENCE, PRIV_RESTAURANT, PRIV_COMMERCE
4789;PRIVE;67;HAGUENAU;9;9;0;17.4;PRIV_SANTE_CABINET, PRIV_SANTE_CENTRE, PRIV_LOISIRS, IMMO_AGENCE, PRIV_BUREAU
4790;PRIVE;44;REZE;14;14;0;17.4;PRIV_SANTE_CABINET, PRIV_SANTE_CENTRE, PRIV_LOISIRS, IMMO_AGENCE
4791;PRIVE;77;BETON-BAZOCHES;7;7;0;17.4;PRIV_SANTE_CABINET, PRIV_SANTE_CENTRE, PRIV_LOISIRS, PRIV_RESTAURANT
4792;PRIVE;971;POINTE-A-PITRE;7;7;0;17.4;PRIV_SANTE_CABINET, PRIV_SANTE_CENTRE, PRIV_LOISIRS, IMMO_AGENCE, PRIV_RESTAURANT
4793;PRIVE;77;LA FERTE-GAUCHER;32;32;0;17.4;PRIV_SANTE_CABINET, PRIV_SANTE_CENTRE, PRIV_LOISIRS, IMMO_AGENCE, PRIV_BUREAU, PRIV_RESTAURANT, PRIV_COMMERCE
4794;PRIVE;974;SAINT-DENIS;45;45;0;17.4;PRIV_SANTE_CABINET, PRIV_SANTE_CENTRE, PRIV_LOISIRS, IMMO_AGENCE, PRIV_BUREAU, PRIV_RESTAURANT
4795;PRIVE;40;MIMIZAN;5;5;0;17.4;PRIV_SANTE_CABINET, PRIV_SANTE_CENTRE, PRIV_LOISIRS, IMMO_AGENCE
4796;PRIVE;44;LE POULIGUEN;5;5;0;17.4;PRIV_SANTE_CENTRE, PRIV_LOISIRS, IMMO_AGENCE
4797;PRIVE;56;CRACH;5;5;0;17.4;PRIV_SANTE_CABINET, PRIV_SANTE_CENTRE, PRIV_LOISIRS, IMMO_AGENCE, PRIV_RESTAURANT
4798;PRIVE;77;TOUQUIN;5;5;0;17.4;PRIV_SANTE_CABINET, PRIV_SANTE_CENTRE, PRIV_LOISIRS, PRIV_RESTAURANT
4799;PRIVE;77;LORREZ-LE-BOCAGE-PREAUX;13;13;0;17.4;PRIV_SANTE_CABINET, PRIV_SANTE_CENTRE, PRIV_LOISIRS, IMMO_AGENCE, PRIV_BUREAU, PRIV_RESTAURANT, PRIV_COMMERCE
4800;PRIVE;77;BARBIZON;34;34;0;17.4;PRIV_SANTE_CABINET, PRIV_SANTE_CENTRE, PRIV_LOISIRS, IMMO_AGENCE, PRIV_BUREAU, PRIV_RESTAURANT
4801;PRIVE;77;SAINT-MAMMES;17;16;0;17.4;PRIV_SANTE_CABINET, PRIV_SANTE_CENTRE, PRIV_LOISIRS, IMMO_AGENCE, PRIV_RESTAURANT
4802;PRIVE;78;NEAUPHLE-LE-VIEUX;9;9;0;17.3;PRIV_LOISIRS, IMMO_AGENCE, PRIV_BUREAU, PRIV_RESTAURANT
4803;PRIVE;78;TACOIGNIERES;9;9;0;17.3;PRIV_SANTE_CENTRE, PRIV_LOISIRS, IMMO_AGENCE
4804;PRIVE;77;ISLES-LES-VILLENOY;6;6;0;17.3;PRIV_SANTE_CABINET, PRIV_LOISIRS, IMMO_AGENCE, PRIV_RESTAURANT
4805;PRIVE;13;LAMBESC;3;3;0;17.3;PRIV_SANTE_CENTRE, PRIV_LOISIRS, IMMO_AGENCE
4806;PRIVE;13;MALLEMORT;3;3;0;17.3;PRIV_SANTE_CABINET, PRIV_LOISIRS
4807;PRIVE;2A;PROPRIANO;3;3;0;17.3;PRIV_SANTE_CABINET, PRIV_LOISIRS
4808;PRIVE;33;LE TEICH;3;3;0;17.3;PRIV_SANTE_CENTRE, PRIV_LOISIRS, PRIV_BUREAU
4809;PRIVE;40;MORCENX-LA-NOUVELLE;3;3;0;17.3;PRIV_SANTE_CENTRE, PRIV_LOISIRS, IMMO_AGENCE
4810;PRIVE;53;SAINT-PIERRE-DES-NIDS;3;3;0;17.3;PRIV_LOISIRS, IMMO_AGENCE, PRIV_COMMERCE
4811;PRIVE;69;FRANCHEVILLE;3;3;0;17.3;PRIV_SANTE_CENTRE, PRIV_LOISIRS, IMMO_AGENCE
4812;PRIVE;73;LES BELLEVILLE;3;3;0;17.3;PRIV_LOISIRS, PRIV_RESTAURANT
4813;PRIVE;74;GAILLARD;3;3;0;17.3;PRIV_SANTE_CENTRE, PRIV_LOISIRS, PRIV_COMMERCE
4814;PRIVE;74;THOLLON-LES-MEMISES;3;3;0;17.3;PRIV_SANTE_CABINET, PRIV_LOISIRS, IMMO_AGENCE
4815;PRIVE;77;COULOMBS-EN-VALOIS;3;3;0;17.3;PRIV_SANTE_CENTRE, PRIV_LOISIRS, PRIV_BUREAU
4816;PRIVE;77;JUTIGNY;3;3;0;17.3;PRIV_SANTE_CENTRE, PRIV_LOISIRS, PRIV_RESTAURANT
4817;PRIVE;77;MESSY;3;3;0;17.3;PRIV_LOISIRS, IMMO_AGENCE, PRIV_RESTAURANT
4818;PRIVE;77;SAINT-LOUP-DE-NAUD;3;3;0;17.3;PRIV_SANTE_CENTRE, PRIV_LOISIRS, PRIV_BUREAU
4819;PRIVE;80;ABBEVILLE;3;3;0;17.3;PRIV_SANTE_CENTRE, PRIV_LOISIRS, PRIV_BUREAU
4820;PRIVE;69;CALUIRE-ET-CUIRE;13;13;0;17.3;PRIV_SANTE_CABINET, PRIV_SANTE_CENTRE, IMMO_AGENCE, PRIV_BUREAU
4821;PRIVE;33;LE BOUSCAT;17;17;0;17.3;PRIV_SANTE_CABINET, PRIV_SANTE_CENTRE, PRIV_LOISIRS, IMMO_AGENCE, PRIV_COMMERCE
4822;PRIVE;31;PIBRAC;4;4;0;17.2;PRIV_SANTE_CABINET, PRIV_LOISIRS, IMMO_AGENCE
4823;PRIVE;32;AUCH;4;4;0;17.2;PRIV_SANTE_CABINET, PRIV_SANTE_CENTRE, PRIV_LOISIRS
4824;PRIVE;34;PEROLS;4;4;0;17.2;PRIV_SANTE_CENTRE, PRIV_LOISIRS, PRIV_RESTAURANT
4825;PRIVE;66;VILLENEUVE-DE-LA-RAHO;4;4;0;17.2;PRIV_SANTE_CABINET, PRIV_SANTE_CENTRE, PRIV_LOISIRS
4826;PRIVE;77;MONTCEAUX-LES-MEAUX;4;4;0;17.2;PRIV_SANTE_CENTRE, PRIV_LOISIRS, PRIV_RESTAURANT
4827;PRIVE;77;REUIL-EN-BRIE;4;4;0;17.2;PRIV_SANTE_CABINET, PRIV_LOISIRS, PRIV_BUREAU
4828;PRIVE;91;RICHARVILLE;4;4;0;17.2;PRIV_LOISIRS, PRIV_BUREAU
4829;PRIVE;77;MAROLLES-SUR-SEINE;9;9;0;17.2;PRIV_SANTE_CABINET, PRIV_SANTE_CENTRE, IMMO_AGENCE, PRIV_RESTAURANT, PRIV_COMMERCE
4830;PRIVE;77;PROVINS;135;131;0;17.2;PRIV_SANTE_CABINET, PRIV_SANTE_CENTRE, PRIV_LOISIRS, IMMO_AGENCE, PRIV_BUREAU, PRIV_RESTAURANT, PRIV_COMMERCE
4831;PRIVE;77;LA GENEVRAYE;10;10;0;17.2;PRIV_SANTE_CENTRE, PRIV_LOISIRS, IMMO_AGENCE, PRIV_BUREAU, PRIV_RESTAURANT
4832;PRIVE;95;ABLEIGES;10;10;0;17.2;PRIV_LOISIRS, PRIV_BUREAU, IMMO_AGENCE
4833;PRIVE;77;SAINT-MARTIN-DES-CHAMPS;5;5;0;17.2;PRIV_SANTE_CENTRE, PRIV_LOISIRS
4834;PRIVE;78;LAINVILLE-EN-VEXIN;5;5;0;17.2;PRIV_LOISIRS, IMMO_AGENCE, PRIV_BUREAU
4835;PRIVE;971;LE GOSIER;16;16;0;17.2;PRIV_SANTE_CABINET, PRIV_SANTE_CENTRE, PRIV_LOISIRS, IMMO_AGENCE, PRIV_RESTAURANT
4836;PRIVE;17;SAINT-GEORGES-DE-DIDONNE;7;7;0;17.1;PRIV_SANTE_CABINET, PRIV_SANTE_CENTRE, IMMO_AGENCE, PRIV_RESTAURANT
4837;PRIVE;37;SAINT-CYR-SUR-LOIRE;7;7;0;17.1;PRIV_SANTE_CABINET, PRIV_SANTE_CENTRE, IMMO_AGENCE
4838;PRIVE;57;THIONVILLE;8;8;0;17.1;PRIV_SANTE_CABINET, PRIV_SANTE_CENTRE, PRIV_LOISIRS, IMMO_AGENCE, PRIV_BUREAU
4839;PRIVE;34;BEZIERS;13;13;0;17.1;PRIV_SANTE_CABINET, PRIV_SANTE_CENTRE, PRIV_LOISIRS, IMMO_AGENCE, PRIV_RESTAURANT
4840;PRIVE;76;ROUEN;41;41;0;17.1;PRIV_SANTE_CABINET, PRIV_SANTE_CENTRE, PRIV_LOISIRS, IMMO_AGENCE, PRIV_BUREAU, PRIV_RESTAURANT, PRIV_COMMERCE
4841;PRIVE;972;FORT-DE-FRANCE;26;26;0;17.0;PRIV_SANTE_CABINET, PRIV_SANTE_CENTRE, PRIV_LOISIRS, IMMO_AGENCE, PRIV_BUREAU, PRIV_RESTAURANT
4842;PRIVE;971;BAIE-MAHAULT;12;12;0;17.0;PRIV_SANTE_CABINET, PRIV_SANTE_CENTRE, PRIV_LOISIRS, IMMO_AGENCE, PRIV_RESTAURANT
4843;PRIVE;47;AGEN;10;10;0;17.0;PRIV_SANTE_CABINET, PRIV_SANTE_CENTRE, IMMO_AGENCE, PRIV_RESTAURANT
4844;PRIVE;77;LONGUEVILLE;7;7;0;17.0;PRIV_SANTE_CABINET, PRIV_LOISIRS, PRIV_BUREAU, PRIV_RESTAURANT
4845;PRIVE;10;NOGENT-SUR-SEINE;6;6;0;17.0;PRIV_SANTE_CENTRE, PRIV_LOISIRS, IMMO_AGENCE, PRIV_RESTAURANT
4846;PRIVE;13;VENELLES;6;6;0;17.0;PRIV_SANTE_CENTRE, PRIV_LOISIRS, IMMO_AGENCE, PRIV_BUREAU
4847;PRIVE;14;CABOURG;6;6;0;17.0;PRIV_SANTE_CABINET, PRIV_SANTE_CENTRE, PRIV_LOISIRS, IMMO_AGENCE
4848;PRIVE;77;MONTCOURT-FROMONVILLE;6;6;0;17.0;PRIV_SANTE_CABINET, PRIV_SANTE_CENTRE, PRIV_LOISIRS, IMMO_AGENCE, PRIV_RESTAURANT
4849;PRIVE;81;CASTRES;6;6;0;17.0;PRIV_SANTE_CABINET, PRIV_LOISIRS, IMMO_AGENCE
4850;PRIVE;33;SAINT-AUBIN-DE-MEDOC;5;5;0;17.0;PRIV_SANTE_CABINET, IMMO_AGENCE, PRIV_BUREAU
4851;PRIVE;34;MARSEILLAN;5;5;0;17.0;PRIV_SANTE_CABINET, PRIV_SANTE_CENTRE, IMMO_AGENCE
4852;PRIVE;35;PACE;5;5;0;17.0;PRIV_SANTE_CABINET, IMMO_AGENCE, PRIV_BUREAU
4853;PRIVE;42;ROANNE;5;5;0;17.0;PRIV_SANTE_CABINET, PRIV_SANTE_CENTRE, PRIV_BUREAU, PRIV_RESTAURANT, PRIV_COMMERCE
4854;PRIVE;51;MONTMIRAIL;5;5;0;17.0;PRIV_SANTE_CABINET, PRIV_SANTE_CENTRE, IMMO_AGENCE, PRIV_RESTAURANT
4855;PRIVE;52;CHAUMONT;5;5;0;17.0;PRIV_SANTE_CABINET, PRIV_SANTE_CENTRE, PRIV_BUREAU, PRIV_RESTAURANT
4856;PRIVE;56;THEIX-NOYALO;5;5;0;17.0;PRIV_SANTE_CABINET, PRIV_SANTE_CENTRE, IMMO_AGENCE, PRIV_BUREAU
4857;PRIVE;78;NOTRE-DAME-DE-LA-MER;5;5;0;17.0;PRIV_SANTE_CENTRE, PRIV_RESTAURANT
4858;PRIVE;972;LE LAMENTIN;5;5;0;17.0;PRIV_SANTE_CABINET, PRIV_SANTE_CENTRE, IMMO_AGENCE, PRIV_RESTAURANT
4859;PRIVE;27;SAINT-MARCEL;3;3;0;17.0;PRIV_LOISIRS
4860;PRIVE;77;CUISY;2;2;0;17.0;PRIV_LOISIRS
4861;PRIVE;78;LA FALAISE;2;2;0;17.0;PRIV_LOISIRS
4862;PRIVE;78;MONTFORT L'AMAURY;2;2;0;17.0;PRIV_LOISIRS
4863;PRIVE;10;COCLOIS;1;1;0;17.0;PRIV_LOISIRS
4864;PRIVE;27;BROSVILLE;1;1;0;17.0;PRIV_LOISIRS
4865;PRIVE;2B;OCCHIATANA;1;1;0;17.0;PRIV_LOISIRS
4866;PRIVE;36;BEAULIEU;1;1;0;17.0;PRIV_LOISIRS
4867;PRIVE;37;SORIGNY;1;1;0;17.0;PRIV_LOISIRS
4868;PRIVE;42;RIORGES;1;1;0;17.0;PRIV_LOISIRS
4869;PRIVE;53;FORCE;1;1;0;17.0;PRIV_LOISIRS
4870;PRIVE;60;APPILLY;1;1;0;17.0;PRIV_LOISIRS
4871;PRIVE;60;APREMONT;1;1;0;17.0;PRIV_LOISIRS
4872;PRIVE;60;CIRES-LES-MELLO;1;1;0;17.0;PRIV_LOISIRS
4873;PRIVE;60;FLEURY;1;1;0;17.0;PRIV_LOISIRS
4874;PRIVE;60;LA DRENNE;1;1;0;17.0;PRIV_LOISIRS
4875;PRIVE;60;LORMAISON;1;1;0;17.0;PRIV_LOISIRS
4876;PRIVE;60;NOVILLERS;1;1;0;17.0;PRIV_LOISIRS
4877;PRIVE;60;VILLENEUVE-LES-SABLONS;1;1;0;17.0;PRIV_LOISIRS
4878;PRIVE;60;VILLERS-SAINT-PAUL;1;1;0;17.0;PRIV_LOISIRS
4879;PRIVE;60;VILLERS-SOUS-SAINT-LEU;1;1;0;17.0;PRIV_LOISIRS
4880;PRIVE;64;ESPELETTE;1;1;0;17.0;PRIV_LOISIRS
4881;PRIVE;77;ECRENNES (LES);1;1;0;17.0;PRIV_LOISIRS
4882;PRIVE;77;MONTEREAU-SUR-LE-JARD;1;1;0;17.0;PRIV_LOISIRS
4883;PRIVE;77;PUISIEUX;1;1;0;17.0;PRIV_LOISIRS
4884;PRIVE;77;SAINT-FIACRE;1;1;0;17.0;PRIV_LOISIRS
4885;PRIVE;77;VERNOU-LA-CELLE-SUR-SEIN;1;1;0;17.0;PRIV_LOISIRS
4886;PRIVE;78;BREUIL-BOIS-ROBERT;1;1;0;17.0;PRIV_LOISIRS
4887;PRIVE;81;PUYCALVEL;1;1;0;17.0;PRIV_LOISIRS
4888;PRIVE;84;OPPEDE;1;1;0;17.0;PRIV_LOISIRS
4889;PRIVE;95;BANTHELU;1;1;0;17.0;PRIV_LOISIRS
4890;PRIVE;95;BREANCON;1;1;0;17.0;PRIV_LOISIRS
4891;PRIVE;77;MAUPERTHUIS;10;10;0;16.9;PRIV_SANTE_CENTRE, PRIV_LOISIRS, IMMO_AGENCE, PRIV_RESTAURANT
4892;PRIVE;77;ARBONNE-LA-FORET;9;9;0;16.9;PRIV_SANTE_CENTRE, PRIV_LOISIRS, IMMO_AGENCE, PRIV_BUREAU, PRIV_RESTAURANT
4893;PRIVE;13;EGUILLES;8;8;0;16.9;PRIV_SANTE_CABINET, PRIV_SANTE_CENTRE, IMMO_AGENCE, PRIV_BUREAU
4894;PRIVE;67;SCHILTIGHEIM;8;8;0;16.9;PRIV_SANTE_CENTRE, IMMO_AGENCE
4895;PRIVE;91;BOISSY-LE-CUTTE;8;8;0;16.9;IMMO_AGENCE, PRIV_BUREAU, PRIV_RESTAURANT
4896;PRIVE;06;NICE;173;173;0;16.9;PRIV_SANTE_CABINET, PRIV_SANTE_CENTRE, PRIV_LOISIRS, IMMO_AGENCE, PRIV_BUREAU, PRIV_RESTAURANT, PRIV_COMMERCE
4897;PRIVE;77;JABLINES;11;11;0;16.8;PRIV_LOISIRS, IMMO_AGENCE, PRIV_BUREAU, PRIV_RESTAURANT
4898;PRIVE;77;CHAMBRY;5;5;0;16.8;PRIV_LOISIRS, IMMO_AGENCE, PRIV_BUREAU
4899;PRIVE;83;SAINTE-MAXIME;14;14;0;16.8;PRIV_SANTE_CENTRE, IMMO_AGENCE, PRIV_BUREAU, PRIV_RESTAURANT
4900;PRIVE;64;BIARRITZ;32;32;0;16.8;PRIV_SANTE_CABINET, PRIV_SANTE_CENTRE, PRIV_LOISIRS, IMMO_AGENCE, PRIV_BUREAU, PRIV_RESTAURANT
4901;PRIVE;54;NANCY;9;9;0;16.8;PRIV_SANTE_CABINET, PRIV_LOISIRS, PRIV_BUREAU, PRIV_RESTAURANT
4902;PRIVE;17;LA FLOTTE;4;4;0;16.8;PRIV_SANTE_CENTRE, PRIV_LOISIRS, IMMO_AGENCE, PRIV_RESTAURANT
4903;PRIVE;22;PLOUFRAGAN;4;4;0;16.8;PRIV_SANTE_CABINET, PRIV_SANTE_CENTRE, PRIV_LOISIRS, IMMO_AGENCE
4904;PRIVE;59;MOUVAUX;4;4;0;16.8;PRIV_SANTE_CABINET, PRIV_SANTE_CENTRE, PRIV_LOISIRS, IMMO_AGENCE
4905;PRIVE;62;BOULOGNE-SUR-MER;4;4;0;16.8;PRIV_SANTE_CENTRE, PRIV_LOISIRS, IMMO_AGENCE, PRIV_RESTAURANT
4906;PRIVE;76;SOTTEVILLE-LES-ROUEN;4;4;0;16.8;PRIV_SANTE_CABINET, PRIV_SANTE_CENTRE, PRIV_LOISIRS, PRIV_RESTAURANT
4907;PRIVE;78;BOISSY-SANS-AVOIR;4;4;0;16.8;PRIV_LOISIRS, IMMO_AGENCE, PRIV_BUREAU, PRIV_RESTAURANT
4908;PRIVE;84;PERTUIS;4;4;0;16.8;PRIV_SANTE_CABINET, PRIV_SANTE_CENTRE, PRIV_LOISIRS, PRIV_RESTAURANT
4909;PRIVE;77;SIVRY-COURTRY;7;7;0;16.7;PRIV_SANTE_CENTRE, PRIV_LOISIRS, IMMO_AGENCE, PRIV_BUREAU, PRIV_RESTAURANT
4910;PRIVE;77;CHAMPAGNE-SUR-SEINE;30;29;0;16.7;PRIV_SANTE_CABINET, PRIV_SANTE_CENTRE, PRIV_LOISIRS, IMMO_AGENCE, PRIV_BUREAU, PRIV_RESTAURANT, PRIV_COMMERCE
4911;PRIVE;77;MONTIGNY-SUR-LOING;30;30;0;16.7;PRIV_SANTE_CABINET, PRIV_SANTE_CENTRE, PRIV_LOISIRS, IMMO_AGENCE, PRIV_BUREAU, PRIV_RESTAURANT, PRIV_COMMERCE
4912;PRIVE;77;VOULX;16;16;0;16.7;PRIV_SANTE_CABINET, PRIV_SANTE_CENTRE, PRIV_LOISIRS, IMMO_AGENCE, PRIV_BUREAU, PRIV_RESTAURANT
4913;PRIVE;34;FRONTIGNAN;6;6;0;16.7;PRIV_SANTE_CABINET, PRIV_SANTE_CENTRE, IMMO_AGENCE, PRIV_BUREAU, PRIV_RESTAURANT
4914;PRIVE;02;MONTREUIL-AUX-LIONS;3;3;0;16.7;IMMO_AGENCE, PRIV_BUREAU, PRIV_RESTAURANT
4915;PRIVE;06;LE ROURET;3;3;0;16.7;PRIV_SANTE_CENTRE, IMMO_AGENCE, PRIV_COMMERCE
4916;PRIVE;13;CARRY-LE-ROUET;3;3;0;16.7;PRIV_SANTE_CENTRE, IMMO_AGENCE, PRIV_COMMERCE
4917;PRIVE;14;HEROUVILLE-SAINT-CLAIR;3;3;0;16.7;PRIV_SANTE_CABINET, IMMO_AGENCE
4918;PRIVE;18;VIERZON;3;3;0;16.7;PRIV_SANTE_CABINET, IMMO_AGENCE, PRIV_BUREAU
4919;PRIVE;28;TREMBLAY-LES-VILLAGES;3;3;0;16.7;PRIV_SANTE_CENTRE, IMMO_AGENCE, PRIV_BUREAU
4920;PRIVE;29;CONCARNEAU;3;3;0;16.7;PRIV_SANTE_CENTRE, IMMO_AGENCE, PRIV_BUREAU
4921;PRIVE;30;SAINT-JEAN-DU-GARD;3;3;0;16.7;PRIV_SANTE_CABINET, IMMO_AGENCE
4922;PRIVE;31;LABARTHE-SUR-LEZE;3;3;0;16.7;PRIV_SANTE_CABINET, PRIV_RESTAURANT
4923;PRIVE;31;ROQUES;3;3;0;16.7;PRIV_SANTE_CABINET, IMMO_AGENCE
4924;PRIVE;31;VILLENEUVE-TOLOSANE;3;3;0;16.7;PRIV_SANTE_CABINET, IMMO_AGENCE
4925;PRIVE;44;GRANDCHAMP-DES-FONTAINES;3;3;0;16.7;PRIV_SANTE_CABINET, IMMO_AGENCE
4926;PRIVE;45;CHATILLON-COLIGNY;3;3;0;16.7;PRIV_SANTE_CENTRE, IMMO_AGENCE, PRIV_BUREAU
4927;PRIVE;45;LA FERTE-SAINT-AUBIN;3;3;0;16.7;PRIV_SANTE_CABINET, PRIV_RESTAURANT
4928;PRIVE;47;PONT-DU-CASSE;3;3;0;16.7;PRIV_SANTE_CABINET, PRIV_BUREAU
4929;PRIVE;54;NEUVES-MAISONS;3;3;0;16.7;PRIV_SANTE_CABINET, IMMO_AGENCE
4930;PRIVE;54;VANDŒUVRE-LES-NANCY;3;3;0;16.7;PRIV_SANTE_CABINET, IMMO_AGENCE, PRIV_RESTAURANT
4931;PRIVE;60;LACROIX-SAINT-OUEN;3;3;0;16.7;PRIV_SANTE_CABINET, IMMO_AGENCE
4932;PRIVE;62;BERCK;3;3;0;16.7;PRIV_SANTE_CENTRE, IMMO_AGENCE, PRIV_BUREAU
4933;PRIVE;69;VAULX-EN-VELIN;3;3;0;16.7;PRIV_SANTE_CABINET, IMMO_AGENCE
4934;PRIVE;71;CLUNY;3;3;0;16.7;PRIV_SANTE_CABINET, PRIV_BUREAU, PRIV_RESTAURANT
4935;PRIVE;73;LA MOTTE-SERVOLEX;3;3;0;16.7;PRIV_SANTE_CENTRE, IMMO_AGENCE, PRIV_BUREAU
4936;PRIVE;82;BEAUMONT-DE-LOMAGNE;3;3;0;16.7;PRIV_SANTE_CABINET, PRIV_RESTAURANT
4937;PRIVE;83;BRIGNOLES;3;3;0;16.7;PRIV_SANTE_CENTRE, IMMO_AGENCE
4938;PRIVE;83;PUGET-VILLE;3;3;0;16.7;PRIV_SANTE_CENTRE, IMMO_AGENCE, PRIV_BUREAU
4939;PRIVE;85;BREM-SUR-MER;3;3;0;16.7;PRIV_SANTE_CENTRE, IMMO_AGENCE, PRIV_BUREAU
4940;PRIVE;85;LONGEVILLE-SUR-MER;3;3;0;16.7;PRIV_SANTE_CENTRE, IMMO_AGENCE, PRIV_COMMERCE
4941;PRIVE;91;MAUCHAMPS;3;3;0;16.7;IMMO_AGENCE, PRIV_BUREAU
4942;PRIVE;972;LE MARIN;3;3;0;16.7;PRIV_SANTE_CABINET, IMMO_AGENCE
4943;PRIVE;972;SCHŒLCHER;11;11;0;16.6;PRIV_SANTE_CABINET, PRIV_SANTE_CENTRE, PRIV_LOISIRS, IMMO_AGENCE
4944;PRIVE;77;MONTEREAU-FAULT-YONNE;122;121;0;16.6;PRIV_SANTE_CABINET, PRIV_SANTE_CENTRE, PRIV_LOISIRS, IMMO_AGENCE, PRIV_BUREAU, PRIV_RESTAURANT, PRIV_COMMERCE
4945;PRIVE;81;ALBI;15;15;0;16.6;PRIV_SANTE_CABINET, PRIV_SANTE_CENTRE, PRIV_LOISIRS, IMMO_AGENCE, PRIV_BUREAU
4946;PRIVE;91;MOIGNY-SUR-ECOLE;10;10;0;16.6;PRIV_SANTE_CENTRE, PRIV_LOISIRS, IMMO_AGENCE
4947;PRIVE;77;SAINT-REMY-DE-LA-VANNE;5;5;0;16.6;PRIV_LOISIRS, PRIV_BUREAU
4948;PRIVE;78;HOUDAN;69;69;0;16.6;PRIV_SANTE_CENTRE, PRIV_SANTE_CABINET, PRIV_LOISIRS, IMMO_AGENCE, PRIV_BUREAU, PRIV_RESTAURANT
4949;PRIVE;77;COULOMMIERS;147;145;0;16.6;PRIV_LOISIRS, PRIV_SANTE_CABINET, PRIV_SANTE_CENTRE, IMMO_AGENCE, PRIV_BUREAU, PRIV_RESTAURANT, PRIV_COMMERCE
4950;PRIVE;33;BEGLES;9;9;0;16.6;PRIV_SANTE_CABINET, PRIV_SANTE_CENTRE, PRIV_LOISIRS, IMMO_AGENCE, PRIV_BUREAU
4951;PRIVE;973;CAYENNE;9;9;0;16.6;PRIV_SANTE_CABINET, PRIV_SANTE_CENTRE, PRIV_LOISIRS, IMMO_AGENCE, PRIV_BUREAU
4952;PRIVE;77;NOISY-SUR-ECOLE;11;11;0;16.5;PRIV_SANTE_CABINET, PRIV_SANTE_CENTRE, PRIV_LOISIRS, IMMO_AGENCE, PRIV_BUREAU, PRIV_RESTAURANT
4953;PRIVE;83;FREJUS;21;21;0;16.5;PRIV_SANTE_CABINET, PRIV_SANTE_CENTRE, PRIV_LOISIRS, IMMO_AGENCE, PRIV_COMMERCE
4954;PRIVE;83;SAINT-RAPHAEL;34;34;0;16.5;PRIV_SANTE_CABINET, PRIV_SANTE_CENTRE, PRIV_LOISIRS, IMMO_AGENCE, PRIV_BUREAU, PRIV_RESTAURANT
4955;PRIVE;78;ABLIS;26;26;0;16.5;PRIV_SANTE_CABINET, PRIV_SANTE_CENTRE, PRIV_LOISIRS, IMMO_AGENCE, PRIV_BUREAU, PRIV_RESTAURANT, PRIV_COMMERCE
4956;PRIVE;27;VERNON;16;16;0;16.5;PRIV_SANTE_CABINET, PRIV_SANTE_CENTRE, PRIV_LOISIRS, IMMO_AGENCE, PRIV_RESTAURANT
4957;PRIVE;77;CHEVRY-EN-SEREINE;6;6;0;16.5;PRIV_SANTE_CENTRE, PRIV_LOISIRS, IMMO_AGENCE, PRIV_BUREAU
4958;PRIVE;95;BRAY-ET-LU;6;6;0;16.5;PRIV_SANTE_CABINET, PRIV_LOISIRS, IMMO_AGENCE, PRIV_RESTAURANT
4959;PRIVE;77;AMPONVILLE;4;4;0;16.5;PRIV_LOISIRS, PRIV_RESTAURANT
4960;PRIVE;95;FREMAINVILLE;4;4;0;16.5;PRIV_LOISIRS, IMMO_AGENCE
4961;PRIVE;78;BREVAL;17;17;0;16.4;PRIV_SANTE_CABINET, PRIV_SANTE_CENTRE, PRIV_LOISIRS, IMMO_AGENCE, PRIV_BUREAU, PRIV_RESTAURANT, PRIV_COMMERCE
4962;PRIVE;78;FRENEUSE;30;30;0;16.4;PRIV_SANTE_CABINET, PRIV_SANTE_CENTRE, PRIV_LOISIRS, IMMO_AGENCE, PRIV_BUREAU, PRIV_RESTAURANT, PRIV_COMMERCE
4963;PRIVE;34;CASTELNAU-LE-LEZ;10;10;0;16.4;PRIV_SANTE_CABINET, PRIV_SANTE_CENTRE, PRIV_LOISIRS, IMMO_AGENCE, PRIV_BUREAU
4964;PRIVE;27;VERNEUIL D'AVRE ET D'ITON;5;5;0;16.4;PRIV_SANTE_CABINET, PRIV_SANTE_CENTRE, PRIV_LOISIRS, IMMO_AGENCE, PRIV_RESTAURANT
4965;PRIVE;40;SEIGNOSSE;5;5;0;16.4;PRIV_SANTE_CENTRE, PRIV_LOISIRS, IMMO_AGENCE
4966;PRIVE;56;LARMOR-PLAGE;5;5;0;16.4;PRIV_SANTE_CABINET, PRIV_SANTE_CENTRE, PRIV_LOISIRS, IMMO_AGENCE
4967;PRIVE;56;LE PALAIS;5;5;0;16.4;PRIV_SANTE_CABINET, PRIV_LOISIRS, PRIV_RESTAURANT
4968;PRIVE;77;LES ECRENNES;5;5;0;16.4;PRIV_SANTE_CENTRE, PRIV_LOISIRS, IMMO_AGENCE
4969;PRIVE;77;NEUFMOUTIERS-EN-BRIE;5;5;0;16.4;PRIV_LOISIRS, IMMO_AGENCE, PRIV_BUREAU
4970;PRIVE;77;VILLIERS-EN-BIERE;5;5;0;16.4;PRIV_LOISIRS, IMMO_AGENCE, PRIV_RESTAURANT
4971;PRIVE;78;AUTEUIL;5;5;0;16.4;PRIV_LOISIRS, IMMO_AGENCE, PRIV_BUREAU
4972;PRIVE;51;REIMS;38;38;0;16.4;PRIV_SANTE_CABINET, PRIV_SANTE_CENTRE, PRIV_LOISIRS, IMMO_AGENCE, PRIV_BUREAU, PRIV_RESTAURANT, PRIV_COMMERCE
4973;PRIVE;83;SIX-FOURS-LES-PLAGES;18;18;0;16.4;PRIV_SANTE_CABINET, PRIV_SANTE_CENTRE, PRIV_LOISIRS, IMMO_AGENCE, PRIV_COMMERCE
4974;PRIVE;78;POIGNY-LA-FORET;8;8;0;16.4;PRIV_LOISIRS, IMMO_AGENCE, PRIV_RESTAURANT
4975;PRIVE;77;MOUROUX;30;30;0;16.4;PRIV_LOISIRS, PRIV_SANTE_CABINET, PRIV_SANTE_CENTRE, IMMO_AGENCE, PRIV_BUREAU, PRIV_RESTAURANT, PRIV_COMMERCE
4976;PRIVE;83;DRAGUIGNAN;12;12;0;16.3;PRIV_SANTE_CABINET, PRIV_SANTE_CENTRE, PRIV_LOISIRS, IMMO_AGENCE
4977;PRIVE;971;PETIT-BOURG;9;9;0;16.3;PRIV_SANTE_CABINET, PRIV_SANTE_CENTRE, PRIV_LOISIRS, IMMO_AGENCE, PRIV_BUREAU
4978;PRIVE;14;VIRE NORMANDIE;3;3;0;16.3;PRIV_SANTE_CENTRE, PRIV_LOISIRS
4979;PRIVE;17;ECHILLAIS;3;3;0;16.3;PRIV_SANTE_CENTRE, PRIV_LOISIRS
4980;PRIVE;30;AIGUES-MORTES;3;3;0;16.3;PRIV_SANTE_CABINET, PRIV_LOISIRS
4981;PRIVE;59;MONS-EN-BARŒUL;3;3;0;16.3;PRIV_SANTE_CENTRE, PRIV_LOISIRS
4982;PRIVE;77;LECHELLE;3;3;0;16.3;PRIV_SANTE_CENTRE, PRIV_LOISIRS
4983;PRIVE;77;SAINT-GERMAIN-SUR-ECOLE;3;3;0;16.3;PRIV_LOISIRS, IMMO_AGENCE
4984;PRIVE;77;SAINT-MARTIN-EN-BIERE;3;3;0;16.3;PRIV_SANTE_CENTRE, PRIV_LOISIRS
4985;PRIVE;77;TRILBARDOU;3;3;0;16.3;PRIV_LOISIRS, PRIV_BUREAU
4986;PRIVE;91;ABBEVILLE-LA-RIVIERE;3;3;0;16.3;PRIV_SANTE_CENTRE, PRIV_LOISIRS
4987;PRIVE;91;TORFOU;3;3;0;16.3;PRIV_LOISIRS, IMMO_AGENCE
4988;PRIVE;95;LABBEVILLE;3;3;0;16.3;PRIV_LOISIRS, IMMO_AGENCE
4989;PRIVE;77;CROUY-SUR-OURCQ;14;14;0;16.3;PRIV_SANTE_CABINET, PRIV_SANTE_CENTRE, PRIV_LOISIRS, IMMO_AGENCE, PRIV_RESTAURANT
4990;PRIVE;37;SAINT-AVERTIN;7;7;0;16.3;PRIV_SANTE_CABINET, PRIV_SANTE_CENTRE, PRIV_LOISIRS, IMMO_AGENCE
4991;PRIVE;59;WASQUEHAL;7;7;0;16.3;PRIV_SANTE_CABINET, PRIV_SANTE_CENTRE, PRIV_LOISIRS, IMMO_AGENCE
4992;PRIVE;91;CHEPTAINVILLE;7;7;0;16.3;PRIV_LOISIRS, IMMO_AGENCE, PRIV_RESTAURANT
4993;PRIVE;91;CHALO-SAINT-MARS;18;18;0;16.3;PRIV_SANTE_CENTRE, PRIV_LOISIRS, IMMO_AGENCE, PRIV_BUREAU, PRIV_RESTAURANT
4994;PRIVE;06;MOUGINS;11;11;0;16.3;PRIV_SANTE_CABINET, PRIV_SANTE_CENTRE, PRIV_LOISIRS, IMMO_AGENCE, PRIV_BUREAU
4995;PRIVE;78;ROSNY-SUR-SEINE;32;32;0;16.2;PRIV_SANTE_CABINET, PRIV_SANTE_CENTRE, PRIV_LOISIRS, IMMO_AGENCE, PRIV_BUREAU, PRIV_RESTAURANT, PRIV_COMMERCE
4996;PRIVE;83;LE LAVANDOU;8;8;0;16.2;PRIV_SANTE_CABINET, PRIV_SANTE_CENTRE, IMMO_AGENCE, PRIV_BUREAU, PRIV_RESTAURANT
4997;PRIVE;09;FOIX;4;4;0;16.2;PRIV_SANTE_CABINET, PRIV_SANTE_CENTRE, IMMO_AGENCE
4998;PRIVE;27;PACY-SUR-EURE;4;4;0;16.2;PRIV_SANTE_CABINET, PRIV_SANTE_CENTRE, IMMO_AGENCE
4999;PRIVE;33;SAINT-ANDRE-DE-CUBZAC;4;4;0;16.2;PRIV_SANTE_CABINET, IMMO_AGENCE, PRIV_BUREAU
5000;PRIVE;64;ARCANGUES;4;4;0;16.2;PRIV_SANTE_CABINET, PRIV_SANTE_CENTRE, IMMO_AGENCE
5001;PRIVE;77;AUBEPIERRE-OZOUER-LE-REPOS;4;4;0;16.2;PRIV_SANTE_CENTRE, IMMO_AGENCE, PRIV_BUREAU
5002;PRIVE;77;CRISENOY;4;4;0;16.2;IMMO_AGENCE, PRIV_BUREAU, PRIV_RESTAURANT
5003;PRIVE;78;MILLEMONT;4;4;0;16.2;PRIV_BUREAU, IMMO_AGENCE, PRIV_RESTAURANT
5004;PRIVE;78;SAILLY;4;4;0;16.2;IMMO_AGENCE, PRIV_BUREAU, PRIV_RESTAURANT
5005;PRIVE;971;SAINTE-ROSE;4;4;0;16.2;PRIV_SANTE_CABINET, PRIV_SANTE_CENTRE, IMMO_AGENCE
5006;PRIVE;77;SAINT-AUGUSTIN;13;13;0;16.2;PRIV_SANTE_CABINET, PRIV_SANTE_CENTRE, PRIV_LOISIRS, IMMO_AGENCE, PRIV_BUREAU, PRIV_RESTAURANT
5007;PRIVE;77;SAINT-BRICE;5;5;0;16.2;PRIV_SANTE_CABINET, PRIV_SANTE_CENTRE, PRIV_LOISIRS
5008;PRIVE;06;VILLENEUVE-LOUBET;12;12;0;16.2;PRIV_SANTE_CABINET, PRIV_SANTE_CENTRE, PRIV_LOISIRS, IMMO_AGENCE, PRIV_BUREAU
5009;PRIVE;30;LES ANGLES;6;6;0;16.2;PRIV_SANTE_CABINET, PRIV_SANTE_CENTRE, PRIV_LOISIRS, IMMO_AGENCE
5010;PRIVE;95;FREMECOURT;6;6;0;16.2;PRIV_LOISIRS, IMMO_AGENCE, PRIV_BUREAU, PRIV_RESTAURANT
5011;PRIVE;66;SAINT-CYPRIEN;11;11;0;16.1;PRIV_SANTE_CABINET, PRIV_SANTE_CENTRE, PRIV_LOISIRS, IMMO_AGENCE, PRIV_RESTAURANT
5012;PRIVE;77;VULAINES-SUR-SEINE;26;26;0;16.1;PRIV_SANTE_CABINET, PRIV_SANTE_CENTRE, PRIV_LOISIRS, IMMO_AGENCE, PRIV_BUREAU, PRIV_RESTAURANT, PRIV_COMMERCE
5013;PRIVE;06;MANDELIEU-LA-NAPOULE;13;13;0;16.1;PRIV_SANTE_CABINET, PRIV_LOISIRS, IMMO_AGENCE, PRIV_BUREAU
5014;PRIVE;58;NEVERS;12;12;0;16.0;PRIV_SANTE_CABINET, PRIV_LOISIRS, IMMO_AGENCE, PRIV_BUREAU, PRIV_RESTAURANT, PRIV_COMMERCE
5015;PRIVE;77;MONTGE-EN-GOELE;7;7;0;16.0;PRIV_LOISIRS, IMMO_AGENCE, PRIV_BUREAU, PRIV_RESTAURANT
5016;PRIVE;77;PAMFOU;7;7;0;16.0;PRIV_SANTE_CABINET, PRIV_SANTE_CENTRE, PRIV_LOISIRS, IMMO_AGENCE, PRIV_BUREAU
5017;PRIVE;78;BLARU;5;5;0;16.0;PRIV_SANTE_CABINET, IMMO_AGENCE
5018;PRIVE;95;GENAINVILLE;5;5;0;16.0;IMMO_AGENCE, PRIV_BUREAU, PRIV_RESTAURANT
5019;PRIVE;07;ANNONAY;4;4;0;16.0;PRIV_SANTE_CENTRE, PRIV_LOISIRS, IMMO_AGENCE
5020;PRIVE;77;SAINT-OUEN-EN-BRIE;4;4;0;16.0;PRIV_SANTE_CENTRE, PRIV_LOISIRS, PRIV_BUREAU
5021;PRIVE;77;VOULANGIS;4;4;0;16.0;PRIV_LOISIRS, IMMO_AGENCE, PRIV_RESTAURANT
5022;PRIVE;02;DAMMARD;2;2;0;16.0;PRIV_LOISIRS, PRIV_BUREAU
5023;PRIVE;06;LA ROQUETTE-SUR-SIAGNE;2;2;0;16.0;PRIV_LOISIRS, IMMO_AGENCE
5024;PRIVE;10;ROMILLY-SUR-SEINE;2;2;0;16.0;PRIV_SANTE_CABINET, PRIV_LOISIRS
5025;PRIVE;21;SEMUR-EN-AUXOIS;2;2;0;16.0;PRIV_LOISIRS, IMMO_AGENCE
5026;PRIVE;22;ROSTRENEN;2;2;0;16.0;PRIV_LOISIRS, PRIV_RESTAURANT
5027;PRIVE;27;CHATEAU-SUR-EPTE;2;2;0;16.0;PRIV_SANTE_CABINET, PRIV_LOISIRS
5028;PRIVE;28;GOUSSAINVILLE;2;2;0;16.0;PRIV_LOISIRS, IMMO_AGENCE
5029;PRIVE;31;CARBONNE;2;2;0;16.0;PRIV_SANTE_CABINET, PRIV_LOISIRS
5030;PRIVE;31;PORTET-SUR-GARONNE;2;2;0;16.0;PRIV_LOISIRS, IMMO_AGENCE
5031;PRIVE;31;VIEILLEVIGNE;2;2;0;16.0;PRIV_SANTE_CABINET, PRIV_LOISIRS
5032;PRIVE;35;COMBOURG;2;2;0;16.0;PRIV_LOISIRS, IMMO_AGENCE
5033;PRIVE;37;TRUYES;2;2;0;16.0;PRIV_SANTE_CABINET, PRIV_LOISIRS
5034;PRIVE;38;CORENC;2;2;0;16.0;PRIV_SANTE_CABINET, PRIV_LOISIRS
5035;PRIVE;38;LUZINAY;2;2;0;16.0;PRIV_SANTE_CABINET, PRIV_LOISIRS
5036;PRIVE;41;VEUZAIN-SUR-LOIRE;2;2;0;16.0;PRIV_SANTE_CABINET, PRIV_LOISIRS
5037;PRIVE;44;BRAINS;2;2;0;16.0;PRIV_SANTE_CABINET, PRIV_LOISIRS
5038;PRIVE;44;PONT-SAINT-MARTIN;2;2;0;16.0;PRIV_SANTE_CABINET, PRIV_LOISIRS
5039;PRIVE;45;PATAY;2;2;0;16.0;PRIV_SANTE_CABINET, PRIV_LOISIRS
5040;PRIVE;45;SAINT-BENOIT-SUR-LOIRE;2;2;0;16.0;PRIV_SANTE_CABINET, PRIV_LOISIRS
5041;PRIVE;56;PONTIVY;2;2;0;16.0;PRIV_SANTE_CABINET, PRIV_LOISIRS
5042;PRIVE;58;MAGNY-COURS;2;2;0;16.0;PRIV_SANTE_CABINET, PRIV_LOISIRS
5043;PRIVE;60;BRETEUIL;2;2;0;16.0;PRIV_SANTE_CABINET, PRIV_LOISIRS
5044;PRIVE;60;MARGNY-LES-COMPIEGNE;2;2;0;16.0;PRIV_SANTE_CABINET, PRIV_LOISIRS
5045;PRIVE;61;CHAMPEAUX SUR SARTHE;2;2;0;16.0;PRIV_SANTE_CABINET, PRIV_LOISIRS
5046;PRIVE;63;SAINT-REMY-SUR-DUROLLE;2;2;0;16.0;PRIV_SANTE_CABINET, PRIV_LOISIRS
5047;PRIVE;73;PORTE-DE-SAVOIE;2;2;0;16.0;PRIV_SANTE_CABINET, PRIV_LOISIRS
5048;PRIVE;74;BONNEVILLE;2;2;0;16.0;PRIV_SANTE_CABINET, PRIV_LOISIRS
5049;PRIVE;74;EPAGNY METZ-TESSY;2;2;0;16.0;PRIV_SANTE_CABINET, PRIV_LOISIRS
5050;PRIVE;74;RUMILLY;2;2;0;16.0;PRIV_SANTE_CABINET, PRIV_LOISIRS
5051;PRIVE;76;SAINT-AUBIN-LES-ELBEUF;2;2;0;16.0;PRIV_SANTE_CABINET, PRIV_LOISIRS
5052;PRIVE;77;DAMMARIE LES LYS;2;2;0;16.0;PRIV_LOISIRS, IMMO_AGENCE
5053;PRIVE;77;GERMIGNY-L'EVEQUE;2;2;0;16.0;PRIV_LOISIRS, PRIV_BUREAU
5054;PRIVE;77;MARCHEMORET;2;2;0;16.0;PRIV_LOISIRS, IMMO_AGENCE
5055;PRIVE;77;VILLENEUVE-SOUS-DAMMARTIN;2;2;0;16.0;PRIV_LOISIRS, IMMO_AGENCE
5056;PRIVE;78;FONTENAY-MAUVOISIN;2;2;0;16.0;PRIV_LOISIRS, IMMO_AGENCE
5057;PRIVE;78;MONTALET-LE-BOIS;2;2;0;16.0;PRIV_LOISIRS, IMMO_AGENCE
5058;PRIVE;78;PERRAY-EN-YVELINES (LE);2;2;0;16.0;PRIV_LOISIRS, IMMO_AGENCE
5059;PRIVE;81;MAZAMET;2;2;0;16.0;PRIV_LOISIRS, PRIV_RESTAURANT
5060;PRIVE;83;CALLIAN;2;2;0;16.0;PRIV_SANTE_CABINET, PRIV_LOISIRS
5061;PRIVE;85;NESMY;2;2;0;16.0;PRIV_LOISIRS, PRIV_RESTAURANT
5062;PRIVE;89;SAINT-GEORGES-SUR-BAULCHE;2;2;0;16.0;PRIV_SANTE_CABINET, PRIV_LOISIRS
5063;PRIVE;91;MONDEVILLE;2;2;0;16.0;PRIV_RESTAURANT, PRIV_LOISIRS
5064;PRIVE;95;LE HEAULME;2;2;0;16.0;PRIV_LOISIRS, IMMO_AGENCE
5065;PRIVE;77;EGREVILLE;10;10;0;15.9;PRIV_SANTE_CABINET, PRIV_LOISIRS, IMMO_AGENCE, PRIV_BUREAU, PRIV_RESTAURANT, PRIV_COMMERCE
5066;PRIVE;13;SALON-DE-PROVENCE;6;6;0;15.8;PRIV_SANTE_CABINET, PRIV_SANTE_CENTRE, IMMO_AGENCE, PRIV_RESTAURANT
5067;PRIVE;27;BERNAY;6;6;0;15.8;PRIV_SANTE_CABINET, PRIV_BUREAU, PRIV_RESTAURANT
5068;PRIVE;13;SAUSSET-LES-PINS;5;5;0;15.8;PRIV_SANTE_CABINET, PRIV_LOISIRS, IMMO_AGENCE
5069;PRIVE;77;FLAGY;5;5;0;15.8;PRIV_LOISIRS, PRIV_BUREAU, PRIV_RESTAURANT
5070;PRIVE;95;MAUDETOUR-EN-VEXIN;5;5;0;15.8;PRIV_LOISIRS, IMMO_AGENCE
5071;PRIVE;95;RONQUEROLLES;5;5;0;15.8;PRIV_LOISIRS, IMMO_AGENCE
5072;PRIVE;77;BOISSY-LE-CHATEL;19;19;0;15.8;PRIV_SANTE_CENTRE, PRIV_LOISIRS, IMMO_AGENCE, PRIV_BUREAU, PRIV_RESTAURANT, PRIV_COMMERCE
5073;PRIVE;77;LA GRANDE-PAROISSE;14;14;0;15.8;PRIV_SANTE_CABINET, PRIV_SANTE_CENTRE, PRIV_LOISIRS, IMMO_AGENCE, PRIV_BUREAU
5074;PRIVE;77;SOUPPES-SUR-LOING;31;31;0;15.8;PRIV_SANTE_CABINET, PRIV_SANTE_CENTRE, PRIV_LOISIRS, IMMO_AGENCE, PRIV_BUREAU, PRIV_RESTAURANT
5075;PRIVE;77;CHARTRETTES;25;25;0;15.8;PRIV_SANTE_CENTRE, PRIV_LOISIRS, IMMO_AGENCE, PRIV_BUREAU, PRIV_RESTAURANT
5076;PRIVE;06;ANTIBES;41;41;0;15.8;PRIV_SANTE_CABINET, PRIV_SANTE_CENTRE, PRIV_LOISIRS, IMMO_AGENCE, PRIV_BUREAU, PRIV_RESTAURANT, PRIV_COMMERCE
5077;PRIVE;06;SAINT-LAURENT-DU-VAR;12;12;0;15.8;PRIV_SANTE_CABINET, PRIV_SANTE_CENTRE, PRIV_LOISIRS, IMMO_AGENCE, PRIV_BUREAU, PRIV_RESTAURANT
5078;PRIVE;28;GARANCIERES-EN-BEAUCE;14;14;0;15.7;PRIV_COMMERCE
5079;PRIVE;45;LE MALESHERBOIS;7;7;0;15.7;PRIV_SANTE_CABINET, IMMO_AGENCE, PRIV_BUREAU, PRIV_RESTAURANT
5080;PRIVE;61;L'AIGLE;7;7;0;15.7;PRIV_SANTE_CABINET, PRIV_SANTE_CENTRE, IMMO_AGENCE, PRIV_RESTAURANT
5081;PRIVE;83;ROQUEBRUNE-SUR-ARGENS;7;7;0;15.7;PRIV_SANTE_CABINET, PRIV_SANTE_CENTRE, IMMO_AGENCE, PRIV_RESTAURANT
5082;PRIVE;83;SANARY-SUR-MER;7;7;0;15.7;PRIV_SANTE_CABINET, PRIV_SANTE_CENTRE, IMMO_AGENCE, PRIV_BUREAU, PRIV_RESTAURANT
5083;PRIVE;64;BIDART;10;10;0;15.7;PRIV_SANTE_CENTRE, PRIV_LOISIRS, IMMO_AGENCE, PRIV_BUREAU, PRIV_RESTAURANT
5084;PRIVE;83;SAINT-CYR-SUR-MER;10;10;0;15.7;PRIV_SANTE_CENTRE, PRIV_LOISIRS, IMMO_AGENCE, PRIV_BUREAU, PRIV_RESTAURANT, PRIV_COMMERCE
5085;PRIVE;77;GOUAIX;6;6;0;15.7;PRIV_SANTE_CABINET, PRIV_SANTE_CENTRE, PRIV_LOISIRS, IMMO_AGENCE, PRIV_BUREAU
5086;PRIVE;78;RAIZEUX;6;6;0;15.7;PRIV_SANTE_CENTRE, PRIV_LOISIRS, IMMO_AGENCE
5087;PRIVE;91;ECHARCON;6;6;0;15.7;PRIV_LOISIRS, IMMO_AGENCE
5088;PRIVE;91;LA FORET-LE-ROI;6;6;0;15.7;PRIV_LOISIRS, IMMO_AGENCE, PRIV_BUREAU
5089;PRIVE;01;BOURG-EN-BRESSE;3;3;0;15.7;PRIV_LOISIRS, IMMO_AGENCE, PRIV_BUREAU
5090;PRIVE;13;VENTABREN;3;3;0;15.7;PRIV_SANTE_CENTRE, PRIV_LOISIRS, IMMO_AGENCE
5091;PRIVE;14;SOULEUVRE EN BOCAGE;3;3;0;15.7;PRIV_SANTE_CABINET, PRIV_LOISIRS, PRIV_RESTAURANT
5092;PRIVE;31;RAMONVILLE-SAINT-AGNE;3;3;0;15.7;PRIV_SANTE_CABINET, PRIV_LOISIRS, PRIV_BUREAU
5093;PRIVE;34;SAINT-JEAN-DE-VEDAS;3;3;0;15.7;PRIV_SANTE_CENTRE, PRIV_LOISIRS, IMMO_AGENCE
5094;PRIVE;59;SAINT-ANDRE-LEZ-LILLE;3;3;0;15.7;PRIV_SANTE_CENTRE, PRIV_LOISIRS, IMMO_AGENCE
5095;PRIVE;73;BASSENS;3;3;0;15.7;PRIV_SANTE_CENTRE, PRIV_LOISIRS, IMMO_AGENCE
5096;PRIVE;77;CERNEUX;3;3;0;15.7;PRIV_SANTE_CENTRE, PRIV_LOISIRS, IMMO_AGENCE
5097;PRIVE;77;MAY-EN-MULTIEN;3;3;0;15.7;PRIV_SANTE_CENTRE, PRIV_LOISIRS, IMMO_AGENCE
5098;PRIVE;77;NANTEAU-SUR-ESSONNE;3;3;0;15.7;PRIV_SANTE_CABINET, PRIV_LOISIRS, PRIV_BUREAU
5099;PRIVE;77;SAINT-OUEN-SUR-MORIN;3;3;0;15.7;PRIV_SANTE_CENTRE, PRIV_LOISIRS, PRIV_RESTAURANT
5100;PRIVE;77;SANCY;3;3;0;15.7;PRIV_LOISIRS, IMMO_AGENCE, PRIV_RESTAURANT
5101;PRIVE;78;HARGEVILLE;3;3;0;15.7;PRIV_LOISIRS, IMMO_AGENCE
5102;PRIVE;83;PUGET-SUR-ARGENS;3;3;0;15.7;PRIV_SANTE_CENTRE, PRIV_LOISIRS, IMMO_AGENCE
5103;PRIVE;85;SAINT-CHRISTOPHE-DU-LIGNERON;3;3;0;15.7;PRIV_SANTE_CABINET, PRIV_LOISIRS, IMMO_AGENCE
5104;PRIVE;95;MONTREUIL-SUR-EPTE;3;3;0;15.7;PRIV_LOISIRS, IMMO_AGENCE, PRIV_RESTAURANT
5105;PRIVE;77;HERICY;20;20;0;15.6;PRIV_SANTE_CABINET, PRIV_SANTE_CENTRE, PRIV_LOISIRS, IMMO_AGENCE, PRIV_BUREAU, PRIV_RESTAURANT
5106;PRIVE;77;LUMIGNY-NESLES-ORMEAUX;17;17;0;15.6;PRIV_SANTE_CENTRE, PRIV_LOISIRS, IMMO_AGENCE, PRIV_BUREAU, PRIV_RESTAURANT
5107;PRIVE;971;SAINT-FRANCOIS;8;8;0;15.6;PRIV_SANTE_CABINET, PRIV_SANTE_CENTRE, IMMO_AGENCE, PRIV_RESTAURANT
5108;PRIVE;06;VALLAURIS;17;17;0;15.5;PRIV_SANTE_CABINET, PRIV_SANTE_CENTRE, PRIV_LOISIRS, IMMO_AGENCE, PRIV_BUREAU
5109;PRIVE;77;SAINT-PIERRE-LES-NEMOURS;21;21;0;15.5;PRIV_SANTE_CABINET, PRIV_SANTE_CENTRE, PRIV_LOISIRS, IMMO_AGENCE, PRIV_BUREAU, PRIV_RESTAURANT
5110;PRIVE;77;BAGNEAUX-SUR-LOING;4;4;0;15.5;PRIV_SANTE_CENTRE, PRIV_LOISIRS, IMMO_AGENCE, PRIV_BUREAU
5111;PRIVE;77;GASTINS;4;4;0;15.5;PRIV_SANTE_CENTRE, PRIV_LOISIRS, IMMO_AGENCE, PRIV_BUREAU
5112;PRIVE;78;AUFFREVILLE-BRASSEUIL;4;4;0;15.5;PRIV_LOISIRS, IMMO_AGENCE
5113;PRIVE;85;LES SABLES D'OLONNE;23;23;0;15.5;PRIV_SANTE_CABINET, PRIV_SANTE_CENTRE, PRIV_LOISIRS, IMMO_AGENCE, PRIV_BUREAU, PRIV_RESTAURANT
5114;PRIVE;91;MAISSE;23;23;0;15.5;PRIV_SANTE_CABINET, PRIV_LOISIRS, IMMO_AGENCE, PRIV_BUREAU, PRIV_RESTAURANT
5115;PRIVE;77;BEAUMONT-DU-GATINAIS;5;5;0;15.4;PRIV_SANTE_CABINET, PRIV_LOISIRS, PRIV_BUREAU, PRIV_RESTAURANT
5116;PRIVE;86;CHAUVIGNY;5;5;0;15.4;PRIV_SANTE_CENTRE, PRIV_LOISIRS, PRIV_BUREAU, PRIV_RESTAURANT
5117;PRIVE;77;JOUY-LE-CHATEL;12;12;0;15.3;PRIV_SANTE_CABINET, PRIV_SANTE_CENTRE, PRIV_LOISIRS, IMMO_AGENCE, PRIV_BUREAU, PRIV_RESTAURANT
5118;PRIVE;17;SAINT-PALAIS-SUR-MER;6;6;0;15.3;PRIV_SANTE_CABINET, PRIV_LOISIRS, IMMO_AGENCE
5119;PRIVE;44;CLISSON;6;6;0;15.3;PRIV_SANTE_CENTRE, PRIV_LOISIRS, IMMO_AGENCE
5120;PRIVE;91;BRIERES-LES-SCELLES;3;3;0;15.3;PRIV_LOISIRS
5121;PRIVE;77;REBAIS;16;16;0;15.3;PRIV_SANTE_CABINET, PRIV_SANTE_CENTRE, PRIV_LOISIRS, IMMO_AGENCE, PRIV_BUREAU, PRIV_RESTAURANT, PRIV_COMMERCE
5122;PRIVE;974;SAINT-PAUL;24;24;0;15.2;PRIV_SANTE_CABINET, PRIV_SANTE_CENTRE, PRIV_LOISIRS, IMMO_AGENCE, PRIV_BUREAU, PRIV_RESTAURANT
5123;PRIVE;77;LE CHATELET-EN-BRIE;18;18;0;15.2;PRIV_SANTE_CABINET, PRIV_SANTE_CENTRE, PRIV_LOISIRS, IMMO_AGENCE, PRIV_BUREAU, PRIV_RESTAURANT, PRIV_COMMERCE
5124;PRIVE;77;FONTENAILLES;6;6;0;15.2;PRIV_SANTE_CENTRE, PRIV_LOISIRS, IMMO_AGENCE, PRIV_BUREAU
5125;PRIVE;77;CHAINTREAUX;8;8;0;15.1;PRIV_SANTE_CENTRE, PRIV_LOISIRS, IMMO_AGENCE, PRIV_BUREAU, PRIV_RESTAURANT
5126;PRIVE;77;SAINT-CYR-SUR-MORIN;17;17;0;15.1;PRIV_SANTE_CABINET, PRIV_SANTE_CENTRE, PRIV_LOISIRS, IMMO_AGENCE, PRIV_BUREAU, PRIV_RESTAURANT
5127;PRIVE;06;CANNES;79;79;0;15.0;PRIV_SANTE_CABINET, PRIV_SANTE_CENTRE, PRIV_LOISIRS, IMMO_AGENCE, PRIV_BUREAU, PRIV_RESTAURANT, PRIV_COMMERCE
5128;PRIVE;91;PUSSAY;12;12;0;15.0;PRIV_SANTE_CABINET, PRIV_LOISIRS, IMMO_AGENCE, PRIV_BUREAU, PRIV_RESTAURANT
5129;PRIVE;34;SERIGNAN;5;5;0;15.0;PRIV_SANTE_CABINET, PRIV_SANTE_CENTRE, IMMO_AGENCE
5130;PRIVE;77;BERNAY-VILBERT;5;5;0;15.0;PRIV_SANTE_CENTRE, IMMO_AGENCE
5131;PRIVE;77;CONGIS-SUR-THEROUANNE;5;5;0;15.0;PRIV_SANTE_CENTRE, PRIV_BUREAU, PRIV_RESTAURANT
5132;PRIVE;77;VILLIERS-SOUS-GREZ;5;5;0;15.0;PRIV_SANTE_CENTRE, IMMO_AGENCE, PRIV_BUREAU, PRIV_RESTAURANT
5133;PRIVE;06;MOUANS-SARTOUX;4;4;0;15.0;IMMO_AGENCE
5134;PRIVE;17;ANGOULINS;4;4;0;15.0;PRIV_SANTE_CENTRE, IMMO_AGENCE, PRIV_BUREAU
5135;PRIVE;17;VAUX-SUR-MER;4;4;0;15.0;PRIV_SANTE_CABINET, IMMO_AGENCE
5136;PRIVE;26;DONZERE;4;4;0;15.0;PRIV_COMMERCE
5137;PRIVE;29;AUDIERNE;4;4;0;15.0;PRIV_SANTE_CABINET, IMMO_AGENCE
5138;PRIVE;34;TEYRAN;4;4;0;15.0;PRIV_SANTE_CENTRE, IMMO_AGENCE, PRIV_BUREAU
5139;PRIVE;34;VILLENEUVE-LES-MAGUELONE;4;4;0;15.0;PRIV_SANTE_CENTRE, IMMO_AGENCE, PRIV_BUREAU
5140;PRIVE;35;BRUZ;4;4;0;15.0;PRIV_SANTE_CENTRE, IMMO_AGENCE, PRIV_BUREAU
5141;PRIVE;44;BASSE-GOULAINE;4;4;0;15.0;IMMO_AGENCE, PRIV_RESTAURANT
5142;PRIVE;80;CAYEUX-SUR-MER;4;4;0;15.0;PRIV_SANTE_CABINET, IMMO_AGENCE, PRIV_BUREAU
5143;PRIVE;92;;4;4;0;15.0;PRIV_SANTE_CABINET, IMMO_AGENCE
5144;PRIVE;971;POINTE A PITRE;4;4;0;15.0;PRIV_SANTE_CABINET, IMMO_AGENCE
5145;PRIVE;01;BEYNOST;3;3;0;15.0;PRIV_COMMERCE
5146;PRIVE;02;VILLERS-COTTERETS;3;3;0;15.0;PRIV_SANTE_CABINET, PRIV_RESTAURANT
5147;PRIVE;17;SAINTE-MARIE-DE-RE;3;3;0;15.0;PRIV_SANTE_CENTRE, IMMO_AGENCE, PRIV_RESTAURANT
5148;PRIVE;28;ORGERES-EN-BEAUCE;3;3;0;15.0;PRIV_SANTE_CABINET, IMMO_AGENCE, PRIV_BUREAU
5149;PRIVE;31;CAZERES;3;3;0;15.0;PRIV_SANTE_CENTRE, IMMO_AGENCE, PRIV_RESTAURANT
5150;PRIVE;32;FLEURANCE;3;3;0;15.0;PRIV_SANTE_CABINET, IMMO_AGENCE, PRIV_COMMERCE
5151;PRIVE;47;NERAC;3;3;0;15.0;PRIV_SANTE_CENTRE, IMMO_AGENCE
5152;PRIVE;56;LOCMINE;3;3;0;15.0;PRIV_SANTE_CABINET, PRIV_RESTAURANT
5153;PRIVE;66;SAINT-LAURENT-DE-LA-SALANQUE;3;3;0;15.0;PRIV_SANTE_CABINET, IMMO_AGENCE, PRIV_RESTAURANT
5154;PRIVE;73;ENTRELACS;3;3;0;15.0;PRIV_SANTE_CABINET, IMMO_AGENCE
5155;PRIVE;77;FUBLAINES;3;3;0;15.0;IMMO_AGENCE
5156;PRIVE;77;MOISENAY;3;3;0;15.0;IMMO_AGENCE
5157;PRIVE;85;SAINT-GILLES-CROIX-DE-VIE;3;3;0;15.0;PRIV_SANTE_CENTRE, IMMO_AGENCE
5158;PRIVE;971;BAIE MAHAULT;3;3;0;15.0;PRIV_SANTE_CABINET, IMMO_AGENCE
5159;PRIVE;972;SAINTE-MARIE;3;3;0;15.0;PRIV_SANTE_CABINET, IMMO_AGENCE, PRIV_RESTAURANT
5160;PRIVE;01;CESSY;2;2;0;15.0;PRIV_SANTE_CABINET, IMMO_AGENCE
5161;PRIVE;06;LA COLLE-SUR-LOUP;2;2;0;15.0;PRIV_SANTE_CABINET, PRIV_RESTAURANT
5162;PRIVE;06;ROQUEBRUNE-CAP-MARTIN;2;2;0;15.0;IMMO_AGENCE, PRIV_BUREAU
5163;PRIVE;06;VILLEFRANCHE-SUR-MER;2;2;0;15.0;PRIV_SANTE_CABINET, IMMO_AGENCE
5164;PRIVE;08;BAIRON ET SES ENVIRONS;2;2;0;15.0;PRIV_SANTE_CABINET, PRIV_RESTAURANT
5165;PRIVE;11;FLEURY;2;2;0;15.0;PRIV_SANTE_CABINET, PRIV_RESTAURANT
5166;PRIVE;13;BEAURECUEIL;2;2;0;15.0;IMMO_AGENCE, PRIV_BUREAU
5167;PRIVE;13;ENSUES-LA-REDONNE;2;2;0;15.0;PRIV_SANTE_CABINET, IMMO_AGENCE
5168;PRIVE;13;MOURIES;2;2;0;15.0;PRIV_SANTE_CABINET, IMMO_AGENCE
5169;PRIVE;13;PORT-DE-BOUC;2;2;0;15.0;PRIV_SANTE_CABINET, PRIV_RESTAURANT
5170;PRIVE;14;DIVES-SUR-MER;2;2;0;15.0;PRIV_SANTE_CABINET, IMMO_AGENCE
5171;PRIVE;14;ORBEC;2;2;0;15.0;PRIV_SANTE_CABINET, PRIV_RESTAURANT
5172;PRIVE;14;ROTS;2;2;0;15.0;PRIV_SANTE_CABINET, IMMO_AGENCE
5173;PRIVE;17;COURCON;2;2;0;15.0;IMMO_AGENCE
5174;PRIVE;17;PONS;2;2;0;15.0;PRIV_BUREAU
5175;PRIVE;18;BELLEVILLE-SUR-LOIRE;2;2;0;15.0;PRIV_BUREAU, PRIV_RESTAURANT
5176;PRIVE;22;TADEN;2;2;0;15.0;PRIV_SANTE_CABINET, IMMO_AGENCE
5177;PRIVE;27;LA VIEILLE-LYRE;2;2;0;15.0;PRIV_SANTE_CABINET, IMMO_AGENCE
5178;PRIVE;28;MIGNIERES;2;2;0;15.0;PRIV_BUREAU
5179;PRIVE;29;TREGUNC;2;2;0;15.0;PRIV_SANTE_CABINET, IMMO_AGENCE
5180;PRIVE;2A;BONIFACIO;2;2;0;15.0;IMMO_AGENCE
5181;PRIVE;2A;SARTENE;2;2;0;15.0;PRIV_SANTE_CABINET, PRIV_RESTAURANT
5182;PRIVE;2A;SOTTA;2;2;0;15.0;PRIV_SANTE_CABINET, IMMO_AGENCE
5183;PRIVE;30;JUNAS;2;2;0;15.0;PRIV_SANTE_CABINET, PRIV_RESTAURANT
5184;PRIVE;31;CUGNAUX;2;2;0;15.0;PRIV_SANTE_CABINET, IMMO_AGENCE
5185;PRIVE;31;SAINT-ORENS-DE-GAMEVILLE;2;2;0;15.0;PRIV_SANTE_CABINET, IMMO_AGENCE
5186;PRIVE;33;PREIGNAC;2;2;0;15.0;PRIV_SANTE_CABINET, IMMO_AGENCE
5187;PRIVE;34;JACOU;2;2;0;15.0;PRIV_SANTE_CABINET, IMMO_AGENCE
5188;PRIVE;34;PALAVAS-LES-FLOTS;2;2;0;15.0;IMMO_AGENCE, PRIV_RESTAURANT
5189;PRIVE;36;LA CHATRE;2;2;0;15.0;PRIV_SANTE_CABINET, IMMO_AGENCE
5190;PRIVE;37;BOURGUEIL;2;2;0;15.0;PRIV_SANTE_CABINET, IMMO_AGENCE
5191;PRIVE;38;FONTAINE;2;2;0;15.0;PRIV_SANTE_CABINET, IMMO_AGENCE
5192;PRIVE;45;BEAUNE-LA-ROLANDE;2;2;0;15.0;PRIV_SANTE_CABINET, PRIV_RESTAURANT
5193;PRIVE;45;GIROLLES;2;2;0;15.0;PRIV_BUREAU, PRIV_COMMERCE
5194;PRIVE;51;TINQUEUX;2;2;0;15.0;PRIV_SANTE_CABINET, IMMO_AGENCE
5195;PRIVE;52;EURVILLE-BIENVILLE;2;2;0;15.0;PRIV_SANTE_CABINET, IMMO_AGENCE
5196;PRIVE;52;LANGRES;2;2;0;15.0;PRIV_SANTE_CABINET, IMMO_AGENCE
5197;PRIVE;53;MAYENNE;2;2;0;15.0;PRIV_SANTE_CABINET, PRIV_RESTAURANT
5198;PRIVE;54;VILLERUPT;2;2;0;15.0;PRIV_SANTE_CABINET, IMMO_AGENCE
5199;PRIVE;57;MAIZIERES-LES-METZ;2;2;0;15.0;PRIV_BUREAU
5200;PRIVE;58;SAINT-SULPICE;2;2;0;15.0;PRIV_SANTE_CABINET, IMMO_AGENCE
5201;PRIVE;60;ANDEVILLE;2;2;0;15.0;IMMO_AGENCE, PRIV_RESTAURANT
5202;PRIVE;60;CUISE-LA-MOTTE;2;2;0;15.0;PRIV_SANTE_CABINET, IMMO_AGENCE
5203;PRIVE;60;SAINTE-GENEVIEVE;2;2;0;15.0;IMMO_AGENCE
5204;PRIVE;60;VAUCIENNES;2;2;0;15.0;PRIV_BUREAU
5205;PRIVE;62;SAINT-MARTIN-BOULOGNE;2;2;0;15.0;PRIV_SANTE_CABINET, IMMO_AGENCE
5206;PRIVE;63;BAGNOLS;2;2;0;15.0;PRIV_SANTE_CABINET, IMMO_AGENCE
5207;PRIVE;64;BASSUSSARRY;2;2;0;15.0;PRIV_SANTE_CABINET, IMMO_AGENCE
5208;PRIVE;64;BIDACHE;2;2;0;15.0;PRIV_SANTE_CABINET, IMMO_AGENCE
5209;PRIVE;64;BIZANOS;2;2;0;15.0;PRIV_SANTE_CABINET, IMMO_AGENCE
5210;PRIVE;66;CANET EN ROUSSILLON;2;2;0;15.0;PRIV_BUREAU, PRIV_RESTAURANT
5211;PRIVE;67;OBERNAI;2;2;0;15.0;PRIV_SANTE_CABINET, IMMO_AGENCE
5212;PRIVE;68;TURCKHEIM;2;2;0;15.0;PRIV_SANTE_CABINET, PRIV_RESTAURANT
5213;PRIVE;69;LA MULATIERE;2;2;0;15.0;PRIV_SANTE_CABINET, PRIV_RESTAURANT
5214;PRIVE;72;LA BAZOGE;2;2;0;15.0;PRIV_SANTE_CABINET, IMMO_AGENCE
5215;PRIVE;72;MONTVAL-SUR-LOIR;2;2;0;15.0;PRIV_SANTE_CABINET, PRIV_RESTAURANT
5216;PRIVE;72;SAINT-MAIXENT;2;2;0;15.0;PRIV_SANTE_CABINET, IMMO_AGENCE
5217;PRIVE;73;LE BOURGET-DU-LAC;2;2;0;15.0;PRIV_SANTE_CABINET, IMMO_AGENCE
5218;PRIVE;73;YENNE;2;2;0;15.0;PRIV_SANTE_CABINET, IMMO_AGENCE
5219;PRIVE;74;COLLONGES-SOUS-SALEVE;2;2;0;15.0;PRIV_SANTE_CABINET, PRIV_RESTAURANT
5220;PRIVE;74;LA ROCHE-SUR-FORON;2;2;0;15.0;PRIV_SANTE_CABINET, IMMO_AGENCE
5221;PRIVE;74;SAINT-PAUL-EN-CHABLAIS;2;2;0;15.0;PRIV_SANTE_CABINET, IMMO_AGENCE
5222;PRIVE;74;VALLIERES-SUR-FIER;2;2;0;15.0;PRIV_SANTE_CABINET, IMMO_AGENCE
5223;PRIVE;74;VEIGY-FONCENEX;2;2;0;15.0;PRIV_SANTE_CABINET, IMMO_AGENCE
5224;PRIVE;74;VEYRIER-DU-LAC;2;2;0;15.0;PRIV_SANTE_CABINET, IMMO_AGENCE
5225;PRIVE;76;SAINT-ETIENNE-DU-ROUVRAY;2;2;0;15.0;PRIV_SANTE_CABINET, PRIV_RESTAURANT
5226;PRIVE;77;CHALMAISON;2;2;0;15.0;PRIV_BUREAU
5227;PRIVE;77;PRECY-SUR-MARNE;2;2;0;15.0;IMMO_AGENCE, PRIV_RESTAURANT
5228;PRIVE;77;SOGNOLLES-EN-MONTOIS;2;2;0;15.0;PRIV_BUREAU
5229;PRIVE;77;VIGNELY;2;2;0;15.0;IMMO_AGENCE
5230;PRIVE;78;CHAUFOUR-LES-BONNIERES;2;2;0;15.0;IMMO_AGENCE, PRIV_RESTAURANT
5231;PRIVE;79;MAGNE;2;2;0;15.0;PRIV_SANTE_CABINET, IMMO_AGENCE
5232;PRIVE;80;CAOURS;2;2;0;15.0;PRIV_SANTE_CABINET, IMMO_AGENCE
5233;PRIVE;83;RAYOL-CANADEL-SUR-MER;2;2;0;15.0;PRIV_SANTE_CABINET, IMMO_AGENCE
5234;PRIVE;84;CADENET;2;2;0;15.0;IMMO_AGENCE, PRIV_RESTAURANT
5235;PRIVE;84;MENERBES;2;2;0;15.0;PRIV_SANTE_CABINET, IMMO_AGENCE
5236;PRIVE;84;VEDENE;2;2;0;15.0;PRIV_SANTE_CABINET, PRIV_RESTAURANT
5237;PRIVE;85;LES HERBIERS;2;2;0;15.0;PRIV_SANTE_CABINET, PRIV_RESTAURANT
5238;PRIVE;85;LES LANDES-GENUSSON;2;2;0;15.0;PRIV_SANTE_CABINET, IMMO_AGENCE
5239;PRIVE;86;LUSIGNAN;2;2;0;15.0;IMMO_AGENCE, PRIV_RESTAURANT
5240;PRIVE;86;MONTMORILLON;2;2;0;15.0;IMMO_AGENCE, PRIV_RESTAURANT
5241;PRIVE;91;FERTE-ALAIS (LA);2;2;0;15.0;IMMO_AGENCE
5242;PRIVE;95;BERVILLE;2;2;0;15.0;IMMO_AGENCE, PRIV_BUREAU
5243;PRIVE;972;LE ROBERT;2;2;0;15.0;PRIV_SANTE_CABINET, IMMO_AGENCE
5244;PRIVE;02;BRANCOURT-EN-LAONNOIS;1;1;0;15.0;PRIV_BUREAU
5245;PRIVE;02;BUSSIARES;1;1;0;15.0;PRIV_BUREAU
5246;PRIVE;02;BUZANCY;1;1;0;15.0;PRIV_BUREAU
5247;PRIVE;02;COULONGES-COHAN;1;1;0;15.0;PRIV_RESTAURANT
5248;PRIVE;02;DOMPTIN;1;1;0;15.0;PRIV_BUREAU
5249;PRIVE;02;HIRSON;1;1;0;15.0;PRIV_BUREAU
5250;PRIVE;02;LATILLY;1;1;0;15.0;PRIV_BUREAU
5251;PRIVE;02;LAVAL-EN-LAONNOIS;1;1;0;15.0;PRIV_BUREAU
5252;PRIVE;02;MONTREUIL AUX LIONS;1;1;0;15.0;PRIV_BUREAU
5253;PRIVE;02;NOGENT-L'ARTAUD;1;1;0;15.0;IMMO_AGENCE
5254;PRIVE;02;SAULCHERY;1;1;0;15.0;PRIV_BUREAU
5255;PRIVE;02;VILLIERS-SAINT-DENIS;1;1;0;15.0;PRIV_BUREAU
5256;PRIVE;03;CUSSET;1;1;0;15.0;PRIV_BUREAU
5257;PRIVE;04;SAINT-PONS;1;1;0;15.0;PRIV_COMMERCE
5258;PRIVE;05;LARAGNE-MONTEGLIN;1;1;0;15.0;PRIV_COMMERCE
5259;PRIVE;06;PEONE;1;1;0;15.0;PRIV_RESTAURANT
5260;PRIVE;06;SAINT-DALMAS-LE-SELVAGE;1;1;0;15.0;PRIV_BUREAU
5261;PRIVE;07;LENTILLERES;1;1;0;15.0;IMMO_AGENCE
5262;PRIVE;07;SAINT-LAURENT-SOUS-COIRON;1;1;0;15.0;PRIV_RESTAURANT
5263;PRIVE;08;LES HAUTES-RIVIERES;1;1;0;15.0;PRIV_BUREAU
5264;PRIVE;09;SAINT-YBARS;1;1;0;15.0;PRIV_BUREAU
5265;PRIVE;10;BAYEL;1;1;0;15.0;PRIV_BUREAU
5266;PRIVE;10;COUSSEGREY;1;1;0;15.0;PRIV_RESTAURANT
5267;PRIVE;10;PONT-SAINTE-MARIE;1;1;0;15.0;PRIV_BUREAU
5268;PRIVE;11;MAGRIE;1;1;0;15.0;PRIV_BUREAU
5269;PRIVE;11;SAINT-ANDRE-DE-ROQUELONGUE;1;1;0;15.0;PRIV_BUREAU
5270;PRIVE;12;OLEMPS;1;1;0;15.0;IMMO_AGENCE
5271;PRIVE;13;AURIOL;1;1;0;15.0;PRIV_COMMERCE
5272;PRIVE;13;CEYRESTE;1;1;0;15.0;PRIV_BUREAU
5273;PRIVE;13;FUVEAU;1;1;0;15.0;PRIV_COMMERCE
5274;PRIVE;13;MARSEILLE 14;1;1;0;15.0;PRIV_BUREAU
5275;PRIVE;13;MARSEILLE 16EME;1;1;0;15.0;PRIV_BUREAU
5276;PRIVE;13;MARSEILLE 2EME;1;1;0;15.0;PRIV_RESTAURANT
5277;PRIVE;13;MARSEILLE 8EME;1;1;0;15.0;PRIV_BUREAU
5278;PRIVE;13;ROQUEFORT-LA-BEDOULE;1;1;0;15.0;PRIV_BUREAU
5279;PRIVE;13;VERNEGUES;1;1;0;15.0;PRIV_BUREAU
5280;PRIVE;14;BAVENT;1;1;0;15.0;PRIV_BUREAU
5281;PRIVE;14;BONNEVILLE-LA-LOUVET;1;1;0;15.0;PRIV_BUREAU
5282;PRIVE;14;LE MANOIR;1;1;0;15.0;PRIV_BUREAU
5283;PRIVE;14;MAIZIERES;1;1;0;15.0;PRIV_BUREAU
5284;PRIVE;14;MESNIL-AU-GRAIN (LE);1;1;0;15.0;PRIV_BUREAU
5285;PRIVE;14;VIRE-NORMANDIE;1;1;0;15.0;PRIV_RESTAURANT
5286;PRIVE;16;CHAMPNIERS;1;1;0;15.0;IMMO_AGENCE
5287;PRIVE;16;GENAC-BIGNAC;1;1;0;15.0;PRIV_BUREAU
5288;PRIVE;17;ARDILLIERES;1;1;0;15.0;PRIV_BUREAU
5289;PRIVE;17;SAINT-CLEMENT-DES-BALEINES;1;1;0;15.0;IMMO_AGENCE
5290;PRIVE;17;THENAC;1;1;0;15.0;PRIV_BUREAU
5291;PRIVE;18;CUFFY;1;1;0;15.0;IMMO_AGENCE
5292;PRIVE;18;HENRICHEMONT;1;1;0;15.0;PRIV_RESTAURANT
5293;PRIVE;18;SAGONNE;1;1;0;15.0;PRIV_BUREAU
5294;PRIVE;19;ARGENTAT-SUR-DORDOGNE;1;1;0;15.0;PRIV_COMMERCE
5295;PRIVE;19;BORT-LES-ORGUES;1;1;0;15.0;IMMO_AGENCE
5296;PRIVE;19;CHABRIGNAC;1;1;0;15.0;PRIV_BUREAU
5297;PRIVE;19;L'EGLISE AUX BOIS;1;1;0;15.0;PRIV_BUREAU
5298;PRIVE;19;SALON-LA-TOUR;1;1;0;15.0;PRIV_BUREAU
5299;PRIVE;21;LEUGLAY;1;1;0;15.0;PRIV_BUREAU
5300;PRIVE;21;SAULX-LE-DUC;1;1;0;15.0;PRIV_BUREAU
5301;PRIVE;22;CORSEUL;1;1;0;15.0;PRIV_BUREAU
5302;PRIVE;22;HENANSAL;1;1;0;15.0;IMMO_AGENCE
5303;PRIVE;22;ILE-DE-BREHAT;1;1;0;15.0;PRIV_BUREAU
5304;PRIVE;22;TREMEREUC;1;1;0;15.0;PRIV_BUREAU
5305;PRIVE;23;BONNAT;1;1;0;15.0;IMMO_AGENCE
5306;PRIVE;24;ANGOISSE;1;1;0;15.0;PRIV_RESTAURANT
5307;PRIVE;24;MONBAZILLAC;1;1;0;15.0;PRIV_BUREAU
5308;PRIVE;24;SAINT-GENIES;1;1;0;15.0;PRIV_BUREAU
5309;PRIVE;24;TERRASSON-LAVILLEDIEU;1;1;0;15.0;PRIV_BUREAU
5310;PRIVE;25;BAVANS;1;1;0;15.0;PRIV_COMMERCE
5311;PRIVE;25;SAONE;1;1;0;15.0;PRIV_COMMERCE
5312;PRIVE;26;HAUTERIVES;1;1;0;15.0;PRIV_BUREAU
5313;PRIVE;26;SAINTE-JALLE;1;1;0;15.0;PRIV_RESTAURANT
5314;PRIVE;27;BOISSET-LES-PREVANCHES;1;1;0;15.0;PRIV_BUREAU
5315;PRIVE;27;CONNELLES;1;1;0;15.0;PRIV_BUREAU
5316;PRIVE;27;EMANVILLE;1;1;0;15.0;PRIV_BUREAU
5317;PRIVE;27;ETURQUERAYE;1;1;0;15.0;PRIV_BUREAU
5318;PRIVE;27;MESNIL-EN-OUCHE;1;1;0;15.0;PRIV_BUREAU
5319;PRIVE;27;MESNIL-SUR-L'ESTREE;1;1;0;15.0;PRIV_BUREAU
5320;PRIVE;27;NEAUFLES-AUVERGNY;1;1;0;15.0;PRIV_BUREAU
5321;PRIVE;27;NEAUFLES-SAINT-MARTIN;1;1;0;15.0;IMMO_AGENCE
5322;PRIVE;27;TOURVILLE-SUR-PONT-AUDEMER;1;1;0;15.0;PRIV_BUREAU
5323;PRIVE;28;CHATENAY;1;1;0;15.0;PRIV_BUREAU
5324;PRIVE;28;JANVILLE-EN-BEAUCE;1;1;0;15.0;PRIV_BUREAU
5325;PRIVE;28;JOUY;1;1;0;15.0;PRIV_BUREAU
5326;PRIVE;28;LA CHAUSSEE-D'IVRY;1;1;0;15.0;PRIV_BUREAU
5327;PRIVE;28;LURAY;1;1;0;15.0;PRIV_BUREAU
5328;PRIVE;28;NONVILLIERS-GRANDHOUX;1;1;0;15.0;PRIV_BUREAU
5329;PRIVE;28;OUARVILLE;1;1;0;15.0;PRIV_BUREAU
5330;PRIVE;28;OYSONVILLE;1;1;0;15.0;PRIV_BUREAU
5331;PRIVE;28;POINVILLE;1;1;0;15.0;PRIV_BUREAU
5332;PRIVE;28;SAINT-ANGE-ET-TORCAY;1;1;0;15.0;PRIV_BUREAU
5333;PRIVE;29;BENODET;1;1;0;15.0;IMMO_AGENCE
5334;PRIVE;29;LE FOLGOET;1;1;0;15.0;PRIV_BUREAU
5335;PRIVE;29;PLEUVEN;1;1;0;15.0;PRIV_BUREAU
5336;PRIVE;2A;FOCE;1;1;0;15.0;PRIV_BUREAU
5337;PRIVE;2B;VILLE-DI-PIETRABUGNO;1;1;0;15.0;PRIV_BUREAU
5338;PRIVE;30;BARJAC;1;1;0;15.0;PRIV_BUREAU
5339;PRIVE;30;CAISSARGUES;1;1;0;15.0;PRIV_BUREAU
5340;PRIVE;30;GOUDARGUES;1;1;0;15.0;PRIV_RESTAURANT
5341;PRIVE;30;LA CALMETTE;1;1;0;15.0;PRIV_BUREAU
5342;PRIVE;30;LA CAPELLE-ET-MASMOLENE;1;1;0;15.0;PRIV_BUREAU
5343;PRIVE;30;LANGLADE;1;1;0;15.0;IMMO_AGENCE
5344;PRIVE;30;SAINT-DIONISY;1;1;0;15.0;PRIV_COMMERCE
5345;PRIVE;31;MAUZAC;1;1;0;15.0;PRIV_BUREAU
5346;PRIVE;31;ROUFFIAC-TOLOSAN;1;1;0;15.0;PRIV_BUREAU
5347;PRIVE;31;VERNET;1;1;0;15.0;PRIV_BUREAU
5348;PRIVE;32;SEISSAN;1;1;0;15.0;PRIV_BUREAU
5349;PRIVE;33;AMBARES-ET-LAGRAVE;1;1;0;15.0;PRIV_BUREAU
5350;PRIVE;33;BELIN-BELIET;1;1;0;15.0;PRIV_BUREAU
5351;PRIVE;33;BERNOS-BEAULAC;1;1;0;15.0;PRIV_BUREAU
5352;PRIVE;33;CADAUJAC;1;1;0;15.0;PRIV_BUREAU
5353;PRIVE;33;SAINT-MAGNE-DE-CASTILLON;1;1;0;15.0;PRIV_BUREAU
5354;PRIVE;34;COURNONTERRAL;1;1;0;15.0;PRIV_BUREAU
5355;PRIVE;34;LA LIVINIERE;1;1;0;15.0;PRIV_BUREAU
5356;PRIVE;34;LAVERUNE;1;1;0;15.0;PRIV_BUREAU
5357;PRIVE;34;MONTBAZIN;1;1;0;15.0;PRIV_BUREAU
5358;PRIVE;34;PUISSALICON;1;1;0;15.0;PRIV_BUREAU
5359;PRIVE;34;VILLETELLE;1;1;0;15.0;PRIV_BUREAU
5360;PRIVE;35;ARGENTRE-DU-PLESSIS;1;1;0;15.0;PRIV_COMMERCE
5361;PRIVE;35;LA CHAPELLE-BOUEXIC;1;1;0;15.0;PRIV_BUREAU
5362;PRIVE;35;SAINT-GILLES;1;1;0;15.0;PRIV_BUREAU
5363;PRIVE;35;SAINT-LUNAIRE;1;1;0;15.0;PRIV_BUREAU
5364;PRIVE;35;SAINT-MEDARD-SUR-ILLE;1;1;0;15.0;PRIV_BUREAU
5365;PRIVE;36;LE PECHEREAU;1;1;0;15.0;PRIV_BUREAU
5366;PRIVE;37;SAINT AVERTIN;1;1;0;15.0;PRIV_BUREAU
5367;PRIVE;38;CHUZELLES;1;1;0;15.0;PRIV_BUREAU
5368;PRIVE;38;CORPS;1;1;0;15.0;PRIV_BUREAU
5369;PRIVE;38;LE BOURG-D'OISANS;1;1;0;15.0;PRIV_COMMERCE
5370;PRIVE;38;LUMBIN;1;1;0;15.0;PRIV_BUREAU
5371;PRIVE;38;SABLONS;1;1;0;15.0;PRIV_BUREAU
5372;PRIVE;38;SAINT MAURICE L'EXIL;1;1;0;15.0;PRIV_BUREAU
5373;PRIVE;38;SAINT-BARTHELEMY;1;1;0;15.0;PRIV_COMMERCE
5374;PRIVE;38;SAINT-HILAIRE-DU-ROSIER;1;1;0;15.0;PRIV_BUREAU
5375;PRIVE;38;SAINT-PRIM;1;1;0;15.0;PRIV_BUREAU
5376;PRIVE;38;SUSVILLE;1;1;0;15.0;PRIV_COMMERCE
5377;PRIVE;38;VIF;1;1;0;15.0;PRIV_COMMERCE
5378;PRIVE;39;PEINTRE;1;1;0;15.0;PRIV_BUREAU
5379;PRIVE;41;CHAUMONT-SUR-THARONNE;1;1;0;15.0;PRIV_BUREAU
5380;PRIVE;41;VILLERABLE;1;1;0;15.0;PRIV_BUREAU
5381;PRIVE;42;FEURS;1;1;0;15.0;PRIV_COMMERCE
5382;PRIVE;42;NOTRE-DAME-DE-BOISSET;1;1;0;15.0;PRIV_BUREAU
5383;PRIVE;42;PONCINS;1;1;0;15.0;PRIV_BUREAU
5384;PRIVE;42;SAINT-JUST-SAINT-RAMBERT;1;1;0;15.0;PRIV_COMMERCE
5385;PRIVE;42;SAINT-NIZIER-SOUS-CHARLIEU;1;1;0;15.0;PRIV_BUREAU
5386;PRIVE;42;SAINT-PAUL-EN-CORNILLON;1;1;0;15.0;PRIV_BUREAU
5387;PRIVE;43;LE CHAMBON-SUR-LIGNON;1;1;0;15.0;PRIV_COMMERCE
5388;PRIVE;43;SAINT-PIERRE-EYNAC;1;1;0;15.0;PRIV_BUREAU
5389;PRIVE;44;LE BIGNON;1;1;0;15.0;PRIV_BUREAU
5390;PRIVE;44;PREFAILLES;1;1;0;15.0;PRIV_BUREAU
5391;PRIVE;45;BOISCOMMUN;1;1;0;15.0;PRIV_BUREAU
5392;PRIVE;45;CHARMONT-EN-BEAUCE;1;1;0;15.0;PRIV_BUREAU
5393;PRIVE;45;DORDIVES;1;1;0;15.0;PRIV_RESTAURANT
5394;PRIVE;45;DOUCHY-MONTCORBON;1;1;0;15.0;IMMO_AGENCE
5395;PRIVE;45;MARSAINVILLIERS;1;1;0;15.0;PRIV_BUREAU
5396;PRIVE;45;SAINT-HILAIRE-LES-ANDRESIS;1;1;0;15.0;PRIV_BUREAU
5397;PRIVE;46;LES PECHS DU VERS;1;1;0;15.0;PRIV_BUREAU
5398;PRIVE;46;PRAYSSAC;1;1;0;15.0;PRIV_BUREAU
5399;PRIVE;46;SOUILLAC;1;1;0;15.0;PRIV_COMMERCE
5400;PRIVE;47;CASTELMORON-SUR-LOT;1;1;0;15.0;PRIV_BUREAU
5401;PRIVE;47;RUFFIAC;1;1;0;15.0;PRIV_BUREAU
5402;PRIVE;47;SAINT-SAUVEUR-DE-MEILHAN;1;1;0;15.0;PRIV_BUREAU
5403;PRIVE;49;BROSSAY;1;1;0;15.0;IMMO_AGENCE
5404;PRIVE;49;CHALLAIN-LA-POTHERIE;1;1;0;15.0;PRIV_RESTAURANT
5405;PRIVE;49;SAINT-BARTHELEMY-D'ANJOU;1;1;0;15.0;PRIV_BUREAU
5406;PRIVE;50;GENETS;1;1;0;15.0;PRIV_BUREAU
5407;PRIVE;50;POILLEY;1;1;0;15.0;PRIV_BUREAU
5408;PRIVE;51;GRAUVES;1;1;0;15.0;PRIV_RESTAURANT
5409;PRIVE;51;MARCILLY-SUR-SEINE;1;1;0;15.0;PRIV_BUREAU
5410;PRIVE;51;PROUILLY;1;1;0;15.0;PRIV_BUREAU
5411;PRIVE;51;VILLENEUVE-LA-LIONNE;1;1;0;15.0;PRIV_BUREAU
5412;PRIVE;54;MONT-SAINT-MARTIN;1;1;0;15.0;PRIV_RESTAURANT
5413;PRIVE;54;PIENNES;1;1;0;15.0;PRIV_COMMERCE
5414;PRIVE;55;GRIMAUCOURT-EN-WOEVRE;1;1;0;15.0;PRIV_BUREAU
5415;PRIVE;56;ELVEN;1;1;0;15.0;PRIV_BUREAU
5416;PRIVE;56;ILE-AUX-MOINES;1;1;0;15.0;IMMO_AGENCE
5417;PRIVE;56;INZINZAC-LOCHRIST;1;1;0;15.0;PRIV_BUREAU
5418;PRIVE;56;LA TRINITE-SUR-MER;1;1;0;15.0;PRIV_BUREAU
5419;PRIVE;57;ANZELING;1;1;0;15.0;PRIV_BUREAU
5420;PRIVE;57;ARS LAQUENEXY;1;1;0;15.0;PRIV_BUREAU
5421;PRIVE;57;BASSE-HAM;1;1;0;15.0;PRIV_BUREAU
5422;PRIVE;57;PETIT-REDERCHING;1;1;0;15.0;PRIV_BUREAU
5423;PRIVE;57;ROUHLING;1;1;0;15.0;PRIV_BUREAU
5424;PRIVE;57;SAULNY;1;1;0;15.0;PRIV_BUREAU
5425;PRIVE;58;SERMOISE-SUR-LOIRE;1;1;0;15.0;PRIV_BUREAU
5426;PRIVE;59;BRUAY-SUR-L'ESCAUT;1;1;0;15.0;PRIV_BUREAU
5427;PRIVE;59;CONDE-SUR-L'ESCAUT;1;1;0;15.0;PRIV_COMMERCE
5428;PRIVE;59;ESTAIRES;1;1;0;15.0;PRIV_BUREAU
5429;PRIVE;59;FACHES-THUMESNIL;1;1;0;15.0;PRIV_BUREAU
5430;PRIVE;59;HAZEBROUCK;1;1;0;15.0;PRIV_BUREAU
5431;PRIVE;59;HOYMILLE;1;1;0;15.0;PRIV_COMMERCE
5432;PRIVE;59;MARCHIENNES;1;1;0;15.0;PRIV_BUREAU
5433;PRIVE;59;METEREN;1;1;0;15.0;PRIV_BUREAU
5434;PRIVE;59;SOMAIN;1;1;0;15.0;PRIV_RESTAURANT
5435;PRIVE;60;BELLE EGLISE;1;1;0;15.0;PRIV_RESTAURANT
5436;PRIVE;60;CHEVRIERES;1;1;0;15.0;PRIV_BUREAU
5437;PRIVE;60;CUIGY-EN-BRAY;1;1;0;15.0;PRIV_BUREAU
5438;PRIVE;60;FONTAINE-CHAALIS;1;1;0;15.0;IMMO_AGENCE
5439;PRIVE;60;FRESNOY-EN-THELLE;1;1;0;15.0;IMMO_AGENCE
5440;PRIVE;60;HODENC-EN-BRAY;1;1;0;15.0;PRIV_BUREAU
5441;PRIVE;60;LAIGNEVILLE;1;1;0;15.0;IMMO_AGENCE
5442;PRIVE;60;MONTEPILLOY;1;1;0;15.0;IMMO_AGENCE
5443;PRIVE;60;MONTLOGNON;1;1;0;15.0;IMMO_AGENCE
5444;PRIVE;60;MORTEFONTAINE;1;1;0;15.0;IMMO_AGENCE
5445;PRIVE;60;MORTEFONTAINE-EN-THELLE;1;1;0;15.0;IMMO_AGENCE
5446;PRIVE;60;NEUFCHELLES;1;1;0;15.0;PRIV_BUREAU
5447;PRIVE;60;ORMOY-VILLERS;1;1;0;15.0;PRIV_BUREAU
5448;PRIVE;60;SILLY-LE-LONG;1;1;0;15.0;PRIV_RESTAURANT
5449;PRIVE;60;THIVERNY;1;1;0;15.0;PRIV_RESTAURANT
5450;PRIVE;60;VERNEUIL-EN-HALATTE;1;1;0;15.0;IMMO_AGENCE
5451;PRIVE;61;ARGENTAN;1;1;0;15.0;PRIV_RESTAURANT
5452;PRIVE;61;AUBRY-LE-PANTHOU;1;1;0;15.0;PRIV_BUREAU
5453;PRIVE;61;BAGNOLES-DE-L'ORNE-NORMANDIE;1;1;0;15.0;PRIV_RESTAURANT
5454;PRIVE;61;BAZOCHES-SUR-HOENE;1;1;0;15.0;PRIV_BUREAU
5455;PRIVE;61;FEINGS;1;1;0;15.0;PRIV_BUREAU
5456;PRIVE;61;MONTABARD;1;1;0;15.0;PRIV_BUREAU
5457;PRIVE;62;BRUAY-LA-BUISSIERE;1;1;0;15.0;PRIV_RESTAURANT
5458;PRIVE;62;HARNES;1;1;0;15.0;PRIV_BUREAU
5459;PRIVE;62;HESDIN;1;1;0;15.0;PRIV_RESTAURANT
5460;PRIVE;62;SAINT-LAURENT-BLANGY;1;1;0;15.0;PRIV_BUREAU
5461;PRIVE;63;MARSAT;1;1;0;15.0;IMMO_AGENCE
5462;PRIVE;63;PERIGNAT-LES-SARLIEVE;1;1;0;15.0;PRIV_BUREAU
5463;PRIVE;63;PONTAUMUR;1;1;0;15.0;PRIV_RESTAURANT
5464;PRIVE;63;ROYAT;1;1;0;15.0;PRIV_RESTAURANT
5465;PRIVE;64;ANDOINS;1;1;0;15.0;PRIV_BUREAU
5466;PRIVE;64;IGON;1;1;0;15.0;PRIV_RESTAURANT
5467;PRIVE;64;SAINT-JEAN-PIED-DE-PORT;1;1;0;15.0;PRIV_RESTAURANT
5468;PRIVE;66;LE BOULOU;1;1;0;15.0;PRIV_RESTAURANT
5469;PRIVE;66;SAINT FELIU D'AVALL;1;1;0;15.0;PRIV_BUREAU
5470;PRIVE;66;SAINTE-MARIE-LA-MER;1;1;0;15.0;PRIV_BUREAU
5471;PRIVE;67;ECKBOLSHEIM;1;1;0;15.0;PRIV_BUREAU
5472;PRIVE;67;ENTZHEIM;1;1;0;15.0;PRIV_BUREAU
5473;PRIVE;67;LAMPERTHEIM;1;1;0;15.0;IMMO_AGENCE
5474;PRIVE;67;MUNDOLSHEIM;1;1;0;15.0;PRIV_BUREAU
5475;PRIVE;68;LANDSER;1;1;0;15.0;PRIV_RESTAURANT
5476;PRIVE;68;RAEDERSHEIM;1;1;0;15.0;PRIV_BUREAU
5477;PRIVE;69;GRIGNY-SUR-RHONE;1;1;0;15.0;PRIV_BUREAU
5478;PRIVE;69;LUCENAY;1;1;0;15.0;PRIV_BUREAU
5479;PRIVE;69;MIONS;1;1;0;15.0;PRIV_COMMERCE
5480;PRIVE;69;SAINT-PIERRE-DE-CHANDIEU;1;1;0;15.0;PRIV_COMMERCE
5481;PRIVE;69;THEIZE;1;1;0;15.0;PRIV_BUREAU
5482;PRIVE;71;SENNECEY-LE-GRAND;1;1;0;15.0;PRIV_BUREAU
5483;PRIVE;72;ALLONNES;1;1;0;15.0;PRIV_BUREAU
5484;PRIVE;72;CONGE-SUR-ORNE;1;1;0;15.0;PRIV_RESTAURANT
5485;PRIVE;72;LAMNAY;1;1;0;15.0;PRIV_BUREAU
5486;PRIVE;72;PIZIEUX;1;1;0;15.0;PRIV_BUREAU
5487;PRIVE;72;SPAY;1;1;0;15.0;PRIV_BUREAU
5488;PRIVE;73;GRESY-SUR-AIX;1;1;0;15.0;PRIV_BUREAU
5489;PRIVE;74;ARACHES-LA-FRASSE;1;1;0;15.0;PRIV_BUREAU
5490;PRIVE;74;CHAMONIX-MONT-BLANC;1;1;0;15.0;IMMO_AGENCE
5491;PRIVE;74;LA BALME DE SILLINGY;1;1;0;15.0;PRIV_COMMERCE
5492;PRIVE;74;MENTHON-SAINT-BERNARD;1;1;0;15.0;IMMO_AGENCE
5493;PRIVE;76;BEAUVOIR-EN-LYONS;1;1;0;15.0;PRIV_RESTAURANT
5494;PRIVE;76;BERTHEAUVILLE;1;1;0;15.0;PRIV_BUREAU
5495;PRIVE;76;ETRETAT;1;1;0;15.0;PRIV_BUREAU
5496;PRIVE;76;GRUMESNIL;1;1;0;15.0;PRIV_BUREAU
5497;PRIVE;76;LA GAILLARDE;1;1;0;15.0;PRIV_COMMERCE
5498;PRIVE;76;PETIT-COURONNE;1;1;0;15.0;PRIV_COMMERCE
5499;PRIVE;76;SAINT-PIERRE-LES-ELBEUF;1;1;0;15.0;PRIV_BUREAU
5500;PRIVE;77;ANDREZEL;1;1;0;15.0;PRIV_BUREAU
5501;PRIVE;77;CRECY LA CHAPELLE;1;1;0;15.0;IMMO_AGENCE
5502;PRIVE;77;CREVECŒUR-EN-BRIE;1;1;0;15.0;IMMO_AGENCE
5503;PRIVE;77;EGLIGNY;1;1;0;15.0;PRIV_BUREAU
5504;PRIVE;77;EVERLY;1;1;0;15.0;PRIV_RESTAURANT
5505;PRIVE;77;FLEURY-EN-BIERE;1;1;0;15.0;PRIV_BUREAU
5506;PRIVE;77;LE PLESSIS-L'EVEQUE;1;1;0;15.0;PRIV_RESTAURANT
5507;PRIVE;77;MAISONCELLES-EN-GATINAIS;1;1;0;15.0;IMMO_AGENCE
5508;PRIVE;77;ROUILLY;1;1;0;15.0;PRIV_BUREAU
5509;PRIVE;77;TIGEAUX;1;1;0;15.0;IMMO_AGENCE
5510;PRIVE;77;VINCY-MANŒUVRE;1;1;0;15.0;PRIV_BUREAU
5511;PRIVE;78;BOINVILLE-EN-MANTOIS;1;1;0;15.0;IMMO_AGENCE
5512;PRIVE;79;SAINT-MARTIN-DE-SAINT-MAIXENT;1;1;0;15.0;PRIV_RESTAURANT
5513;PRIVE;80;CROIX-MOLIGNEAUX;1;1;0;15.0;PRIV_RESTAURANT
5514;PRIVE;80;PONTHOILE;1;1;0;15.0;PRIV_COMMERCE
5515;PRIVE;81;VIRAC;1;1;0;15.0;PRIV_BUREAU
5516;PRIVE;82;BIOULE;1;1;0;15.0;PRIV_BUREAU
5517;PRIVE;83;FLAYOSC;1;1;0;15.0;IMMO_AGENCE
5518;PRIVE;83;LA MOLE;1;1;0;15.0;IMMO_AGENCE
5519;PRIVE;83;REGUSSE;1;1;0;15.0;PRIV_BUREAU
5520;PRIVE;83;SAINT-MAXIMIN-LA-SAINTE-BAUME;1;1;0;15.0;PRIV_BUREAU
5521;PRIVE;83;SEILLANS;1;1;0;15.0;PRIV_BUREAU
5522;PRIVE;84;FAUCON;1;1;0;15.0;PRIV_BUREAU
5523;PRIVE;84;GRAMBOIS;1;1;0;15.0;PRIV_RESTAURANT
5524;PRIVE;84;LAURIS;1;1;0;15.0;PRIV_BUREAU
5525;PRIVE;84;ROUSSILLON;1;1;0;15.0;PRIV_BUREAU
5526;PRIVE;85;CHAVAGNES-EN-PAILLERS;1;1;0;15.0;PRIV_BUREAU
5527;PRIVE;85;LA TAILLEE;1;1;0;15.0;PRIV_BUREAU
5528;PRIVE;85;SAINT-HILAIRE-DES-LOGES;1;1;0;15.0;PRIV_BUREAU
5529;PRIVE;85;VENANSAULT;1;1;0;15.0;IMMO_AGENCE
5530;PRIVE;87;COUZEIX;1;1;0;15.0;PRIV_BUREAU
5531;PRIVE;87;NEXON;1;1;0;15.0;PRIV_BUREAU
5532;PRIVE;87;SAINT-LEONARD-DE-NOBLAT;1;1;0;15.0;PRIV_BUREAU
5533;PRIVE;89;FOUCHERES;1;1;0;15.0;PRIV_BUREAU
5534;PRIVE;89;MOUFFY;1;1;0;15.0;PRIV_RESTAURANT
5535;PRIVE;89;PONT-SUR-VANNE;1;1;0;15.0;PRIV_BUREAU
5536;PRIVE;89;TREIGNY-PERREUSE-SAINTE-COLOMBE;1;1;0;15.0;PRIV_RESTAURANT
5537;PRIVE;91;BLANDY;1;1;0;15.0;PRIV_BUREAU
5538;PRIVE;91;FONTAINE-LA-RIVIERE;1;1;0;15.0;PRIV_BUREAU
5539;PRIVE;91;MESPUITS;1;1;0;15.0;PRIV_BUREAU
5540;PRIVE;91;MONNERVILLE;1;1;0;15.0;PRIV_BUREAU
5541;PRIVE;91;PRUNAY-SUR-ESSONNE;1;1;0;15.0;PRIV_BUREAU
5542;PRIVE;91;SOUZY-LA-BRICHE;1;1;0;15.0;IMMO_AGENCE
5543;PRIVE;91;ST SULPICE DE FAVIERES;1;1;0;15.0;IMMO_AGENCE
5544;PRIVE;95;COURCELLES-SUR-VIOSNE;1;1;0;15.0;IMMO_AGENCE
5545;PRIVE;95;GUIRY-EN-VEXIN;1;1;0;15.0;IMMO_AGENCE
5546;PRIVE;95;MOUSSY;1;1;0;15.0;IMMO_AGENCE
5547;PRIVE;95;SANTEUIL;1;1;0;15.0;IMMO_AGENCE
5548;PRIVE;971;POINTE-NOIRE;1;1;0;15.0;PRIV_BUREAU
5549;PRIVE;972;LE MARIGOT;1;1;0;15.0;PRIV_BUREAU
5550;PRIVE;972;LE VAUCLIN;1;1;0;15.0;PRIV_BUREAU
5551;PRIVE;77;CHAILLY-EN-BIERE;22;22;0;15.0;PRIV_SANTE_CENTRE, PRIV_LOISIRS, IMMO_AGENCE, PRIV_BUREAU, PRIV_RESTAURANT
5552;PRIVE;77;SAMOREAU;17;17;0;14.9;PRIV_SANTE_CABINET, PRIV_SANTE_CENTRE, PRIV_LOISIRS, IMMO_AGENCE, PRIV_BUREAU, PRIV_RESTAURANT
5553;PRIVE;77;JOUARRE;15;15;0;14.9;PRIV_SANTE_CABINET, PRIV_SANTE_CENTRE, PRIV_LOISIRS, IMMO_AGENCE, PRIV_RESTAURANT
5554;PRIVE;77;VALENCE-EN-BRIE;14;14;0;14.9;PRIV_SANTE_CABINET, PRIV_LOISIRS, IMMO_AGENCE
5555;PRIVE;78;BONNIERES-SUR-SEINE;39;39;0;14.9;PRIV_SANTE_CABINET, PRIV_SANTE_CENTRE, PRIV_LOISIRS, IMMO_AGENCE, PRIV_BUREAU, PRIV_RESTAURANT, PRIV_COMMERCE
5556;PRIVE;77;GREZ-SUR-LOING;16;16;0;14.9;PRIV_SANTE_CABINET, PRIV_SANTE_CENTRE, PRIV_LOISIRS, IMMO_AGENCE, PRIV_BUREAU, PRIV_RESTAURANT
5557;PRIVE;77;CONCHES-SUR-GONDOIRE;7;7;0;14.9;PRIV_LOISIRS, IMMO_AGENCE, PRIV_RESTAURANT
5558;PRIVE;78;DAMMARTIN-EN-SERVE;12;12;0;14.8;PRIV_SANTE_CABINET, PRIV_SANTE_CENTRE, PRIV_LOISIRS, IMMO_AGENCE, PRIV_BUREAU
5559;PRIVE;77;BOULANCOURT;4;4;0;14.8;PRIV_SANTE_CENTRE, PRIV_LOISIRS, IMMO_AGENCE
5560;PRIVE;77;HONDEVILLIERS;4;4;0;14.8;PRIV_SANTE_CABINET, PRIV_LOISIRS, PRIV_BUREAU
5561;PRIVE;77;MONCOURT-FROMONVILLE;4;4;0;14.8;PRIV_SANTE_CENTRE, PRIV_LOISIRS, IMMO_AGENCE
5562;PRIVE;77;SABLONNIERES;4;4;0;14.8;PRIV_SANTE_CENTRE, PRIV_LOISIRS, IMMO_AGENCE
5563;PRIVE;77;SAINT-SAUVEUR-SUR-ECOLE;4;4;0;14.8;PRIV_LOISIRS, IMMO_AGENCE
5564;PRIVE;83;BARJOLS;4;4;0;14.8;PRIV_SANTE_CENTRE, PRIV_LOISIRS, IMMO_AGENCE
5565;PRIVE;974;LE TAMPON;11;11;0;14.7;PRIV_SANTE_CABINET, PRIV_SANTE_CENTRE, PRIV_LOISIRS, IMMO_AGENCE
5566;PRIVE;77;CHEVRU;7;7;0;14.7;PRIV_SANTE_CENTRE, PRIV_LOISIRS, PRIV_BUREAU
5567;PRIVE;18;SAINT-AMAND-MONTROND;3;3;0;14.7;PRIV_SANTE_CABINET, PRIV_LOISIRS
5568;PRIVE;972;SAINT-ESPRIT;3;3;0;14.7;PRIV_SANTE_CABINET, PRIV_LOISIRS
5569;PRIVE;78;LONGNES;8;8;0;14.6;PRIV_SANTE_CABINET, PRIV_SANTE_CENTRE, PRIV_LOISIRS, IMMO_AGENCE, PRIV_BUREAU
5570;PRIVE;77;VILLEMARECHAL;5;5;0;14.6;PRIV_SANTE_CENTRE, PRIV_LOISIRS
5571;PRIVE;77;BUTHIERS;6;6;0;14.5;PRIV_SANTE_CABINET, PRIV_LOISIRS, PRIV_BUREAU, PRIV_RESTAURANT
5572;PRIVE;41;SAINT-GEORGES-SUR-CHER;2;2;0;14.5;PRIV_LOISIRS
5573;PRIVE;91;ORVEAU;2;2;0;14.5;PRIV_LOISIRS
5574;PRIVE;971;SAINTE-ANNE;9;9;0;14.4;PRIV_SANTE_CABINET, IMMO_AGENCE, PRIV_BUREAU
5575;PRIVE;77;POMMEUSE;14;14;0;14.4;PRIV_SANTE_CABINET, PRIV_SANTE_CENTRE, PRIV_LOISIRS, IMMO_AGENCE, PRIV_BUREAU, PRIV_RESTAURANT
5576;PRIVE;34;AGDE;10;10;0;14.4;PRIV_SANTE_CABINET, PRIV_LOISIRS, IMMO_AGENCE, PRIV_RESTAURANT
5577;PRIVE;77;CANNES-ECLUSE;5;5;0;14.4;PRIV_LOISIRS, PRIV_BUREAU, PRIV_RESTAURANT
5578;PRIVE;77;MAISONCELLES-EN-BRIE;5;5;0;14.4;PRIV_LOISIRS, IMMO_AGENCE, PRIV_BUREAU, PRIV_RESTAURANT
5579;PRIVE;77;USSY-SUR-MARNE;5;5;0;14.4;PRIV_LOISIRS, PRIV_BUREAU, PRIV_RESTAURANT
5580;PRIVE;83;COGOLIN;5;5;0;14.4;PRIV_SANTE_CABINET, PRIV_LOISIRS, IMMO_AGENCE, PRIV_RESTAURANT
5581;PRIVE;06;LE CANNET;23;23;0;14.3;PRIV_SANTE_CABINET, PRIV_SANTE_CENTRE, IMMO_AGENCE, PRIV_BUREAU, PRIV_COMMERCE
5582;PRIVE;77;COURPALAY;10;10;0;14.3;PRIV_SANTE_CENTRE, PRIV_LOISIRS, IMMO_AGENCE, PRIV_BUREAU
5583;PRIVE;02;CHAUNY;4;4;0;14.2;PRIV_SANTE_CABINET, PRIV_LOISIRS, IMMO_AGENCE, PRIV_RESTAURANT
5584;PRIVE;14;OUISTREHAM;4;4;0;14.2;PRIV_SANTE_CABINET, PRIV_LOISIRS, PRIV_BUREAU, PRIV_RESTAURANT
5585;PRIVE;33;EYSINES;4;4;0;14.2;PRIV_SANTE_CENTRE, PRIV_LOISIRS, IMMO_AGENCE
5586;PRIVE;77;BANNOST-VILLEGAGNON;4;4;0;14.2;PRIV_LOISIRS, PRIV_BUREAU, PRIV_RESTAURANT
5587;PRIVE;85;ANGLES;4;4;0;14.2;PRIV_SANTE_CENTRE, PRIV_LOISIRS, IMMO_AGENCE
5588;PRIVE;91;SAINT-CYR-LA-RIVIERE;4;4;0;14.2;PRIV_LOISIRS, IMMO_AGENCE, PRIV_BUREAU
5589;PRIVE;78;MOUSSEAUX-SUR-SEINE;5;5;0;14.2;PRIV_SANTE_CENTRE, PRIV_LOISIRS, PRIV_RESTAURANT
5590;PRIVE;77;BEAUTHEIL-SAINTS;12;12;0;14.2;PRIV_SANTE_CENTRE, PRIV_LOISIRS, IMMO_AGENCE, PRIV_BUREAU, PRIV_RESTAURANT
5591;PRIVE;14;TROUVILLE-SUR-MER;6;6;0;14.2;PRIV_SANTE_CENTRE, IMMO_AGENCE, PRIV_BUREAU, PRIV_RESTAURANT
5592;PRIVE;2A;PORTO-VECCHIO;6;6;0;14.2;PRIV_SANTE_CENTRE, IMMO_AGENCE, PRIV_BUREAU, PRIV_RESTAURANT
5593;PRIVE;83;BANDOL;6;6;0;14.2;PRIV_SANTE_CENTRE, IMMO_AGENCE, PRIV_BUREAU, PRIV_COMMERCE
5594;PRIVE;78;ADAINVILLE;7;7;0;14.1;PRIV_LOISIRS, IMMO_AGENCE, PRIV_BUREAU
5595;PRIVE;78;NEAUPHLETTE;7;7;0;14.1;PRIV_SANTE_CENTRE, PRIV_LOISIRS, IMMO_AGENCE, PRIV_BUREAU
5596;PRIVE;91;GUILLERVAL;7;7;0;14.1;PRIV_SANTE_CENTRE, PRIV_LOISIRS, IMMO_AGENCE, PRIV_BUREAU, PRIV_RESTAURANT
5597;PRIVE;91;LE MEREVILLOIS;22;22;0;14.0;PRIV_SANTE_CABINET, PRIV_SANTE_CENTRE, PRIV_LOISIRS, IMMO_AGENCE, PRIV_BUREAU, PRIV_RESTAURANT, PRIV_COMMERCE
5598;PRIVE;95;SAINT-CLAIR-SUR-EPTE;6;6;0;14.0;PRIV_SANTE_CENTRE, PRIV_LOISIRS, IMMO_AGENCE, PRIV_BUREAU, PRIV_RESTAURANT
5599;PRIVE;13;ROGNES;5;5;0;14.0;PRIV_SANTE_CENTRE, IMMO_AGENCE, PRIV_BUREAU
5600;PRIVE;77;VILLENEUVE-SUR-BELLOT;5;5;0;14.0;PRIV_SANTE_CABINET, PRIV_RESTAURANT
5601;PRIVE;27;LES ANDELYS;3;3;0;14.0;PRIV_SANTE_CABINET, PRIV_LOISIRS, IMMO_AGENCE
5602;PRIVE;29;PENMARCH;3;3;0;14.0;PRIV_SANTE_CABINET, PRIV_LOISIRS, PRIV_RESTAURANT
5603;PRIVE;44;SAVENAY;3;3;0;14.0;PRIV_SANTE_CABINET, PRIV_LOISIRS, IMMO_AGENCE
5604;PRIVE;57;MONTIGNY-LES-METZ;3;3;0;14.0;PRIV_SANTE_CABINET, PRIV_LOISIRS, IMMO_AGENCE
5605;PRIVE;65;BAGNERES-DE-BIGORRE;3;3;0;14.0;PRIV_SANTE_CABINET, PRIV_LOISIRS, IMMO_AGENCE
5606;PRIVE;69;DARDILLY;3;3;0;14.0;PRIV_SANTE_CABINET, PRIV_LOISIRS, IMMO_AGENCE
5607;PRIVE;77;BAZOCHES-LES-BRAY;3;3;0;14.0;PRIV_LOISIRS, IMMO_AGENCE, PRIV_RESTAURANT
5608;PRIVE;77;LA TOMBE;3;3;0;14.0;PRIV_LOISIRS, PRIV_RESTAURANT
5609;PRIVE;77;NANTEUIL-SUR-MARNE;3;3;0;14.0;PRIV_LOISIRS, IMMO_AGENCE, PRIV_RESTAURANT
5610;PRIVE;83;GAREOULT;3;3;0;14.0;PRIV_LOISIRS, PRIV_BUREAU, PRIV_COMMERCE
5611;PRIVE;973;MACOURIA;3;3;0;14.0;PRIV_SANTE_CABINET, PRIV_LOISIRS, IMMO_AGENCE
5612;PRIVE;974;SAINTE-MARIE;3;3;0;14.0;PRIV_SANTE_CABINET, PRIV_LOISIRS, IMMO_AGENCE
5613;PRIVE;91;SACLAS;16;16;0;13.9;PRIV_SANTE_CABINET, PRIV_SANTE_CENTRE, PRIV_LOISIRS, IMMO_AGENCE, PRIV_BUREAU, PRIV_RESTAURANT
5614;PRIVE;13;MARTIGUES;7;7;0;13.9;PRIV_SANTE_CABINET, PRIV_LOISIRS, IMMO_AGENCE, PRIV_RESTAURANT
5615;PRIVE;91;ANGERVILLE;34;34;0;13.9;PRIV_SANTE_CABINET, PRIV_SANTE_CENTRE, PRIV_LOISIRS, IMMO_AGENCE, PRIV_BUREAU, PRIV_RESTAURANT, PRIV_COMMERCE
5616;PRIVE;77;URY;12;12;0;13.8;PRIV_SANTE_CABINET, PRIV_SANTE_CENTRE, PRIV_LOISIRS, IMMO_AGENCE, PRIV_BUREAU, PRIV_RESTAURANT
5617;PRIVE;77;VANVILLE;5;5;0;13.8;PRIV_LOISIRS, PRIV_SANTE_CENTRE, IMMO_AGENCE, PRIV_RESTAURANT
5618;PRIVE;77;SAINT-GERMAIN-LAVAL;13;13;0;13.8;PRIV_SANTE_CABINET, PRIV_LOISIRS, IMMO_AGENCE, PRIV_BUREAU
5619;PRIVE;27;GASNY;4;4;0;13.8;PRIV_SANTE_CABINET, IMMO_AGENCE
5620;PRIVE;28;SOREL-MOUSSEL;4;4;0;13.8;PRIV_SANTE_CENTRE, IMMO_AGENCE
5621;PRIVE;34;MAUGUIO;4;4;0;13.8;IMMO_AGENCE, PRIV_RESTAURANT
5622;PRIVE;64;URRUGNE;4;4;0;13.8;PRIV_SANTE_CABINET, IMMO_AGENCE
5623;PRIVE;78;SAINT-ILLIERS-LA-VILLE;4;4;0;13.8;IMMO_AGENCE, PRIV_BUREAU, PRIV_RESTAURANT
5624;PRIVE;91;BUNO-BONNEVAUX;4;4;0;13.8;PRIV_SANTE_CENTRE, IMMO_AGENCE, PRIV_RESTAURANT
5625;PRIVE;78;TILLY;7;7;0;13.7;PRIV_LOISIRS, IMMO_AGENCE, PRIV_BUREAU
5626;PRIVE;77;BRANSLES;9;9;0;13.7;PRIV_SANTE_CABINET, PRIV_SANTE_CENTRE, PRIV_LOISIRS, IMMO_AGENCE
5627;PRIVE;33;PAREMPUYRE;4;4;0;13.5;PRIV_SANTE_CABINET, PRIV_LOISIRS, IMMO_AGENCE
5628;PRIVE;77;GIRONVILLE;4;4;0;13.5;PRIV_LOISIRS, PRIV_RESTAURANT
5629;PRIVE;24;LES EYZIES;2;2;0;13.5;PRIV_LOISIRS, PRIV_RESTAURANT
5630;PRIVE;27;LES TROIS LACS;2;2;0;13.5;PRIV_LOISIRS, IMMO_AGENCE
5631;PRIVE;28;DROUE-SUR-DROUETTE;2;2;0;13.5;PRIV_LOISIRS, PRIV_BUREAU
5632;PRIVE;30;VILLEVIEILLE;2;2;0;13.5;PRIV_LOISIRS, PRIV_BUREAU
5633;PRIVE;35;SAINT-BRIAC-SUR-MER;2;2;0;13.5;PRIV_LOISIRS, PRIV_RESTAURANT
5634;PRIVE;36;ARGENTON-SUR-CREUSE;2;2;0;13.5;PRIV_LOISIRS, IMMO_AGENCE
5635;PRIVE;42;CHARLIEU;2;2;0;13.5;PRIV_LOISIRS, PRIV_COMMERCE
5636;PRIVE;44;GUENROUET;2;2;0;13.5;PRIV_LOISIRS, PRIV_BUREAU
5637;PRIVE;45;FERRIERES-EN-GATINAIS;2;2;0;13.5;PRIV_LOISIRS, IMMO_AGENCE
5638;PRIVE;49;VERRIERES-EN-ANJOU;2;2;0;13.5;PRIV_LOISIRS, PRIV_BUREAU
5639;PRIVE;60;COURCELLES-LES-GISORS;2;2;0;13.5;PRIV_LOISIRS, IMMO_AGENCE
5640;PRIVE;66;ELNE;2;2;0;13.5;PRIV_LOISIRS, PRIV_BUREAU
5641;PRIVE;72;BESSE-SUR-BRAYE;2;2;0;13.5;PRIV_LOISIRS, PRIV_BUREAU
5642;PRIVE;77;BALLOY;2;2;0;13.5;PRIV_LOISIRS, PRIV_BUREAU
5643;PRIVE;77;ECHOUBOULAINS;2;2;0;13.5;PRIV_LOISIRS, PRIV_BUREAU
5644;PRIVE;77;MELZ-SUR-SEINE;2;2;0;13.5;PRIV_LOISIRS, PRIV_BUREAU
5645;PRIVE;77;SAINT-HILLIERS;2;2;0;13.5;PRIV_LOISIRS, PRIV_BUREAU
5646;PRIVE;89;CUY;2;2;0;13.5;PRIV_LOISIRS, IMMO_AGENCE
5647;PRIVE;978;SAINT-MARTIN;12;12;0;13.4;PRIV_SANTE_CENTRE, PRIV_LOISIRS, IMMO_AGENCE
5648;PRIVE;77;VERNOU-LA-CELLE-SUR-SEINE;15;15;0;13.4;PRIV_SANTE_CENTRE, PRIV_LOISIRS, IMMO_AGENCE, PRIV_BUREAU, PRIV_RESTAURANT
5649;PRIVE;77;CHOISY-EN-BRIE;10;10;0;13.4;PRIV_SANTE_CABINET, PRIV_LOISIRS, IMMO_AGENCE, PRIV_BUREAU, PRIV_RESTAURANT
5650;PRIVE;27;VEXIN-SUR-EPTE;5;5;0;13.4;PRIV_SANTE_CABINET, PRIV_LOISIRS, IMMO_AGENCE, PRIV_BUREAU, PRIV_RESTAURANT
5651;PRIVE;66;ARGELES-SUR-MER;5;5;0;13.4;PRIV_SANTE_CENTRE, PRIV_LOISIRS, IMMO_AGENCE
5652;PRIVE;77;CHATENAY-SUR-SEINE;5;5;0;13.4;PRIV_LOISIRS, IMMO_AGENCE, PRIV_BUREAU, PRIV_RESTAURANT
5653;PRIVE;77;NONVILLE;5;5;0;13.4;PRIV_SANTE_CENTRE, PRIV_LOISIRS, IMMO_AGENCE
5654;PRIVE;27;GAILLON;3;3;0;13.3;PRIV_SANTE_CABINET, IMMO_AGENCE, PRIV_RESTAURANT
5655;PRIVE;37;MONTLOUIS-SUR-LOIRE;3;3;0;13.3;PRIV_SANTE_CABINET, IMMO_AGENCE
5656;PRIVE;56;PLOUHARNEL;3;3;0;13.3;PRIV_SANTE_CABINET, IMMO_AGENCE
5657;PRIVE;59;CYSOING;3;3;0;13.3;PRIV_SANTE_CABINET, IMMO_AGENCE
5658;PRIVE;61;REMALARD-EN-PERCHE;3;3;0;13.3;PRIV_SANTE_CABINET, IMMO_AGENCE
5659;PRIVE;62;ARRAS;3;3;0;13.3;PRIV_SANTE_CABINET, IMMO_AGENCE
5660;PRIVE;73;TRESSERVE;3;3;0;13.3;IMMO_AGENCE, PRIV_BUREAU
5661;PRIVE;74;SAINT-JULIEN-EN-GENEVOIS;3;3;0;13.3;PRIV_SANTE_CABINET, IMMO_AGENCE
5662;PRIVE;77;BOMBON;3;3;0;13.3;IMMO_AGENCE, PRIV_RESTAURANT
5663;PRIVE;77;TREUZY-LEVELAY;3;3;0;13.3;IMMO_AGENCE, PRIV_BUREAU
5664;PRIVE;78;EMANCE;3;3;0;13.3;IMMO_AGENCE, PRIV_BUREAU
5665;PRIVE;83;LA CROIX-VALMER;3;3;0;13.3;PRIV_BUREAU, PRIV_RESTAURANT
5666;PRIVE;77;CHAILLY-EN-BRIE;5;5;0;13.2;PRIV_LOISIRS, IMMO_AGENCE, PRIV_RESTAURANT
5667;PRIVE;77;VAUDOY-EN-BRIE;5;5;0;13.2;PRIV_LOISIRS, PRIV_BUREAU
5668;PRIVE;77;SAINT-JEAN-LES-DEUX-JUMEAUX;12;12;0;13.2;PRIV_SANTE_CABINET, PRIV_SANTE_CENTRE, PRIV_LOISIRS, IMMO_AGENCE, PRIV_BUREAU, PRIV_RESTAURANT
5669;PRIVE;77;ESMANS;7;7;0;13.1;PRIV_LOISIRS, IMMO_AGENCE, PRIV_BUREAU, PRIV_RESTAURANT
5670;PRIVE;78;LIMETZ-VILLEZ;13;13;0;13.1;PRIV_LOISIRS, IMMO_AGENCE, PRIV_BUREAU, PRIV_SANTE_CENTRE, PRIV_RESTAURANT
5671;PRIVE;78;BENNECOURT;13;13;0;13.0;PRIV_SANTE_CENTRE, PRIV_LOISIRS, IMMO_AGENCE, PRIV_BUREAU, PRIV_RESTAURANT
5672;PRIVE;77;ACHERES-LA-FORET;11;11;0;13.0;PRIV_SANTE_CABINET, PRIV_SANTE_CENTRE, PRIV_LOISIRS, IMMO_AGENCE, PRIV_RESTAURANT
5673;PRIVE;78;ORPHIN;5;5;0;13.0;PRIV_SANTE_CENTRE, IMMO_AGENCE, PRIV_RESTAURANT
5674;PRIVE;37;CHINON;4;4;0;13.0;PRIV_SANTE_CABINET, PRIV_LOISIRS, IMMO_AGENCE
5675;PRIVE;83;CAVALAIRE-SUR-MER;4;4;0;13.0;PRIV_SANTE_CABINET, PRIV_LOISIRS, IMMO_AGENCE
5676;PRIVE;91;SAINT-HILAIRE;4;4;0;13.0;PRIV_LOISIRS, PRIV_BUREAU, PRIV_RESTAURANT
5677;PRIVE;56;BELZ;3;3;0;13.0;PRIV_LOISIRS, PRIV_BUREAU
5678;PRIVE;77;SOISY-BOUY;3;3;0;13.0;PRIV_LOISIRS, PRIV_BUREAU
5679;PRIVE;77;TOUSSON;3;3;0;13.0;PRIV_LOISIRS, PRIV_BUREAU
5680;PRIVE;77;CHENOISE-CUCHARMOY;14;14;0;12.9;PRIV_SANTE_CABINET, PRIV_LOISIRS, IMMO_AGENCE, PRIV_BUREAU, PRIV_RESTAURANT
5681;PRIVE;78;SAINT-HILARION;9;9;0;12.9;PRIV_LOISIRS, IMMO_AGENCE, PRIV_BUREAU
5682;PRIVE;77;SAACY-SUR-MARNE;6;6;0;12.8;PRIV_LOISIRS, IMMO_AGENCE, PRIV_RESTAURANT
5683;PRIVE;78;GRESSEY;6;6;0;12.8;PRIV_LOISIRS, IMMO_AGENCE, PRIV_BUREAU
5684;PRIVE;75;;41;41;0;12.8;PRIV_LOISIRS, IMMO_AGENCE, PRIV_BUREAU, PRIV_RESTAURANT
5685;PRIVE;77;SAINT-SIMEON;5;5;0;12.8;PRIV_LOISIRS, IMMO_AGENCE, PRIV_BUREAU
5686;PRIVE;78;LA BOISSIERE-ECOLE;6;6;0;12.7;PRIV_LOISIRS, PRIV_BUREAU, PRIV_RESTAURANT
5687;PRIVE;33;LACANAU;4;4;0;12.5;IMMO_AGENCE
5688;PRIVE;77;MONTEREAU FAULT YONNE;4;4;0;12.5;PRIV_BUREAU, PRIV_RESTAURANT, PRIV_COMMERCE
5689;PRIVE;01;ARTEMARE;2;2;0;12.5;IMMO_AGENCE, PRIV_BUREAU
5690;PRIVE;02;PAVANT;2;2;0;12.5;IMMO_AGENCE, PRIV_BUREAU
5691;PRIVE;06;EZE;2;2;0;12.5;IMMO_AGENCE, PRIV_BUREAU
5692;PRIVE;17;LES MATHES;2;2;0;12.5;IMMO_AGENCE
5693;PRIVE;17;SAINT-JEAN-D'ANGELY;2;2;0;12.5;IMMO_AGENCE, PRIV_BUREAU
5694;PRIVE;17;SAINT-TROJAN-LES-BAINS;2;2;0;12.5;IMMO_AGENCE, PRIV_BUREAU
5695;PRIVE;17;VIRSON;2;2;0;12.5;IMMO_AGENCE, PRIV_BUREAU
5696;PRIVE;24;PIEGUT-PLUVIERS;2;2;0;12.5;IMMO_AGENCE, PRIV_RESTAURANT
5697;PRIVE;24;TRELISSAC;2;2;0;12.5;IMMO_AGENCE, PRIV_RESTAURANT
5698;PRIVE;27;EZY-SUR-EURE;2;2;0;12.5;IMMO_AGENCE
5699;PRIVE;28;BEVILLE-LE-COMTE;2;2;0;12.5;IMMO_AGENCE, PRIV_BUREAU
5700;PRIVE;28;SAINT-LUBIN-DE-LA-HAYE;2;2;0;12.5;PRIV_BUREAU, PRIV_RESTAURANT
5701;PRIVE;33;BASSENS;2;2;0;12.5;IMMO_AGENCE, PRIV_BUREAU
5702;PRIVE;37;SAINTE-MAURE-DE-TOURAINE;2;2;0;12.5;IMMO_AGENCE, PRIV_BUREAU
5703;PRIVE;38;SASSENAGE;2;2;0;12.5;IMMO_AGENCE, PRIV_BUREAU
5704;PRIVE;45;COURTENAY;2;2;0;12.5;IMMO_AGENCE, PRIV_BUREAU
5705;PRIVE;46;SAINT-CIRQ-LAPOPIE;2;2;0;12.5;IMMO_AGENCE, PRIV_BUREAU
5706;PRIVE;54;LONGWY;2;2;0;12.5;IMMO_AGENCE, PRIV_BUREAU
5707;PRIVE;56;PLOUAY;2;2;0;12.5;IMMO_AGENCE, PRIV_COMMERCE
5708;PRIVE;56;SAINT-ARMEL;2;2;0;12.5;PRIV_BUREAU, PRIV_RESTAURANT
5709;PRIVE;60;CHAUMONT-EN-VEXIN;2;2;0;12.5;IMMO_AGENCE, PRIV_BUREAU
5710;PRIVE;62;BETHUNE;2;2;0;12.5;PRIV_RESTAURANT
5711;PRIVE;67;SAVERNE;2;2;0;12.5;IMMO_AGENCE, PRIV_BUREAU
5712;PRIVE;69;COLLONGES-AU-MONT-D'OR;2;2;0;12.5;IMMO_AGENCE, PRIV_BUREAU
5713;PRIVE;71;GIVRY;2;2;0;12.5;IMMO_AGENCE, PRIV_COMMERCE
5714;PRIVE;74;PERS-JUSSY;2;2;0;12.5;IMMO_AGENCE, PRIV_COMMERCE
5715;PRIVE;76;CAUDEBEC-LES-ELBEUF;2;2;0;12.5;PRIV_BUREAU, PRIV_RESTAURANT
5716;PRIVE;77;BASSEVELLE;2;2;0;12.5;IMMO_AGENCE, PRIV_BUREAU
5717;PRIVE;77;FONTAINS;2;2;0;12.5;IMMO_AGENCE, PRIV_BUREAU
5718;PRIVE;77;PIERRE-LEVEE;2;2;0;12.5;IMMO_AGENCE, PRIV_BUREAU
5719;PRIVE;77;SIGNY-SIGNETS;2;2;0;12.5;IMMO_AGENCE, PRIV_BUREAU
5720;PRIVE;83;FLASSANS-SUR-ISSOLE;2;2;0;12.5;IMMO_AGENCE, PRIV_BUREAU
5721;PRIVE;89;MICHERY;2;2;0;12.5;IMMO_AGENCE, PRIV_BUREAU
5722;PRIVE;91;SAINTRY SUR SEINE;2;2;0;12.5;IMMO_AGENCE
5723;PRIVE;95;LA ROCHE-GUYON;2;2;0;12.5;IMMO_AGENCE, PRIV_RESTAURANT
5724;PRIVE;972;SAINTE-ANNE;2;2;0;12.5;PRIV_BUREAU, PRIV_RESTAURANT
5725;PRIVE;978;SAINT MARTIN;9;9;0;12.3;PRIV_SANTE_CABINET, PRIV_LOISIRS, IMMO_AGENCE, PRIV_BUREAU
5726;PRIVE;77;DOUE;6;6;0;12.3;PRIV_SANTE_CABINET, PRIV_LOISIRS, IMMO_AGENCE, PRIV_RESTAURANT
5727;PRIVE;95;SAINT-GERVAIS;6;6;0;12.3;PRIV_LOISIRS, IMMO_AGENCE, PRIV_BUREAU
5728;PRIVE;14;FLEURY-SUR-ORNE;3;3;0;12.3;PRIV_LOISIRS, IMMO_AGENCE, PRIV_BUREAU
5729;PRIVE;34;LA GRANDE-MOTTE;3;3;0;12.3;PRIV_LOISIRS, IMMO_AGENCE, PRIV_BUREAU
5730;PRIVE;56;LANGUIDIC;3;3;0;12.3;PRIV_LOISIRS, IMMO_AGENCE, PRIV_RESTAURANT
5731;PRIVE;77;MEILLERAY;3;3;0;12.3;PRIV_LOISIRS, PRIV_BUREAU, PRIV_RESTAURANT
5732;PRIVE;77;SAMMERON;3;3;0;12.3;PRIV_LOISIRS, PRIV_BUREAU, PRIV_RESTAURANT
5733;PRIVE;77;GURCY-LE-CHATEL;4;4;0;12.2;PRIV_LOISIRS, PRIV_BUREAU, PRIV_RESTAURANT
5734;PRIVE;77;SAINTE-AULDE;4;4;0;12.2;PRIV_LOISIRS, PRIV_BUREAU, PRIV_RESTAURANT
5735;PRIVE;77;DARVAULT;7;7;0;12.0;PRIV_LOISIRS, IMMO_AGENCE, PRIV_BUREAU
5736;PRIVE;77;THOURY-FEROTTES;7;7;0;12.0;PRIV_LOISIRS, IMMO_AGENCE, PRIV_RESTAURANT
5737;PRIVE;77;AMILLIS;3;3;0;12.0;PRIV_LOISIRS
5738;PRIVE;89;VILLENEUVE-LA-GUYARD;3;3;0;12.0;PRIV_LOISIRS
5739;PRIVE;03;MOULINS;2;2;0;12.0;PRIV_LOISIRS
5740;PRIVE;11;LIMOUX;2;2;0;12.0;PRIV_LOISIRS
5741;PRIVE;14;MANERBE;2;2;0;12.0;PRIV_LOISIRS
5742;PRIVE;17;SAINT-CIERS-DU-TAILLON;2;2;0;12.0;PRIV_LOISIRS
5743;PRIVE;28;LANDELLES;2;2;0;12.0;PRIV_LOISIRS
5744;PRIVE;34;VIAS;2;2;0;12.0;PRIV_LOISIRS
5745;PRIVE;63;VERTAIZON;2;2;0;12.0;PRIV_LOISIRS
5746;PRIVE;69;LYON 4EME;2;2;0;12.0;PRIV_LOISIRS
5747;PRIVE;72;CHAMPAGNE;2;2;0;12.0;PRIV_LOISIRS
5748;PRIVE;77;JAIGNES;2;2;0;12.0;PRIV_LOISIRS
5749;PRIVE;77;MONTDAUPHIN;2;2;0;12.0;PRIV_LOISIRS
5750;PRIVE;77;MONTMACHOUX;2;2;0;12.0;PRIV_LOISIRS
5751;PRIVE;77;SAINT-MARS-VIEUX-MAISONS;2;2;0;12.0;PRIV_LOISIRS
5752;PRIVE;77;SALINS;2;2;0;12.0;PRIV_LOISIRS
5753;PRIVE;80;PERONNE;2;2;0;12.0;PRIV_LOISIRS
5754;PRIVE;83;COLLOBRIERES;2;2;0;12.0;PRIV_LOISIRS
5755;PRIVE;01;OYONNAX;1;1;0;12.0;PRIV_LOISIRS
5756;PRIVE;01;RELEVANT;1;1;0;12.0;PRIV_LOISIRS
5757;PRIVE;01;TREVOUX;1;1;0;12.0;PRIV_LOISIRS
5758;PRIVE;02;BERNOY-LE-CHATEAU;1;1;0;12.0;PRIV_LOISIRS
5759;PRIVE;02;BEUGNEUX;1;1;0;12.0;PRIV_LOISIRS
5760;PRIVE;02;CILLY;1;1;0;12.0;PRIV_LOISIRS
5761;PRIVE;02;EPAUX-BEZU;1;1;0;12.0;PRIV_LOISIRS
5762;PRIVE;02;LA FERE;1;1;0;12.0;PRIV_LOISIRS
5763;PRIVE;02;MONS-EN-LAONNOIS;1;1;0;12.0;PRIV_LOISIRS
5764;PRIVE;02;NOGENT L ARTAUD;1;1;0;12.0;PRIV_LOISIRS
5765;PRIVE;02;NOROY-SUR-OURCQ;1;1;0;12.0;PRIV_LOISIRS
5766;PRIVE;02;PROVISEUX-ET-PLESNOY;1;1;0;12.0;PRIV_LOISIRS
5767;PRIVE;03;SAINT-CLEMENT;1;1;0;12.0;PRIV_LOISIRS
5768;PRIVE;05;SAINT-JULIEN-EN-CHAMPSAUR;1;1;0;12.0;PRIV_LOISIRS
5769;PRIVE;06;AURIBEAU-SUR-SIAGNE;1;1;0;12.0;PRIV_LOISIRS
5770;PRIVE;07;CHARMES-SUR-RHONE;1;1;0;12.0;PRIV_LOISIRS
5771;PRIVE;07;DESAIGNES;1;1;0;12.0;PRIV_LOISIRS
5772;PRIVE;07;SAINT-ETIENNE-DE-SERRE;1;1;0;12.0;PRIV_LOISIRS
5773;PRIVE;08;NOVION-PORCIEN;1;1;0;12.0;PRIV_LOISIRS
5774;PRIVE;09;BIERT;1;1;0;12.0;PRIV_LOISIRS
5775;PRIVE;09;LE FOSSAT;1;1;0;12.0;PRIV_LOISIRS
5776;PRIVE;09;VERNIOLLE;1;1;0;12.0;PRIV_LOISIRS
5777;PRIVE;09;VILLENEUVE-D'OLMES;1;1;0;12.0;PRIV_LOISIRS
5778;PRIVE;10;AVON-LA-PEZE;1;1;0;12.0;PRIV_LOISIRS
5779;PRIVE;10;CHESSY-LES-PRES;1;1;0;12.0;PRIV_LOISIRS
5780;PRIVE;10;FONTAINE;1;1;0;12.0;PRIV_LOISIRS
5781;PRIVE;10;LE MERIOT;1;1;0;12.0;PRIV_LOISIRS
5782;PRIVE;10;MACEY;1;1;0;12.0;PRIV_LOISIRS
5783;PRIVE;11;ARGELIERS;1;1;0;12.0;PRIV_LOISIRS
5784;PRIVE;11;LEZIGNAN-CORBIERES;1;1;0;12.0;PRIV_LOISIRS
5785;PRIVE;11;MARSEILLETTE;1;1;0;12.0;PRIV_LOISIRS
5786;PRIVE;11;MOUSSAN;1;1;0;12.0;PRIV_LOISIRS
5787;PRIVE;11;SALLES D AUDE;1;1;0;12.0;PRIV_LOISIRS
5788;PRIVE;11;VERZEILLE;1;1;0;12.0;PRIV_LOISIRS
5789;PRIVE;12;CAMARES;1;1;0;12.0;PRIV_LOISIRS
5790;PRIVE;12;SAUVETERRE-DE-ROUERGUE;1;1;0;12.0;PRIV_LOISIRS
5791;PRIVE;12;SEGUR;1;1;0;12.0;PRIV_LOISIRS
5792;PRIVE;13;LE PUY-SAINTE-REPARADE;1;1;0;12.0;PRIV_LOISIRS
5793;PRIVE;13;ROQUEVAIRE;1;1;0;12.0;PRIV_LOISIRS
5794;PRIVE;13;SEPTEMES-LES-VALLONS;1;1;0;12.0;PRIV_LOISIRS
5795;PRIVE;14;BARBEVILLE;1;1;0;12.0;PRIV_LOISIRS
5796;PRIVE;14;BRANVILLE;1;1;0;12.0;PRIV_LOISIRS
5797;PRIVE;14;CRICQUEBŒUF;1;1;0;12.0;PRIV_LOISIRS
5798;PRIVE;14;EQUEMAUVILLE;1;1;0;12.0;PRIV_LOISIRS
5799;PRIVE;14;FONTENAY-LE-PESNEL;1;1;0;12.0;PRIV_LOISIRS
5800;PRIVE;14;GOUVIX;1;1;0;12.0;PRIV_LOISIRS
5801;PRIVE;14;ROUVRES;1;1;0;12.0;PRIV_LOISIRS
5802;PRIVE;15;FONTANGES;1;1;0;12.0;PRIV_LOISIRS
5803;PRIVE;15;LE VIGEAN;1;1;0;12.0;PRIV_LOISIRS
5804;PRIVE;15;NAUCELLES;1;1;0;12.0;PRIV_LOISIRS
5805;PRIVE;15;VEBRET;1;1;0;12.0;PRIV_LOISIRS
5806;PRIVE;16;BOUTIERS-SAINT-TROJAN;1;1;0;12.0;PRIV_LOISIRS
5807;PRIVE;16;CHATEAUNEUF-SUR-CHARENTE;1;1;0;12.0;PRIV_LOISIRS
5808;PRIVE;16;LA ROCHEFOUCAULD-EN-ANGOUMOIS;1;1;0;12.0;PRIV_LOISIRS
5809;PRIVE;16;SERS;1;1;0;12.0;PRIV_LOISIRS
5810;PRIVE;17;MONTENDRE;1;1;0;12.0;PRIV_LOISIRS
5811;PRIVE;17;NUAILLE-D'AUNIS;1;1;0;12.0;PRIV_LOISIRS
5812;PRIVE;17;SAINT-PIERRE-D OLERON;1;1;0;12.0;PRIV_LOISIRS
5813;PRIVE;17;SAINTE-GEMME;1;1;0;12.0;PRIV_LOISIRS
5814;PRIVE;18;AVORD;1;1;0;12.0;PRIV_LOISIRS
5815;PRIVE;18;SAINT-MARTIN-DES-CHAMPS;1;1;0;12.0;PRIV_LOISIRS
5816;PRIVE;19;TUDEILS;1;1;0;12.0;PRIV_LOISIRS
5817;PRIVE;21;PONCEY-LES-ATHEE;1;1;0;12.0;PRIV_LOISIRS
5818;PRIVE;22;LA ROCHE-JAUDY;1;1;0;12.0;PRIV_LOISIRS
5819;PRIVE;22;PLELAUFF;1;1;0;12.0;PRIV_LOISIRS
5820;PRIVE;22;PLELO;1;1;0;12.0;PRIV_LOISIRS
5821;PRIVE;22;PLESTIN-LES-GREVES;1;1;0;12.0;PRIV_LOISIRS
5822;PRIVE;22;PLOUGUIEL;1;1;0;12.0;PRIV_LOISIRS
5823;PRIVE;22;PLOUNEVEZ-QUINTIN;1;1;0;12.0;PRIV_LOISIRS
5824;PRIVE;22;PONTRIEUX;1;1;0;12.0;PRIV_LOISIRS
5825;PRIVE;22;TREGASTEL;1;1;0;12.0;PRIV_LOISIRS
5826;PRIVE;22;TRELIVAN;1;1;0;12.0;PRIV_LOISIRS
5827;PRIVE;23;LA SAUNIERE;1;1;0;12.0;PRIV_LOISIRS
5828;PRIVE;24;CASTELS ET BEZENAC;1;1;0;12.0;PRIV_LOISIRS
5829;PRIVE;24;MOULIN-NEUF;1;1;0;12.0;PRIV_LOISIRS
5830;PRIVE;24;SAINT-VIVIEN;1;1;0;12.0;PRIV_LOISIRS
5831;PRIVE;25;BAUME-LES-DAMES;1;1;0;12.0;PRIV_LOISIRS
5832;PRIVE;25;CHEMAUDIN ET VAUX;1;1;0;12.0;PRIV_LOISIRS
5833;PRIVE;25;FRANOIS;1;1;0;12.0;PRIV_LOISIRS
5834;PRIVE;26;ANNEYRON;1;1;0;12.0;PRIV_LOISIRS
5835;PRIVE;26;CURNIER;1;1;0;12.0;PRIV_LOISIRS
5836;PRIVE;26;ETOILE-SUR-RHONE;1;1;0;12.0;PRIV_LOISIRS
5837;PRIVE;26;EYGLUY ESCOULIN;1;1;0;12.0;PRIV_LOISIRS
5838;PRIVE;26;MARGES;1;1;0;12.0;PRIV_LOISIRS
5839;PRIVE;26;ROCHEBRUNE;1;1;0;12.0;PRIV_LOISIRS
5840;PRIVE;26;ROCHEFORT-EN-VALDAINE;1;1;0;12.0;PRIV_LOISIRS
5841;PRIVE;27;AUTHEUIL-AUTHOUILLET;1;1;0;12.0;PRIV_LOISIRS
5842;PRIVE;27;BACQUEPUIS;1;1;0;12.0;PRIV_LOISIRS
5843;PRIVE;27;BOIS-LE-ROI;1;1;0;12.0;PRIV_LOISIRS
5844;PRIVE;27;FOUQUEVILLE;1;1;0;12.0;PRIV_LOISIRS
5845;PRIVE;27;GARENNES-SUR-EURE;1;1;0;12.0;PRIV_LOISIRS
5846;PRIVE;27;IGOVILLE;1;1;0;12.0;PRIV_LOISIRS
5847;PRIVE;27;LOUVIERS;1;1;0;12.0;PRIV_LOISIRS
5848;PRIVE;27;MENILLES;1;1;0;12.0;PRIV_LOISIRS
5849;PRIVE;27;NOTRE-DAME-DE-L'ISLE;1;1;0;12.0;PRIV_LOISIRS
5850;PRIVE;27;POSES;1;1;0;12.0;PRIV_LOISIRS
5851;PRIVE;27;SAINT-CYR-DE-SALERNE;1;1;0;12.0;PRIV_LOISIRS
5852;PRIVE;27;SAINT-SEBASTIEN-DE-MORSENT;1;1;0;12.0;PRIV_LOISIRS
5853;PRIVE;27;SAINTE-GENEVIEVE-LES-GASNY;1;1;0;12.0;PRIV_LOISIRS
5854;PRIVE;28;AMILLY;1;1;0;12.0;PRIV_LOISIRS
5855;PRIVE;28;BILLANCELLES;1;1;0;12.0;PRIV_LOISIRS
5856;PRIVE;28;CHATEAUNEUF-EN-THYMERAIS;1;1;0;12.0;PRIV_LOISIRS
5857;PRIVE;28;CHAUDON;1;1;0;12.0;PRIV_LOISIRS
5858;PRIVE;28;ECROSNES;1;1;0;12.0;PRIV_LOISIRS
5859;PRIVE;28;LE MESNIL-SIMON;1;1;0;12.0;PRIV_LOISIRS
5860;PRIVE;28;MEVOISINS;1;1;0;12.0;PRIV_LOISIRS
5861;PRIVE;28;SAINT-SAUVEUR-MARVILLE;1;1;0;12.0;PRIV_LOISIRS
5862;PRIVE;28;SAINTIGNY;1;1;0;12.0;PRIV_LOISIRS
5863;PRIVE;29;PLEYBEN;1;1;0;12.0;PRIV_LOISIRS
5864;PRIVE;29;SAINT HERNIN;1;1;0;12.0;PRIV_LOISIRS
5865;PRIVE;29;SAINT-RIVOAL;1;1;0;12.0;PRIV_LOISIRS
5866;PRIVE;29;SAINT-THEGONNEC LOC-EGUINER;1;1;0;12.0;PRIV_LOISIRS
5867;PRIVE;29;TREMEVEN;1;1;0;12.0;PRIV_LOISIRS
5868;PRIVE;2A;MONACIA-D AULLENE;1;1;0;12.0;PRIV_LOISIRS
5869;PRIVE;30;BEAUVOISIN;1;1;0;12.0;PRIV_LOISIRS
5870;PRIVE;30;CANNES-ET-CLAIRAN;1;1;0;12.0;PRIV_LOISIRS
5871;PRIVE;30;CARDET;1;1;0;12.0;PRIV_LOISIRS
5872;PRIVE;30;CARNAS;1;1;0;12.0;PRIV_LOISIRS
5873;PRIVE;30;CONGENIES;1;1;0;12.0;PRIV_LOISIRS
5874;PRIVE;30;FLAUX;1;1;0;12.0;PRIV_LOISIRS
5875;PRIVE;30;MANDUEL;1;1;0;12.0;PRIV_LOISIRS
5876;PRIVE;30;SAINT-AMBROIX;1;1;0;12.0;PRIV_LOISIRS
5877;PRIVE;30;SAINT-ANDRE-DE-MAJENCOULES;1;1;0;12.0;PRIV_LOISIRS
5878;PRIVE;30;SERVAS;1;1;0;12.0;PRIV_LOISIRS
5879;PRIVE;30;UCHAUD;1;1;0;12.0;PRIV_LOISIRS
5880;PRIVE;30;VERS-PONT-DU-GARD;1;1;0;12.0;PRIV_LOISIRS
5881;PRIVE;31;LASSERRE-PRADERE;1;1;0;12.0;PRIV_LOISIRS
5882;PRIVE;31;LEGUEVIN;1;1;0;12.0;PRIV_LOISIRS
5883;PRIVE;31;PINS-JUSTARET;1;1;0;12.0;PRIV_LOISIRS
5884;PRIVE;31;POUCHARRAMET;1;1;0;12.0;PRIV_LOISIRS
5885;PRIVE;31;SAINT-GAUDENS;1;1;0;12.0;PRIV_LOISIRS
5886;PRIVE;31;SAINT-PAUL-SUR-SAVE;1;1;0;12.0;PRIV_LOISIRS
5887;PRIVE;31;VILLEMATIER;1;1;0;12.0;PRIV_LOISIRS
5888;PRIVE;33;CAMBES;1;1;0;12.0;PRIV_LOISIRS
5889;PRIVE;33;GALGON;1;1;0;12.0;PRIV_LOISIRS
5890;PRIVE;33;LOUCHATS;1;1;0;12.0;PRIV_LOISIRS
5891;PRIVE;33;MONTUSSAN;1;1;0;12.0;PRIV_LOISIRS
5892;PRIVE;33;SADIRAC;1;1;0;12.0;PRIV_LOISIRS
5893;PRIVE;33;SAINT-MEDARD-DE-GUIZIERES;1;1;0;12.0;PRIV_LOISIRS
5894;PRIVE;33;SAINT-YZANS-DE-MEDOC;1;1;0;12.0;PRIV_LOISIRS
5895;PRIVE;34;GANGES;1;1;0;12.0;PRIV_LOISIRS
5896;PRIVE;34;LE CRES;1;1;0;12.0;PRIV_LOISIRS
5897;PRIVE;34;MIREVAL;1;1;0;12.0;PRIV_LOISIRS
5898;PRIVE;34;PAULHAN;1;1;0;12.0;PRIV_LOISIRS
5899;PRIVE;34;SAINT-GENIES-DES-MOURGUES;1;1;0;12.0;PRIV_LOISIRS
5900;PRIVE;34;SAINT-JEAN-DE-LA-BLAQUIERE;1;1;0;12.0;PRIV_LOISIRS
5901;PRIVE;35;GEVEZE;1;1;0;12.0;PRIV_LOISIRS
5902;PRIVE;35;LANGOUET;1;1;0;12.0;PRIV_LOISIRS
5903;PRIVE;35;LES PORTES DU COGLAIS;1;1;0;12.0;PRIV_LOISIRS
5904;PRIVE;35;MELESSE;1;1;0;12.0;PRIV_LOISIRS
5905;PRIVE;35;PLEUMELEUC;1;1;0;12.0;PRIV_LOISIRS
5906;PRIVE;35;SAINT-MALON-SUR-MEL;1;1;0;12.0;PRIV_LOISIRS
5907;PRIVE;36;SAINT-MARCEL;1;1;0;12.0;PRIV_LOISIRS
5908;PRIVE;37;BLERE;1;1;0;12.0;PRIV_LOISIRS
5909;PRIVE;37;CHAMPIGNY-SUR-VEUDE;1;1;0;12.0;PRIV_LOISIRS
5910;PRIVE;37;LUSSAULT-SUR-LOIRE;1;1;0;12.0;PRIV_LOISIRS
5911;PRIVE;37;LUZILLE;1;1;0;12.0;PRIV_LOISIRS
5912;PRIVE;37;SAINT-MARTIN-LE-BEAU;1;1;0;12.0;PRIV_LOISIRS
5913;PRIVE;37;VILLANDRY;1;1;0;12.0;PRIV_LOISIRS
5914;PRIVE;37;VILLEDOMER;1;1;0;12.0;PRIV_LOISIRS
5915;PRIVE;38;AUTRANS-MEAUDRE EN VERCORS;1;1;0;12.0;PRIV_LOISIRS
5916;PRIVE;38;HUEZ;1;1;0;12.0;PRIV_LOISIRS
5917;PRIVE;38;LE GRAND-LEMPS;1;1;0;12.0;PRIV_LOISIRS
5918;PRIVE;38;OZ;1;1;0;12.0;PRIV_LOISIRS
5919;PRIVE;38;PONTCHARRA;1;1;0;12.0;PRIV_LOISIRS
5920;PRIVE;38;VAULNAVEYS-LE-BAS;1;1;0;12.0;PRIV_LOISIRS
5921;PRIVE;39;RAVILLOLES;1;1;0;12.0;PRIV_LOISIRS
5922;PRIVE;40;RION-DES-LANDES;1;1;0;12.0;PRIV_LOISIRS
5923;PRIVE;40;SAINT-MARTIN-DE-SEIGNANX;1;1;0;12.0;PRIV_LOISIRS
5924;PRIVE;40;SAINT-VINCENT-DE-PAUL;1;1;0;12.0;PRIV_LOISIRS
5925;PRIVE;41;BOURSAY;1;1;0;12.0;PRIV_LOISIRS
5926;PRIVE;41;CELLETTES;1;1;0;12.0;PRIV_LOISIRS
5927;PRIVE;41;LA FONTENELLE;1;1;0;12.0;PRIV_LOISIRS
5928;PRIVE;41;LE GAULT-DU-PERCHE;1;1;0;12.0;PRIV_LOISIRS
5929;PRIVE;41;MONTRICHARD-VAL-DE-CHER;1;1;0;12.0;PRIV_LOISIRS
5930;PRIVE;41;MOREE;1;1;0;12.0;PRIV_LOISIRS
5931;PRIVE;41;SAINT GERVAIS LA FORET;1;1;0;12.0;PRIV_LOISIRS
5932;PRIVE;42;SAINT-SYMPHORIEN-DE-LAY;1;1;0;12.0;PRIV_LOISIRS
5933;PRIVE;43;PONT-SALOMON;1;1;0;12.0;PRIV_LOISIRS
5934;PRIVE;44;LA CHAPELLE-LAUNAY;1;1;0;12.0;PRIV_LOISIRS
5935;PRIVE;44;LA CHEVROLIERE;1;1;0;12.0;PRIV_LOISIRS
5936;PRIVE;44;LA HAIE-FOUASSIERE;1;1;0;12.0;PRIV_LOISIRS
5937;PRIVE;44;LE LOROUX-BOTTEREAU;1;1;0;12.0;PRIV_LOISIRS
5938;PRIVE;44;LES MOUTIERS-EN-RETZ;1;1;0;12.0;PRIV_LOISIRS
5939;PRIVE;44;NORT-SUR-ERDRE;1;1;0;12.0;PRIV_LOISIRS
5940;PRIVE;44;SAINT-JULIEN-DE-VOUVANTES;1;1;0;12.0;PRIV_LOISIRS
5941;PRIVE;44;VIEILLEVIGNE;1;1;0;12.0;PRIV_LOISIRS
5942;PRIVE;45;BRAY-SAINT-AIGNAN;1;1;0;12.0;PRIV_LOISIRS
5943;PRIVE;45;CHAINGY;1;1;0;12.0;PRIV_LOISIRS
5944;PRIVE;45;ENGENVILLE;1;1;0;12.0;PRIV_LOISIRS
5945;PRIVE;45;MEUNG-SUR-LOIRE;1;1;0;12.0;PRIV_LOISIRS
5946;PRIVE;45;SAINT-MAURICE-SUR-AVEYRON;1;1;0;12.0;PRIV_LOISIRS
5947;PRIVE;46;CAZALS;1;1;0;12.0;PRIV_LOISIRS
5948;PRIVE;47;BON-ENCONTRE;1;1;0;12.0;PRIV_LOISIRS
5949;PRIVE;47;CASTELCULIER;1;1;0;12.0;PRIV_LOISIRS
5950;PRIVE;47;LACAPELLE-BIRON;1;1;0;12.0;PRIV_LOISIRS
5951;PRIVE;47;MONFLANQUIN;1;1;0;12.0;PRIV_LOISIRS
5952;PRIVE;48;GATUZIERES;1;1;0;12.0;PRIV_LOISIRS
5953;PRIVE;48;NASBINALS;1;1;0;12.0;PRIV_LOISIRS
5954;PRIVE;49;LE PLESSIS-GRAMMOIRE;1;1;0;12.0;PRIV_LOISIRS
5955;PRIVE;49;SEGRE-EN-ANJOU BLEU;1;1;0;12.0;PRIV_LOISIRS
5956;PRIVE;49;THORIGNE D'ANJOU;1;1;0;12.0;PRIV_LOISIRS
5957;PRIVE;50;BREVILLE-SUR-MER;1;1;0;12.0;PRIV_LOISIRS
5958;PRIVE;50;CERENCES;1;1;0;12.0;PRIV_LOISIRS
5959;PRIVE;50;CERISY-LA-SALLE;1;1;0;12.0;PRIV_LOISIRS
5960;PRIVE;50;LA HAYE-PESNEL;1;1;0;12.0;PRIV_LOISIRS
5961;PRIVE;50;MONTAIGU-LA-BRISETTE;1;1;0;12.0;PRIV_LOISIRS
5962;PRIVE;50;MORTAIN-BOCAGE;1;1;0;12.0;PRIV_LOISIRS
5963;PRIVE;50;TOURVILLE-SUR-SIENNE;1;1;0;12.0;PRIV_LOISIRS
5964;PRIVE;51;OLIZY;1;1;0;12.0;PRIV_LOISIRS
5965;PRIVE;53;AHUILLE;1;1;0;12.0;PRIV_LOISIRS
5966;PRIVE;53;LA ROCHE-NEUVILLE;1;1;0;12.0;PRIV_LOISIRS
5967;PRIVE;53;SAINT-ELLIER-DU-MAINE;1;1;0;12.0;PRIV_LOISIRS
5968;PRIVE;54;ART-SUR-MEURTHE;1;1;0;12.0;PRIV_LOISIRS
5969;PRIVE;54;FROUARD;1;1;0;12.0;PRIV_LOISIRS
5970;PRIVE;54;LANEUVEVILLE-DEVANT-NANCY;1;1;0;12.0;PRIV_LOISIRS
5971;PRIVE;56;GUISCRIFF;1;1;0;12.0;PRIV_LOISIRS
5972;PRIVE;56;MALANSAC;1;1;0;12.0;PRIV_LOISIRS
5973;PRIVE;56;MOREAC;1;1;0;12.0;PRIV_LOISIRS
5974;PRIVE;56;PLAUDREN;1;1;0;12.0;PRIV_LOISIRS
5975;PRIVE;56;PORT-LOUIS;1;1;0;12.0;PRIV_LOISIRS
5976;PRIVE;56;RIEUX;1;1;0;12.0;PRIV_LOISIRS
5977;PRIVE;56;TREHORENTEUC;1;1;0;12.0;PRIV_LOISIRS
5978;PRIVE;57;SCY-CHAZELLES;1;1;0;12.0;PRIV_LOISIRS
5979;PRIVE;58;ACHUN;1;1;0;12.0;PRIV_LOISIRS
5980;PRIVE;58;CHEVANNES-CHANGY;1;1;0;12.0;PRIV_LOISIRS
5981;PRIVE;58;GARCHIZY;1;1;0;12.0;PRIV_LOISIRS
5982;PRIVE;58;LORMES;1;1;0;12.0;PRIV_LOISIRS
5983;PRIVE;59;ANICHE;1;1;0;12.0;PRIV_LOISIRS
5984;PRIVE;59;BERSEE;1;1;0;12.0;PRIV_LOISIRS
5985;PRIVE;59;CAUDRY;1;1;0;12.0;PRIV_LOISIRS
5986;PRIVE;59;HEM;1;1;0;12.0;PRIV_LOISIRS
5987;PRIVE;59;LINSELLES;1;1;0;12.0;PRIV_LOISIRS
5988;PRIVE;59;SEPMERIES;1;1;0;12.0;PRIV_LOISIRS
5989;PRIVE;59;TEMPLEUVE-EN-PEVELE;1;1;0;12.0;PRIV_LOISIRS
5990;PRIVE;60;ALLONNE;1;1;0;12.0;PRIV_LOISIRS
5991;PRIVE;60;AUTRECHES;1;1;0;12.0;PRIV_LOISIRS
5992;PRIVE;60;AVRECHY;1;1;0;12.0;PRIV_LOISIRS
5993;PRIVE;60;BLICOURT;1;1;0;12.0;PRIV_LOISIRS
5994;PRIVE;60;BOUTENCOURT;1;1;0;12.0;PRIV_LOISIRS
5995;PRIVE;60;FITZ-JAMES;1;1;0;12.0;PRIV_LOISIRS
5996;PRIVE;60;FORMERIE;1;1;0;12.0;PRIV_LOISIRS
5997;PRIVE;60;LABOSSE;1;1;0;12.0;PRIV_LOISIRS
5998;PRIVE;60;MARGNY-SUR-MATZ;1;1;0;12.0;PRIV_LOISIRS
5999;PRIVE;60;MONTREUIL-SUR-THERAIN;1;1;0;12.0;PRIV_LOISIRS
6000;PRIVE;60;REEZ-FOSSE-MARTIN;1;1;0;12.0;PRIV_LOISIRS
6001;PRIVE;60;RIEUX;1;1;0;12.0;PRIV_LOISIRS
6002;PRIVE;60;ROSOY-EN-MULTIEN;1;1;0;12.0;PRIV_LOISIRS
6003;PRIVE;60;SERANS;1;1;0;12.0;PRIV_LOISIRS
6004;PRIVE;60;VAUDANCOURT;1;1;0;12.0;PRIV_LOISIRS
6005;PRIVE;61;DOMFRONT-EN-POIRAIE;1;1;0;12.0;PRIV_LOISIRS
6006;PRIVE;61;L'OREE-D'ECOUVES;1;1;0;12.0;PRIV_LOISIRS
6007;PRIVE;61;LA FERTE-EN-OUCHE;1;1;0;12.0;PRIV_LOISIRS
6008;PRIVE;61;SAINT-MARTIN-DES-LANDES;1;1;0;12.0;PRIV_LOISIRS
6009;PRIVE;62;ACHICOURT;1;1;0;12.0;PRIV_LOISIRS
6010;PRIVE;62;MAMETZ;1;1;0;12.0;PRIV_LOISIRS
6011;PRIVE;62;MONTREUIL-SUR-MER;1;1;0;12.0;PRIV_LOISIRS
6012;PRIVE;63;COUDES;1;1;0;12.0;PRIV_LOISIRS
6013;PRIVE;63;LES MARTRES-DE-VEYRE;1;1;0;12.0;PRIV_LOISIRS
6014;PRIVE;63;MONTAIGUT-EN-COMBRAILLE;1;1;0;12.0;PRIV_LOISIRS
6015;PRIVE;63;NOHANENT;1;1;0;12.0;PRIV_LOISIRS
6016;PRIVE;63;SAINT-AMANT-TALLENDE;1;1;0;12.0;PRIV_LOISIRS
6017;PRIVE;63;VILLOSSANGES;1;1;0;12.0;PRIV_LOISIRS
6018;PRIVE;64;GARINDEIN;1;1;0;12.0;PRIV_LOISIRS
6019;PRIVE;64;GELOS;1;1;0;12.0;PRIV_LOISIRS
6020;PRIVE;64;OZENX-MONTESTRUCQ;1;1;0;12.0;PRIV_LOISIRS
6021;PRIVE;64;SAUVETERRE DE BEARN;1;1;0;12.0;PRIV_LOISIRS
6022;PRIVE;65;ASTE;1;1;0;12.0;PRIV_LOISIRS
6023;PRIVE;65;GALEZ;1;1;0;12.0;PRIV_LOISIRS
6024;PRIVE;66;CERBERE;1;1;0;12.0;PRIV_LOISIRS
6025;PRIVE;66;ILLE SUR TET;1;1;0;12.0;PRIV_LOISIRS
6026;PRIVE;66;PEYRESTORTES;1;1;0;12.0;PRIV_LOISIRS
6027;PRIVE;66;PIA;1;1;0;12.0;PRIV_LOISIRS
6028;PRIVE;66;SOREDE;1;1;0;12.0;PRIV_LOISIRS
6029;PRIVE;66;VERNET-LES-BAINS;1;1;0;12.0;PRIV_LOISIRS
6030;PRIVE;67;HŒRDT;1;1;0;12.0;PRIV_LOISIRS
6031;PRIVE;67;KERTZFELD;1;1;0;12.0;PRIV_LOISIRS
6032;PRIVE;67;MITTELBERGHEIM;1;1;0;12.0;PRIV_LOISIRS
6033;PRIVE;67;NIEDERNAI;1;1;0;12.0;PRIV_LOISIRS
6034;PRIVE;68;OBERENTZEN;1;1;0;12.0;PRIV_LOISIRS
6035;PRIVE;68;WALHEIM;1;1;0;12.0;PRIV_LOISIRS
6036;PRIVE;69;CHAMPAGNE-AU-MONT-D OR;1;1;0;12.0;PRIV_LOISIRS
6037;PRIVE;69;COUZON-AU-MONT-D'OR;1;1;0;12.0;PRIV_LOISIRS
6038;PRIVE;69;GIVORS;1;1;0;12.0;PRIV_LOISIRS
6039;PRIVE;69;MEYZIEU;1;1;0;12.0;PRIV_LOISIRS
6040;PRIVE;69;SAINT-JULIEN-SUR-BIBOST;1;1;0;12.0;PRIV_LOISIRS
6041;PRIVE;70;PESMES;1;1;0;12.0;PRIV_LOISIRS
6042;PRIVE;71;MELLECEY;1;1;0;12.0;PRIV_LOISIRS
6043;PRIVE;71;ROMENAY;1;1;0;12.0;PRIV_LOISIRS
6044;PRIVE;71;SAINT-PRIX;1;1;0;12.0;PRIV_LOISIRS
6045;PRIVE;72;AVEZE;1;1;0;12.0;PRIV_LOISIRS
6046;PRIVE;72;CRANNES EN CHAMPAGNE;1;1;0;12.0;PRIV_LOISIRS
6047;PRIVE;72;LA CHAPELLE-SAINT-AUBIN;1;1;0;12.0;PRIV_LOISIRS
6048;PRIVE;72;MONCE-EN-BELIN;1;1;0;12.0;PRIV_LOISIRS
6049;PRIVE;72;SAINT SYMPHORIEN;1;1;0;12.0;PRIV_LOISIRS
6050;PRIVE;72;SAINT-CORNEILLE;1;1;0;12.0;PRIV_LOISIRS
6051;PRIVE;72;SARGE LES LE MANS;1;1;0;12.0;PRIV_LOISIRS
6052;PRIVE;72;YVRE L'EVEQUE;1;1;0;12.0;PRIV_LOISIRS
6053;PRIVE;74;AMBILLY;1;1;0;12.0;PRIV_LOISIRS
6054;PRIVE;74;ANTHY-SUR-LEMAN;1;1;0;12.0;PRIV_LOISIRS
6055;PRIVE;74;ARENTHON;1;1;0;12.0;PRIV_LOISIRS
6056;PRIVE;74;ETREMBIERES;1;1;0;12.0;PRIV_LOISIRS
6057;PRIVE;74;FILLINGES;1;1;0;12.0;PRIV_LOISIRS
6058;PRIVE;74;MIEUSSY;1;1;0;12.0;PRIV_LOISIRS
6059;PRIVE;74;MONT-SAXONNEX;1;1;0;12.0;PRIV_LOISIRS
6060;PRIVE;74;POISY;1;1;0;12.0;PRIV_LOISIRS
6061;PRIVE;74;PRESILLY;1;1;0;12.0;PRIV_LOISIRS
6062;PRIVE;74;SAINT-SYLVESTRE;1;1;0;12.0;PRIV_LOISIRS
6063;PRIVE;74;SAMOENS;1;1;0;12.0;PRIV_LOISIRS
6064;PRIVE;74;VIUZ-LA-CHIESAZ;1;1;0;12.0;PRIV_LOISIRS
6065;PRIVE;75;PARIS 16E ARRONDISSEMENT;1;1;0;12.0;PRIV_LOISIRS
6066;PRIVE;76;COLLEVILLE;1;1;0;12.0;PRIV_LOISIRS
6067;PRIVE;76;LA FERTE-SAINT-SAMSON;1;1;0;12.0;PRIV_LOISIRS
6068;PRIVE;76;LE PETIT-QUEVILLY;1;1;0;12.0;PRIV_LOISIRS
6069;PRIVE;76;MORIENNE;1;1;0;12.0;PRIV_LOISIRS
6070;PRIVE;76;MOULINEAUX;1;1;0;12.0;PRIV_LOISIRS
6071;PRIVE;76;OFFRANVILLE;1;1;0;12.0;PRIV_LOISIRS
6072;PRIVE;76;SAINT-JACQUES-SUR-DARNETAL;1;1;0;12.0;PRIV_LOISIRS
6073;PRIVE;76;SAINT-LAURENT-DE-BREVEDENT;1;1;0;12.0;PRIV_LOISIRS
6074;PRIVE;76;VARENGEVILLE-SUR-MER;1;1;0;12.0;PRIV_LOISIRS
6075;PRIVE;76;VATTETOT-SUR-MER;1;1;0;12.0;PRIV_LOISIRS
6076;PRIVE;77;BARBEY;1;1;0;12.0;PRIV_LOISIRS
6077;PRIVE;77;CESSOY-EN-MONTOIS;1;1;0;12.0;PRIV_LOISIRS
6078;PRIVE;77;CHALAUTRE-LA-PETITE;1;1;0;12.0;PRIV_LOISIRS
6079;PRIVE;77;CHAMPAGNE SUR SEINE;1;1;0;12.0;PRIV_LOISIRS
6080;PRIVE;77;CHARTRONGES;1;1;0;12.0;PRIV_LOISIRS
6081;PRIVE;77;COURCELLES-EN-BASSEE;1;1;0;12.0;PRIV_LOISIRS
6082;PRIVE;77;COURCHAMP;1;1;0;12.0;PRIV_LOISIRS
6083;PRIVE;77;DAGNY;1;1;0;12.0;PRIV_LOISIRS
6084;PRIVE;77;DORMELLES;1;1;0;12.0;PRIV_LOISIRS
6085;PRIVE;77;FROMONT;1;1;0;12.0;PRIV_LOISIRS
6086;PRIVE;77;GRANDE-PAROISSE (LA);1;1;0;12.0;PRIV_LOISIRS
6087;PRIVE;77;HAUTEFEUILLE;1;1;0;12.0;PRIV_LOISIRS
6088;PRIVE;77;HERME;1;1;0;12.0;PRIV_LOISIRS
6089;PRIVE;77;LIZINES;1;1;0;12.0;PRIV_LOISIRS
6090;PRIVE;77;MAROLLES-EN-BRIE;1;1;0;12.0;PRIV_LOISIRS
6091;PRIVE;77;MONTENILS;1;1;0;12.0;PRIV_LOISIRS
6092;PRIVE;77;NOISY-RUDIGNON;1;1;0;12.0;PRIV_LOISIRS
6093;PRIVE;77;NOYEN-SUR-SEINE;1;1;0;12.0;PRIV_LOISIRS
6094;PRIVE;77;OBSONVILLE;1;1;0;12.0;PRIV_LOISIRS
6095;PRIVE;77;SAINT-BARTHELEMY;1;1;0;12.0;PRIV_LOISIRS
6096;PRIVE;77;TANCROU;1;1;0;12.0;PRIV_LOISIRS
6097;PRIVE;77;VIEUX-CHAMPAGNE;1;1;0;12.0;PRIV_LOISIRS
6098;PRIVE;77;VILLIERS-SUR-SEINE;1;1;0;12.0;PRIV_LOISIRS
6099;PRIVE;77;VILLUIS;1;1;0;12.0;PRIV_LOISIRS
6100;PRIVE;78;ALLAINVILLE;1;1;0;12.0;PRIV_LOISIRS
6101;PRIVE;78;MONDREVILLE;1;1;0;12.0;PRIV_LOISIRS
6102;PRIVE;79;COULONGES-SUR-L'AUTIZE;1;1;0;12.0;PRIV_LOISIRS
6103;PRIVE;79;SAINT-MAIXENT-L'ECOLE;1;1;0;12.0;PRIV_LOISIRS
6104;PRIVE;79;SECONDIGNY;1;1;0;12.0;PRIV_LOISIRS
6105;PRIVE;80;BEUVRAIGNES;1;1;0;12.0;PRIV_LOISIRS
6106;PRIVE;80;BOVELLES;1;1;0;12.0;PRIV_LOISIRS
6107;PRIVE;80;BRAY-SUR-SOMME;1;1;0;12.0;PRIV_LOISIRS
6108;PRIVE;80;CAMON;1;1;0;12.0;PRIV_LOISIRS
6109;PRIVE;80;GUYENCOURT-SUR-NOYE;1;1;0;12.0;PRIV_LOISIRS
6110;PRIVE;80;QUEND;1;1;0;12.0;PRIV_LOISIRS
6111;PRIVE;81;CUNAC;1;1;0;12.0;PRIV_LOISIRS
6112;PRIVE;82;LA VILLE-DIEU-DU-TEMPLE;1;1;0;12.0;PRIV_LOISIRS
6113;PRIVE;82;MOISSAC;1;1;0;12.0;PRIV_LOISIRS
6114;PRIVE;83;VINON-SUR-VERDON;1;1;0;12.0;PRIV_LOISIRS
6115;PRIVE;84;ALTHEN-DES-PALUDS;1;1;0;12.0;PRIV_LOISIRS
6116;PRIVE;84;LAGARDE D'APT;1;1;0;12.0;PRIV_LOISIRS
6117;PRIVE;85;L'EPINE;1;1;0;12.0;PRIV_LOISIRS
6118;PRIVE;85;MORTAGNE-SUR-SEVRE;1;1;0;12.0;PRIV_LOISIRS
6119;PRIVE;85;MOUZEUIL-SAINT-MARTIN;1;1;0;12.0;PRIV_LOISIRS
6120;PRIVE;85;PETOSSE;1;1;0;12.0;PRIV_LOISIRS
6121;PRIVE;85;POIROUX;1;1;0;12.0;PRIV_LOISIRS
6122;PRIVE;85;SAINTE-GEMME-LA-PLAINE;1;1;0;12.0;PRIV_LOISIRS
6123;PRIVE;85;SAINTE-RADEGONDE-DES-NOYERS;1;1;0;12.0;PRIV_LOISIRS
6124;PRIVE;85;SOULLANS;1;1;0;12.0;PRIV_LOISIRS
6125;PRIVE;86;ANTIGNY;1;1;0;12.0;PRIV_LOISIRS
6126;PRIVE;86;MARIGNY-CHEMEREAU;1;1;0;12.0;PRIV_LOISIRS
6127;PRIVE;86;SAINT-MARTIN-LA-PALLU;1;1;0;12.0;PRIV_LOISIRS
6128;PRIVE;86;SMARVES;1;1;0;12.0;PRIV_LOISIRS
6129;PRIVE;87;PEYRILHAC;1;1;0;12.0;PRIV_LOISIRS
6130;PRIVE;89;BIERRY-LES-BELLES-FONTAINES;1;1;0;12.0;PRIV_LOISIRS
6131;PRIVE;89;CHAMPS-SUR-YONNE;1;1;0;12.0;PRIV_LOISIRS
6132;PRIVE;89;POURRAIN;1;1;0;12.0;PRIV_LOISIRS
6133;PRIVE;89;THORIGNY-SUR-OREUSE;1;1;0;12.0;PRIV_LOISIRS
6134;PRIVE;90;BOTANS;1;1;0;12.0;PRIV_LOISIRS
6135;PRIVE;90;DANJOUTIN;1;1;0;12.0;PRIV_LOISIRS
6136;PRIVE;90;ESSERT;1;1;0;12.0;PRIV_LOISIRS
6137;PRIVE;90;ROUGEMONT-LE-CHATEAU;1;1;0;12.0;PRIV_LOISIRS
6138;PRIVE;91;COURDIMANCHE-SUR-ESSONNE;1;1;0;12.0;PRIV_LOISIRS
6139;PRIVE;95;AMENUCOURT;1;1;0;12.0;PRIV_LOISIRS
6140;PRIVE;95;LA CHAPELLE-EN-VEXIN;1;1;0;12.0;PRIV_LOISIRS
6141;PRIVE;95;OMERVILLE;1;1;0;12.0;PRIV_LOISIRS
6142;PRIVE;971;CAPESTERRE-DE-MARIE-GALANTE;1;1;0;12.0;PRIV_LOISIRS
6143;PRIVE;971;LA DESIRADE;1;1;0;12.0;PRIV_LOISIRS
6144;PRIVE;971;LAMENTIN;1;1;0;12.0;PRIV_LOISIRS
6145;PRIVE;971;MORNE A L EAU;1;1;0;12.0;PRIV_LOISIRS
6146;PRIVE;973;SAINT-LAURENT-DU-MARONI;1;1;0;12.0;PRIV_LOISIRS
6147;PRIVE;975;SAINT-PIERRE;1;1;0;12.0;PRIV_LOISIRS
6148;PRIVE;976;SADA;1;1;0;12.0;PRIV_LOISIRS
6149;PRIVE;77;CHAUFFRY;5;5;0;11.8;PRIV_LOISIRS, IMMO_AGENCE, PRIV_BUREAU, PRIV_RESTAURANT
6150;PRIVE;15;AURILLAC;4;4;0;11.8;PRIV_LOISIRS, IMMO_AGENCE, PRIV_RESTAURANT
6151;PRIVE;77;PALEY;4;3;0;11.8;PRIV_LOISIRS, IMMO_AGENCE, PRIV_BUREAU
6152;PRIVE;78;MITTAINVILLE;4;4;0;11.8;PRIV_LOISIRS, IMMO_AGENCE, PRIV_BUREAU
6153;PRIVE;84;APT;4;4;0;11.8;PRIV_LOISIRS, IMMO_AGENCE, PRIV_RESTAURANT
6154;PRIVE;49;GENNES-VAL-DE-LOIRE;3;3;0;11.7;IMMO_AGENCE, PRIV_BUREAU, PRIV_RESTAURANT
6155;PRIVE;74;SEVRIER;3;3;0;11.7;IMMO_AGENCE, PRIV_BUREAU
6156;PRIVE;77;VIMPELLES;3;3;0;11.7;IMMO_AGENCE, PRIV_BUREAU
6157;PRIVE;81;GAILLAC;3;3;0;11.7;IMMO_AGENCE
6158;PRIVE;83;SALERNES;3;3;0;11.7;IMMO_AGENCE
6159;PRIVE;85;L'ILE-D'YEU;3;3;0;11.7;IMMO_AGENCE, PRIV_BUREAU
6160;PRIVE;91;VALPUISEAUX;3;3;0;11.7;IMMO_AGENCE, PRIV_BUREAU
6161;PRIVE;977;SAINT-BARTHELEMY;3;3;0;11.7;IMMO_AGENCE
6162;PRIVE;77;CHANGIS-SUR-MARNE;7;7;0;11.6;PRIV_LOISIRS, IMMO_AGENCE, PRIV_BUREAU, PRIV_RESTAURANT
6163;PRIVE;78;GUERNES;7;7;0;11.6;PRIV_LOISIRS, IMMO_AGENCE, PRIV_BUREAU
6164;PRIVE;07;AUBENAS;3;3;0;11.3;PRIV_LOISIRS, IMMO_AGENCE
6165;PRIVE;77;COCHEREL;3;3;0;11.3;PRIV_LOISIRS, IMMO_AGENCE
6166;PRIVE;77;VENDREST;3;3;0;11.3;PRIV_LOISIRS, IMMO_AGENCE
6167;PRIVE;91;GIRONVILLE-SUR-ESSONNE;4;4;0;11.2;IMMO_AGENCE, PRIV_BUREAU
6168;PRIVE;77;MAISON-ROUGE;5;5;0;11.2;PRIV_LOISIRS, IMMO_AGENCE, PRIV_RESTAURANT
6169;PRIVE;977;SAINT BARTHELEMY;5;5;0;11.0;IMMO_AGENCE, PRIV_RESTAURANT, PRIV_COMMERCE
6170;PRIVE;77;ARMENTIERES-EN-BRIE;4;4;0;11.0;PRIV_LOISIRS, IMMO_AGENCE
6171;PRIVE;77;COUTENCON;4;4;0;11.0;PRIV_LOISIRS, IMMO_AGENCE
6172;PRIVE;77;LUZANCY;4;4;0;11.0;PRIV_LOISIRS, IMMO_AGENCE
6173;PRIVE;05;GUILLESTRE;2;2;0;11.0;PRIV_LOISIRS, IMMO_AGENCE
6174;PRIVE;07;PRIVAS;2;2;0;11.0;PRIV_LOISIRS, PRIV_RESTAURANT
6175;PRIVE;13;GIGNAC-LA-NERTHE;2;2;0;11.0;PRIV_LOISIRS, IMMO_AGENCE
6176;PRIVE;14;COURSEULLES-SUR-MER;2;2;0;11.0;PRIV_LOISIRS, IMMO_AGENCE
6177;PRIVE;17;BOURGNEUF;2;2;0;11.0;PRIV_LOISIRS, PRIV_RESTAURANT
6178;PRIVE;19;SAINT-PANTALEON-DE-LARCHE;2;2;0;11.0;PRIV_LOISIRS, IMMO_AGENCE
6179;PRIVE;22;BINIC-ETABLES-SUR-MER;2;2;0;11.0;PRIV_LOISIRS, IMMO_AGENCE
6180;PRIVE;22;TREBEURDEN;2;2;0;11.0;PRIV_LOISIRS, IMMO_AGENCE
6181;PRIVE;28;YMERAY;2;2;0;11.0;PRIV_LOISIRS, IMMO_AGENCE
6182;PRIVE;37;LA VILLE-AUX-DAMES;2;2;0;11.0;PRIV_LOISIRS, IMMO_AGENCE
6183;PRIVE;38;HEYRIEUX;2;2;0;11.0;PRIV_LOISIRS, IMMO_AGENCE
6184;PRIVE;45;LORCY;2;2;0;11.0;PRIV_LOISIRS, IMMO_AGENCE
6185;PRIVE;46;LUZECH;2;2;0;11.0;PRIV_LOISIRS, IMMO_AGENCE
6186;PRIVE;56;ERDEVEN;2;2;0;11.0;PRIV_LOISIRS, IMMO_AGENCE
6187;PRIVE;56;GUIDEL;2;2;0;11.0;PRIV_LOISIRS, IMMO_AGENCE
6188;PRIVE;57;MOULINS-LES-METZ;2;2;0;11.0;PRIV_LOISIRS, PRIV_RESTAURANT
6189;PRIVE;58;DONZY;2;2;0;11.0;PRIV_LOISIRS, IMMO_AGENCE
6190;PRIVE;61;CHARENCEY;2;2;0;11.0;PRIV_LOISIRS, IMMO_AGENCE
6191;PRIVE;61;DOMFRONT EN POIRAIE;2;2;0;11.0;PRIV_LOISIRS, IMMO_AGENCE
6192;PRIVE;64;SALIES-DE-BEARN;2;2;0;11.0;PRIV_LOISIRS, IMMO_AGENCE
6193;PRIVE;69;LIMONEST;2;2;0;11.0;PRIV_LOISIRS, IMMO_AGENCE
6194;PRIVE;73;SAINT-ALBAN-LEYSSE;2;2;0;11.0;PRIV_LOISIRS, IMMO_AGENCE
6195;PRIVE;73;SEEZ;2;2;0;11.0;PRIV_LOISIRS, IMMO_AGENCE
6196;PRIVE;76;GRAND-COURONNE;2;2;0;11.0;PRIV_LOISIRS, IMMO_AGENCE
6197;PRIVE;77;BREAU;2;2;0;11.0;PRIV_LOISIRS, PRIV_RESTAURANT
6198;PRIVE;77;FRETOY;2;2;0;11.0;PRIV_LOISIRS, IMMO_AGENCE
6199;PRIVE;77;LUISETAINES;2;2;0;11.0;PRIV_LOISIRS, PRIV_RESTAURANT
6200;PRIVE;77;ORMESSON;2;2;0;11.0;PRIV_LOISIRS, IMMO_AGENCE
6201;PRIVE;77;RECLOSES;2;2;0;11.0;PRIV_LOISIRS, IMMO_AGENCE
6202;PRIVE;77;SAVINS;2;2;0;11.0;PRIV_LOISIRS, IMMO_AGENCE
6203;PRIVE;77;VILLIERS-SAINT-GEORGES;2;2;0;11.0;PRIV_LOISIRS, IMMO_AGENCE
6204;PRIVE;78;PERDREAUVILLE;2;2;0;11.0;PRIV_LOISIRS, IMMO_AGENCE
6205;PRIVE;79;FRONTENAY-ROHAN-ROHAN;2;2;0;11.0;PRIV_LOISIRS, IMMO_AGENCE
6206;PRIVE;83;LE CASTELLET;2;2;0;11.0;PRIV_LOISIRS, IMMO_AGENCE
6207;PRIVE;89;COURGENAY;2;2;0;11.0;PRIV_LOISIRS, IMMO_AGENCE
6208;PRIVE;91;AUTHON-LA-PLAINE;2;2;0;11.0;PRIV_LOISIRS, PRIV_RESTAURANT
6209;PRIVE;95;BUHY;2;2;0;11.0;PRIV_LOISIRS, IMMO_AGENCE
6210;PRIVE;972;LA TRINITE;2;2;0;11.0;PRIV_LOISIRS, PRIV_RESTAURANT
6211;PRIVE;77;COURTOMER;5;5;0;10.8;PRIV_LOISIRS, IMMO_AGENCE, PRIV_RESTAURANT
6212;PRIVE;06;SPERACEDES;3;3;0;10.7;PRIV_LOISIRS, IMMO_AGENCE
6213;PRIVE;28;GILLES;3;3;0;10.7;PRIV_LOISIRS, IMMO_AGENCE
6214;PRIVE;35;PLEURTUIT;3;3;0;10.7;PRIV_LOISIRS, IMMO_AGENCE
6215;PRIVE;77;CHEVRAINVILLIERS;3;3;0;10.7;PRIV_LOISIRS, IMMO_AGENCE
6216;PRIVE;77;MACHAULT;3;3;0;10.7;PRIV_LOISIRS, IMMO_AGENCE
6217;PRIVE;78;CRAVENT;3;3;0;10.7;PRIV_LOISIRS, IMMO_AGENCE
6218;PRIVE;91;SAINT-ESCOBILLE;3;3;0;10.7;PRIV_LOISIRS, IMMO_AGENCE
6219;PRIVE;34;MONTFERRIER-SUR-LEZ;4;4;0;10.5;PRIV_LOISIRS, IMMO_AGENCE
6220;PRIVE;66;CANET-EN-ROUSSILLON;4;4;0;10.5;PRIV_LOISIRS, IMMO_AGENCE, PRIV_RESTAURANT
6221;PRIVE;77;COURTACON;4;4;0;10.5;PRIV_LOISIRS, IMMO_AGENCE, PRIV_RESTAURANT
6222;PRIVE;81;CORDES-SUR-CIEL;4;4;0;10.0;IMMO_AGENCE, PRIV_RESTAURANT
6223;PRIVE;77;LA MADELEINE-SUR-LOING;3;3;0;10.0;IMMO_AGENCE, PRIV_RESTAURANT
6224;PRIVE;78;SAINT-ILLIERS-LE-BOIS;3;3;0;10.0;IMMO_AGENCE, PRIV_RESTAURANT
6225;PRIVE;94;;3;3;0;10.0;IMMO_AGENCE, PRIV_RESTAURANT
6226;PRIVE;972;SAINT-JOSEPH;3;3;0;10.0;IMMO_AGENCE, PRIV_RESTAURANT
6227;PRIVE;01;LA BOISSE;2;2;0;10.0;IMMO_AGENCE
6228;PRIVE;01;PREVESSIN-MOENS;2;2;0;10.0;IMMO_AGENCE, PRIV_RESTAURANT
6229;PRIVE;02;BEZU-LE-GUERY;2;2;0;10.0;IMMO_AGENCE
6230;PRIVE;06;LA GAUDE;2;2;0;10.0;IMMO_AGENCE
6231;PRIVE;13;TARASCON;2;2;0;10.0;IMMO_AGENCE, PRIV_RESTAURANT
6232;PRIVE;17;SAUJON;2;2;0;10.0;IMMO_AGENCE
6233;PRIVE;23;FURSAC;2;2;0;10.0;IMMO_AGENCE
6234;PRIVE;27;BROGLIE;2;2;0;10.0;IMMO_AGENCE, PRIV_RESTAURANT
6235;PRIVE;27;CHAIGNES;2;2;0;10.0;PRIV_RESTAURANT
6236;PRIVE;27;LIVET-SUR-AUTHOU;2;2;0;10.0;IMMO_AGENCE
6237;PRIVE;28;SAINT-REMY-SUR-AVRE;2;2;0;10.0;IMMO_AGENCE, PRIV_RESTAURANT
6238;PRIVE;31;MONTBERON;2;2;0;10.0;IMMO_AGENCE
6239;PRIVE;33;SAINT-MORILLON;2;2;0;10.0;IMMO_AGENCE
6240;PRIVE;43;LANGEAC;2;2;0;10.0;IMMO_AGENCE, PRIV_RESTAURANT
6241;PRIVE;45;OUSSON-SUR-LOIRE;2;2;0;10.0;PRIV_RESTAURANT
6242;PRIVE;59;SEQUEDIN;2;2;0;10.0;IMMO_AGENCE
6243;PRIVE;61;VAL-AU-PERCHE;2;2;0;10.0;IMMO_AGENCE, PRIV_RESTAURANT
6244;PRIVE;66;LE BARCARES;2;2;0;10.0;IMMO_AGENCE
6245;PRIVE;69;FONTAINES-SUR-SAONE;2;2;0;10.0;IMMO_AGENCE
6246;PRIVE;69;LYON 7EME;2;2;0;10.0;IMMO_AGENCE
6247;PRIVE;69;SAINT-GEORGES-DE-RENEINS;2;2;0;10.0;IMMO_AGENCE
6248;PRIVE;72;ARNAGE;2;2;0;10.0;IMMO_AGENCE
6249;PRIVE;73;SAINT-JEAN-DE-MAURIENNE;2;2;0;10.0;IMMO_AGENCE, PRIV_RESTAURANT
6250;PRIVE;74;MEGEVE;2;2;0;10.0;IMMO_AGENCE, PRIV_RESTAURANT
6251;PRIVE;74;PUBLIER;2;2;0;10.0;IMMO_AGENCE
6252;PRIVE;76;EU;2;2;0;10.0;IMMO_AGENCE
6253;PRIVE;77;ARVILLE;2;2;0;10.0;IMMO_AGENCE
6254;PRIVE;77;AULNOY;2;1;0;10.0;IMMO_AGENCE
6255;PRIVE;77;LAVAL-EN-BRIE;2;2;0;10.0;IMMO_AGENCE, PRIV_RESTAURANT
6256;PRIVE;77;LOUAN-VILLEGRUIS-FONTAINE;2;2;0;10.0;IMMO_AGENCE, PRIV_RESTAURANT
6257;PRIVE;77;MONTIGNY-LE-GUESDIER;2;2;0;10.0;IMMO_AGENCE
6258;PRIVE;77;ORLY-SUR-MORIN;2;2;0;10.0;IMMO_AGENCE
6259;PRIVE;77;QUIERS;2;2;0;10.0;IMMO_AGENCE
6260;PRIVE;77;;2;2;0;10.0;IMMO_AGENCE, PRIV_RESTAURANT
6261;PRIVE;81;ARTHES;2;2;0;10.0;IMMO_AGENCE, PRIV_RESTAURANT
6262;PRIVE;83;GRIMAUD;2;2;0;10.0;IMMO_AGENCE
6263;PRIVE;83;LA LONDE-LES-MAURES;2;2;0;10.0;IMMO_AGENCE
6264;PRIVE;83;LE LUC;2;2;0;10.0;IMMO_AGENCE
6265;PRIVE;83;LES ADRETS-DE-L'ESTEREL;2;2;0;10.0;IMMO_AGENCE
6266;PRIVE;83;PIERREFEU-DU-VAR;2;2;0;10.0;IMMO_AGENCE
6267;PRIVE;85;JARD-SUR-MER;2;2;0;10.0;PRIV_RESTAURANT
6268;PRIVE;85;LE CHAMP-SAINT-PERE;2;2;0;10.0;IMMO_AGENCE
6269;PRIVE;85;LE PERRIER;2;2;0;10.0;IMMO_AGENCE
6270;PRIVE;89;VILLEMANOCHE;2;2;0;10.0;IMMO_AGENCE
6271;PRIVE;93;;2;2;0;10.0;IMMO_AGENCE
6272;PRIVE;01;JASSANS-RIOTTIER;1;1;0;10.0;IMMO_AGENCE
6273;PRIVE;01;MEXIMIEUX;1;1;0;10.0;IMMO_AGENCE
6274;PRIVE;01;VANDEINS;1;1;0;10.0;IMMO_AGENCE
6275;PRIVE;02;BRASLES;1;1;0;10.0;PRIV_RESTAURANT
6276;PRIVE;02;BRECY;1;1;0;10.0;IMMO_AGENCE
6277;PRIVE;02;CROUTTES-SUR-MARNE;1;1;0;10.0;IMMO_AGENCE
6278;PRIVE;02;CUGNY;1;1;0;10.0;IMMO_AGENCE
6279;PRIVE;02;ETREUX;1;1;0;10.0;IMMO_AGENCE
6280;PRIVE;02;FAVEROLLES;1;1;0;10.0;IMMO_AGENCE
6281;PRIVE;02;GANDELU;1;1;0;10.0;IMMO_AGENCE
6282;PRIVE;02;ROZIERES-SUR-CRISE;1;1;0;10.0;PRIV_RESTAURANT
6283;PRIVE;03;CINDRE;1;1;0;10.0;PRIV_RESTAURANT
6284;PRIVE;03;VALLON-EN-SULLY;1;1;0;10.0;PRIV_RESTAURANT
6285;PRIVE;03;VAUMAS;1;1;0;10.0;PRIV_RESTAURANT
6286;PRIVE;03;VERNEIX;1;1;0;10.0;PRIV_RESTAURANT
6287;PRIVE;03;YZEURE;1;1;0;10.0;IMMO_AGENCE
6288;PRIVE;04;ANNOT;1;1;0;10.0;IMMO_AGENCE
6289;PRIVE;04;NOYERS-SUR-JABRON;1;1;0;10.0;PRIV_RESTAURANT
6290;PRIVE;04;SAINT-VINCENT-SUR-JABRON;1;1;0;10.0;PRIV_RESTAURANT
6291;PRIVE;04;SISTERON;1;1;0;10.0;IMMO_AGENCE
6292;PRIVE;04;VALENSOLE;1;1;0;10.0;PRIV_RESTAURANT
6293;PRIVE;05;EMBRUN;1;1;0;10.0;IMMO_AGENCE
6294;PRIVE;05;LA ROCHE-DES-ARNAUDS;1;1;0;10.0;IMMO_AGENCE
6295;PRIVE;05;LA SALLE-LES-ALPES;1;1;0;10.0;IMMO_AGENCE
6296;PRIVE;06;CABRIS;1;1;0;10.0;IMMO_AGENCE
6297;PRIVE;06;CAGNES SUR MER;1;1;0;10.0;IMMO_AGENCE
6298;PRIVE;06;GATTIERES;1;1;0;10.0;IMMO_AGENCE
6299;PRIVE;06;PUGET-THENIERS;1;1;0;10.0;PRIV_RESTAURANT
6300;PRIVE;06;SAINT LAURENT DU VAR;1;1;0;10.0;PRIV_RESTAURANT
6301;PRIVE;06;SAINT-ANDRE-DE-LA-ROCHE;1;1;0;10.0;IMMO_AGENCE
6302;PRIVE;06;SAINT-JEANNET;1;1;0;10.0;IMMO_AGENCE
6303;PRIVE;06;VALDEBLORE;1;1;0;10.0;IMMO_AGENCE
6304;PRIVE;07;AILHON;1;1;0;10.0;IMMO_AGENCE
6305;PRIVE;07;SAINT-LAURENT-DU-PAPE;1;1;0;10.0;IMMO_AGENCE
6306;PRIVE;08;RETHEL;1;1;0;10.0;IMMO_AGENCE
6307;PRIVE;08;SEDAN;1;1;0;10.0;PRIV_RESTAURANT
6308;PRIVE;09;ARTIGAT;1;1;0;10.0;PRIV_RESTAURANT
6309;PRIVE;09;CLERMONT;1;1;0;10.0;PRIV_RESTAURANT
6310;PRIVE;09;LAVELANET;1;1;0;10.0;IMMO_AGENCE
6311;PRIVE;10;AVANT-LES-MARCILLY;1;1;0;10.0;IMMO_AGENCE
6312;PRIVE;10;BARBEREY-SAINT-SULPICE;1;1;0;10.0;IMMO_AGENCE
6313;PRIVE;10;CHAVANGES;1;1;0;10.0;PRIV_RESTAURANT
6314;PRIVE;10;ROSIERES-PRES-TROYES;1;1;0;10.0;IMMO_AGENCE
6315;PRIVE;11;ALET LES BAINS;1;1;0;10.0;IMMO_AGENCE
6316;PRIVE;11;CONQUES-SUR-ORBIEL;1;1;0;10.0;IMMO_AGENCE
6317;PRIVE;11;FONTIERS-CABARDES;1;1;0;10.0;PRIV_RESTAURANT
6318;PRIVE;11;LAGRASSE;1;1;0;10.0;PRIV_RESTAURANT
6319;PRIVE;11;PARAZA;1;1;0;10.0;IMMO_AGENCE
6320;PRIVE;11;SALLELES-D'AUDE;1;1;0;10.0;IMMO_AGENCE
6321;PRIVE;11;VINASSAN;1;1;0;10.0;IMMO_AGENCE
6322;PRIVE;12;CAPDENAC-GARE;1;1;0;10.0;IMMO_AGENCE
6323;PRIVE;12;FIRMI;1;1;0;10.0;PRIV_RESTAURANT
6324;PRIVE;12;FLAGNAC;1;1;0;10.0;PRIV_RESTAURANT
6325;PRIVE;12;ONET-LE-CHATEAU;1;1;0;10.0;IMMO_AGENCE
6326;PRIVE;12;POUSTHOMY;1;1;0;10.0;PRIV_RESTAURANT
6327;PRIVE;12;RODEZ;1;1;0;10.0;IMMO_AGENCE
6328;PRIVE;12;SEVERAC D'AVEYRON;1;1;0;10.0;PRIV_RESTAURANT
6329;PRIVE;13;BERRE-L'ETANG;1;1;0;10.0;PRIV_RESTAURANT
6330;PRIVE;13;LES BAUX-DE-PROVENCE;1;1;0;10.0;PRIV_RESTAURANT
6331;PRIVE;13;MARSEILLE 7EME;1;1;0;10.0;IMMO_AGENCE
6332;PRIVE;13;VAUVENARGUES;1;1;0;10.0;IMMO_AGENCE
6333;PRIVE;14;AUDRIEU;1;1;0;10.0;IMMO_AGENCE
6334;PRIVE;14;BERNIERES-SUR-MER;1;1;0;10.0;IMMO_AGENCE
6335;PRIVE;14;BONNEVILLE-SUR-TOUQUES;1;1;0;10.0;IMMO_AGENCE
6336;PRIVE;14;COMMES;1;1;0;10.0;IMMO_AGENCE
6337;PRIVE;14;GONNEVILLE-EN-AUGE;1;1;0;10.0;PRIV_RESTAURANT
6338;PRIVE;14;GRANDCAMP-MAISY;1;1;0;10.0;PRIV_RESTAURANT
6339;PRIVE;14;HERMANVILLE-SUR-MER;1;1;0;10.0;IMMO_AGENCE
6340;PRIVE;14;HERMIVAL-LES-VAUX;1;1;0;10.0;IMMO_AGENCE
6341;PRIVE;14;LA RIVIERE-SAINT-SAUVEUR;1;1;0;10.0;IMMO_AGENCE
6342;PRIVE;14;LE FAULQ;1;1;0;10.0;IMMO_AGENCE
6343;PRIVE;14;LE FRESNE-CAMILLY;1;1;0;10.0;IMMO_AGENCE
6344;PRIVE;14;LEAUPARTIE;1;1;0;10.0;IMMO_AGENCE
6345;PRIVE;14;LES AUTHIEUX-SUR-CALONNE;1;1;0;10.0;IMMO_AGENCE
6346;PRIVE;14;MATHIEU;1;1;0;10.0;PRIV_RESTAURANT
6347;PRIVE;14;PONT L'EVEQUE;1;1;0;10.0;IMMO_AGENCE
6348;PRIVE;14;REUX;1;1;0;10.0;IMMO_AGENCE
6349;PRIVE;14;REVIERS;1;1;0;10.0;IMMO_AGENCE
6350;PRIVE;14;SAINT-HYMER;1;1;0;10.0;IMMO_AGENCE
6351;PRIVE;14;SAINT-PIERRE-DES-IFS;1;1;0;10.0;IMMO_AGENCE
6352;PRIVE;14;SAINT-VAAST-EN-AUGE;1;1;0;10.0;IMMO_AGENCE
6353;PRIVE;14;VILLERVILLE;1;1;0;10.0;IMMO_AGENCE
6354;PRIVE;15;PIERREFORT;1;1;0;10.0;PRIV_RESTAURANT
6355;PRIVE;15;SAINT-GERONS;1;1;0;10.0;IMMO_AGENCE
6356;PRIVE;16;LA COURONNE;1;1;0;10.0;IMMO_AGENCE
6357;PRIVE;16;MAINE-DE-BOIXE;1;1;0;10.0;PRIV_RESTAURANT
6358;PRIVE;16;VILLEBOIS-LAVALETTE;1;1;0;10.0;PRIV_RESTAURANT
6359;PRIVE;17;ARCES;1;1;0;10.0;PRIV_RESTAURANT
6360;PRIVE;17;ARCHIAC;1;1;0;10.0;IMMO_AGENCE
6361;PRIVE;17;BALLON;1;1;0;10.0;PRIV_RESTAURANT
6362;PRIVE;17;CLION;1;1;0;10.0;IMMO_AGENCE
6363;PRIVE;17;FONTCOUVERTE;1;1;0;10.0;IMMO_AGENCE
6364;PRIVE;17;L EGUILLE;1;1;0;10.0;PRIV_RESTAURANT
6365;PRIVE;17;LA BREE-LES-BAINS;1;1;0;10.0;IMMO_AGENCE
6366;PRIVE;17;MESCHERS-SUR-GIRONDE;1;1;0;10.0;PRIV_RESTAURANT
6367;PRIVE;17;MORNAC-SUR-SEUDRE;1;1;0;10.0;IMMO_AGENCE
6368;PRIVE;17;RIVEDOUX-PLAGE;1;1;0;10.0;IMMO_AGENCE
6369;PRIVE;17;SAINT-BRIS-DES-BOIS;1;1;0;10.0;IMMO_AGENCE
6370;PRIVE;17;SAINT-DENIS-D'OLERON;1;1;0;10.0;IMMO_AGENCE
6371;PRIVE;17;SAINT-FROULT;1;1;0;10.0;IMMO_AGENCE
6372;PRIVE;17;SAINT-GEORGES-DES-COTEAUX;1;1;0;10.0;PRIV_RESTAURANT
6373;PRIVE;17;SAINT-MEDARD-D'AUNIS;1;1;0;10.0;IMMO_AGENCE
6374;PRIVE;17;SAINT-PORCHAIRE;1;1;0;10.0;IMMO_AGENCE
6375;PRIVE;17;SAINT-THOMAS-DE-CONAC;1;1;0;10.0;IMMO_AGENCE
6376;PRIVE;17;SAINT-VIVIEN;1;1;0;10.0;IMMO_AGENCE
6377;PRIVE;17;SURGERES;1;1;0;10.0;IMMO_AGENCE
6378;PRIVE;17;VERINES;1;1;0;10.0;PRIV_RESTAURANT
6379;PRIVE;18;ARCAY;1;1;0;10.0;PRIV_RESTAURANT
6380;PRIVE;18;BERRY-BOUY;1;1;0;10.0;IMMO_AGENCE
6381;PRIVE;18;CHARLY;1;1;0;10.0;IMMO_AGENCE
6382;PRIVE;18;JALOGNES;1;1;0;10.0;IMMO_AGENCE
6383;PRIVE;18;LEVET;1;1;0;10.0;IMMO_AGENCE
6384;PRIVE;18;OSMERY;1;1;0;10.0;IMMO_AGENCE
6385;PRIVE;18;SAINT MARTIN D'AUXIGNY;1;1;0;10.0;IMMO_AGENCE
6386;PRIVE;18;SAINTE-GEMME-EN-SANCERROIS;1;1;0;10.0;PRIV_RESTAURANT
6387;PRIVE;19;BEAULIEU-SUR-DORDOGNE;1;1;0;10.0;IMMO_AGENCE
6388;PRIVE;19;COMBRESSOL;1;1;0;10.0;IMMO_AGENCE
6389;PRIVE;19;CONCEZE;1;1;0;10.0;PRIV_RESTAURANT
6390;PRIVE;19;SAINTE-FORTUNADE;1;1;0;10.0;IMMO_AGENCE
6391;PRIVE;21;AISEY-SUR-SEINE;1;1;0;10.0;PRIV_RESTAURANT
6392;PRIVE;21;BOUZE-LES-BEAUNE;1;1;0;10.0;IMMO_AGENCE
6393;PRIVE;21;CHENOVE;1;1;0;10.0;PRIV_RESTAURANT
6394;PRIVE;22;GLOMEL;1;1;0;10.0;IMMO_AGENCE
6395;PRIVE;22;LANCIEUX;1;1;0;10.0;IMMO_AGENCE
6396;PRIVE;22;LE MERZER;1;1;0;10.0;IMMO_AGENCE
6397;PRIVE;22;PLEMET;1;1;0;10.0;PRIV_RESTAURANT
6398;PRIVE;22;PLEUMEUR-GAUTIER;1;1;0;10.0;PRIV_RESTAURANT
6399;PRIVE;22;PLOUEC-DU-TRIEUX;1;1;0;10.0;IMMO_AGENCE
6400;PRIVE;22;TREDREZ-LOCQUEMEAU;1;1;0;10.0;PRIV_RESTAURANT
6401;PRIVE;22;TREGROM;1;1;0;10.0;IMMO_AGENCE
6402;PRIVE;23;AUBUSSON;1;1;0;10.0;PRIV_RESTAURANT
6403;PRIVE;23;LA SOUTERRAINE;1;1;0;10.0;PRIV_RESTAURANT
6404;PRIVE;23;PARSAC-RIMONDEIX;1;1;0;10.0;IMMO_AGENCE
6405;PRIVE;23;ROUGNAT;1;1;0;10.0;IMMO_AGENCE
6406;PRIVE;24;BADEFOLS-SUR-DORDOGNE;1;1;0;10.0;PRIV_RESTAURANT
6407;PRIVE;24;CALVIAC-EN-PERIGORD;1;1;0;10.0;PRIV_RESTAURANT
6408;PRIVE;24;COUX ET BIGAROQUE-MOUZENS;1;1;0;10.0;IMMO_AGENCE
6409;PRIVE;24;EYRAUD-CREMPSE-MAURENS;1;1;0;10.0;IMMO_AGENCE
6410;PRIVE;24;LA ROQUE-GAGEAC;1;1;0;10.0;PRIV_RESTAURANT
6411;PRIVE;24;LALINDE;1;1;0;10.0;IMMO_AGENCE
6412;PRIVE;24;MIALET;1;1;0;10.0;PRIV_RESTAURANT
6413;PRIVE;24;MUSSIDAN;1;1;0;10.0;IMMO_AGENCE
6414;PRIVE;24;PAUNAT;1;1;0;10.0;IMMO_AGENCE
6415;PRIVE;24;SAINT-MEDARD-DE-MUSSIDAN;1;1;0;10.0;IMMO_AGENCE
6416;PRIVE;24;SAINT-PAUL-LIZONNE;1;1;0;10.0;IMMO_AGENCE
6417;PRIVE;24;SAINT-SULPICE-DE-ROUMAGNAC;1;1;0;10.0;PRIV_RESTAURANT
6418;PRIVE;24;TURSAC;1;1;0;10.0;PRIV_RESTAURANT
6419;PRIVE;24;VALOJOULX;1;1;0;10.0;IMMO_AGENCE
6420;PRIVE;25;POUILLEY-LES-VIGNES;1;1;0;10.0;IMMO_AGENCE
6421;PRIVE;26;ALIXAN;1;1;0;10.0;IMMO_AGENCE
6422;PRIVE;26;BOUVANTE;1;1;0;10.0;PRIV_RESTAURANT
6423;PRIVE;26;GENISSIEUX;1;1;0;10.0;IMMO_AGENCE
6424;PRIVE;26;LES TOURRETTES;1;1;0;10.0;IMMO_AGENCE
6425;PRIVE;26;SALETTES;1;1;0;10.0;IMMO_AGENCE
6426;PRIVE;26;SAULCE-SUR-RHONE;1;1;0;10.0;PRIV_RESTAURANT
6427;PRIVE;27;AMFREVILLE-SOUS-LES-MONTS;1;1;0;10.0;IMMO_AGENCE
6428;PRIVE;27;ANDE;1;1;0;10.0;IMMO_AGENCE
6429;PRIVE;27;CORMEILLES;1;1;0;10.0;IMMO_AGENCE
6430;PRIVE;27;COURCELLES-SUR-SEINE;1;1;0;10.0;PRIV_RESTAURANT
6431;PRIVE;27;COURTEILLES;1;1;0;10.0;IMMO_AGENCE
6432;PRIVE;27;DANGU;1;1;0;10.0;PRIV_RESTAURANT
6433;PRIVE;27;DOUAINS;1;1;0;10.0;IMMO_AGENCE
6434;PRIVE;27;FRESNEY;1;1;0;10.0;IMMO_AGENCE
6435;PRIVE;27;GLISOLLES;1;1;0;10.0;IMMO_AGENCE
6436;PRIVE;27;HEUBECOURT-HARICOURT;1;1;0;10.0;IMMO_AGENCE
6437;PRIVE;27;LE NEUBOURG;1;1;0;10.0;IMMO_AGENCE
6438;PRIVE;27;LES DAMPS;1;1;0;10.0;IMMO_AGENCE
6439;PRIVE;27;MARCILLY-LA-CAMPAGNE;1;1;0;10.0;IMMO_AGENCE
6440;PRIVE;27;MARCILLY-SUR-EURE;1;1;0;10.0;IMMO_AGENCE
6441;PRIVE;27;MARTAGNY;1;1;0;10.0;IMMO_AGENCE
6442;PRIVE;27;MOUETTES;1;1;0;10.0;IMMO_AGENCE
6443;PRIVE;27;NOGENT-LE-SEC;1;1;0;10.0;IMMO_AGENCE
6444;PRIVE;27;PISEUX;1;1;0;10.0;IMMO_AGENCE
6445;PRIVE;27;REUILLY;1;1;0;10.0;IMMO_AGENCE
6446;PRIVE;27;SAINT-CYR-LA-CAMPAGNE;1;1;0;10.0;IMMO_AGENCE
6447;PRIVE;27;SAINT-MARDS-DE-FRESNE;1;1;0;10.0;IMMO_AGENCE
6448;PRIVE;27;SAINT-PIERRE-DU-VAUVRAY;1;1;0;10.0;PRIV_RESTAURANT
6449;PRIVE;27;SAINTE-MARTHE;1;1;0;10.0;IMMO_AGENCE
6450;PRIVE;27;SAINTE-OPPORTUNE-DU-BOSC;1;1;0;10.0;IMMO_AGENCE
6451;PRIVE;27;SEREZ;1;1;0;10.0;IMMO_AGENCE
6452;PRIVE;27;VATTEVILLE;1;1;0;10.0;IMMO_AGENCE
6453;PRIVE;28;BU;1;1;0;10.0;PRIV_RESTAURANT
6454;PRIVE;28;CLOYES-LES-TROIS-RIVIERES;1;1;0;10.0;IMMO_AGENCE
6455;PRIVE;28;DIGNY;1;1;0;10.0;IMMO_AGENCE
6456;PRIVE;28;GAS;1;1;0;10.0;IMMO_AGENCE
6457;PRIVE;28;LA CHAPELLE-D'AUNAINVILLE;1;1;0;10.0;PRIV_RESTAURANT
6458;PRIVE;28;LE BOULLAY-THIERRY;1;1;0;10.0;IMMO_AGENCE
6459;PRIVE;28;LES CHATELETS;1;1;0;10.0;IMMO_AGENCE
6460;PRIVE;28;LOUVILLE-LA-CHENARD;1;1;0;10.0;IMMO_AGENCE
6461;PRIVE;28;MEZIERES-EN-DROUAIS;1;1;0;10.0;IMMO_AGENCE
6462;PRIVE;28;PIERRES;1;1;0;10.0;PRIV_RESTAURANT
6463;PRIVE;28;ROUVRAY-SAINT-DENIS;1;1;0;10.0;IMMO_AGENCE
6464;PRIVE;28;RUEIL-LA-GADELIERE;1;1;0;10.0;IMMO_AGENCE
6465;PRIVE;28;SAINT-ARNOULT-DES-BOIS;1;1;0;10.0;PRIV_RESTAURANT
6466;PRIVE;28;SAINT-DENIS-LANNERAY;1;1;0;10.0;IMMO_AGENCE
6467;PRIVE;28;SAINT-MAURICE-SAINT-GERMAIN;1;1;0;10.0;IMMO_AGENCE
6468;PRIVE;28;SAINTE-GEMME-MORONVAL;1;1;0;10.0;PRIV_RESTAURANT
6469;PRIVE;28;VILLEMAURY;1;1;0;10.0;IMMO_AGENCE
6470;PRIVE;28;YEVRES;1;1;0;10.0;IMMO_AGENCE
6471;PRIVE;29;CLEDER;1;1;0;10.0;IMMO_AGENCE
6472;PRIVE;29;GOUESNACH;1;1;0;10.0;IMMO_AGENCE
6473;PRIVE;29;GUIPAVAS;1;1;0;10.0;IMMO_AGENCE
6474;PRIVE;29;KERLOUAN;1;1;0;10.0;PRIV_RESTAURANT
6475;PRIVE;29;LA FORET-FOUESNANT;1;1;0;10.0;IMMO_AGENCE
6476;PRIVE;29;NEVEZ;1;1;0;10.0;IMMO_AGENCE
6477;PRIVE;29;PONT L'ABBE;1;1;0;10.0;PRIV_RESTAURANT
6478;PRIVE;29;POULLAN SUR MER;1;1;0;10.0;IMMO_AGENCE
6479;PRIVE;29;QUERRIEN;1;1;0;10.0;IMMO_AGENCE
6480;PRIVE;29;SCAER;1;1;0;10.0;IMMO_AGENCE
6481;PRIVE;2A;BOCOGNANO;1;1;0;10.0;IMMO_AGENCE
6482;PRIVE;2A;CARBUCCIA;1;1;0;10.0;IMMO_AGENCE
6483;PRIVE;2A;CONCA;1;1;0;10.0;IMMO_AGENCE
6484;PRIVE;2A;COTI-CHIAVARI;1;1;0;10.0;PRIV_RESTAURANT
6485;PRIVE;2A;LECCI;1;1;0;10.0;IMMO_AGENCE
6486;PRIVE;2A;PIETROSELLA;1;1;0;10.0;IMMO_AGENCE
6487;PRIVE;2A;SALICE;1;1;0;10.0;IMMO_AGENCE
6488;PRIVE;2A;SOLLACARO;1;1;0;10.0;PRIV_RESTAURANT
6489;PRIVE;2B;PIETRACORBARA;1;1;0;10.0;IMMO_AGENCE
6490;PRIVE;2B;SANTA-MARIA-POGGIO;1;1;0;10.0;IMMO_AGENCE
6491;PRIVE;2B;VALLE D'ALESANI;1;1;0;10.0;PRIV_RESTAURANT
6492;PRIVE;30;DOMAZAN;1;1;0;10.0;IMMO_AGENCE
6493;PRIVE;30;FOURNES;1;1;0;10.0;IMMO_AGENCE
6494;PRIVE;30;GENERARGUES;1;1;0;10.0;PRIV_RESTAURANT
6495;PRIVE;30;MASSILLARGUES-ATTUECH;1;1;0;10.0;PRIV_RESTAURANT
6496;PRIVE;30;SAINT-HIPPOLYTE-DU-FORT;1;1;0;10.0;IMMO_AGENCE
6497;PRIVE;30;SAINT-JEAN-DU-PIN;1;1;0;10.0;IMMO_AGENCE
6498;PRIVE;30;SAINT-LAURENT-DES-ARBRES;1;1;0;10.0;IMMO_AGENCE
6499;PRIVE;30;SAINT-PONS-LA-CALM;1;1;0;10.0;IMMO_AGENCE
6500;PRIVE;30;SAINT-ROMAN-DE-CODIERES;1;1;0;10.0;IMMO_AGENCE
6501;PRIVE;30;TAVEL;1;1;0;10.0;IMMO_AGENCE
6502;PRIVE;31;AIGREFEUILLE;1;1;0;10.0;IMMO_AGENCE
6503;PRIVE;31;AUCAMVILLE;1;1;0;10.0;IMMO_AGENCE
6504;PRIVE;31;FONBEAUZARD;1;1;0;10.0;IMMO_AGENCE
6505;PRIVE;31;LA MAGDELAINE-SUR-TARN;1;1;0;10.0;IMMO_AGENCE
6506;PRIVE;31;LA SALVETAT-SAINT-GILLES;1;1;0;10.0;IMMO_AGENCE
6507;PRIVE;31;MONS;1;1;0;10.0;IMMO_AGENCE
6508;PRIVE;31;MONTASTRUC-LA-CONSEILLERE;1;1;0;10.0;PRIV_RESTAURANT
6509;PRIVE;31;SAINT-GENIES-BELLEVUE;1;1;0;10.0;IMMO_AGENCE
6510;PRIVE;31;SEILH;1;1;0;10.0;IMMO_AGENCE
6511;PRIVE;31;VALLEGUE;1;1;0;10.0;IMMO_AGENCE
6512;PRIVE;32;CEZAN;1;1;0;10.0;IMMO_AGENCE
6513;PRIVE;32;LADEVEZE-VILLE;1;1;0;10.0;IMMO_AGENCE
6514;PRIVE;32;LANNEPAX;1;1;0;10.0;IMMO_AGENCE
6515;PRIVE;32;MAUROUX;1;1;0;10.0;IMMO_AGENCE
6516;PRIVE;32;MAUVEZIN;1;1;0;10.0;IMMO_AGENCE
6517;PRIVE;32;VERGOIGNAN;1;1;0;10.0;IMMO_AGENCE
6518;PRIVE;33;CASTELNAU-DE-MEDOC;1;1;0;10.0;IMMO_AGENCE
6519;PRIVE;33;CENAC;1;1;0;10.0;IMMO_AGENCE
6520;PRIVE;33;CUBNEZAIS;1;1;0;10.0;IMMO_AGENCE
6521;PRIVE;33;LANDIRAS;1;1;0;10.0;IMMO_AGENCE
6522;PRIVE;33;MESTERRIEUX;1;1;0;10.0;IMMO_AGENCE
6523;PRIVE;33;MOULON;1;1;0;10.0;IMMO_AGENCE
6524;PRIVE;33;NAUJAC-SUR-MER;1;1;0;10.0;PRIV_RESTAURANT
6525;PRIVE;33;NEUFFONS;1;1;0;10.0;IMMO_AGENCE
6526;PRIVE;33;PLASSAC;1;1;0;10.0;IMMO_AGENCE
6527;PRIVE;33;SAINT SEURIN SUR L'ISLE;1;1;0;10.0;IMMO_AGENCE
6528;PRIVE;33;SAINT-CIERS-D'ABZAC;1;1;0;10.0;IMMO_AGENCE
6529;PRIVE;33;SAINT-GERVAIS;1;1;0;10.0;IMMO_AGENCE
6530;PRIVE;33;SAINT-LAURENT-DES-COMBES;1;1;0;10.0;IMMO_AGENCE
6531;PRIVE;33;SAINT-SAVIN;1;1;0;10.0;IMMO_AGENCE
6532;PRIVE;33;SAINTE-HELENE;1;1;0;10.0;IMMO_AGENCE
6533;PRIVE;33;VILLANDRAUT;1;1;0;10.0;IMMO_AGENCE
6534;PRIVE;34;AIGNE;1;1;0;10.0;IMMO_AGENCE
6535;PRIVE;34;ALIGNAN-DU-VENT;1;1;0;10.0;IMMO_AGENCE
6536;PRIVE;34;AZILLANET;1;1;0;10.0;IMMO_AGENCE
6537;PRIVE;34;CAMBON-ET-SALVERGUES;1;1;0;10.0;PRIV_RESTAURANT
6538;PRIVE;34;CASTELNAU-DE-GUERS;1;1;0;10.0;IMMO_AGENCE
6539;PRIVE;34;CAZOULS-LES-BEZIERS;1;1;0;10.0;PRIV_RESTAURANT
6540;PRIVE;34;FABREGUES;1;1;0;10.0;IMMO_AGENCE
6541;PRIVE;34;FLORENSAC;1;1;0;10.0;IMMO_AGENCE
6542;PRIVE;34;GABIAN;1;1;0;10.0;IMMO_AGENCE
6543;PRIVE;34;GRABELS;1;1;0;10.0;IMMO_AGENCE
6544;PRIVE;34;LANSARGUES;1;1;0;10.0;IMMO_AGENCE
6545;PRIVE;34;LIGNAN-SUR-ORB;1;1;0;10.0;IMMO_AGENCE
6546;PRIVE;34;MONTAGNAC;1;1;0;10.0;IMMO_AGENCE
6547;PRIVE;34;MOUREZE;1;1;0;10.0;IMMO_AGENCE
6548;PRIVE;34;MUDAISON;1;1;0;10.0;IMMO_AGENCE
6549;PRIVE;34;MURVIEL-LES-BEZIERS;1;1;0;10.0;IMMO_AGENCE
6550;PRIVE;34;OLARGUES;1;1;0;10.0;PRIV_RESTAURANT
6551;PRIVE;34;PUECHABON;1;1;0;10.0;PRIV_RESTAURANT
6552;PRIVE;34;PUILACHER;1;1;0;10.0;IMMO_AGENCE
6553;PRIVE;34;SAINT-MARTIN-DE-LONDRES;1;1;0;10.0;IMMO_AGENCE
6554;PRIVE;34;SAINT-PAUL-ET-VALMALLE;1;1;0;10.0;IMMO_AGENCE
6555;PRIVE;34;SAINT-THIBERY;1;1;0;10.0;PRIV_RESTAURANT
6556;PRIVE;34;VAILHAUQUES;1;1;0;10.0;IMMO_AGENCE
6557;PRIVE;34;VILLEVEYRAC;1;1;0;10.0;IMMO_AGENCE
6558;PRIVE;35;BOURGBARRE;1;1;0;10.0;IMMO_AGENCE
6559;PRIVE;35;CREVIN;1;1;0;10.0;IMMO_AGENCE
6560;PRIVE;35;LA BAZOUGE-DU-DESERT;1;1;0;10.0;IMMO_AGENCE
6561;PRIVE;35;LE VIVIER-SUR-MER;1;1;0;10.0;IMMO_AGENCE
6562;PRIVE;35;SAINT-GEORGES-DE-GREHAIGNE;1;1;0;10.0;IMMO_AGENCE
6563;PRIVE;35;SAINT-REMY-DU-PLAIN;1;1;0;10.0;IMMO_AGENCE
6564;PRIVE;36;ECUEILLE;1;1;0;10.0;IMMO_AGENCE
6565;PRIVE;36;POULIGNY-SAINT-PIERRE;1;1;0;10.0;IMMO_AGENCE
6566;PRIVE;36;ROUSSINES;1;1;0;10.0;IMMO_AGENCE
6567;PRIVE;36;SAINT-GAULTIER;1;1;0;10.0;IMMO_AGENCE
6568;PRIVE;36;SAINT-PIERRE-DE-JARDS;1;1;0;10.0;IMMO_AGENCE
6569;PRIVE;36;VAL-FOUZON;1;1;0;10.0;PRIV_RESTAURANT
6570;PRIVE;37;AUZOUER-EN-TOURAINE;1;1;0;10.0;IMMO_AGENCE
6571;PRIVE;37;BRAYE-SOUS-FAYE;1;1;0;10.0;IMMO_AGENCE
6572;PRIVE;37;COURCAY;1;1;0;10.0;IMMO_AGENCE
6573;PRIVE;37;LA MEMBROLLE-SUR-CHOISILLE;1;1;0;10.0;IMMO_AGENCE
6574;PRIVE;37;LEMERE;1;1;0;10.0;IMMO_AGENCE
6575;PRIVE;37;MONTBAZON;1;1;0;10.0;IMMO_AGENCE
6576;PRIVE;37;ORBIGNY;1;1;0;10.0;IMMO_AGENCE
6577;PRIVE;37;PERRUSSON;1;1;0;10.0;IMMO_AGENCE
6578;PRIVE;37;SAINT ANTOINE DU ROCHER;1;1;0;10.0;IMMO_AGENCE
6579;PRIVE;37;SAINT-BRANCHS;1;1;0;10.0;IMMO_AGENCE
6580;PRIVE;37;VEIGNE;1;1;0;10.0;IMMO_AGENCE
6581;PRIVE;38;BIVIERS;1;1;0;10.0;IMMO_AGENCE
6582;PRIVE;38;CREMIEU;1;1;0;10.0;IMMO_AGENCE
6583;PRIVE;38;LES DEUX ALPES;1;1;0;10.0;PRIV_RESTAURANT
6584;PRIVE;38;NIVOLAS-VERMELLE;1;1;0;10.0;IMMO_AGENCE
6585;PRIVE;38;PRESSINS;1;1;0;10.0;IMMO_AGENCE
6586;PRIVE;38;SAINT ANTOINE L'ABBAYE;1;1;0;10.0;IMMO_AGENCE
6587;PRIVE;38;SAINT-CHEF;1;1;0;10.0;IMMO_AGENCE
6588;PRIVE;38;SAINT-JEAN-DE-MOIRANS;1;1;0;10.0;IMMO_AGENCE
6589;PRIVE;38;SAINT-JOSEPH-DE-RIVIERE;1;1;0;10.0;IMMO_AGENCE
6590;PRIVE;38;SAINT-MARCELLIN;1;1;0;10.0;IMMO_AGENCE
6591;PRIVE;38;TREPT;1;1;0;10.0;IMMO_AGENCE
6592;PRIVE;38;VILLEFONTAINE;1;1;0;10.0;IMMO_AGENCE
6593;PRIVE;39;BIARNE;1;1;0;10.0;IMMO_AGENCE
6594;PRIVE;39;PETIT-NOIR;1;1;0;10.0;IMMO_AGENCE
6595;PRIVE;40;BENESSE-MAREMNE;1;1;0;10.0;IMMO_AGENCE
6596;PRIVE;40;GRENADE-SUR-L'ADOUR;1;1;0;10.0;IMMO_AGENCE
6597;PRIVE;40;HERM;1;1;0;10.0;IMMO_AGENCE
6598;PRIVE;40;MOLIETS-ET-MAA;1;1;0;10.0;IMMO_AGENCE
6599;PRIVE;40;PEYREHORADE;1;1;0;10.0;IMMO_AGENCE
6600;PRIVE;40;SAINT-GEOURS-DE-MAREMNE;1;1;0;10.0;IMMO_AGENCE
6601;PRIVE;40;SAINT-PIERRE-DU-MONT;1;1;0;10.0;IMMO_AGENCE
6602;PRIVE;40;SAINT-SEVER;1;1;0;10.0;IMMO_AGENCE
6603;PRIVE;40;TERCIS-LES-BAINS;1;1;0;10.0;IMMO_AGENCE
6604;PRIVE;41;BEAUCE LA ROMAINE;1;1;0;10.0;IMMO_AGENCE
6605;PRIVE;41;CHEMERY;1;1;0;10.0;IMMO_AGENCE
6606;PRIVE;41;DHUIZON;1;1;0;10.0;IMMO_AGENCE
6607;PRIVE;41;EPUISAY;1;1;0;10.0;IMMO_AGENCE
6608;PRIVE;41;LA FERTE-IMBAULT;1;1;0;10.0;IMMO_AGENCE
6609;PRIVE;41;MARCILLY-EN-BEAUCE;1;1;0;10.0;IMMO_AGENCE
6610;PRIVE;41;MONT-PRES-CHAMBORD;1;1;0;10.0;IMMO_AGENCE
6611;PRIVE;41;SAINT-DYE-SUR-LOIRE;1;1;0;10.0;IMMO_AGENCE
6612;PRIVE;41;VALAIRE;1;1;0;10.0;PRIV_RESTAURANT
6613;PRIVE;41;VALENCISSE;1;1;0;10.0;IMMO_AGENCE
6614;PRIVE;42;CHANDON;1;1;0;10.0;IMMO_AGENCE
6615;PRIVE;42;MONTCHAL;1;1;0;10.0;PRIV_RESTAURANT
6616;PRIVE;42;SAINT-CHAMOND;1;1;0;10.0;IMMO_AGENCE
6617;PRIVE;43;BRIVES-CHARENSAC;1;1;0;10.0;PRIV_RESTAURANT
6618;PRIVE;43;LA CHAISE-DIEU;1;1;0;10.0;PRIV_RESTAURANT
6619;PRIVE;43;LANTRIAC;1;1;0;10.0;IMMO_AGENCE
6620;PRIVE;44;CHATEAU-THEBAUD;1;1;0;10.0;IMMO_AGENCE
6621;PRIVE;44;HAUTE-GOULAINE;1;1;0;10.0;IMMO_AGENCE
6622;PRIVE;44;JUIGNE-DES-MOUTIERS;1;1;0;10.0;IMMO_AGENCE
6623;PRIVE;44;LA LIMOUZINIERE;1;1;0;10.0;IMMO_AGENCE
6624;PRIVE;44;LA TURBALLE;1;1;0;10.0;IMMO_AGENCE
6625;PRIVE;44;MALVILLE;1;1;0;10.0;IMMO_AGENCE
6626;PRIVE;44;MONTBERT;1;1;0;10.0;IMMO_AGENCE
6627;PRIVE;44;MOUZILLON;1;1;0;10.0;IMMO_AGENCE
6628;PRIVE;44;SAINT-MOLF;1;1;0;10.0;IMMO_AGENCE
6629;PRIVE;44;SAINT-PHILBERT-DE-GRAND-LIEU;1;1;0;10.0;PRIV_RESTAURANT
6630;PRIVE;45;AUTRUY-SUR-JUINE;1;1;0;10.0;PRIV_RESTAURANT
6631;PRIVE;45;BEAUGENCY;1;1;0;10.0;IMMO_AGENCE
6632;PRIVE;45;CHANTEAU;1;1;0;10.0;IMMO_AGENCE
6633;PRIVE;45;CHEVRY-SOUS-LE-BIGNON;1;1;0;10.0;IMMO_AGENCE
6634;PRIVE;45;CORQUILLEROY;1;1;0;10.0;IMMO_AGENCE
6635;PRIVE;45;CRAVANT;1;1;0;10.0;PRIV_RESTAURANT
6636;PRIVE;45;DAMPIERRE-EN-BURLY;1;1;0;10.0;IMMO_AGENCE
6637;PRIVE;45;LOUZOUER;1;1;0;10.0;IMMO_AGENCE
6638;PRIVE;45;NIBELLE;1;1;0;10.0;IMMO_AGENCE
6639;PRIVE;45;OUZOUER-SUR-LOIRE;1;1;0;10.0;IMMO_AGENCE
6640;PRIVE;45;SURY-AUX-BOIS;1;1;0;10.0;PRIV_RESTAURANT
6641;PRIVE;46;CRESSENSAC-SARRAZAC;1;1;0;10.0;PRIV_RESTAURANT
6642;PRIVE;46;TOUR-DE-FAURE;1;1;0;10.0;PRIV_RESTAURANT
6643;PRIVE;47;BAJAMONT;1;1;0;10.0;IMMO_AGENCE
6644;PRIVE;47;LAYRAC;1;1;0;10.0;IMMO_AGENCE
6645;PRIVE;47;MARCELLUS;1;1;0;10.0;IMMO_AGENCE
6646;PRIVE;47;MONCLAR;1;1;0;10.0;PRIV_RESTAURANT
6647;PRIVE;47;RAYET;1;1;0;10.0;IMMO_AGENCE
6648;PRIVE;47;SAINT-SYLVESTRE-SUR-LOT;1;1;0;10.0;IMMO_AGENCE
6649;PRIVE;48;ISPAGNAC;1;1;0;10.0;IMMO_AGENCE
6650;PRIVE;48;MOISSAC-VALLEE-FRANCAISE;1;1;0;10.0;PRIV_RESTAURANT
6651;PRIVE;49;BAUGE-EN-ANJOU;1;1;0;10.0;IMMO_AGENCE
6652;PRIVE;49;BLAISON-SAINT-SULPICE;1;1;0;10.0;IMMO_AGENCE
6653;PRIVE;49;LES GARENNES SUR LOIRE;1;1;0;10.0;IMMO_AGENCE
6654;PRIVE;50;CONDE-SUR-VIRE;1;1;0;10.0;IMMO_AGENCE
6655;PRIVE;50;DUCEY-LES CHERIS;1;1;0;10.0;IMMO_AGENCE
6656;PRIVE;50;LAPENTY;1;1;0;10.0;IMMO_AGENCE
6657;PRIVE;50;LES PIEUX;1;1;0;10.0;PRIV_RESTAURANT
6658;PRIVE;50;REMILLY LES MARAIS;1;1;0;10.0;IMMO_AGENCE
6659;PRIVE;50;SACEY;1;1;0;10.0;IMMO_AGENCE
6660;PRIVE;50;SAINTE-MARIE-DU-MONT;1;1;0;10.0;IMMO_AGENCE
6661;PRIVE;50;TORIGNY-LES-VILLES;1;1;0;10.0;IMMO_AGENCE
6662;PRIVE;51;BAZANCOURT;1;1;0;10.0;PRIV_RESTAURANT
6663;PRIVE;51;COURMAS;1;1;0;10.0;IMMO_AGENCE
6664;PRIVE;51;DORMANS;1;1;0;10.0;PRIV_RESTAURANT
6665;PRIVE;51;SAINTE-MENEHOULD;1;1;0;10.0;IMMO_AGENCE
6666;PRIVE;51;VITRY-LE-FRANCOIS;1;1;0;10.0;PRIV_RESTAURANT
6667;PRIVE;52;NOGENT;1;1;0;10.0;PRIV_RESTAURANT
6668;PRIVE;52;SEMOUTIERS-MONTSAON;1;1;0;10.0;IMMO_AGENCE
6669;PRIVE;52;WASSY;1;1;0;10.0;IMMO_AGENCE
6670;PRIVE;53;AMBRIERES-LES-VALLEES;1;1;0;10.0;IMMO_AGENCE
6671;PRIVE;53;BLANDOUET-SAINT JEAN;1;1;0;10.0;IMMO_AGENCE
6672;PRIVE;53;COUPTRAIN;1;1;0;10.0;IMMO_AGENCE
6673;PRIVE;53;LE BOURGNEUF-LA-FORET;1;1;0;10.0;IMMO_AGENCE
6674;PRIVE;53;SAINT-DENIS-D'ANJOU;1;1;0;10.0;IMMO_AGENCE
6675;PRIVE;54;COSNES-ET-ROMAIN;1;1;0;10.0;IMMO_AGENCE
6676;PRIVE;54;LUNEVILLE;1;1;0;10.0;PRIV_RESTAURANT
6677;PRIVE;54;PONT-A-MOUSSON;1;1;0;10.0;IMMO_AGENCE
6678;PRIVE;55;FROMEREVILLE-LES-VALLONS;1;1;0;10.0;IMMO_AGENCE
6679;PRIVE;55;WISEPPE;1;1;0;10.0;IMMO_AGENCE
6680;PRIVE;56;FEREL;1;1;0;10.0;IMMO_AGENCE
6681;PRIVE;56;GOURIN;1;1;0;10.0;IMMO_AGENCE
6682;PRIVE;56;ILE-D'ARZ;1;1;0;10.0;IMMO_AGENCE
6683;PRIVE;56;LANTILLAC;1;1;0;10.0;IMMO_AGENCE
6684;PRIVE;56;LE COURS;1;1;0;10.0;PRIV_RESTAURANT
6685;PRIVE;56;LE TOUR-DU-PARC;1;1;0;10.0;IMMO_AGENCE
6686;PRIVE;56;PLUMERGAT;1;1;0;10.0;IMMO_AGENCE
6687;PRIVE;56;RIANTEC;1;1;0;10.0;IMMO_AGENCE
6688;PRIVE;56;SAINT-BARTHELEMY;1;1;0;10.0;IMMO_AGENCE
6689;PRIVE;56;TAUPONT;1;1;0;10.0;IMMO_AGENCE
6690;PRIVE;57;BETTING;1;1;0;10.0;PRIV_RESTAURANT
6691;PRIVE;57;BOUZONVILLE;1;1;0;10.0;PRIV_RESTAURANT
6692;PRIVE;57;LAUMESFELD;1;1;0;10.0;IMMO_AGENCE
6693;PRIVE;57;PLAPPEVILLE;1;1;0;10.0;IMMO_AGENCE
6694;PRIVE;57;SANRY-LES-VIGY;1;1;0;10.0;IMMO_AGENCE
6695;PRIVE;57;SEMECOURT;1;1;0;10.0;PRIV_RESTAURANT
6696;PRIVE;57;VARSBERG;1;1;0;10.0;PRIV_RESTAURANT
6697;PRIVE;58;ARQUIAN;1;1;0;10.0;IMMO_AGENCE
6698;PRIVE;58;CHATEAUNEUF-VAL-DE-BARGIS;1;1;0;10.0;IMMO_AGENCE
6699;PRIVE;58;MOUSSY;1;1;0;10.0;IMMO_AGENCE
6700;PRIVE;58;POUILLY-SUR-LOIRE;1;1;0;10.0;IMMO_AGENCE
6701;PRIVE;58;PREMERY;1;1;0;10.0;IMMO_AGENCE
6702;PRIVE;58;SAINT-BENIN-D'AZY;1;1;0;10.0;IMMO_AGENCE
6703;PRIVE;58;SAINT-PIERRE-LE-MOUTIER;1;1;0;10.0;IMMO_AGENCE
6704;PRIVE;59;BONDUES;1;1;0;10.0;IMMO_AGENCE
6705;PRIVE;59;EPPE-SAUVAGE;1;1;0;10.0;PRIV_RESTAURANT
6706;PRIVE;59;LOMPRET;1;1;0;10.0;IMMO_AGENCE
6707;PRIVE;59;MARQUETTE-LEZ-LILLE;1;1;0;10.0;IMMO_AGENCE
6708;PRIVE;59;MARQUILLIES;1;1;0;10.0;IMMO_AGENCE
6709;PRIVE;59;MAUBEUGE;1;1;0;10.0;IMMO_AGENCE
6710;PRIVE;59;VILLENEUVE D ASCQ;1;1;0;10.0;PRIV_RESTAURANT
6711;PRIVE;59;VILLERS-POL;1;1;0;10.0;IMMO_AGENCE
6712;PRIVE;60;ARSY;1;1;0;10.0;IMMO_AGENCE
6713;PRIVE;60;BEAUMONT-LES-NONAINS;1;1;0;10.0;IMMO_AGENCE
6714;PRIVE;60;BOURY-EN-VEXIN;1;1;0;10.0;IMMO_AGENCE
6715;PRIVE;60;CHOISY-AU-BAC;1;1;0;10.0;IMMO_AGENCE
6716;PRIVE;60;FEIGNEUX;1;1;0;10.0;IMMO_AGENCE
6717;PRIVE;60;JAUX;1;1;0;10.0;IMMO_AGENCE
6718;PRIVE;60;NERY;1;1;0;10.0;IMMO_AGENCE
6719;PRIVE;60;NOINTEL;1;1;0;10.0;IMMO_AGENCE
6720;PRIVE;60;TALMONTIERS;1;1;0;10.0;IMMO_AGENCE
6721;PRIVE;60;TRACY-LE-VAL;1;1;0;10.0;IMMO_AGENCE
6722;PRIVE;60;TRIE-CHATEAU;1;1;0;10.0;IMMO_AGENCE
6723;PRIVE;61;BAGNOLES DE L'ORNE NORMANDIE;1;1;0;10.0;PRIV_RESTAURANT
6724;PRIVE;61;BELLOU-LE-TRICHARD;1;1;0;10.0;IMMO_AGENCE
6725;PRIVE;61;BURE;1;1;0;10.0;PRIV_RESTAURANT
6726;PRIVE;61;COUDEHARD;1;1;0;10.0;IMMO_AGENCE
6727;PRIVE;61;ECOUCHE-LES-VALLEES;1;1;0;10.0;IMMO_AGENCE
6728;PRIVE;61;LALEU;1;1;0;10.0;PRIV_RESTAURANT
6729;PRIVE;61;LE CHAMP DE LA PIERRE;1;1;0;10.0;IMMO_AGENCE
6730;PRIVE;61;SAINT ANDRE DE MESSEI;1;1;0;10.0;IMMO_AGENCE
6731;PRIVE;61;SAINT-HILAIRE-LE-CHATEL;1;1;0;10.0;IMMO_AGENCE
6732;PRIVE;61;SAINT-NICOLAS-DE-SOMMAIRE;1;1;0;10.0;PRIV_RESTAURANT
6733;PRIVE;62;BOUBERS-SUR-CANCHE;1;1;0;10.0;IMMO_AGENCE
6734;PRIVE;62;CUCQ;1;1;0;10.0;IMMO_AGENCE
6735;PRIVE;62;LE TOUQUET PARIS PLAGE;1;1;0;10.0;IMMO_AGENCE
6736;PRIVE;62;VERTON;1;1;0;10.0;IMMO_AGENCE
6737;PRIVE;62;WACQUINGHEN;1;1;0;10.0;IMMO_AGENCE
6738;PRIVE;63;BORT-L'ETANG;1;1;0;10.0;PRIV_RESTAURANT
6739;PRIVE;63;ECHANDELYS;1;1;0;10.0;PRIV_RESTAURANT
6740;PRIVE;63;GERZAT;1;1;0;10.0;PRIV_RESTAURANT
6741;PRIVE;63;RIOM;1;1;0;10.0;IMMO_AGENCE
6742;PRIVE;63;VOLLORE-VILLE;1;1;0;10.0;IMMO_AGENCE
6743;PRIVE;64;BIRON;1;1;0;10.0;IMMO_AGENCE
6744;PRIVE;64;BOUCAU;1;1;0;10.0;IMMO_AGENCE
6745;PRIVE;64;BRISCOUS;1;1;0;10.0;IMMO_AGENCE
6746;PRIVE;64;LUCQ-DE-BEARN;1;1;0;10.0;IMMO_AGENCE
6747;PRIVE;64;MONEIN;1;1;0;10.0;IMMO_AGENCE
6748;PRIVE;64;MOUGUERRE;1;1;0;10.0;IMMO_AGENCE
6749;PRIVE;64;SAINT-FAUST;1;1;0;10.0;IMMO_AGENCE
6750;PRIVE;65;ASQUE;1;1;0;10.0;IMMO_AGENCE
6751;PRIVE;65;CAUTERETS;1;1;0;10.0;IMMO_AGENCE
6752;PRIVE;65;PINAS;1;1;0;10.0;IMMO_AGENCE
6753;PRIVE;66;CERET;1;1;0;10.0;PRIV_RESTAURANT
6754;PRIVE;66;PEZILLA-LA-RIVIERE;1;1;0;10.0;PRIV_RESTAURANT
6755;PRIVE;66;SAINT-PAUL-DE-FENOUILLET;1;1;0;10.0;IMMO_AGENCE
6756;PRIVE;66;VILLEMOLAQUE;1;1;0;10.0;IMMO_AGENCE
6757;PRIVE;67;ARTOLSHEIM;1;1;0;10.0;IMMO_AGENCE
6758;PRIVE;67;GAMBSHEIM;1;1;0;10.0;PRIV_RESTAURANT
6759;PRIVE;67;NIEDERMODERN;1;1;0;10.0;IMMO_AGENCE
6760;PRIVE;67;PLOBSHEIM;1;1;0;10.0;IMMO_AGENCE
6761;PRIVE;67;ROSHEIM;1;1;0;10.0;IMMO_AGENCE
6762;PRIVE;67;SELESTAT;1;1;0;10.0;IMMO_AGENCE
6763;PRIVE;67;VENDENHEIM;1;1;0;10.0;PRIV_RESTAURANT
6764;PRIVE;67;WEYERSHEIM;1;1;0;10.0;IMMO_AGENCE
6765;PRIVE;67;WILWISHEIM;1;1;0;10.0;IMMO_AGENCE
6766;PRIVE;68;LUTTERBACH;1;1;0;10.0;IMMO_AGENCE
6767;PRIVE;68;MOOSCH;1;1;0;10.0;PRIV_RESTAURANT
6768;PRIVE;68;PORTE DU RIED;1;1;0;10.0;IMMO_AGENCE
6769;PRIVE;68;RUELISHEIM;1;1;0;10.0;IMMO_AGENCE
6770;PRIVE;68;SAINT-LOUIS;1;1;0;10.0;IMMO_AGENCE
6771;PRIVE;69;MOIRE;1;1;0;10.0;IMMO_AGENCE
6772;PRIVE;69;SAIN-BEL;1;1;0;10.0;IMMO_AGENCE
6773;PRIVE;69;SAINT-BONNET-DE-MURE;1;1;0;10.0;IMMO_AGENCE
6774;PRIVE;70;CEMBOING;1;1;0;10.0;IMMO_AGENCE
6775;PRIVE;71;CHANGE;1;1;0;10.0;PRIV_RESTAURANT
6776;PRIVE;71;GRANGES;1;1;0;10.0;PRIV_RESTAURANT
6777;PRIVE;71;IGE;1;1;0;10.0;IMMO_AGENCE
6778;PRIVE;71;LOUHANS;1;1;0;10.0;PRIV_RESTAURANT
6779;PRIVE;71;MARMAGNE;1;1;0;10.0;PRIV_RESTAURANT
6780;PRIVE;71;ORMES;1;1;0;10.0;IMMO_AGENCE
6781;PRIVE;71;SAINT-GENGOUX-DE-SCISSE;1;1;0;10.0;IMMO_AGENCE
6782;PRIVE;71;SAVIANGES;1;1;0;10.0;IMMO_AGENCE
6783;PRIVE;72;ASSE-LE-BOISNE;1;1;0;10.0;IMMO_AGENCE
6784;PRIVE;72;BALLON-SAINT MARS;1;1;0;10.0;IMMO_AGENCE
6785;PRIVE;72;CERANS-FOULLETOURTE;1;1;0;10.0;IMMO_AGENCE
6786;PRIVE;72;COGNERS;1;1;0;10.0;IMMO_AGENCE
6787;PRIVE;72;ECOMMOY;1;1;0;10.0;PRIV_RESTAURANT
6788;PRIVE;72;FRESNAY-SUR-SARTHE;1;1;0;10.0;IMMO_AGENCE
6789;PRIVE;72;LA FLECHE;1;1;0;10.0;IMMO_AGENCE
6790;PRIVE;72;LOUE;1;1;0;10.0;IMMO_AGENCE
6791;PRIVE;72;NEUVILLE-SUR-SARTHE;1;1;0;10.0;IMMO_AGENCE
6792;PRIVE;72;SAINT JEAN DE LA MOTTE;1;1;0;10.0;IMMO_AGENCE
6793;PRIVE;72;SAINT-REMY-DU-VAL;1;1;0;10.0;IMMO_AGENCE
6794;PRIVE;72;SAINT-ULPHACE;1;1;0;10.0;PRIV_RESTAURANT
6795;PRIVE;73;MODANE;1;1;0;10.0;PRIV_RESTAURANT
6796;PRIVE;73;MOUXY;1;1;0;10.0;IMMO_AGENCE
6797;PRIVE;73;VALLOIRE;1;1;0;10.0;PRIV_RESTAURANT
6798;PRIVE;74;ARBUSIGNY;1;1;0;10.0;IMMO_AGENCE
6799;PRIVE;74;ARCHAMPS;1;1;0;10.0;IMMO_AGENCE
6800;PRIVE;74;CHARVONNEX;1;1;0;10.0;IMMO_AGENCE
6801;PRIVE;74;CHATILLON-SUR-CLUSES;1;1;0;10.0;IMMO_AGENCE
6802;PRIVE;74;CLERMONT;1;1;0;10.0;IMMO_AGENCE
6803;PRIVE;74;COMBLOUX;1;1;0;10.0;IMMO_AGENCE
6804;PRIVE;74;DEMI-QUARTIER;1;1;0;10.0;IMMO_AGENCE
6805;PRIVE;74;LATHUILE;1;1;0;10.0;IMMO_AGENCE
6806;PRIVE;74;LES GETS;1;1;0;10.0;PRIV_RESTAURANT
6807;PRIVE;74;MAXILLY-SUR-LEMAN;1;1;0;10.0;IMMO_AGENCE
6808;PRIVE;74;SAINT-JEAN-DE-SIXT;1;1;0;10.0;IMMO_AGENCE
6809;PRIVE;74;SILLINGY;1;1;0;10.0;IMMO_AGENCE
6810;PRIVE;74;TALLOIRES-MONTMIN;1;1;0;10.0;IMMO_AGENCE
6811;PRIVE;74;THYEZ;1;1;0;10.0;IMMO_AGENCE
6812;PRIVE;74;VALLORCINE;1;1;0;10.0;IMMO_AGENCE
6813;PRIVE;74;VILLAZ;1;1;0;10.0;IMMO_AGENCE
6814;PRIVE;74;VIRY;1;1;0;10.0;IMMO_AGENCE
6815;PRIVE;76;BRACHY;1;1;0;10.0;IMMO_AGENCE
6816;PRIVE;76;DEVILLE-LES-ROUEN;1;1;0;10.0;IMMO_AGENCE
6817;PRIVE;76;FECAMP;1;1;0;10.0;IMMO_AGENCE
6818;PRIVE;76;HERMANVILLE;1;1;0;10.0;IMMO_AGENCE
6819;PRIVE;76;NOTRE-DAME-DE-BONDEVILLE;1;1;0;10.0;PRIV_RESTAURANT
6820;PRIVE;76;QUIBERVILLE-SUR-MER;1;1;0;10.0;IMMO_AGENCE
6821;PRIVE;76;ROUXMESNIL-BOUTEILLES;1;1;0;10.0;PRIV_RESTAURANT
6822;PRIVE;76;SAINT-SAIRE;1;1;0;10.0;IMMO_AGENCE
6823;PRIVE;76;STE ADRESSE;1;1;0;10.0;PRIV_RESTAURANT
6824;PRIVE;77;BABY;1;1;0;10.0;IMMO_AGENCE
6825;PRIVE;77;BEAUCHERY-SAINT-MARTIN;1;1;0;10.0;IMMO_AGENCE
6826;PRIVE;77;CLOS-FONTAINE;1;1;0;10.0;PRIV_RESTAURANT
6827;PRIVE;77;DHUISY;1;1;0;10.0;IMMO_AGENCE
6828;PRIVE;77;GIREMOUTIERS;1;1;0;10.0;IMMO_AGENCE
6829;PRIVE;77;GUERCHEVILLE;1;1;0;10.0;IMMO_AGENCE
6830;PRIVE;77;LA CHAPELLE-MOUTILS;1;1;0;10.0;IMMO_AGENCE
6831;PRIVE;77;MADELEINE-SUR-LOING (LA);1;1;0;10.0;IMMO_AGENCE
6832;PRIVE;77;MOUY-SUR-SEINE;1;1;0;10.0;IMMO_AGENCE
6833;PRIVE;77;PAROY;1;1;0;10.0;IMMO_AGENCE
6834;PRIVE;77;REMAUVILLE;1;1;0;10.0;PRIV_RESTAURANT
6835;PRIVE;77;SAINT-SAUVEUR-LES-BRAY;1;1;0;10.0;PRIV_RESTAURANT
6836;PRIVE;77;SAINTE-COLOMBE;1;1;0;10.0;IMMO_AGENCE
6837;PRIVE;77;VAUDOUE (LE);1;1;0;10.0;IMMO_AGENCE
6838;PRIVE;78;LA HAUTEVILLE;1;1;0;10.0;IMMO_AGENCE
6839;PRIVE;79;AZAY-SUR-THOUET;1;1;0;10.0;IMMO_AGENCE
6840;PRIVE;79;CLESSE;1;1;0;10.0;PRIV_RESTAURANT
6841;PRIVE;79;COUTURE D'ARGENSON;1;1;0;10.0;IMMO_AGENCE
6842;PRIVE;79;LOUZY;1;1;0;10.0;IMMO_AGENCE
6843;PRIVE;80;BUIGNY-L'ABBE;1;1;0;10.0;IMMO_AGENCE
6844;PRIVE;80;CRECY-EN-PONTHIEU;1;1;0;10.0;IMMO_AGENCE
6845;PRIVE;80;NAOURS;1;1;0;10.0;PRIV_RESTAURANT
6846;PRIVE;80;RAINCHEVAL;1;1;0;10.0;IMMO_AGENCE
6847;PRIVE;81;FREJAIROLLES;1;1;0;10.0;IMMO_AGENCE
6848;PRIVE;81;LAUTREC;1;1;0;10.0;IMMO_AGENCE
6849;PRIVE;81;MOUZIEYS-PANENS;1;1;0;10.0;IMMO_AGENCE
6850;PRIVE;81;RIVIERES;1;1;0;10.0;PRIV_RESTAURANT
6851;PRIVE;82;AUVILLAR;1;1;0;10.0;IMMO_AGENCE
6852;PRIVE;82;SAINT-ETIENNE-DE-TULMONT;1;1;0;10.0;IMMO_AGENCE
6853;PRIVE;83;BORMES-LES-MIMOSAS;1;1;0;10.0;IMMO_AGENCE
6854;PRIVE;83;EVENOS;1;1;0;10.0;IMMO_AGENCE
6855;PRIVE;83;LA CADIERE-D'AZUR;1;1;0;10.0;IMMO_AGENCE
6856;PRIVE;83;LE BEAUSSET;1;1;0;10.0;IMMO_AGENCE
6857;PRIVE;83;LE PLAN-DE-LA-TOUR;1;1;0;10.0;IMMO_AGENCE
6858;PRIVE;83;MEOUNES-LES-MONTRIEUX;1;1;0;10.0;IMMO_AGENCE
6859;PRIVE;83;NEOULES;1;1;0;10.0;IMMO_AGENCE
6860;PRIVE;83;RAMATUELLE;1;1;0;10.0;IMMO_AGENCE
6861;PRIVE;83;ROUGIERS;1;1;0;10.0;IMMO_AGENCE
6862;PRIVE;83;SAINT RAPHAEL;1;1;0;10.0;PRIV_RESTAURANT
6863;PRIVE;83;SAINTE MAXIME;1;1;0;10.0;IMMO_AGENCE
6864;PRIVE;83;SOLLIES-TOUCAS;1;1;0;10.0;IMMO_AGENCE
6865;PRIVE;83;TARADEAU;1;1;0;10.0;IMMO_AGENCE
6866;PRIVE;83;TOURRETTES;1;1;0;10.0;IMMO_AGENCE
6867;PRIVE;84;AUBIGNAN;1;1;0;10.0;IMMO_AGENCE
6868;PRIVE;84;BEDOIN;1;1;0;10.0;IMMO_AGENCE
6869;PRIVE;84;CAUMONT-SUR-DURANCE;1;1;0;10.0;IMMO_AGENCE
6870;PRIVE;84;LE THOR;1;1;0;10.0;IMMO_AGENCE
6871;PRIVE;84;VIOLES;1;1;0;10.0;PRIV_RESTAURANT
6872;PRIVE;85;LA CHAIZE-LE-VICOMTE;1;1;0;10.0;IMMO_AGENCE
6873;PRIVE;85;LA CHAPELLE-HERMIER;1;1;0;10.0;IMMO_AGENCE
6874;PRIVE;85;LANDEVIEILLE;1;1;0;10.0;IMMO_AGENCE
6875;PRIVE;85;LE POIRE-SUR-VIE;1;1;0;10.0;IMMO_AGENCE
6876;PRIVE;85;MESNARD-LA-BAROTIERE;1;1;0;10.0;IMMO_AGENCE
6877;PRIVE;85;MONTAIGU-VENDEE;1;1;0;10.0;IMMO_AGENCE
6878;PRIVE;85;MOUCHAMPS;1;1;0;10.0;IMMO_AGENCE
6879;PRIVE;85;NOIRMOUTIER-EN-L'ILE;1;1;0;10.0;IMMO_AGENCE
6880;PRIVE;85;PALLUAU;1;1;0;10.0;IMMO_AGENCE
6881;PRIVE;85;ROCHESERVIERE;1;1;0;10.0;IMMO_AGENCE
6882;PRIVE;85;SAINT-AUBIN-DES-ORMEAUX;1;1;0;10.0;IMMO_AGENCE
6883;PRIVE;85;SAINT-GERVAIS;1;1;0;10.0;IMMO_AGENCE
6884;PRIVE;86;BASSES;1;1;0;10.0;IMMO_AGENCE
6885;PRIVE;86;BIARD;1;1;0;10.0;IMMO_AGENCE
6886;PRIVE;86;BOIVRE-LA-VALLEE;1;1;0;10.0;IMMO_AGENCE
6887;PRIVE;86;CHABOURNAY;1;1;0;10.0;PRIV_RESTAURANT
6888;PRIVE;86;COUSSAY;1;1;0;10.0;IMMO_AGENCE
6889;PRIVE;86;INGRANDES;1;1;0;10.0;IMMO_AGENCE
6890;PRIVE;86;JAUNAY-MARIGNY;1;1;0;10.0;IMMO_AGENCE
6891;PRIVE;87;DOURNAZAC;1;1;0;10.0;PRIV_RESTAURANT
6892;PRIVE;87;EYBOULEUF;1;1;0;10.0;IMMO_AGENCE
6893;PRIVE;88;JEUXEY;1;1;0;10.0;PRIV_RESTAURANT
6894;PRIVE;88;SAULCY-SUR-MEURTHE;1;1;0;10.0;IMMO_AGENCE
6895;PRIVE;89;ANCY-LE-FRANC;1;1;0;10.0;PRIV_RESTAURANT
6896;PRIVE;89;AUGY;1;1;0;10.0;IMMO_AGENCE
6897;PRIVE;89;BEON;1;1;0;10.0;IMMO_AGENCE
6898;PRIVE;89;CHENY;1;1;0;10.0;IMMO_AGENCE
6899;PRIVE;89;COURLON-SUR-YONNE;1;1;0;10.0;IMMO_AGENCE
6900;PRIVE;89;DOMATS;1;1;0;10.0;IMMO_AGENCE
6901;PRIVE;89;DRUYES-LES-BELLES-FONTAINES;1;1;0;10.0;IMMO_AGENCE
6902;PRIVE;89;LES VALLEES DE LA VANNE;1;1;0;10.0;IMMO_AGENCE
6903;PRIVE;89;MEZILLES;1;1;0;10.0;IMMO_AGENCE
6904;PRIVE;89;NOYERS;1;1;0;10.0;IMMO_AGENCE
6905;PRIVE;89;PARON;1;1;0;10.0;IMMO_AGENCE
6906;PRIVE;89;VAUDEURS;1;1;0;10.0;IMMO_AGENCE
6907;PRIVE;89;VILLECIEN;1;1;0;10.0;IMMO_AGENCE
6908;PRIVE;89;VILLENEUVE-SUR-YONNE;1;1;0;10.0;IMMO_AGENCE
6909;PRIVE;89;VINNEUF;1;1;0;10.0;IMMO_AGENCE
6910;PRIVE;91;SAINT ESCOBILLE;1;1;0;10.0;IMMO_AGENCE
6911;PRIVE;91;;1;1;0;10.0;IMMO_AGENCE
6912;PRIVE;95;AMBLEVILLE;1;1;0;10.0;IMMO_AGENCE
6913;PRIVE;971;BASSE TERRE;1;1;0;10.0;PRIV_RESTAURANT
6914;PRIVE;971;MORNE-A-L'EAU;1;1;0;10.0;PRIV_RESTAURANT
6915;PRIVE;971;PETIT-CANAL;1;1;0;10.0;IMMO_AGENCE
6916;PRIVE;972;DIAMANT;1;1;0;10.0;IMMO_AGENCE
6917;PRIVE;972;SCHOELCHER;1;1;0;10.0;IMMO_AGENCE
6918;PRIVE;974;LES TROIS-BASSINS;1;1;0;10.0;IMMO_AGENCE
6919;PRIVE;976;BANDRABOUA;1;1;0;10.0;PRIV_RESTAURANT
6920;PRIVE;987;PAPEETE;1;1;0;10.0;IMMO_AGENCE
